elapsed_s,bag_time_s,header_time_s,vx_mps,vy_mps,vz_mps,horizontal_speed_mps,speed_3d_mps,position_x_m,position_y_m,position_z_m
0.000000000,1788576900.035770893,1788576899.867537260,-0.000568978,-0.000170986,0.000242778,0.000594115,0.000641805,13.538357735,-5.350165367,0.284587353
0.029998976,1788576900.035776138,1788576899.897536278,-0.000521030,-0.000186888,0.000097089,0.000553534,0.000561984,13.538358688,-5.350146770,0.284615934
0.069998976,1788576900.035778999,1788576899.937536240,-0.000691913,0.000185245,0.000236019,0.000716282,0.000754165,13.538362503,-5.350130081,0.284652531
0.099998976,1788576900.035796404,1788576899.967536211,-0.000653834,-0.000082671,-0.000046731,0.000659040,0.000660695,13.538363457,-5.350117683,0.284676552
0.129997952,1788576900.035809278,1788576899.997535229,-0.000668240,0.000135202,-0.000097303,0.000681780,0.000688688,13.538368225,-5.350106239,0.284703225
0.159997952,1788576900.037801027,1788576900.027535200,-0.000667940,0.000045146,-0.000331158,0.000669464,0.000746892,13.538371086,-5.350098133,0.284726262
0.199997952,1788576900.071681738,1788576900.067535162,-0.000579207,0.000153396,-0.000138227,0.000599175,0.000614912,13.538374901,-5.350080967,0.284755617
0.229997184,1788576900.102512360,1788576900.097534418,-0.000665499,0.000187083,-0.000404283,0.000691295,0.000800833,13.538374901,-5.350070953,0.284776986
0.259997184,1788576900.136867046,1788576900.127534389,-0.000739968,0.000105782,-0.000111173,0.000747491,0.000755713,13.538378716,-5.350060463,0.284795433
0.299997184,1788576900.171503782,1788576900.167534351,-0.000872732,0.000007174,-0.000331755,0.000872761,0.000933688,13.538386345,-5.350035667,0.284820586
0.329996160,1788576900.204868555,1788576900.197533369,-0.000745351,0.000009698,-0.000218698,0.000745414,0.000776834,13.538393021,-5.350019455,0.284843266
0.359996160,1788576900.237806082,1788576900.227533340,-0.000635631,0.000092213,0.000014718,0.000642285,0.000642454,13.538400650,-5.350002289,0.284862638
0.399996160,1788576900.271583319,1788576900.267533302,-0.000666735,0.000098992,-0.000463150,0.000674044,0.000817829,13.538413048,-5.349969864,0.284884810
0.429995136,1788576900.302634954,1788576900.297532320,-0.000663213,0.000225962,0.000223959,0.000700650,0.000735573,13.538419724,-5.349951267,0.284899145
0.459995136,1788576900.337779760,1788576900.327532291,-0.000611198,0.000123162,0.000025507,0.000623483,0.000624005,13.538427353,-5.349929810,0.284910053
0.499995136,1788576900.371488333,1788576900.367532253,-0.000600040,0.000263545,-0.000359720,0.000655366,0.000747598,13.538431168,-5.349893093,0.284929574
0.529993856,1788576900.402498722,1788576900.397531033,-0.000420305,0.000174097,-0.000118989,0.000454935,0.000470238,13.538430214,-5.349869728,0.284945786
0.559993856,1788576900.436811447,1788576900.427531004,-0.000411399,0.000131547,0.000332642,0.000431919,0.000545164,13.538430214,-5.349843502,0.284956753
0.599993856,1788576900.471514940,1788576900.467530966,-0.000378968,0.000262866,0.000066152,0.000461211,0.000465931,13.538434029,-5.349806309,0.284971654
0.629993344,1788576900.504708767,1788576900.497530699,-0.000327790,0.000415720,-0.000050256,0.000529405,0.000531785,13.538434029,-5.349781990,0.284976751
0.659993344,1788576900.537166357,1788576900.527530432,-0.000443027,0.000039514,-0.000030172,0.000444786,0.000445808,13.538431168,-5.349755287,0.284986854
0.699993344,1788576900.571466923,1788576900.567530394,-0.000273964,0.000291153,0.000575165,0.000399783,0.000700458,13.538434982,-5.349719048,0.285002589
0.729992576,1788576900.604821444,1788576900.597529888,-0.000463425,0.000161664,0.000463408,0.000490813,0.000675014,13.538438797,-5.349693775,0.285009593
0.759992576,1788576900.637802839,1788576900.627529621,-0.000495610,0.000035047,0.000322197,0.000496847,0.000592172,13.538444519,-5.349668026,0.285023391
0.799992576,1788576900.672510624,1788576900.667529821,-0.000385884,-0.000063793,0.000613263,0.000391122,0.000727370,13.538458824,-5.349625111,0.285045385
0.829991808,1788576900.702473640,1788576900.697529078,-0.000337262,-0.000338115,0.000563762,0.000477564,0.000738847,13.538464546,-5.349591255,0.285058677
0.859991808,1788576900.736733198,1788576900.727529049,-0.000436153,-0.000062609,0.000465244,0.000440624,0.000640781,13.538471222,-5.349560261,0.285075635
0.899991808,1788576900.771612644,1788576900.767529011,-0.000436602,-0.000002936,0.000707042,0.000436612,0.000830986,13.538492203,-5.349517345,0.285090268
0.929991808,1788576900.806828260,1788576900.797528982,-0.000576316,-0.000296398,0.000023988,0.000648068,0.000648512,13.538507462,-5.349486828,0.285096079
0.959991808,1788576900.837703466,1788576900.827528954,-0.000638439,-0.000232809,0.000452129,0.000679562,0.000816226,13.538523674,-5.349456310,0.285102367
0.999991808,1788576900.872538090,1788576900.867528915,-0.000693096,-0.000368457,0.000677970,0.000784948,0.001037201,13.538558006,-5.349410534,0.285114110
1.029991040,1788576900.903830051,1788576900.897528410,-0.000706950,-0.000297945,0.000177654,0.000767170,0.000787471,13.538580894,-5.349377632,0.285126299
1.059991040,1788576900.937838793,1788576900.927528143,-0.000785281,-0.000371094,0.000200735,0.000868549,0.000891444,13.538600922,-5.349351883,0.285133421
1.099991040,1788576900.971446991,1788576900.967528105,-0.000879852,-0.000343350,0.000408371,0.000944473,0.001028978,13.538635254,-5.349318027,0.285137236
1.129990272,1788576901.004943371,1788576900.997527599,-0.000764547,-0.000242050,0.000432350,0.000801948,0.000911069,13.538658142,-5.349296093,0.285146058
1.159990272,1788576901.036714792,1788576901.027527332,-0.000770472,-0.000008434,0.000342688,0.000770518,0.000843287,13.538681984,-5.349279404,0.285145372
1.199990272,1788576901.071458578,1788576901.067527533,-0.000733365,-0.000368912,0.000090418,0.000820926,0.000825891,13.538715363,-5.349256039,0.285142690
1.229990272,1788576901.104829788,1788576901.097527504,-0.000706533,-0.000025155,0.000126968,0.000706980,0.000718291,13.538738251,-5.349241257,0.285145521
1.259990272,1788576901.136791468,1788576901.127527475,-0.000668848,-0.000215108,0.000013929,0.000702587,0.000702725,13.538757324,-5.349229813,0.285133511
1.299990272,1788576901.171447515,1788576901.167527437,-0.000710131,-0.000045806,0.000419856,0.000711607,0.000826235,13.538785934,-5.349211693,0.285118371
1.329990272,1788576901.204770565,1788576901.197527647,-0.000632033,-0.000062095,0.000137848,0.000635076,0.000649864,13.538805962,-5.349201679,0.285108030
1.359990272,1788576901.237782240,1788576901.227527380,-0.000724947,0.000089636,0.000096772,0.000730468,0.000736850,13.538824081,-5.349192142,0.285093784
1.399990272,1788576901.271647453,1788576901.267527342,-0.000670337,0.000083504,-0.000018306,0.000675518,0.000675765,13.538853645,-5.349178791,0.285075873
1.429990272,1788576901.304893017,1788576901.297527552,-0.000762107,0.000090177,0.000514403,0.000767424,0.000923878,13.538871765,-5.349172592,0.285064965
1.469990272,1788576901.339006424,1788576901.337527514,-0.000811157,0.000156001,0.000006814,0.000826021,0.000826049,13.538896561,-5.349166393,0.285043806
1.499990272,1788576901.370701075,1788576901.367527485,-0.000851170,0.000302573,0.000177652,0.000903350,0.000920653,13.538919449,-5.349157333,0.285028070
1.529990272,1788576901.404809952,1788576901.397527456,-0.000817997,0.000054029,0.000213804,0.000819779,0.000847202,13.538940430,-5.349146843,0.285017729
1.559990272,1788576901.436806679,1788576901.427527428,-0.000754228,0.000156420,-0.000255951,0.000770277,0.000811689,13.538958549,-5.349140167,0.284999758
1.599990272,1788576901.471441269,1788576901.467527390,-0.000667171,0.000090132,0.000266576,0.000673232,0.000724089,13.538990021,-5.349119186,0.284981698
1.629990272,1788576901.504783869,1788576901.497527599,-0.000618047,0.000027969,0.000206102,0.000618680,0.000652106,13.539012909,-5.349101067,0.284968346
1.659990272,1788576901.536672592,1788576901.527527332,-0.000562791,-0.000216799,0.000063637,0.000603105,0.000606453,13.539028168,-5.349081516,0.284962654
1.699990272,1788576901.571475744,1788576901.567527533,-0.000460605,-0.000374091,0.000583910,0.000593381,0.000832498,13.539050102,-5.349045277,0.284954935
1.729989504,1788576901.605077505,1788576901.597526789,-0.000464687,-0.000426238,0.000068543,0.000630565,0.000634280,13.539065361,-5.349017620,0.284954935
1.759989504,1788576901.636819363,1788576901.627526760,-0.000477045,-0.000324356,-0.000038565,0.000576870,0.000578158,13.539078712,-5.348988056,0.284952790
1.799989504,1788576901.672655344,1788576901.667526722,-0.000340838,-0.000550648,0.000235554,0.000647599,0.000689108,13.539095879,-5.348946095,0.284957498
1.829989248,1788576901.704961538,1788576901.697526455,-0.000292677,-0.000218931,-0.000132617,0.000365500,0.000388816,13.539107323,-5.348916054,0.284961998
1.869989248,1788576901.738978624,1788576901.737526417,-0.000373042,-0.000447640,-0.000113062,0.000582702,0.000593569,13.539121628,-5.348879337,0.284975380
1.899989248,1788576901.771493196,1788576901.767526388,-0.000412280,-0.000196085,-0.000310827,0.000456535,0.000552302,13.539135933,-5.348850727,0.284985334
1.929989248,1788576901.804835796,1788576901.797526598,-0.000549750,-0.000267445,-0.000198040,0.000611352,0.000642628,13.539153099,-5.348824501,0.284995288
1.959989248,1788576901.837679625,1788576901.827526331,-0.000595199,-0.000065254,-0.000124941,0.000598765,0.000611662,13.539170265,-5.348803997,0.285007119
1.999989248,1788576901.872427225,1788576901.867526293,-0.000595617,0.000095701,-0.000271514,0.000603257,0.000661542,13.539200783,-5.348774433,0.285016716
2.029988480,1788576901.902464628,1788576901.897525787,-0.000494080,0.000248432,0.000100665,0.000553023,0.000562110,13.539223671,-5.348760128,0.285032153
2.059988480,1788576901.936715603,1788576901.927525520,-0.000287422,0.000399515,0.000271777,0.000492162,0.000562215,13.539240837,-5.348749161,0.285045087
2.099988480,1788576901.971499920,1788576901.967525721,-0.000401200,0.000174426,-0.000195609,0.000437477,0.000479217,13.539267540,-5.348729134,0.285054624
2.129988480,1788576902.004932165,1788576901.997525692,-0.000472111,0.000403530,-0.000200816,0.000621068,0.000652727,13.539286613,-5.348719597,0.285057038
2.169988480,1788576902.039822578,1788576902.037525654,-0.000435815,0.000375076,-0.000285903,0.000574993,0.000642150,13.539314270,-5.348709106,0.285058588
2.199988480,1788576902.071398973,1788576902.067525625,-0.000597791,0.000548749,-0.000384789,0.000811468,0.000898077,13.539340973,-5.348699093,0.285050720
2.229988224,1788576902.104923725,1788576902.097525597,-0.000474490,0.000564327,-0.000010012,0.000737296,0.000737364,13.539369583,-5.348691463,0.285040557
2.259988224,1788576902.136689186,1788576902.127525330,-0.000381654,0.000492820,0.000046614,0.000623323,0.000625064,13.539392471,-5.348685265,0.285033673
2.299988224,1788576902.171462059,1788576902.167525291,-0.000244550,0.000585837,0.000038406,0.000634831,0.000635991,13.539418221,-5.348672390,0.285019904
2.329987456,1788576902.202487707,1788576902.197524786,-0.000137549,0.000825793,0.000582205,0.000837170,0.001019714,13.539432526,-5.348667145,0.285004497
2.359987456,1788576902.236806393,1788576902.227524519,-0.000086425,0.000493506,0.000004804,0.000501016,0.000501039,13.539442062,-5.348660469,0.284989893
2.399987456,1788576902.271512747,1788576902.267524719,-0.000121751,0.000778345,-0.000039095,0.000787810,0.000788779,13.539457321,-5.348642349,0.284969807
2.429987200,1788576902.302517176,1788576902.297524452,-0.000059111,0.000680039,0.000555258,0.000682603,0.000879920,13.539467812,-5.348630428,0.284954160
2.459987200,1788576902.336960793,1788576902.327524424,0.000020030,0.000729606,-0.000522723,0.000729881,0.000897756,13.539475441,-5.348619461,0.284939855
2.499987200,1788576902.371414185,1788576902.367524385,0.000114934,0.000603132,0.000277154,0.000613985,0.000673641,13.539486885,-5.348589420,0.284909725
2.529986688,1788576902.402604103,1788576902.397523880,-0.000031507,0.000618519,-0.000242848,0.000619321,0.000665232,13.539495468,-5.348567009,0.284885228
2.559986688,1788576902.437685966,1788576902.427523851,-0.000086297,0.000450245,-0.000023004,0.000458441,0.000459017,13.539506912,-5.348544598,0.284872293
2.599986688,1788576902.471461296,1788576902.467523813,-0.000183846,0.000418001,0.000359837,0.000456645,0.000581384,13.539529800,-5.348503113,0.284836948
2.629986688,1788576902.504988432,1788576902.497524023,-0.000214728,0.000166253,-0.000523412,0.000271566,0.000589668,13.539549828,-5.348470211,0.284816474
2.659986688,1788576902.535902739,1788576902.527523756,-0.000272199,0.000245319,-0.000289161,0.000366433,0.000466784,13.539569855,-5.348435402,0.284795254
2.699986688,1788576902.571494341,1788576902.567523956,-0.000251235,0.000004630,0.000227170,0.000251277,0.000338742,13.539601326,-5.348374844,0.284747154
2.729985920,1788576902.604748487,1788576902.597523212,-0.000353092,-0.000068483,-0.000251158,0.000359672,0.000438685,13.539626122,-5.348330498,0.284717679
2.759985920,1788576902.637192011,1788576902.627523184,-0.000391625,0.000221480,-0.000120870,0.000449915,0.000465868,13.539651871,-5.348288059,0.284696817
2.799985920,1788576902.672533751,1788576902.667523146,-0.000374035,0.000041312,0.000214879,0.000376309,0.000433338,13.539686203,-5.348231316,0.284648120
2.829985152,1788576902.703472614,1788576902.697522402,-0.000403098,0.000079439,0.000038327,0.000410851,0.000412635,13.539711952,-5.348189831,0.284623444
2.859985152,1788576902.737701416,1788576902.727522373,-0.000362976,0.000181100,0.000594744,0.000405646,0.000719909,13.539737701,-5.348155022,0.284597486
2.899985152,1788576902.771605015,1788576902.767522335,-0.000411186,0.000085290,0.000566544,0.000419938,0.000705209,13.539771080,-5.348099232,0.284539878
2.929984384,1788576902.802450180,1788576902.797521591,-0.000167802,0.000004822,0.000252129,0.000167872,0.000302902,13.539787292,-5.348059654,0.284511805
2.959984384,1788576902.836858273,1788576902.827521563,-0.000148594,0.000232434,0.000890348,0.000275873,0.000932108,13.539798737,-5.348024845,0.284486264
2.999984384,1788576902.871466637,1788576902.867521524,-0.000058375,-0.000015565,0.000924251,0.000060414,0.000926224,13.539806366,-5.347974300,0.284436017
3.029983616,1788576902.904856682,1788576902.897520781,0.000140745,0.000181437,0.001065763,0.000229627,0.001090220,13.539806366,-5.347936630,0.284407914
3.059983616,1788576902.936752558,1788576902.927520752,0.000142472,0.000158658,0.000861867,0.000213239,0.000887855,13.539805412,-5.347901821,0.284374595
3.099983616,1788576902.971425295,1788576902.967520714,0.000117108,0.000064409,0.001291449,0.000133652,0.001298346,13.539793968,-5.347848892,0.284323126
3.129983360,1788576903.004794836,1788576902.997520685,0.000092777,0.000035590,0.000916192,0.000099369,0.000921565,13.539785385,-5.347809792,0.284291446
3.159983360,1788576903.036683798,1788576903.027520418,0.000187821,-0.000098781,0.000867002,0.000212213,0.000892596,13.539774895,-5.347771645,0.284253031
3.199983360,1788576903.071580172,1788576903.067520618,0.000172947,-0.000181318,0.001362353,0.000250573,0.001385205,13.539755821,-5.347715855,0.284192324
3.229982592,1788576903.102544308,1788576903.097519875,0.000223673,-0.000033077,0.001363016,0.000226105,0.001381643,13.539744377,-5.347676277,0.284151584
3.259982592,1788576903.136731386,1788576903.127519846,0.000160530,-0.000028658,0.000260937,0.000163068,0.000307700,13.539730072,-5.347640991,0.284105271
3.299982592,1788576903.171465874,1788576903.167519808,0.000253935,-0.000405449,0.001162132,0.000478406,0.001256751,13.539707184,-5.347582340,0.284040630
3.329982336,1788576903.204874277,1788576903.197519541,0.000203878,-0.000159725,0.000893388,0.000258995,0.000930172,13.539689064,-5.347544193,0.283993989
3.359982336,1788576903.236918688,1788576903.227519512,0.000063164,-0.000023369,0.000092089,0.000067349,0.000114089,13.539670944,-5.347511292,0.283939689
3.399982336,1788576903.271452904,1788576903.267519474,0.000100617,-0.000261243,0.000792859,0.000279949,0.000840831,13.539653778,-5.347464085,0.283860743
3.429982080,1788576903.304836035,1788576903.297519445,0.000084463,-0.000047717,0.000381525,0.000097010,0.000393665,13.539642334,-5.347430229,0.283804238
3.459982080,1788576903.336687326,1788576903.327519178,0.000153043,-0.000395539,-0.000053211,0.000424115,0.000427440,13.539626122,-5.347395420,0.283752978
3.499982080,1788576903.371464491,1788576903.367519140,0.000157462,-0.000206687,0.000328012,0.000259834,0.000418457,13.539605141,-5.347345829,0.283664614
3.529981056,1788576903.402431726,1788576903.397518396,0.000183449,-0.000266625,0.000679515,0.000323640,0.000752650,13.539589882,-5.347311497,0.283613682
3.559981056,1788576903.436658144,1788576903.427518129,0.000160831,-0.000132885,0.000262085,0.000208627,0.000334983,13.539575577,-5.347280025,0.283567548
3.599981056,1788576903.471456051,1788576903.467518091,0.000168591,-0.000330835,0.000837845,0.000371314,0.000916438,13.539563179,-5.347234249,0.283498347
3.629981056,1788576903.504780769,1788576903.497518301,0.000043963,-0.000101229,0.000342673,0.000110363,0.000360007,13.539548874,-5.347202778,0.283456653
3.659981056,1788576903.536836863,1788576903.527518272,0.000145733,-0.000059174,0.000179311,0.000157289,0.000238521,13.539537430,-5.347172260,0.283425927
3.699981056,1788576903.571530581,1788576903.567518234,0.000120653,-0.000250682,0.000601565,0.000278206,0.000662781,13.539523125,-5.347130299,0.283374041
3.729981056,1788576903.604845047,1788576903.597518444,0.000117088,-0.000298689,0.000929853,0.000320819,0.000983642,13.539517403,-5.347098827,0.283340782
3.759981056,1788576903.637815475,1788576903.627518177,0.000191744,-0.000032119,0.000612175,0.000194415,0.000642305,13.539509773,-5.347071648,0.283306599
3.799981056,1788576903.671855927,1788576903.667518139,0.000161483,-0.000113276,0.000448779,0.000197252,0.000490215,13.539499283,-5.347032547,0.283252805
3.829980544,1788576903.702454567,1788576903.697517872,0.000083590,-0.000155664,0.000409873,0.000176688,0.000446334,13.539491653,-5.347004414,0.283218473
3.859980544,1788576903.736740828,1788576903.727517605,0.000237111,-0.000111675,0.000760283,0.000262093,0.000804191,13.539483070,-5.346979618,0.283187717
3.899980544,1788576903.771531343,1788576903.767517805,-0.000027051,-0.000074133,0.000332565,0.000078915,0.000341800,13.539480209,-5.346944332,0.283135951
3.929980544,1788576903.804821014,1788576903.797517776,0.000086578,-0.000069148,0.000723030,0.000110802,0.000731471,13.539480209,-5.346920967,0.283100963
3.959980544,1788576903.836796999,1788576903.827517748,0.000057056,-0.000130392,0.000322409,0.000142328,0.000352427,13.539480209,-5.346900463,0.283064127
3.999980544,1788576903.871399164,1788576903.867517710,0.000049327,0.000112837,0.000202566,0.000123147,0.000237061,13.539488792,-5.346876621,0.283024073
4.029980288,1788576903.904918432,1788576903.897517681,-0.000043514,0.000209182,0.000644614,0.000213660,0.000679101,13.539493561,-5.346864223,0.282991350
4.059980288,1788576903.936678886,1788576903.927517414,-0.000069185,0.000219903,0.000104999,0.000230530,0.000253315,13.539500237,-5.346857071,0.282962084
4.099980288,1788576903.971431255,1788576903.967517376,-0.000147164,0.000171279,0.000198348,0.000225818,0.000300559,13.539521217,-5.346838951,0.282931983
4.129980032,1788576904.004930496,1788576903.997517347,-0.000014622,0.000160359,0.000640656,0.000161024,0.000660582,13.539534569,-5.346828461,0.282907724
4.159980032,1788576904.036708117,1788576904.027517080,0.000162403,0.000300540,0.000229933,0.000341612,0.000411787,13.539542198,-5.346819878,0.282890439
4.199980032,1788576904.071428776,1788576904.067517281,0.000237859,0.000096760,0.000715142,0.000256787,0.000759847,13.539553642,-5.346804142,0.282869756
4.229980032,1788576904.104755163,1788576904.097517252,0.000122421,0.000029551,0.000096034,0.000125937,0.000158375,13.539561272,-5.346790314,0.282849699
4.259980032,1788576904.137709141,1788576904.127517223,0.000083928,0.000031248,-0.000295020,0.000089556,0.000308314,13.539566994,-5.346777916,0.282841563
4.299980032,1788576904.171416044,1788576904.167517185,0.000080967,0.000135760,-0.000084425,0.000158071,0.000179204,13.539592743,-5.346757889,0.282833159
4.329979776,1788576904.204761267,1788576904.197517157,-0.000111979,0.000198952,0.000190722,0.000228301,0.000297483,13.539610863,-5.346745014,0.282822371
4.359979776,1788576904.236768961,1788576904.227516890,-0.000110713,0.000165719,-0.000087681,0.000199299,0.000217734,13.539632797,-5.346733570,0.282811612
4.399979776,1788576904.271931410,1788576904.267516851,-0.000298442,-0.000026674,-0.000492169,0.000299631,0.000576202,13.539670944,-5.346715450,0.282807589
4.429979008,1788576904.304902315,1788576904.297516346,-0.000249412,0.000262752,-0.000353739,0.000362277,0.000506336,13.539699554,-5.346702099,0.282809526
4.459979008,1788576904.335808039,1788576904.327516079,-0.000267595,0.000022933,-0.000043499,0.000268576,0.000272076,13.539726257,-5.346689224,0.282810092
4.499979008,1788576904.371609449,1788576904.367516041,-0.000219227,0.000139813,-0.000075299,0.000260016,0.000270699,13.539765358,-5.346668720,0.282820433
4.529978496,1788576904.402472019,1788576904.397515774,-0.000302770,0.000298856,0.000198346,0.000425423,0.000469389,13.539794922,-5.346655369,0.282825083
4.559978496,1788576904.436894178,1788576904.427515745,-0.000051082,0.000232181,0.000065939,0.000237734,0.000246709,13.539817810,-5.346642017,0.282839864
4.599978496,1788576904.471603632,1788576904.467515707,0.000058824,0.000406594,-0.000142939,0.000410827,0.000434983,13.539837837,-5.346620560,0.282871068
4.629978496,1788576904.504740000,1788576904.497515678,0.000033749,0.000381026,0.000211877,0.000382517,0.000437277,13.539850235,-5.346610069,0.282899380
4.659978496,1788576904.536674261,1788576904.527515650,0.000071228,0.000585907,0.001153024,0.000590220,0.001295308,13.539860725,-5.346604824,0.282925278
4.699978496,1788576904.571635485,1788576904.567515612,-0.000006753,0.000554657,0.000920979,0.000554698,0.001075124,13.539873123,-5.346597672,0.282971799
4.729978496,1788576904.604926348,1788576904.597515821,0.000037679,0.000625618,0.000576444,0.000626751,0.000851531,13.539879799,-5.346593857,0.283009380
4.759978496,1788576904.636705637,1788576904.627515554,0.000097073,0.000705005,0.000917665,0.000711657,0.001161277,13.539885521,-5.346591949,0.283040792
4.799978496,1788576904.672646999,1788576904.667515755,0.000095818,0.000441650,0.000367990,0.000451925,0.000582797,13.539881706,-5.346584320,0.283089340
4.829977728,1788576904.702451944,1788576904.697515011,0.000199382,0.000806156,0.000630753,0.000830446,0.001042828,13.539876938,-5.346580505,0.283120066
4.859977728,1788576904.736841679,1788576904.727514982,0.000218399,0.000659774,0.000693419,0.000694981,0.000981748,13.539875984,-5.346580505,0.283141762
4.899977728,1788576904.771669149,1788576904.767514944,0.000318263,0.000940347,0.000372027,0.000992746,0.001060165,13.539866447,-5.346575260,0.283174664
4.929977472,1788576904.804752588,1788576904.797514677,0.000365236,0.000621629,0.000580947,0.000720986,0.000925915,13.539857864,-5.346574783,0.283193916
4.959977472,1788576904.836664915,1788576904.827514648,0.000365807,0.000850254,0.000142966,0.000925606,0.000936582,13.539849281,-5.346574306,0.283208877
4.999977472,1788576904.872630119,1788576904.867514610,0.000371853,0.000949177,0.000299347,0.001019418,0.001062460,13.539834976,-5.346566677,0.283227712
5.029976704,1788576904.902611971,1788576904.897513866,0.000505329,0.000630331,-0.000054959,0.000807883,0.000809750,13.539824486,-5.346557140,0.283240199
5.059976704,1788576904.937908173,1788576904.927513838,0.000695474,0.000797647,0.000312771,0.001058265,0.001103518,13.539808273,-5.346551895,0.283254117
5.099976704,1788576904.972586155,1788576904.967513800,0.000727181,0.000828224,0.000423327,0.001102156,0.001180658,13.539777756,-5.346539497,0.283269286
5.129975936,1788576905.002597809,1788576904.997513294,0.000799833,0.001007525,0.000439546,0.001286406,0.001359426,13.539751053,-5.346533775,0.283281654
5.159975936,1788576905.036767006,1788576905.027513027,0.000725637,0.000969533,0.000038464,0.001211009,0.001211620,13.539723396,-5.346528053,0.283293664
5.199975936,1788576905.071395874,1788576905.067512989,0.000914812,0.000777994,0.000527598,0.001200898,0.001311684,13.539687157,-5.346510887,0.283301532
5.229975680,1788576905.104649782,1788576905.097512960,0.000863386,0.000805830,0.000408269,0.001181015,0.001249592,13.539661407,-5.346496582,0.283308029
5.259975680,1788576905.137737036,1788576905.127512932,0.000795042,0.000773075,0.000368008,0.001108935,0.001168404,13.539635658,-5.346485138,0.283315092
5.299975680,1788576905.171497583,1788576905.167512894,0.000963055,0.000695579,0.000486340,0.001187983,0.001283679,13.539601326,-5.346459866,0.283320457
5.329974912,1788576905.202601194,1788576905.197512150,0.001004464,0.000732271,0.000273977,0.001243048,0.001272884,13.539578438,-5.346440792,0.283325672
5.359974912,1788576905.236931562,1788576905.227512121,0.000972786,0.000689515,0.000370966,0.001192369,0.001248743,13.539552689,-5.346421242,0.283328742
5.399974912,1788576905.271441221,1788576905.267512083,0.000946147,0.000439365,0.000279935,0.001043185,0.001080092,13.539525032,-5.346381187,0.283313155
5.429974656,1788576905.304761887,1788576905.297512054,0.000854381,0.000449065,0.000346149,0.000965208,0.001025401,13.539506912,-5.346347332,0.283301681
5.459974656,1788576905.337650537,1788576905.327511787,0.000883754,0.000478130,0.000422039,0.001004803,0.001089837,13.539491653,-5.346316814,0.283285975
5.499974656,1788576905.370968819,1788576905.367511749,0.000927887,0.000273377,0.000443165,0.000967321,0.001064004,13.539472580,-5.346263885,0.283254504
5.529973632,1788576905.403534412,1788576905.397511005,0.000874012,0.000411164,0.000248437,0.000965894,0.000997333,13.539460182,-5.346225262,0.283229798
5.559973632,1788576905.436638355,1788576905.427510738,0.000828172,0.000347999,0.000551257,0.000898316,0.001053972,13.539448738,-5.346186638,0.283206403
5.599973632,1788576905.471758366,1788576905.467510700,0.001024796,0.000205870,0.000370301,0.001045270,0.001108924,13.539437294,-5.346123695,0.283160746
5.629972864,1788576905.504999161,1788576905.497510195,0.000943822,0.000087590,0.000251403,0.000947878,0.000980651,13.539428711,-5.346077919,0.283127725
5.659972864,1788576905.536634207,1788576905.527509928,0.000766778,0.000054811,0.000152121,0.000768734,0.000783641,13.539423943,-5.346034050,0.283093870
5.699972864,1788576905.571513653,1788576905.567510128,0.000915590,-0.000014461,0.000712235,0.000915704,0.001160083,13.539419174,-5.345970631,0.283044487
5.729972608,1788576905.604836941,1788576905.597509861,0.000761662,-0.000004712,0.000214778,0.000761677,0.000791379,13.539416313,-5.345925808,0.283008277
5.759972608,1788576905.636798859,1788576905.627509832,0.000765187,-0.000097236,0.000279046,0.000771341,0.000820264,13.539413452,-5.345886230,0.282976210
5.799972608,1788576905.672679186,1788576905.667509794,0.000801764,-0.000218381,0.000678323,0.000830973,0.001072678,13.539417267,-5.345825672,0.282933950
5.829971840,1788576905.703472853,1788576905.697509050,0.000768370,-0.000085605,0.000240128,0.000773124,0.000809556,13.539420128,-5.345783710,0.282907516
5.859971840,1788576905.737665892,1788576905.727509022,0.000649669,-0.000206168,-0.000008530,0.000681597,0.000681651,13.539423943,-5.345744610,0.282881439
5.899971840,1788576905.769726038,1788576905.767508984,0.000773015,-0.000204769,0.000478583,0.000799677,0.000931947,13.539427757,-5.345686913,0.282847822
5.929971072,1788576905.802431345,1788576905.797508240,0.000794998,0.000007635,-0.000071251,0.000795034,0.000798221,13.539430618,-5.345649719,0.282822818
5.969971072,1788576905.839079142,1788576905.837508440,0.000819557,-0.000252990,0.000725503,0.000857717,0.001123402,13.539434433,-5.345601559,0.282783687
5.999971072,1788576905.871364832,1788576905.867508173,0.000666486,-0.000008907,-0.000017922,0.000666545,0.000666786,13.539437294,-5.345559120,0.282752067
6.029970304,1788576905.902462482,1788576905.897507668,0.000663829,-0.000143365,-0.000024356,0.000679134,0.000679570,13.539441109,-5.345523834,0.282719761
6.059970304,1788576905.936797857,1788576905.927507401,0.000675793,-0.000020658,-0.000383996,0.000676108,0.000777545,13.539443970,-5.345493317,0.282684237
6.099970304,1788576905.971438169,1788576905.967507362,0.000737495,-0.000208935,0.000026569,0.000766520,0.000766980,13.539447784,-5.345444202,0.282621682
6.129970048,1788576906.004791498,1788576905.997507334,0.000671242,-0.000151519,-0.000286040,0.000688131,0.000745214,13.539451599,-5.345411301,0.282570690
6.159970048,1788576906.036615610,1788576906.027507305,0.000579423,0.000065403,-0.000417536,0.000583103,0.000717179,13.539456367,-5.345381260,0.282522172
6.199970048,1788576906.071572304,1788576906.067507267,0.000464131,-0.000178604,-0.000681598,0.000497310,0.000843737,13.539460182,-5.345333099,0.282434762
6.229969280,1788576906.104908705,1788576906.097506523,0.000515823,-0.000062939,-0.000285902,0.000519649,0.000593106,13.539468765,-5.345300198,0.282373965
6.259969280,1788576906.136716366,1788576906.127506495,0.000415605,0.000201144,-0.000562062,0.000461721,0.000727393,13.539475441,-5.345272064,0.282315552
6.299969280,1788576906.171506405,1788576906.167506456,0.000345618,-0.000008690,-0.000213629,0.000345727,0.000406405,13.539483070,-5.345232010,0.282231897
6.329969024,1788576906.204838753,1788576906.197506189,0.000126434,-0.000089468,-0.000162369,0.000154887,0.000224397,13.539494514,-5.345202446,0.282174587
6.359969024,1788576906.236884594,1788576906.227506161,0.000197594,-0.000080286,-0.000271672,0.000213282,0.000345391,13.539508820,-5.345172882,0.282119215
6.399969024,1788576906.271442175,1788576906.267506123,0.000158742,-0.000156247,-0.000139155,0.000222738,0.000262633,13.539520264,-5.345123291,0.282038093
6.429968768,1788576906.304836035,1788576906.297506094,0.000067306,-0.000256901,-0.000065323,0.000265571,0.000273487,13.539531708,-5.345087528,0.281986833
6.459968768,1788576906.336707830,1788576906.327505827,0.000205247,-0.000147762,0.000095243,0.000252903,0.000270242,13.539542198,-5.345053673,0.281942546
6.499968768,1788576906.371399403,1788576906.367506027,0.000186226,-0.000432371,0.000395053,0.000470771,0.000614567,13.539544106,-5.344999790,0.281887352
6.529967744,1788576906.403533459,1788576906.397505045,0.000065167,-0.000201050,0.000268522,0.000211347,0.000341719,13.539549828,-5.344962120,0.281853914
6.559967744,1788576906.436729431,1788576906.427504778,0.000088398,-0.000370531,0.000213247,0.000380930,0.000436556,13.539555550,-5.344925404,0.281825811
6.599967744,1788576906.471792221,1788576906.467504978,0.000039938,-0.000305027,0.000146899,0.000307631,0.000340904,13.539552689,-5.344871521,0.281783819
6.629966976,1788576906.504846573,1788576906.497504234,0.000061361,-0.000423635,0.000399063,0.000428056,0.000585221,13.539549828,-5.344833851,0.281758517
6.659966976,1788576906.536636829,1788576906.527504206,0.000003492,-0.000171589,0.000091491,0.000171624,0.000194488,13.539546967,-5.344801426,0.281735420
6.699966976,1788576906.571616411,1788576906.567504168,-0.000046573,-0.000293614,0.000116546,0.000297285,0.000319314,13.539531708,-5.344758034,0.281703413
6.729966720,1788576906.604754448,1788576906.597503901,-0.000133537,-0.000220742,-0.000028838,0.000257991,0.000259597,13.539527893,-5.344729900,0.281680405
6.759966720,1788576906.636744022,1788576906.627503872,-0.000190526,-0.000381125,-0.000170212,0.000426095,0.000458834,13.539525032,-5.344703674,0.281660378
6.799966720,1788576906.672823668,1788576906.667503834,-0.000288886,-0.000156867,-0.000033881,0.000328729,0.000330470,13.539512634,-5.344663143,0.281629086
6.829966720,1788576906.703495026,1788576906.697504044,-0.000199286,-0.000381678,-0.000062930,0.000430573,0.000435147,13.539503098,-5.344637394,0.281609267
6.859966720,1788576906.737656116,1788576906.727503777,-0.000100236,-0.000055811,-0.000324296,0.000114727,0.000343992,13.539494514,-5.344612598,0.281586498
6.899966720,1788576906.769746542,1788576906.767503977,-0.000084627,-0.000316350,-0.000422123,0.000327474,0.000534254,13.539469719,-5.344582558,0.281552583
6.929965952,1788576906.802453518,1788576906.797503233,-0.000079117,-0.000014352,-0.000055551,0.000080408,0.000097732,13.539453506,-5.344563484,0.281530559
6.959965952,1788576906.836683750,1788576906.827503204,-0.000081989,-0.000072723,-0.000395718,0.000109594,0.000410614,13.539436340,-5.344544888,0.281509042
6.999965952,1788576906.871588945,1788576906.867503166,0.000020860,-0.000124264,-0.000116095,0.000126002,0.000171332,13.539404869,-5.344517231,0.281482697
7.029965696,1788576906.905078888,1788576906.897502899,-0.000057274,-0.000094412,0.000064159,0.000110426,0.000127712,13.539381981,-5.344499588,0.281463414
7.059965696,1788576906.936801910,1788576906.927502871,-0.000002191,0.000004508,0.000153755,0.000005012,0.000153837,13.539360046,-5.344481468,0.281442404
7.099965696,1788576906.971339226,1788576906.967502832,0.000112598,-0.000005705,0.000233673,0.000112742,0.000259449,13.539322853,-5.344457150,0.281420916
7.129964928,1788576907.004765272,1788576906.997502327,0.000164286,0.000097492,0.000233140,0.000191035,0.000301411,13.539294243,-5.344443321,0.281408101
7.159964928,1788576907.037139416,1788576907.027502060,0.000201959,0.000175306,0.000339718,0.000267431,0.000432352,13.539266586,-5.344430447,0.281399518
7.199964928,1788576907.071389675,1788576907.067502022,0.000270159,0.000226434,0.000438158,0.000352503,0.000562353,13.539226532,-5.344414711,0.281387746
7.229964672,1788576907.104671240,1788576907.097501993,0.000361331,0.000403052,0.000394365,0.000541305,0.000669727,13.539193153,-5.344407558,0.281377137
7.259964672,1788576907.137693644,1788576907.127501726,0.000335438,0.000203965,0.000630850,0.000392581,0.000743029,13.539160728,-5.344403267,0.281366140
7.299964672,1788576907.171500683,1788576907.167501926,0.000241179,0.000240379,0.000451984,0.000340513,0.000565896,13.539118767,-5.344388008,0.281354368
7.329963904,1788576907.202429533,1788576907.197501183,0.000391660,0.000136558,0.000270816,0.000414783,0.000495365,13.539090157,-5.344373226,0.281347394
7.359963904,1788576907.236800671,1788576907.227501154,0.000290779,0.000289265,0.000552340,0.000410154,0.000687972,13.539061546,-5.344363689,0.281333089
7.399963904,1788576907.271444798,1788576907.267501116,0.000259982,0.000089880,0.000719198,0.000275080,0.000770010,13.539034843,-5.344336510,0.281317055
7.429963648,1788576907.303668261,1788576907.297500849,0.000185391,-0.000005882,0.000186527,0.000185485,0.000263053,13.539015770,-5.344316959,0.281303227
7.459963648,1788576907.337701082,1788576907.327500820,0.000228565,-0.000009906,-0.000114259,0.000228780,0.000255725,13.538998604,-5.344299316,0.281290352
7.499963648,1788576907.372611284,1788576907.367500782,0.000253536,0.000011570,0.000107271,0.000253800,0.000275539,13.538982391,-5.344268322,0.281262666
7.529962624,1788576907.402588844,1788576907.397499800,0.000350717,0.000075956,0.000510754,0.000358848,0.000624212,13.538969994,-5.344245434,0.281237960
7.559962624,1788576907.437702894,1788576907.427499771,0.000225087,-0.000227662,-0.000282871,0.000320147,0.000427212,13.538959503,-5.344222546,0.281204849
7.599962624,1788576907.469670057,1788576907.467499733,0.000247236,-0.000001537,-0.000312858,0.000247241,0.000398759,13.538949966,-5.344183445,0.281157404
7.629961856,1788576907.503460884,1788576907.497499228,0.000236846,-0.000181086,-0.000482434,0.000298141,0.000567125,13.538942337,-5.344155788,0.281132460
7.659961856,1788576907.535985231,1788576907.527498960,0.000437394,0.000165604,0.000132489,0.000467694,0.000486098,13.538935661,-5.344130993,0.281102329
7.699961856,1788576907.571546078,1788576907.567498922,0.000427828,-0.000103390,-0.000350209,0.000440144,0.000562471,13.538937569,-5.344094753,0.281052023
7.729961600,1788576907.604887247,1788576907.597498894,0.000401038,-0.000011418,-0.000096238,0.000401201,0.000412582,13.538937569,-5.344070435,0.281013608
7.759961600,1788576907.636634588,1788576907.627498865,0.000237271,0.000088267,-0.000614378,0.000253157,0.000664492,13.538940430,-5.344047070,0.280975401
7.799961600,1788576907.672756910,1788576907.667498827,0.000138850,0.000058710,-0.000811416,0.000150753,0.000825301,13.538961411,-5.344011784,0.280915082
7.829960832,1788576907.703514576,1788576907.697498083,0.000134912,0.000051464,-0.000809506,0.000144395,0.000822283,13.538975716,-5.343989849,0.280875474
7.859960832,1788576907.736066818,1788576907.727498055,0.000225488,0.000121669,0.000171366,0.000256219,0.000308244,13.538990974,-5.343966484,0.280837029
7.899960832,1788576907.771448135,1788576907.767498016,0.000079962,-0.000184459,-0.000488361,0.000201045,0.000528125,13.539023399,-5.343927860,0.280785859
7.929960064,1788576907.802528620,1788576907.797497272,0.000107401,0.000027645,-0.000034485,0.000110902,0.000116140,13.539052963,-5.343898773,0.280756176
7.959960064,1788576907.836665869,1788576907.827497244,0.000136099,-0.000179474,0.000057763,0.000225241,0.000232530,13.539081573,-5.343871117,0.280726939
7.999960064,1788576907.871362925,1788576907.867497206,0.000019092,-0.000105389,-0.000124097,0.000107104,0.000163925,13.539133072,-5.343822002,0.280681551
8.029959808,1788576907.902735949,1788576907.897497177,0.000061134,-0.000325039,0.000153518,0.000330738,0.000364631,13.539172173,-5.343785763,0.280648887
8.059959808,1788576907.936791897,1788576907.927496910,-0.000006614,-0.000488566,0.000424342,0.000488610,0.000647152,13.539207458,-5.343748093,0.280617297
8.099959808,1788576907.971431732,1788576907.967496872,0.000110992,-0.000267493,0.000185746,0.000289606,0.000344054,13.539268494,-5.343694210,0.280579835
8.129959552,1788576908.004722118,1788576907.997496843,0.000110872,-0.000549052,0.000487299,0.000560135,0.000742436,13.539309502,-5.343655586,0.280547947
8.159959552,1788576908.036689758,1788576908.027496815,0.000136024,-0.000428151,0.000069557,0.000449239,0.000454592,13.539344788,-5.343618870,0.280516922
8.199959552,1788576908.071785927,1788576908.067496777,-0.000034803,-0.000554798,-0.000224571,0.000555889,0.000599537,13.539404869,-5.343563557,0.280483186
8.229959296,1788576908.104772091,1788576908.097496510,0.000013499,-0.000553286,0.000134146,0.000553451,0.000569476,13.539446831,-5.343524933,0.280463666
8.259959296,1788576908.136647463,1788576908.127496481,-0.000074687,-0.000482626,0.001243213,0.000488371,0.001335696,13.539488792,-5.343492031,0.280434459
8.299959296,1788576908.171471119,1788576908.167496443,0.000020157,-0.000349647,0.000735599,0.000350228,0.000814718,13.539550781,-5.343451023,0.280406892
8.329959040,1788576908.204715014,1788576908.197496414,-0.000102803,-0.000308966,-0.000738508,0.000325620,0.000807107,13.539592743,-5.343423843,0.280377865
8.359959040,1788576908.236881495,1788576908.227496147,-0.000111341,-0.000442948,-0.000518037,0.000456728,0.000690625,13.539631844,-5.343401432,0.280347168
8.399959040,1788576908.272482872,1788576908.267496109,-0.000001424,-0.000490975,0.000114672,0.000490977,0.000504190,13.539695740,-5.343366146,0.280293465
8.429958272,1788576908.302576542,1788576908.297495604,0.000098642,-0.000308624,-0.000367308,0.000324004,0.000489790,13.539741516,-5.343344212,0.280246079
8.459958272,1788576908.337632656,1788576908.327495337,-0.000006204,-0.000179693,-0.000494799,0.000179800,0.000526454,13.539781570,-5.343332291,0.280190587
8.499958272,1788576908.372391701,1788576908.367495537,0.000104195,-0.000247797,-0.000497376,0.000268812,0.000565370,13.539840698,-5.343308926,0.280112714
8.529957248,1788576908.402376652,1788576908.397494555,0.000189976,0.000028711,-0.001259994,0.000192133,0.001274558,13.539874077,-5.343297005,0.280070812
8.569957248,1788576908.438771963,1788576908.437494516,0.000233041,0.000014275,-0.000973618,0.000233478,0.001001222,13.539917946,-5.343282700,0.279990762
8.599957248,1788576908.471598387,1788576908.467494488,0.000263946,-0.000169486,-0.000425884,0.000313676,0.000528933,13.539950371,-5.343267441,0.279935986
8.629956992,1788576908.504712343,1788576908.497494221,0.000368722,-0.000101511,0.000093251,0.000382440,0.000393644,13.539979935,-5.343254089,0.279888362
8.659956992,1788576908.536718607,1788576908.527494192,0.000124614,0.000209075,-0.000458130,0.000243394,0.000518771,13.540008545,-5.343241215,0.279840708
8.699956992,1788576908.571660280,1788576908.567494154,0.000197583,-0.000054567,-0.000922977,0.000204980,0.000945464,13.540049553,-5.343216419,0.279770821
8.729956736,1788576908.604732275,1788576908.597494125,0.000360701,0.000143749,0.000543201,0.000388290,0.000667710,13.540073395,-5.343203545,0.279740125
8.759956736,1788576908.637690544,1788576908.627493858,0.000443105,0.000091991,0.000157036,0.000452553,0.000479025,13.540096283,-5.343189716,0.279695988
8.799956736,1788576908.672377348,1788576908.667493820,0.000342383,0.000139229,0.000131482,0.000369609,0.000392299,13.540126801,-5.343164444,0.279634684
8.829955968,1788576908.703465939,1788576908.697493315,0.000314172,0.000076117,0.000805399,0.000323262,0.000867851,13.540151596,-5.343142509,0.279596478
8.859955968,1788576908.736016035,1788576908.727493048,0.000285462,-0.000110533,-0.000070378,0.000306115,0.000314101,13.540173531,-5.343121052,0.279575229
8.899955968,1788576908.771396637,1788576908.767493010,0.000227033,0.000083283,-0.000153382,0.000241826,0.000286367,13.540199280,-5.343089581,0.279518723
8.929955712,1788576908.804809332,1788576908.797492981,0.000580956,0.000109324,0.001631771,0.000591153,0.001735551,13.540212631,-5.343065739,0.279491961
8.959955712,1788576908.836042404,1788576908.827492952,0.000477336,-0.000029612,0.000919150,0.000478253,0.001036129,13.540220261,-5.343041897,0.279460192
8.999955712,1788576908.872388363,1788576908.867492914,0.000312435,0.000065536,0.000478889,0.000319234,0.000575539,13.540231705,-5.343005180,0.279415488
9.029955200,1788576908.904895782,1788576908.897492409,0.000309614,-0.000341528,0.000457149,0.000460980,0.000649221,13.540241241,-5.342973232,0.279391587
9.059955200,1788576908.937658787,1788576908.927492380,0.000592300,-0.000425691,0.001197696,0.000729405,0.001402322,13.540245056,-5.342938423,0.279380262
9.099955200,1788576908.970534801,1788576908.967492342,0.000445435,-0.000294009,0.001134664,0.000533716,0.001253920,13.540248871,-5.342889309,0.279343694
9.129954176,1788576909.003430843,1788576908.997491360,0.000417952,-0.000442096,0.000683022,0.000608385,0.000914687,13.540255547,-5.342852116,0.279305369
9.159954176,1788576909.035750389,1788576909.027491331,0.000337868,-0.000348074,-0.000384625,0.000485088,0.000619070,13.540258408,-5.342820644,0.279278398
9.199954176,1788576909.071371794,1788576909.067491293,0.000223352,-0.000289002,-0.001302137,0.000365251,0.001352394,13.540256500,-5.342775822,0.279222786
9.229953920,1788576909.104823112,1788576909.097491264,0.000366161,-0.000373678,-0.000274635,0.000523172,0.000590875,13.540257454,-5.342742443,0.279170543
9.259953920,1788576909.136798382,1788576909.127490997,0.000513748,-0.000525904,0.000513965,0.000735195,0.000897035,13.540260315,-5.342708588,0.279117227
9.299953920,1788576909.171417236,1788576909.167490959,0.000509394,-0.000635973,-0.000204093,0.000814828,0.000839999,13.540256500,-5.342654705,0.279043615
9.329953664,1788576909.204816341,1788576909.197490931,0.000356303,-0.000451258,-0.001607452,0.000574966,0.001707187,13.540253639,-5.342619419,0.278975576
9.359953664,1788576909.237681866,1788576909.227490902,0.000392165,-0.000555778,-0.000547723,0.000680208,0.000873318,13.540249825,-5.342586994,0.278920770
9.399953664,1788576909.270841122,1788576909.267490864,0.000370786,-0.000742799,-0.000958034,0.000830201,0.001267699,13.540246964,-5.342534065,0.278847456
9.429953664,1788576909.303506613,1788576909.297490835,0.000160677,-0.000515893,-0.000296399,0.000540336,0.000616291,13.540250778,-5.342500210,0.278776795
9.459953664,1788576909.335934162,1788576909.327490807,0.000104933,-0.000411382,-0.000908131,0.000424554,0.001002471,13.540258408,-5.342469692,0.278698981
9.499953664,1788576909.371383667,1788576909.367490768,0.000302215,-0.000648311,-0.001177607,0.000715291,0.001377824,13.540264130,-5.342418194,0.278627157
9.529952896,1788576909.402446270,1788576909.397490263,0.000147224,-0.000534313,-0.001921117,0.000554225,0.001999464,13.540266991,-5.342385769,0.278568894
9.559952896,1788576909.437661648,1788576909.427489996,0.000342404,-0.000547621,0.000021278,0.000645855,0.000646206,13.540270805,-5.342353344,0.278495044
9.599952896,1788576909.473370790,1788576909.467489958,0.000536901,-0.000605970,-0.000174420,0.000809606,0.000828181,13.540275574,-5.342314243,0.278434753
9.629951872,1788576909.503508806,1788576909.497489214,0.000377808,-0.000460589,-0.001105733,0.000595719,0.001255996,13.540276527,-5.342289448,0.278380394
9.659951872,1788576909.537653208,1788576909.527488947,0.000345898,-0.000222568,-0.001381053,0.000411317,0.001441002,13.540279388,-5.342268467,0.278317451
9.699951872,1788576909.570583105,1788576909.567488909,0.000431717,-0.000385136,-0.001101562,0.000578541,0.001244246,13.540284157,-5.342231750,0.278270453
9.729950848,1788576909.603415012,1788576909.597488165,0.000398511,-0.000042669,-0.000290954,0.000400788,0.000495263,13.540287971,-5.342207432,0.278225154
9.759950848,1788576909.635788202,1788576909.627487898,0.000226741,-0.000495838,-0.001200898,0.000545221,0.001318872,13.540293694,-5.342185020,0.278158575
9.799950848,1788576909.672609091,1788576909.667488098,0.000322071,-0.000327458,-0.000414522,0.000459302,0.000618698,13.540307045,-5.342144966,0.278103381
9.829950592,1788576909.704794884,1788576909.697487831,0.000233907,-0.000543584,-0.001197614,0.000591774,0.001335842,13.540312767,-5.342113972,0.278065950
9.859950592,1788576909.736753702,1788576909.727487803,0.000183239,-0.000558509,-0.001774360,0.000587800,0.001869188,13.540321350,-5.342085361,0.278013229
9.899950592,1788576909.771395683,1788576909.767487764,0.000414007,-0.000578900,-0.000497323,0.000711707,0.000868249,13.540332794,-5.342039585,0.277958721
9.929950336,1788576909.804895163,1788576909.797487497,0.000585818,-0.000320465,-0.000894804,0.000667743,0.001116493,13.540335655,-5.342009068,0.277925432
9.959950336,1788576909.837663412,1788576909.827487469,0.000416678,-0.000408489,-0.001627071,0.000583510,0.001728538,13.540336609,-5.341980457,0.277873039
9.999950336,1788576909.869632959,1788576909.867487431,0.000420070,-0.000314483,-0.000823242,0.000524746,0.000976261,13.540342331,-5.341941833,0.277817428
10.029949824,1788576909.904992580,1788576909.897487164,0.000476199,-0.000227650,-0.001373125,0.000527817,0.001471075,13.540343285,-5.341920376,0.277791828
10.059949824,1788576909.936631918,1788576909.927486897,0.000289990,-0.000069142,-0.001876217,0.000298119,0.001899754,13.540341377,-5.341902256,0.277762204
10.099949824,1788576909.971637487,1788576909.967486858,0.000296650,0.000057335,-0.001089844,0.000302140,0.001130950,13.540348053,-5.341875076,0.277710378
10.129949568,1788576910.004860878,1788576909.997486830,0.000411459,-0.000012326,-0.000409053,0.000411644,0.000580323,13.540349960,-5.341856003,0.277694404
10.159949568,1788576910.036754370,1788576910.027486801,0.000375908,-0.000097267,-0.001291590,0.000388288,0.001348693,13.540349007,-5.341840267,0.277674109
10.199949568,1788576910.071585178,1788576910.067486763,0.000284298,0.000289885,-0.001283115,0.000406028,0.001345824,13.540356636,-5.341823101,0.277625203
10.229949312,1788576910.104784727,1788576910.097486496,0.000385614,0.000185911,-0.001501708,0.000428090,0.001561534,13.540360451,-5.341813564,0.277614206
10.259949312,1788576910.137696743,1788576910.127486467,0.000450389,0.000346885,-0.000559363,0.000568489,0.000797538,13.540361404,-5.341807365,0.277605116
10.299949312,1788576910.171752691,1788576910.167486429,0.000196277,0.000335950,-0.001344945,0.000389085,0.001400095,13.540381432,-5.341799736,0.277558208
10.329949056,1788576910.204806089,1788576910.197486401,0.000195624,0.000660640,-0.001167147,0.000688995,0.001355340,13.540397644,-5.341798306,0.277531058
10.359949056,1788576910.236747265,1788576910.227486134,0.000165756,0.000762173,-0.000298632,0.000779989,0.000835203,13.540411949,-5.341803551,0.277514905
10.399949056,1788576910.271560431,1788576910.267486095,-0.000084658,0.000701645,-0.001443062,0.000706733,0.001606829,13.540444374,-5.341810226,0.277481586
10.429948800,1788576910.304842710,1788576910.297486067,0.000044761,0.000650784,-0.000465172,0.000652322,0.000801192,13.540471077,-5.341812134,0.277448088
10.459948800,1788576910.336831570,1788576910.327486038,0.000083185,0.000667549,-0.000339211,0.000672712,0.000753396,13.540490150,-5.341815948,0.277430713
10.499948800,1788576910.371402740,1788576910.367486000,0.000055432,0.000660823,-0.001087509,0.000663144,0.001273748,13.540523529,-5.341815472,0.277403921
10.529948544,1788576910.404856205,1788576910.397485733,0.000200101,0.000745538,-0.000470895,0.000771924,0.000904218,13.540549278,-5.341817856,0.277372956
10.559948544,1788576910.437861919,1788576910.427485704,0.000232390,0.000665222,-0.000181307,0.000704646,0.000727597,13.540570259,-5.341822147,0.277353972
10.599948544,1788576910.471466064,1788576910.467485666,0.000232540,0.000685751,-0.000282121,0.000724106,0.000777124,13.540605545,-5.341823101,0.277337611
10.629947776,1788576910.504952669,1788576910.497485161,0.000236641,0.000799748,-0.000133188,0.000834024,0.000844592,13.540628433,-5.341826916,0.277315497
10.659947776,1788576910.536671638,1788576910.527484894,0.000491886,0.000684973,-0.001776925,0.000843291,0.001966877,13.540642738,-5.341830730,0.277300596
10.699947776,1788576910.571422100,1788576910.567484856,0.000439634,0.000596395,-0.000078823,0.000740922,0.000745103,13.540663719,-5.341825485,0.277292252
10.729947520,1788576910.604792833,1788576910.597484827,0.000426906,0.000586862,0.002572231,0.000725710,0.002672644,13.540684700,-5.341819286,0.277276665
10.759947520,1788576910.637728930,1788576910.627484560,0.000468194,0.000575799,-0.000730826,0.000742125,0.001041565,13.540694237,-5.341812134,0.277270108
10.799947520,1788576910.670111179,1788576910.667484760,0.000398878,0.000711466,-0.000373545,0.000815651,0.000897119,13.540703773,-5.341802120,0.277277768
10.829947264,1788576910.704701424,1788576910.697484493,0.000464025,0.000537979,-0.000731438,0.000710451,0.001019677,13.540712357,-5.341792583,0.277312845
10.859947264,1788576910.736620426,1788576910.727484465,0.000929891,0.000453805,0.001544131,0.001034715,0.001858757,13.540723801,-5.341779232,0.277319819
10.899947264,1788576910.771424055,1788576910.767484426,0.000967926,0.000407229,0.002619142,0.001050103,0.002821812,13.540739059,-5.341757774,0.277314335
10.929946240,1788576910.802390814,1788576910.797483444,0.000361058,0.000328031,0.000514172,0.000487819,0.000708760,13.540758133,-5.341736794,0.277294368
10.959946240,1788576910.836632490,1788576910.827483416,0.000095985,0.000429286,-0.002253031,0.000439886,0.002295571,13.540772438,-5.341715813,0.277304620
10.999946240,1788576910.871308565,1788576910.867483377,0.000371187,0.000439325,-0.003946687,0.000575140,0.003988373,13.540789604,-5.341682911,0.277237356
11.029945728,1788576910.904747486,1788576910.897483110,0.000588675,0.000181088,0.000530920,0.000615899,0.000813147,13.540802002,-5.341658115,0.277277827
11.059945728,1788576910.937012434,1788576910.927482843,0.000637544,0.000119202,0.004926872,0.000648592,0.004969380,13.540828705,-5.341629028,0.277267873
11.099945728,1788576910.971359730,1788576910.967482805,0.000896906,0.000439108,0.002370254,0.000998627,0.002572034,13.540844917,-5.341591358,0.277267933
11.129945472,1788576911.004690647,1788576910.997482777,0.000126350,0.000120380,-0.001217140,0.000174516,0.001229587,13.540855408,-5.341562271,0.277288109
11.159945472,1788576911.036601782,1788576911.027482510,0.000479739,0.000092924,0.001028118,0.000488656,0.001138337,13.540867805,-5.341528893,0.277377009
11.199945472,1788576911.071535110,1788576911.067482710,0.000910695,0.000105898,0.000127511,0.000916831,0.000925656,13.540876389,-5.341481686,0.277424932
11.229944448,1788576911.103342772,1788576911.097481728,0.001346112,0.000083156,0.005644361,0.001348678,0.005803253,13.540872574,-5.341454506,0.277460247
11.259944448,1788576911.135876179,1788576911.127481699,0.000785750,0.000130843,0.002437152,0.000796570,0.002564027,13.540871620,-5.341422081,0.277526498
11.299944448,1788576911.171383858,1788576911.167481661,0.001108848,0.000144187,0.000914798,0.001118183,0.001444711,13.540853500,-5.341380596,0.277650207
11.329944192,1788576911.204632998,1788576911.197481394,0.001144993,0.000346761,-0.002314516,0.001196349,0.002605424,13.540824890,-5.341356277,0.277731508
11.359944192,1788576911.236822367,1788576911.227481365,0.001566062,-0.000040369,0.007076549,0.001566582,0.007247877,13.540800095,-5.341331482,0.277848274
11.399944192,1788576911.271392345,1788576911.267481327,0.001934421,-0.000133869,0.008345501,0.001939048,0.008567805,13.540764809,-5.341280460,0.278034389
11.429943936,1788576911.304690838,1788576911.297481298,0.001613480,0.000084265,0.002951364,0.001615679,0.003364665,13.540733337,-5.341249466,0.278109282
11.459943936,1788576911.337666035,1788576911.327481031,0.000860425,-0.000196578,-0.000230115,0.000882595,0.000912100,13.540702820,-5.341221333,0.278232634
11.499943936,1788576911.370625019,1788576911.367480993,0.001135718,-0.000344887,0.001251902,0.001186930,0.001725127,13.540669441,-5.341167927,0.278432935
11.529942912,1788576911.403424501,1788576911.397480249,0.001767888,-0.000094749,0.005013771,0.001770425,0.005317171,13.540637970,-5.341131687,0.278557986
11.559942912,1788576911.436758518,1788576911.427479982,0.001291059,-0.000239878,0.005274666,0.001313155,0.005435667,13.540616989,-5.341103077,0.278611660
11.599942912,1788576911.471511126,1788576911.467480183,0.001398161,-0.000626016,0.005781000,0.001531911,0.005980528,13.540592194,-5.341052532,0.278764486
11.629942656,1788576911.504628897,1788576911.497479916,0.001060177,-0.000299932,-0.000142923,0.001101787,0.001111018,13.540566444,-5.341013432,0.278881490
11.659942656,1788576911.536764622,1788576911.527479887,0.000958789,-0.000595603,0.001526192,0.001128724,0.001898231,13.540545464,-5.340980053,0.278980225
11.699942656,1788576911.571630478,1788576911.567479849,0.001022106,-0.000741061,0.006658579,0.001262486,0.006777208,13.540531158,-5.340929985,0.279082865
11.729941632,1788576911.603321314,1788576911.597478867,0.001437094,-0.000761112,0.006009297,0.001626202,0.006225446,13.540519714,-5.340889931,0.279162258
11.759941632,1788576911.637669086,1788576911.627478838,0.000733360,-0.000446406,-0.000632830,0.000858542,0.001066568,13.540504456,-5.340854168,0.279289007
11.799941632,1788576911.673485518,1788576911.667478800,0.000571676,-0.000482282,0.001461341,0.000747937,0.001641623,13.540499687,-5.340812206,0.279403567
11.829940608,1788576911.703573942,1788576911.697477818,0.001145792,-0.000939491,0.005161263,0.001481716,0.005369741,13.540492058,-5.340775967,0.279559851
11.859940608,1788576911.735954762,1788576911.727477789,0.001058486,-0.000507610,0.005745183,0.001173909,0.005863889,13.540489197,-5.340743065,0.279675126
11.899940608,1788576911.771480799,1788576911.767477751,0.000614594,-0.000522211,0.005935073,0.000806493,0.005989618,13.540493965,-5.340711117,0.279819816
11.929940352,1788576911.804690361,1788576911.797477722,0.000432674,-0.000485030,0.003282789,0.000649970,0.003346516,13.540500641,-5.340684414,0.279992819
11.959940352,1788576911.836781025,1788576911.827477455,0.000603867,-0.000466294,0.004538318,0.000762945,0.004602002,13.540501595,-5.340657711,0.280192792
11.999940352,1788576911.871336222,1788576911.867477417,0.000312801,-0.000402908,0.005161138,0.000510077,0.005186283,13.540513992,-5.340636253,0.280395031
12.029940096,1788576911.904685736,1788576911.897477388,0.000655971,-0.000624136,0.007201956,0.000905452,0.007258651,13.540529251,-5.340614319,0.280564815
12.059940096,1788576911.937619925,1788576911.927477360,0.000368749,-0.000326586,0.004401322,0.000492579,0.004428800,13.540537834,-5.340592861,0.280724913
12.099940096,1788576911.970546961,1788576911.967477322,0.000120824,-0.000288291,0.004015717,0.000312586,0.004027864,13.540553093,-5.340572834,0.280947804
12.129939072,1788576912.003708124,1788576911.997476339,0.000184764,-0.000381106,0.005101130,0.000423533,0.005118682,13.540565491,-5.340556145,0.281131595
12.159939072,1788576912.037691355,1788576912.027476311,0.000448838,-0.000263258,0.006681185,0.000520346,0.006701417,13.540578842,-5.340544701,0.281272173
12.199939072,1788576912.071332455,1788576912.067476273,0.000039375,-0.000302041,0.006199178,0.000304597,0.006206656,13.540595055,-5.340524197,0.281462908
12.229938816,1788576912.102433443,1788576912.097476006,0.000031596,-0.000286468,0.004813930,0.000288205,0.004822549,13.540615082,-5.340506554,0.281600088
12.259938816,1788576912.136820316,1788576912.127475977,0.000019580,-0.000149385,0.004245511,0.000150663,0.004248184,13.540630341,-5.340492725,0.281745732
12.299938816,1788576912.171378851,1788576912.167475939,-0.000072387,-0.000264918,0.004050321,0.000274629,0.004059621,13.540638924,-5.340466022,0.281900346
12.329938560,1788576912.204735994,1788576912.197475910,0.000087143,0.000013308,0.005659729,0.000088153,0.005660416,13.540653229,-5.340450764,0.281991959
12.359938560,1788576912.236455679,1788576912.227475643,-0.000040532,0.000059369,0.004016644,0.000071885,0.004017287,13.540665627,-5.340443134,0.282076508
12.399938560,1788576912.271509409,1788576912.267475605,-0.000100633,0.000064245,0.003230145,0.000119392,0.003232351,13.540677071,-5.340422630,0.282185555
12.429938304,1788576912.302393913,1788576912.297475576,-0.000261213,-0.000202252,0.003312489,0.000330360,0.003328922,13.540686607,-5.340410233,0.282256901
12.459938304,1788576912.336637497,1788576912.327475548,-0.000103622,0.000153576,0.003396613,0.000185265,0.003401662,13.540695190,-5.340400696,0.282316655
12.499938304,1788576912.371347904,1788576912.367475510,0.000556383,-0.006262039,0.004801583,0.006286708,0.007910619,13.540697098,-5.340396881,0.282376617
12.529937536,1788576912.402394772,1788576912.397474766,-0.000922374,-0.001172135,0.003628938,0.001491534,0.003923501,13.540719986,-5.340372086,0.282396495
12.559937536,1788576912.436824322,1788576912.427474737,-0.000194780,0.003021183,-0.000331496,0.003027456,0.003045551,13.540715218,-5.340388298,0.282422930
12.599937536,1788576912.471363068,1788576912.467474699,0.000265756,-0.004091852,0.003119979,0.004100473,0.005152489,13.540712357,-5.340341091,0.282446355
12.629937024,1788576912.504704237,1788576912.497474194,-0.000464649,0.003424356,0.003467506,0.003455736,0.004895479,13.540706635,-5.340336800,0.282442003
12.659937024,1788576912.537570000,1788576912.527474165,0.000518322,-0.000926689,0.000407679,0.001061796,0.001137371,13.540704727,-5.340336800,0.282426894
12.699937024,1788576912.569716215,1788576912.567474127,0.000315984,0.000654870,0.000439515,0.000727118,0.000849632,13.540697098,-5.340321541,0.282399029
12.729936000,1788576912.602506399,1788576912.597473383,0.000174445,0.000894359,-0.000146508,0.000911213,0.000922916,13.540696144,-5.340329647,0.282390237
12.759936000,1788576912.636706591,1788576912.627473116,-0.000004516,0.001694401,0.000513211,0.001694407,0.001770424,13.540682793,-5.340328217,0.282369137
12.799936000,1788576912.672623634,1788576912.667473078,0.000112955,0.001179574,0.001174940,0.001184970,0.001668723,13.540672302,-5.340310097,0.282325774
12.829936000,1788576912.704755783,1788576912.697473288,-0.000473823,-0.000116350,0.000214983,0.000487900,0.000533164,13.540670395,-5.340315342,0.282285094
12.859936000,1788576912.736659527,1788576912.727473259,0.000225559,-0.000771933,0.002098679,0.000804213,0.002247490,13.540663719,-5.340301037,0.282255113
12.899936000,1788576912.771401405,1788576912.767473221,-0.000858868,0.002257173,-0.000783653,0.002415054,0.002539015,13.540658951,-5.340280533,0.282183737
12.929935488,1788576912.804594755,1788576912.797472715,0.000045232,-0.001125356,0.001319581,0.001126265,0.001734867,13.540655136,-5.340272903,0.282150328
12.959935488,1788576912.836618662,1788576912.827472687,-0.000394459,0.002112391,-0.000125979,0.002148905,0.002152595,13.540644646,-5.340257168,0.282103568
12.999935488,1788576912.871415615,1788576912.867472649,-0.000376938,0.001274185,-0.000027446,0.001328769,0.001329053,13.540626526,-5.340242863,0.282033980
13.029935232,1788576912.904877901,1788576912.897472620,-0.001022897,0.002533074,-0.000149891,0.002731809,0.002735918,13.540623665,-5.340231419,0.281971067
13.059935232,1788576912.936642885,1788576912.927472353,0.000867422,-0.004014607,0.000728934,0.004107248,0.004171430,13.540606499,-5.340199471,0.281928092
13.099935232,1788576912.971339464,1788576912.967472315,-0.000616780,0.002696783,0.000152552,0.002766416,0.002770619,13.540584564,-5.340181351,0.281835228
13.129934976,1788576913.004701614,1788576912.997472286,0.000075723,-0.004583087,0.000246721,0.004583713,0.004590348,13.540577888,-5.340137959,0.281764776
13.159934976,1788576913.037610769,1788576913.027472019,0.000156052,0.006513431,-0.001354399,0.006515301,0.006654588,13.540567398,-5.340127468,0.281682789
13.199934976,1788576913.071326733,1788576913.067472219,-0.000274988,-0.005500878,-0.001201181,0.005507747,0.005637208,13.540562630,-5.340034008,0.281565636
13.229934464,1788576913.104603052,1788576913.097471714,-0.000116815,0.004535869,-0.000911508,0.004537373,0.004628024,13.540561676,-5.339996338,0.281469077
13.259934464,1788576913.136707306,1788576913.127471685,0.000839174,-0.000714587,0.000327069,0.001102201,0.001149705,13.540555954,-5.339916229,0.281361073
13.299934464,1788576913.171347380,1788576913.167471647,-0.000404057,0.000022317,-0.001568820,0.000404673,0.001620171,13.540540695,-5.339801788,0.281176865
13.329933952,1788576913.204850435,1788576913.197471142,0.000779131,-0.000092332,-0.001379583,0.000784583,0.001587079,13.540533066,-5.339706898,0.281036228
13.359933952,1788576913.236708879,1788576913.227471113,0.000175783,-0.001094517,-0.002051117,0.001108543,0.002331512,13.540522575,-5.339605808,0.280868053
13.399933952,1788576913.271358252,1788576913.267471075,0.000362492,0.001017879,-0.003288489,0.001080499,0.003461450,13.540491104,-5.339416981,0.280590653
13.429933696,1788576913.304689407,1788576913.297471046,0.000618988,-0.007686800,-0.002792508,0.007711682,0.008201716,13.540484428,-5.339249611,0.280373961
13.459933696,1788576913.336766005,1788576913.327470779,0.000116604,0.007965846,-0.001230879,0.007966700,0.008061226,13.540464401,-5.339124203,0.280115277
13.499933696,1788576913.371304989,1788576913.367470741,0.000851469,-0.011004721,-0.005046938,0.011037612,0.012136740,13.540431023,-5.338753700,0.279697508
13.529934208,1788576913.403427601,1788576913.397471428,0.000657525,0.001819303,-0.002985490,0.001934477,0.003557436,13.540403366,-5.338564873,0.279371411
13.559934208,1788576913.436626673,1788576913.427471399,0.000872823,0.001785368,-0.003715280,0.001987299,0.004213391,13.540372849,-5.338289738,0.278996915
13.599934208,1788576913.471447468,1788576913.467471361,0.000839704,-0.007833824,-0.005682065,0.007878699,0.009713895,13.540307999,-5.337819099,0.278381944
13.629933184,1788576913.502336025,1788576913.497470379,0.001028355,0.004695263,-0.005128657,0.004806559,0.007028949,13.540263176,-5.337505817,0.277920336
13.669933184,1788576913.538773060,1788576913.537470579,0.001046661,-0.010968129,-0.006096991,0.011017956,0.012592404,13.540191650,-5.336928844,0.277224094
13.699933184,1788576913.571368694,1788576913.567470312,0.001104177,0.001247841,-0.007694127,0.001666228,0.007872478,13.540110588,-5.336496830,0.276645720
13.729932672,1788576913.602587223,1788576913.597470045,0.001850309,-0.005759798,-0.006519162,0.006049703,0.008893727,13.540038109,-5.336013317,0.276070416
13.759932672,1788576913.636669159,1788576913.627469778,0.001666069,-0.009625701,-0.006643951,0.009768823,0.011814059,13.539960861,-5.335514545,0.275443912
13.799932672,1788576913.672886133,1788576913.667469740,0.002095219,-0.000245043,-0.009602530,0.002109500,0.009831509,13.539833069,-5.334815025,0.274531186
13.829931648,1788576913.703361988,1788576913.697468996,0.002288592,-0.014062346,-0.009069477,0.014247359,0.016889128,13.539746284,-5.334230900,0.273853391
13.859931648,1788576913.737728119,1788576913.727468729,0.002462991,-0.003197110,-0.007071323,0.004035819,0.008141956,13.539649010,-5.333687782,0.273130685
13.899931648,1788576913.771354675,1788576913.767468691,0.002447303,-0.009203183,-0.012605946,0.009523017,0.015798662,13.539495468,-5.332840919,0.272083253
13.929931136,1788576913.804790735,1788576913.797468424,0.002694814,-0.015459407,-0.010579080,0.015692523,0.018925439,13.539381027,-5.332207680,0.271311045
13.959931136,1788576913.836797953,1788576913.827468395,0.002660412,-0.000064178,-0.010362837,0.002661186,0.010699080,13.539252281,-5.331603050,0.270527542
13.999931136,1788576913.871386051,1788576913.867468357,0.002825819,-0.015065001,-0.014593053,0.015327737,0.021163570,13.539029121,-5.330663681,0.269459933
14.029930624,1788576913.904705048,1788576913.897467852,0.003266391,-0.012401878,-0.013278922,0.012824815,0.018460923,13.538856506,-5.329995632,0.268678129
14.059930624,1788576913.936761618,1788576913.927467823,0.003234310,-0.004388135,-0.011612465,0.005451284,0.012828321,13.538688660,-5.329336643,0.267898232
14.099930624,1788576913.971308231,1788576913.967467785,0.002876518,-0.013149090,-0.015601336,0.013460049,0.020605208,13.538441658,-5.328421116,0.266875744
14.129930368,1788576914.004735470,1788576913.997467756,0.003492121,-0.008989506,-0.017057922,0.009643968,0.019595378,13.538247108,-5.327758789,0.266135573
14.159930368,1788576914.037650347,1788576914.027467489,0.003892446,-0.012842527,-0.012936529,0.013419449,0.018639620,13.538047791,-5.327089787,0.265422761
14.199930368,1788576914.071494579,1788576914.067467451,0.003956117,-0.008428417,-0.014899388,0.009310697,0.017569315,13.537740707,-5.326231480,0.264550567
14.229930112,1788576914.104664326,1788576914.097467422,0.004296233,-0.012650431,-0.017528542,0.013360053,0.022039528,13.537502289,-5.325563908,0.263902247
14.259930112,1788576914.136703253,1788576914.127467155,0.004396026,-0.016967973,-0.013633186,0.017528182,0.022205875,13.537240982,-5.324925423,0.263321489
14.299930112,1788576914.171348572,1788576914.167467356,0.004901899,-0.007793879,-0.015049295,0.009207234,0.017642405,13.536820412,-5.324125767,0.262663215
14.329929600,1788576914.204677820,1788576914.197466850,0.004787314,-0.014398885,-0.017899566,0.015173867,0.023465734,13.536494255,-5.323503971,0.262169182
14.359929600,1788576914.236819267,1788576914.227466822,0.005234804,-0.014624149,-0.016141645,0.015532833,0.022401375,13.536171913,-5.322904110,0.261751980
14.399929600,1788576914.271433830,1788576914.267466784,0.005876004,-0.011049161,-0.012663351,0.012514447,0.017803703,13.535746574,-5.322084904,0.261337429
14.429929088,1788576914.304685593,1788576914.297466278,0.005866067,-0.014278663,-0.014774138,0.015436675,0.021367407,13.535416603,-5.321469307,0.261020303
14.459929088,1788576914.336666346,1788576914.327466249,0.006184545,-0.014307875,-0.016169815,0.015587299,0.022459448,13.535117149,-5.320864677,0.260782242
14.499929088,1788576914.371329784,1788576914.367466211,0.006109963,-0.012591090,-0.011132351,0.013995256,0.017882853,13.534815788,-5.320073128,0.260585070
14.529927808,1788576914.402604342,1788576914.397464991,0.006139449,-0.013472558,-0.014621972,0.014805494,0.020808766,13.534577370,-5.319485188,0.260441780
14.559927808,1788576914.437695742,1788576914.427464962,0.006617789,-0.014151154,-0.014163565,0.015622109,0.021086889,13.534376144,-5.318916321,0.260346681
14.599927808,1788576914.469736338,1788576914.467464924,0.005775052,-0.013887860,-0.010028226,0.015040741,0.018077311,13.534214020,-5.318210602,0.260309339
14.629927552,1788576914.504716396,1788576914.497464895,0.006200094,-0.013164190,-0.012882538,0.014551188,0.019434425,13.534082413,-5.317688465,0.260286897
14.659927552,1788576914.536624193,1788576914.527464628,0.006452566,-0.015354033,-0.012493205,0.016654787,0.020819753,13.534009933,-5.317176819,0.260290027
14.699927552,1788576914.571419477,1788576914.567464590,0.005320573,-0.013150242,-0.009318562,0.014185816,0.016972713,13.534094810,-5.316557884,0.260361552
14.729927040,1788576914.604699373,1788576914.597464323,0.005854706,-0.014938811,-0.010464290,0.016045113,0.019155861,13.534156799,-5.316091537,0.260398179
14.759927040,1788576914.637025118,1788576914.627464294,0.005372461,-0.014134533,-0.011676048,0.015121123,0.019104409,13.534293175,-5.315664768,0.260433465
14.799927040,1788576914.672735214,1788576914.667464256,0.004224963,-0.012429243,-0.010338280,0.013127696,0.016709771,13.534687042,-5.315175056,0.260491639
14.829926016,1788576914.703378677,1788576914.697463274,0.004387686,-0.018026859,-0.008530859,0.018553152,0.020420455,13.534992218,-5.314799309,0.260525048
14.859926016,1788576914.737575531,1788576914.727463245,0.003494977,-0.011279615,-0.009218338,0.011808665,0.014980732,13.535335541,-5.314490318,0.260523647
14.899926016,1788576914.770683050,1788576914.767463207,0.002992546,-0.015948635,-0.010681861,0.016226961,0.019427208,13.535929680,-5.314126492,0.260511696
14.929924736,1788576914.802377462,1788576914.797461987,0.001960378,-0.015958563,-0.007976000,0.016078521,0.017948131,13.536379814,-5.313872814,0.260484040
14.959924736,1788576914.836602211,1788576914.827461958,0.002012565,-0.010973146,-0.009458384,0.011156180,0.014626051,13.536840439,-5.313646793,0.260444820
14.999924736,1788576914.871282339,1788576914.867461920,0.001460628,-0.016544255,-0.010148403,0.016608606,0.019463707,13.537504196,-5.313373089,0.260327458
15.029924480,1788576914.902357817,1788576914.897461653,0.000513109,-0.012750816,-0.008046988,0.012761136,0.015086438,13.537997246,-5.313194275,0.260223269
15.059924480,1788576914.936982632,1788576914.927461624,0.000100292,-0.013107252,-0.009836405,0.013107636,0.016387952,13.538504601,-5.313044071,0.260116935
15.099924480,1788576914.971283674,1788576914.967461586,-0.000615584,-0.014305321,-0.009943182,0.014318559,0.017432384,13.539223671,-5.312995434,0.259978473
15.129923968,1788576915.004687071,1788576914.997461319,-0.001315393,-0.007078885,-0.008985352,0.007200061,0.011514227,13.539754868,-5.312959194,0.259864807
15.159923968,1788576915.036668301,1788576915.027461052,-0.000873321,-0.018229298,-0.009277820,0.018250206,0.020473103,13.540247917,-5.312930584,0.259756804
15.199923968,1788576915.071475506,1788576915.067461014,-0.001942406,-0.007258187,-0.009017072,0.007513602,0.011737197,13.540829659,-5.313086987,0.259641111
15.229923456,1788576915.104897499,1788576915.097460747,-0.001922645,-0.009680048,-0.008378040,0.009869138,0.012945712,13.541261673,-5.313158989,0.259549737
15.259923456,1788576915.136699438,1788576915.127460718,-0.001883520,-0.017394518,-0.009709896,0.017496197,0.020009973,13.541635513,-5.313277245,0.259494603
15.299923456,1788576915.171313524,1788576915.167460680,-0.002305942,-0.006378513,-0.008342430,0.006782536,0.010751694,13.542008400,-5.313621998,0.259505749
15.329922944,1788576915.204694510,1788576915.197460175,-0.001980376,-0.010129268,-0.008308678,0.010321044,0.013249833,13.542283058,-5.313827515,0.259507060
15.359922944,1788576915.236735582,1788576915.227460146,-0.002144266,-0.009488258,-0.007269316,0.009727534,0.012143635,13.542519569,-5.314103603,0.259552538
15.399922944,1788576915.271407366,1788576915.267460108,-0.001827091,-0.005545409,-0.010501250,0.005838649,0.012015244,13.542771339,-5.314579487,0.259721518
15.429922432,1788576915.304697275,1788576915.297459602,-0.001586425,-0.017799337,-0.008330264,0.017869894,0.019716146,13.542955399,-5.314895153,0.259854972
15.459922432,1788576915.336593628,1788576915.327459574,-0.001815386,-0.004747940,-0.007209311,0.005083164,0.008821152,13.543115616,-5.315329552,0.260044426
15.499922432,1788576915.371290445,1788576915.367459536,-0.002358343,-0.010456053,-0.008467661,0.010718713,0.013659872,13.543305397,-5.315978527,0.260488093
15.529921152,1788576915.402316570,1788576915.397458315,-0.002406880,-0.009681122,-0.006867578,0.009975830,0.012111185,13.543438911,-5.316476822,0.260830909
15.559921152,1788576915.436761618,1788576915.427458286,-0.002255796,0.000160924,-0.003384291,0.002261529,0.004070373,13.543563843,-5.317020416,0.261241168
15.599921152,1788576915.471568584,1788576915.467458248,-0.001867310,-0.007459968,-0.003246700,0.007690121,0.008347396,13.543696404,-5.317805767,0.261990219
15.629920640,1788576915.504611015,1788576915.497457981,-0.003043915,0.002073547,-0.005787428,0.003683072,0.006859981,13.543790817,-5.318423271,0.262526333
15.659920640,1788576915.536694050,1788576915.527457714,-0.002492936,-0.003200740,-0.005012549,0.004057027,0.006448652,13.543897629,-5.319004536,0.263161242
15.699920640,1788576915.571501493,1788576915.567457676,-0.000367345,-0.008277446,0.004606510,0.008285593,0.009480031,13.544052124,-5.319875240,0.264215350
15.729920128,1788576915.604684830,1788576915.597457409,-0.000999530,0.002488634,0.002721199,0.002681858,0.003820640,13.544146538,-5.320558548,0.264972210
15.759920128,1788576915.636690617,1788576915.627457380,-0.003532301,0.001460596,-0.002036247,0.003822367,0.004330911,13.544274330,-5.321210861,0.265754789
15.799920128,1788576915.672617674,1788576915.667457342,-0.001123629,-0.003984663,0.001016292,0.004140058,0.004262972,13.544493675,-5.322121620,0.266988397
15.829919104,1788576915.703357220,1788576915.697456360,-0.002060646,-0.000706660,0.002993685,0.002178447,0.003702402,13.544640541,-5.322825909,0.267889917
15.859919104,1788576915.735601902,1788576915.727456331,-0.005631756,0.001927432,-0.000041426,0.005952451,0.005952595,13.544848442,-5.323527336,0.268804461
15.899919104,1788576915.771500349,1788576915.767456293,-0.002676358,0.002234028,0.005265923,0.003486227,0.006315356,13.545185089,-5.324539185,0.270157844
15.929918592,1788576915.804598808,1788576915.797455788,-0.002000004,-0.002493537,0.011953113,0.003196520,0.012373142,13.545441628,-5.325258255,0.271136761
15.959918592,1788576915.836586475,1788576915.827455759,-0.003301410,0.003001758,0.003262748,0.004462047,0.005527693,13.545758247,-5.326014519,0.272017241
15.999918592,1788576915.871466398,1788576915.867455721,-0.002915131,0.003819170,0.002058091,0.004804586,0.005226833,13.546307564,-5.327025414,0.273145676
16.029918080,1788576915.904686928,1788576915.897455454,-0.005966814,0.001966871,0.006590331,0.006282631,0.009105159,13.546704292,-5.327766895,0.273949564
16.059918080,1788576915.936618805,1788576915.927455187,-0.004994825,0.008565705,0.008007479,0.009915623,0.012745168,13.547144890,-5.328482628,0.274724960
16.099918080,1788576915.971416950,1788576915.967455149,-0.005400800,0.005382421,0.003562119,0.007624900,0.008415924,13.547765732,-5.329389095,0.275559247
16.129917568,1788576916.004756212,1788576915.997454882,-0.004826031,0.001834195,0.008656611,0.005162833,0.010079274,13.548228264,-5.330046654,0.276184142
16.159917568,1788576916.036705732,1788576916.027454615,-0.006854070,0.000700409,0.003577297,0.006889764,0.007763111,13.548713684,-5.330678463,0.276682049
16.199917568,1788576916.071422100,1788576916.067454815,-0.005159279,-0.001162853,0.007260912,0.005288704,0.008982830,13.549347878,-5.331383228,0.277170748
16.229917056,1788576916.104569912,1788576916.097454309,-0.008746359,0.007165611,0.003253916,0.011306846,0.011765744,13.549809456,-5.331920147,0.277447999
16.259917056,1788576916.137623310,1788576916.127454281,-0.008224808,0.007754030,0.003783359,0.011303648,0.011919994,13.550300598,-5.332391739,0.277700484
16.299917056,1788576916.172557116,1788576916.167454243,-0.007748142,0.001075632,0.007396260,0.007822448,0.010765471,13.550936699,-5.332949638,0.277755618
16.329916032,1788576916.202597857,1788576916.197453260,-0.009289185,0.012355232,-0.002285505,0.015457707,0.015625756,13.551392555,-5.333341122,0.277744234
16.359916032,1788576916.237621307,1788576916.227453232,-0.008426573,0.014113081,0.004260330,0.016437342,0.016980477,13.551863670,-5.333660126,0.277709991
16.399916032,1788576916.271456242,1788576916.267453194,-0.007341133,0.000265928,0.008958128,0.007345948,0.011584947,13.552485466,-5.333988667,0.277392656
16.429915520,1788576916.302304745,1788576916.297452688,-0.007419212,-0.002774586,0.001686080,0.007921050,0.008098512,13.552913666,-5.334163666,0.277119964
16.459915520,1788576916.336594582,1788576916.327452660,-0.009565807,0.000750090,0.007591158,0.009595170,0.012234908,13.553290367,-5.334392071,0.276767164
16.499915520,1788576916.371326923,1788576916.367452621,-0.008018716,0.001099287,0.008638858,0.008093716,0.011837994,13.553686142,-5.334493160,0.276071310
16.529915776,1788576916.404681444,1788576916.397453070,-0.008049863,-0.004105613,-0.000516813,0.009036391,0.009051158,13.553950310,-5.334492683,0.275516927
16.559915776,1788576916.436783314,1788576916.427453041,-0.008869097,0.007048084,-0.001344608,0.011328564,0.011408082,13.554164886,-5.334575176,0.274935633
16.599915776,1788576916.471289635,1788576916.467453003,-0.008023176,0.013686771,-0.006671094,0.015865026,0.017210536,13.554259300,-5.334596634,0.273963869
16.629915264,1788576916.504779816,1788576916.497452497,-0.008695116,-0.005632736,-0.004090532,0.010360152,0.011138456,13.554315567,-5.334528923,0.273263752
16.659915264,1788576916.536615372,1788576916.527452469,-0.009324476,-0.000205265,0.001105463,0.009326735,0.009392019,13.554317474,-5.334486008,0.272504956
16.699915264,1788576916.571358681,1788576916.567452431,-0.008166265,0.020926888,-0.003841507,0.022463805,0.022789903,13.554113388,-5.334424019,0.271382689
16.729914752,1788576916.602342606,1788576916.597451925,-0.003877994,-0.001081191,0.000906353,0.004025893,0.004126656,13.553926468,-5.334342480,0.270601124
16.759914752,1788576916.636657715,1788576916.627451897,-0.006618278,0.007856247,-0.010581013,0.010272401,0.014747205,13.553685188,-5.334230900,0.269786000
16.799914752,1788576916.672564268,1788576916.667451859,-0.007154480,-0.010243842,-0.001666570,0.012494914,0.012605568,13.553188324,-5.333973408,0.268694371
16.829913728,1788576916.702332258,1788576916.697451115,-0.004877522,0.011771482,-0.002728424,0.012741978,0.013030821,13.552808762,-5.333864689,0.267884135
16.859913728,1788576916.736619949,1788576916.727450848,-0.002674387,0.001205260,-0.013720884,0.002933427,0.014030953,13.552392960,-5.333626270,0.267063856
16.899913728,1788576916.771384716,1788576916.767450809,-0.000313633,0.001074995,-0.001518096,0.001119813,0.001886424,13.551650047,-5.333396435,0.266102076
16.929913216,1788576916.804785728,1788576916.797450542,-0.002207018,0.002739459,-0.005755523,0.003517892,0.006745488,13.551114082,-5.333272457,0.265374810
16.959913216,1788576916.836603880,1788576916.827450275,-0.001730808,-0.000851484,-0.013174230,0.001928917,0.013314693,13.550539970,-5.332989216,0.264673889
16.999913216,1788576916.871385813,1788576916.867450476,-0.000117993,-0.010633845,0.008701204,0.010634500,0.013740580,13.549711227,-5.332637787,0.263969392
17.029912704,1788576916.904751062,1788576916.897449970,0.003652928,0.022509470,-0.017395264,0.022803949,0.028681271,13.549049377,-5.332630157,0.263240874
17.069912704,1788576916.938733578,1788576916.937449932,-0.000821019,-0.022199250,-0.023644114,0.022214428,0.032442641,13.548127174,-5.332207203,0.262349218
17.099912704,1788576916.971352816,1788576916.967449903,-0.002716897,0.012449038,-0.019538525,0.012742060,0.023326252,13.547454834,-5.331973076,0.261823446
17.129912192,1788576917.004862309,1788576916.997449398,0.001758840,-0.002599541,-0.008302781,0.003138652,0.008876221,13.546758652,-5.331814289,0.261314839
17.159912192,1788576917.036758423,1788576917.027449369,0.003744595,-0.008119361,-0.010997193,0.008941254,0.014173365,13.546042442,-5.331697464,0.260778278
17.199912192,1788576917.071288586,1788576917.067449331,0.007021332,-0.000659808,-0.013106273,0.007052265,0.014883173,13.544970512,-5.331472874,0.260203779
17.229911680,1788576917.102504253,1788576917.097449064,0.007029627,0.003600979,0.002595592,0.007898273,0.008313833,13.544135094,-5.331244946,0.259845436
17.269911680,1788576917.138609886,1788576917.137449026,0.000614844,0.001855797,0.001447187,0.001954997,0.002432358,13.543101311,-5.330989838,0.259744167
17.299911680,1788576917.171296835,1788576917.167448759,-0.000389940,0.001784850,-0.018041639,0.001826949,0.018133904,13.542364120,-5.330731869,0.259729922
17.329911168,1788576917.204879045,1788576917.197448492,0.009906575,-0.005399163,-0.002140293,0.011282340,0.011483555,13.541514397,-5.330464363,0.259735405
17.359911168,1788576917.236840248,1788576917.227448225,0.007512469,0.002181317,0.013583591,0.007822745,0.015675117,13.540773392,-5.330187321,0.259654433
17.399911168,1788576917.271345139,1788576917.267448425,0.008220617,0.003721874,0.007689005,0.009023906,0.011855450,13.539814949,-5.329643726,0.260063767
17.429910656,1788576917.302341700,1788576917.297447920,0.011491723,-0.002745070,0.005130678,0.011815038,0.012880954,13.539075851,-5.329240799,0.260444522
17.459910656,1788576917.336850882,1788576917.327447891,0.010517062,-0.002131780,0.004656774,0.010730940,0.011697804,13.538337708,-5.328790188,0.260864586
17.499910656,1788576917.371327400,1788576917.367447853,0.011679483,-0.008328726,-0.004909206,0.014344964,0.015161738,13.537537575,-5.328013420,0.261359990
17.529909120,1788576917.403620958,1788576917.397446394,0.010914543,-0.007788881,0.003993430,0.013408725,0.013990761,13.536972046,-5.327479839,0.261837006
17.559909120,1788576917.437618256,1788576917.427446365,0.010867126,-0.003099755,0.007045735,0.011300571,0.013317105,13.536511421,-5.326884270,0.262546241
17.599909120,1788576917.471390963,1788576917.467446327,0.009929257,-0.002625675,0.041678365,0.010270556,0.042925172,13.536225319,-5.326020718,0.263881832
17.629908096,1788576917.502318859,1788576917.497445345,0.013921171,-0.014748684,0.058587306,0.020281091,0.061998348,13.536026955,-5.325239658,0.265572995
17.659908096,1788576917.536770105,1788576917.527445316,0.011610026,-0.015668858,0.077930613,0.019501431,0.080333593,13.535866737,-5.324372768,0.268014997
17.699908096,1788576917.571348429,1788576917.567445278,0.011304865,-0.019753320,0.111009384,0.022759473,0.113318476,13.535884857,-5.323250294,0.272735357
17.729907840,1788576917.602362871,1788576917.597445011,0.009688254,-0.008557784,0.147231447,0.012926637,0.147797824,13.535902977,-5.322416306,0.277186036
17.759907840,1788576917.636729956,1788576917.627444983,0.010348234,-0.020569950,0.159910474,0.023026263,0.161559799,13.536018372,-5.321477413,0.282582223
17.799907840,1788576917.673566580,1788576917.667444944,0.011713667,-0.020815705,0.203322462,0.023885216,0.204720608,13.536321640,-5.320287704,0.291086525
17.829907072,1788576917.704676151,1788576917.697444439,0.009981420,-0.018018941,0.229590439,0.020598810,0.230512648,13.536534309,-5.319289684,0.298336446
17.859907072,1788576917.736600876,1788576917.727444172,0.010744053,-0.020652012,0.250326745,0.023279611,0.251406881,13.536768913,-5.318401337,0.306315809
17.899907072,1788576917.771369219,1788576917.767444134,0.012933619,-0.019916986,0.279837018,0.023747944,0.280842876,13.537032127,-5.317345619,0.318030059
17.929906816,1788576917.804713249,1788576917.797444105,0.010510840,-0.018587153,0.302970951,0.021353220,0.303722500,13.537263870,-5.316633701,0.327559680
17.959906816,1788576917.836687565,1788576917.827444077,0.007130063,-0.024731745,0.309424118,0.025739017,0.310492804,13.537633896,-5.315958023,0.337690413
17.999906816,1788576917.871293783,1788576917.867444038,0.008056161,-0.019448902,0.331427621,0.021051402,0.332095513,13.538158417,-5.315255165,0.352106243
18.029906560,1788576917.902408600,1788576917.897443771,0.006408271,-0.020197453,0.336810126,0.021189691,0.337476020,13.538560867,-5.314737320,0.363125384
18.059906560,1788576917.936601877,1788576917.927443743,0.009854537,-0.021746339,0.356637543,0.023874990,0.357435801,13.538867950,-5.314231396,0.374514222
18.099906560,1788576917.971283436,1788576917.967443705,0.009196484,-0.023758806,0.361851187,0.025476581,0.362746933,13.539194107,-5.313754559,0.390276730
18.129906304,1788576918.002446175,1788576917.997443676,0.008020520,-0.023415315,0.361948375,0.024750873,0.362793649,13.539420128,-5.313432217,0.402307928
18.159906304,1788576918.037608862,1788576918.027443409,0.008899275,-0.025122074,0.375982098,0.026651748,0.376925528,13.539598465,-5.313147068,0.414632022
18.199906304,1788576918.069622755,1788576918.067443371,0.008360948,-0.025573448,0.411654190,0.026905515,0.412532518,13.539824486,-5.312894344,0.432088763
18.229906048,1788576918.104604006,1788576918.097443342,0.003352167,-0.017259400,0.453692354,0.017581920,0.454032902,13.540028572,-5.312753677,0.446134061
18.259906048,1788576918.136581421,1788576918.127443314,0.003209501,-0.023331047,0.508117281,0.023550767,0.508662766,13.540221214,-5.312625408,0.461728096
18.299906048,1788576918.171314955,1788576918.167443275,0.004301679,-0.010793970,0.572467566,0.011619563,0.572585477,13.540411949,-5.312714100,0.485101014
18.329905792,1788576918.204699039,1788576918.197443008,0.005182804,-0.011432457,0.607528449,0.012552391,0.607658111,13.540519714,-5.312893391,0.504078865
18.359905792,1788576918.237095594,1788576918.227442980,0.007567004,-0.005789955,0.628964287,0.009528018,0.629036451,13.540530205,-5.313326836,0.524003565
18.399905792,1788576918.271329641,1788576918.267442942,0.004626195,0.000990523,0.632495558,0.004731048,0.632513252,13.540506363,-5.314198017,0.551309526
18.429905536,1788576918.304789543,1788576918.297442913,0.002047563,0.003958898,0.625948397,0.004457060,0.625964265,13.540555000,-5.314944267,0.571609557
18.459905536,1788576918.336616278,1788576918.327442646,0.001413610,0.003585714,0.605545112,0.003854301,0.605557378,13.540596962,-5.315816402,0.591521204
18.499905536,1788576918.371276855,1788576918.367442608,-0.001045621,0.008348101,0.568796108,0.008413330,0.568858328,13.540678024,-5.317236900,0.617199302
18.529905024,1788576918.402288198,1788576918.397442341,-0.005204599,0.007563250,0.535611394,0.009180991,0.535690075,13.540762901,-5.318264008,0.635427415
18.559905024,1788576918.436708927,1788576918.427442074,-0.001353047,0.013448583,0.531258323,0.013516476,0.531430241,13.540787697,-5.319354057,0.653102160
18.599905024,1788576918.471292257,1788576918.467442274,-0.004219925,0.015322346,0.523523296,0.015892831,0.523764473,13.540740967,-5.320994854,0.676422417
18.629904768,1788576918.504764080,1788576918.497442007,-0.004114905,0.008258479,0.539466306,0.009226859,0.539545207,13.540719986,-5.322113991,0.693900585
18.659904768,1788576918.536742449,1788576918.527441978,-0.004079300,0.013060364,0.548304151,0.013682609,0.548474845,13.540618896,-5.323270798,0.711585939
18.699904768,1788576918.571365595,1788576918.567441940,-0.003389486,0.017770125,0.551725032,0.018090494,0.552021537,13.540323257,-5.324831009,0.735319316
18.729904512,1788576918.604761839,1788576918.597441673,-0.003232548,0.011564098,0.540104650,0.012007403,0.540238106,13.540104866,-5.325954437,0.752831817
18.759904512,1788576918.636694193,1788576918.627441645,-0.003061392,0.010949844,0.509226083,0.011369750,0.509352996,13.539800644,-5.327022552,0.769820988
18.799904512,1788576918.672571421,1788576918.667441607,0.000022725,0.005715324,0.498800406,0.005715370,0.498833149,13.539177895,-5.328502655,0.791434228
18.829903744,1788576918.702306747,1788576918.697441101,-0.002429997,0.010525299,0.484142206,0.010802167,0.484262700,13.538744926,-5.329587936,0.807045817
18.859903744,1788576918.736619949,1788576918.727440834,-0.000674061,0.010948320,0.485570873,0.010969051,0.485694753,13.538258553,-5.330594063,0.822361529
18.899903744,1788576918.771362543,1788576918.767440796,0.000249947,0.004070864,0.495484938,0.004078530,0.495501724,13.537376404,-5.331943989,0.842799306
18.929903488,1788576918.804818630,1788576918.797440767,0.002509523,0.014117729,0.517191279,0.014339037,0.517390014,13.536707878,-5.332935810,0.858560979
18.959903488,1788576918.836577654,1788576918.827440739,0.001857854,0.004089139,0.543433753,0.004491401,0.543452313,13.535974503,-5.333865166,0.874931633
18.999903488,1788576918.871258259,1788576918.867440701,0.004075728,0.003822684,0.582519180,0.005587886,0.582545980,13.534768105,-5.335064411,0.897869349
19.029903232,1788576918.904816628,1788576918.897440434,0.004573321,0.013786909,0.614781797,0.014525637,0.614953374,13.533895493,-5.335877419,0.915833592
19.059903232,1788576918.936580658,1788576918.927440405,0.005381302,0.000277143,0.616355564,0.005388434,0.616379117,13.532985687,-5.336676121,0.934174418
19.099903232,1788576918.971222878,1788576918.967440367,0.004681562,0.001751554,0.627845958,0.004998496,0.627865855,13.531641006,-5.337692261,0.958973229
19.129902976,1788576919.004828453,1788576918.997440338,0.007153785,0.007453320,0.632782177,0.010330954,0.632866504,13.530641556,-5.338373661,0.977818012
19.159902976,1788576919.036603689,1788576919.027440071,0.008007038,0.005997802,0.629440840,0.010004313,0.629520340,13.529624939,-5.339072227,0.996531069
19.199902976,1788576919.071284533,1788576919.067440033,0.007320084,0.006369990,0.601519479,0.009703628,0.601597742,13.528271675,-5.339832306,1.020665407
19.229902720,1788576919.104681492,1788576919.097440004,0.007443128,-0.001598615,0.572051176,0.007612866,0.572101830,13.527299881,-5.340341091,1.037928462
19.259902720,1788576919.137027979,1788576919.127439976,0.006869761,0.005703408,0.524328552,0.008928745,0.524404570,13.526351929,-5.340773106,1.054050207
19.299902720,1788576919.171378613,1788576919.167439938,0.006343582,0.001544160,0.461654713,0.006528817,0.461700877,13.525135994,-5.341225147,1.073258758
19.329901952,1788576919.203350306,1788576919.197439194,0.005515875,-0.002010885,0.391719660,0.005870991,0.391763654,13.524265289,-5.341508865,1.085742593
19.359901952,1788576919.237671614,1788576919.227439165,0.006176217,-0.003673458,0.333008475,0.007186095,0.333086002,13.523405075,-5.341743946,1.096278071
19.399901952,1788576919.271455050,1788576919.267439127,0.005080985,0.000034020,0.235044151,0.005081099,0.235099066,13.522256851,-5.342062473,1.106742978
19.429900928,1788576919.302251101,1788576919.297438145,0.004024583,-0.003721585,0.147016771,0.005481557,0.147118926,13.521475792,-5.342228889,1.111886382
19.459900928,1788576919.336755753,1788576919.327438116,0.003791161,-0.007230399,0.060958054,0.008164041,0.061502325,13.520722389,-5.342367172,1.114447594
19.499900928,1788576919.371281147,1788576919.367438078,0.003130546,-0.007509813,-0.050910830,0.008136191,0.051556864,13.519698143,-5.342628002,1.113626122
19.529899648,1788576919.403648615,1788576919.397436857,0.001343947,-0.010073910,-0.127410902,0.010163162,0.127815601,13.519003868,-5.342809677,1.110139847
19.559899648,1788576919.436920643,1788576919.427436829,0.001375340,-0.012005397,-0.193264256,0.012083920,0.193641664,13.518321991,-5.342924595,1.104151011
19.599899648,1788576919.472263098,1788576919.467436790,0.000822534,-0.009839813,-0.276897462,0.009874132,0.277073461,13.517350197,-5.342983723,1.092205763
19.629898880,1788576919.502517939,1788576919.497436047,-0.000869979,-0.006150442,-0.348238682,0.006211667,0.348294078,13.516674995,-5.342985153,1.081105709
19.659898880,1788576919.537640095,1788576919.527436018,-0.001483572,-0.017795331,-0.395788098,0.017857065,0.396190728,13.516019821,-5.342922211,1.067989349
19.699898880,1788576919.571345329,1788576919.567435980,-0.000542098,-0.016883031,-0.445529170,0.016891731,0.445849270,13.515118599,-5.342649937,1.047420144
19.729897856,1788576919.602279425,1788576919.597435236,-0.002002842,-0.009759074,-0.473113627,0.009962474,0.473218507,13.514489174,-5.342391014,1.030967355
19.759897856,1788576919.636950970,1788576919.627434969,-0.004333509,-0.016205572,-0.500710149,0.016774977,0.500991071,13.513886452,-5.342032909,1.013436079
19.799897856,1788576919.672570705,1788576919.667434931,-0.003123195,-0.019722402,-0.501401521,0.019968162,0.501798976,13.513026237,-5.341286659,0.988484204
19.829897856,1788576919.704662800,1788576919.697435141,-0.004103791,-0.019674848,-0.495868422,0.020098277,0.496275561,13.512444496,-5.340643883,0.969872653
19.859897856,1788576919.737052917,1788576919.727435112,-0.003631160,-0.020816934,-0.471315936,0.021131258,0.471789403,13.511841774,-5.339880943,0.951317847
19.899897856,1788576919.771286488,1788576919.767435074,-0.007743351,-0.020150815,-0.450771812,0.021587377,0.451288423,13.510960579,-5.338562489,0.926436663
19.929897600,1788576919.804721355,1788576919.797434807,-0.007251128,-0.021422273,-0.423882027,0.022616203,0.424484942,13.510376930,-5.337572575,0.908983409
19.959897600,1788576919.836578846,1788576919.827434778,-0.006702967,-0.019796695,-0.394213476,0.020900691,0.394767151,13.509788513,-5.336405754,0.892313600
19.999897600,1788576919.871471405,1788576919.867434740,-0.007409149,-0.017911862,-0.354546596,0.019383763,0.355076075,13.508974075,-5.334540844,0.871044397
20.029897344,1788576919.904663563,1788576919.897434711,-0.005443337,-0.025763670,-0.323889198,0.026332425,0.324957857,13.508429527,-5.333154678,0.856393576
20.059897344,1788576919.936596632,1788576919.927434444,-0.008496522,-0.023379192,-0.291391284,0.024875239,0.292451121,13.507940292,-5.331584454,0.842634082
20.099897344,1788576919.971252441,1788576919.967434406,-0.009793118,-0.028420147,-0.264451724,0.030060105,0.266154700,13.507409096,-5.329220772,0.825415373
20.129897088,1788576920.002428055,1788576919.997434378,-0.009713794,-0.035501652,-0.227580722,0.036806590,0.230537871,13.507095337,-5.327435970,0.813610971
20.159897088,1788576920.036778927,1788576920.027434349,-0.010270430,-0.034691338,-0.207089022,0.036179699,0.210225673,13.506884575,-5.325491428,0.802721798
20.199897088,1788576920.072322369,1788576920.067434311,-0.010783765,-0.032635299,-0.172763582,0.034370807,0.176149390,13.506830215,-5.322695255,0.789405346
20.229896320,1788576920.103309870,1788576920.097433567,-0.012642756,-0.031051548,-0.156547767,0.033526675,0.160097599,13.506878853,-5.320610523,0.780373812
20.259896320,1788576920.137600422,1788576920.127433538,-0.013709914,-0.032854639,-0.146006089,0.035600408,0.150283622,13.507086754,-5.318537712,0.772248328
20.299896320,1788576920.170375347,1788576920.167433500,-0.015113570,-0.035474110,-0.117519004,0.038559467,0.123683260,13.507723808,-5.315648079,0.762736440
20.329895296,1788576920.203294277,1788576920.197432518,-0.016053153,-0.028584331,-0.097111650,0.032783650,0.102496050,13.508270264,-5.313586235,0.756396174
20.359895296,1788576920.235778570,1788576920.227432489,-0.018163647,-0.031251769,-0.084662271,0.036146800,0.092055914,13.509037018,-5.311535835,0.750902593
20.399895296,1788576920.271388769,1788576920.267432451,-0.020367203,-0.026339391,-0.063143530,0.033295442,0.071384115,13.510543823,-5.308850288,0.744972169
20.429895040,1788576920.302383900,1788576920.297432423,-0.021570146,-0.032647921,-0.044294475,0.039130014,0.059102948,13.511735916,-5.306882381,0.741228223
20.459895040,1788576920.337599039,1788576920.327432156,-0.023285315,-0.030391057,-0.031369326,0.038286058,0.049496028,13.513170242,-5.304994106,0.738124073
20.499895040,1788576920.372551203,1788576920.367432117,-0.025055290,-0.028205828,-0.010821303,0.037727130,0.039248400,13.515641212,-5.302514553,0.735245407
20.529894016,1788576920.403651237,1788576920.397431374,-0.025466941,-0.026873631,0.001285923,0.037023737,0.037046062,13.517500877,-5.300710201,0.733666718
20.559894016,1788576920.435882092,1788576920.427431107,-0.027765862,-0.027164440,0.008586615,0.038843917,0.039781652,13.519573212,-5.298973083,0.732658565
20.599894016,1788576920.471404552,1788576920.467431068,-0.032591922,-0.024284102,0.013911630,0.040644200,0.042959102,13.522935867,-5.296746731,0.732244372
20.629893760,1788576920.502538919,1788576920.497431040,-0.030749897,-0.031941185,0.029489053,0.044337292,0.053248471,13.525466919,-5.295105934,0.732360780
20.659893760,1788576920.536586285,1788576920.527431011,-0.032121777,-0.019704516,0.039319762,0.037683903,0.054462099,13.528189659,-5.293555260,0.732976079
20.699893760,1788576920.571384668,1788576920.567430973,-0.037394852,-0.029548054,0.047235932,0.047659862,0.067102129,13.532443047,-5.291559696,0.734698474
20.729893504,1788576920.602452755,1788576920.597430706,-0.039113936,-0.030169398,0.038279697,0.049397293,0.062493422,13.535616875,-5.290184975,0.736179054
20.759893504,1788576920.636986256,1788576920.627430677,-0.039275875,-0.021913764,0.048450286,0.044975631,0.066107773,13.538963318,-5.288808823,0.738056660
20.799893504,1788576920.672558069,1788576920.667430639,-0.043035142,-0.024573360,0.055987946,0.049556770,0.074769804,13.543938637,-5.287181854,0.741305590
20.829892480,1788576920.703345299,1788576920.697429657,-0.041783409,-0.030337236,0.055063891,0.051635271,0.075486643,13.547601700,-5.286036491,0.743878365
20.859892480,1788576920.737601042,1788576920.727429628,-0.041806155,-0.021401749,0.055194078,0.046965833,0.072471896,13.551386833,-5.284914970,0.746539295
20.899892480,1788576920.770566225,1788576920.767429590,-0.044689412,-0.019069765,0.023149604,0.048588059,0.053821034,13.556833267,-5.283649921,0.749918818
20.929891456,1788576920.803348064,1788576920.797428846,-0.042468860,-0.023537355,0.003887118,0.048555238,0.048710583,13.560820580,-5.282812119,0.751563847
20.959891456,1788576920.835587502,1788576920.827428579,-0.043622498,-0.018126482,-0.039019158,0.047238667,0.061269783,13.564867973,-5.282035351,0.752306461
20.999891456,1788576920.871288061,1788576920.867428541,-0.045134103,-0.013522835,-0.088402917,0.047116391,0.100174997,13.570546150,-5.281255245,0.751819789
21.029891200,1788576920.902286053,1788576920.897428513,-0.044029970,-0.018039816,-0.108022878,0.047582278,0.118038195,13.574698448,-5.280722141,0.750350654
21.059891200,1788576920.936661720,1788576920.927428246,-0.043532855,-0.013890098,-0.117894099,0.045695124,0.126439958,13.578826904,-5.280270100,0.748288274
21.099891200,1788576920.971356392,1788576920.967428446,-0.041275826,-0.008233543,-0.142877969,0.042089013,0.148948310,13.584389687,-5.279847145,0.744797647
21.129890944,1788576921.002331495,1788576920.997428179,-0.040868436,-0.012777350,-0.170998327,0.042819269,0.176277955,13.588366508,-5.279668331,0.741428792
21.169890944,1788576921.039484501,1788576921.037428141,-0.039933506,-0.010314894,-0.187932955,0.041244175,0.192405503,13.593546867,-5.279457092,0.736062229
21.199890944,1788576921.071694136,1788576921.067428112,-0.039606419,-0.007727068,-0.195574899,0.040353141,0.199694559,13.597326279,-5.279407501,0.731684268
21.229889920,1788576921.102335215,1788576921.097427130,-0.035312396,-0.007260203,-0.180909968,0.036051017,0.184467050,13.600919724,-5.279416084,0.727415085
21.259889920,1788576921.136614084,1788576921.127427101,-0.032734300,-0.002211678,-0.166890285,0.032808931,0.170084664,13.604310036,-5.279453754,0.723294973
21.299889920,1788576921.171443939,1788576921.167427063,-0.032422925,-0.011400438,-0.159606834,0.034368824,0.163265298,13.608558655,-5.279526711,0.718018472
21.329889664,1788576921.202324152,1788576921.197427034,-0.030138011,-0.006232218,-0.146404094,0.030775644,0.149603807,13.611552238,-5.279601574,0.714392364
21.359889664,1788576921.236837387,1788576921.227426767,-0.025838399,-0.006450914,-0.134117107,0.026631506,0.136735641,13.614283562,-5.279679298,0.711008668
21.399889664,1788576921.271522522,1788576921.267426729,-0.021374985,-0.003204044,-0.119061607,0.021613789,0.121007529,13.617435455,-5.279900551,0.706917584
21.429889152,1788576921.304740906,1788576921.297426462,-0.020692399,0.002682368,-0.114962182,0.020865533,0.116840378,13.619627953,-5.280071259,0.704040468
21.459889152,1788576921.336582661,1788576921.327426195,-0.014697541,-0.004358591,-0.111939477,0.015330200,0.112984342,13.621497154,-5.280277252,0.701417446
21.499889152,1788576921.371339321,1788576921.367426395,-0.003580552,-0.000813783,-0.096279105,0.003671865,0.096349098,13.623254776,-5.280508518,0.698265553
21.529888384,1788576921.402390242,1788576921.397425652,0.003105303,0.004559172,-0.088901186,0.005516244,0.089072160,13.624218941,-5.280687809,0.696150780
21.569888384,1788576921.438575983,1788576921.437425613,0.009047365,0.008977302,-0.082028862,0.012745460,0.083013137,13.624849319,-5.281025887,0.693678319
21.599888384,1788576921.471205950,1788576921.467425585,0.015857517,-0.004906413,-0.084566518,0.016599209,0.086180216,13.624848366,-5.281292439,0.692059219
21.629888128,1788576921.504678965,1788576921.497425318,0.022326973,0.002021298,-0.068668426,0.022418282,0.072235255,13.624618530,-5.281511784,0.690558672
21.659888128,1788576921.536979198,1788576921.527425289,0.032267752,0.006771466,-0.061739000,0.032970602,0.069991176,13.623970032,-5.281772614,0.689303160
21.699888128,1788576921.571486473,1788576921.567425251,0.045645177,0.005200388,-0.059531151,0.045940464,0.075196305,13.622237206,-5.282137871,0.688000321
21.729887872,1788576921.602589846,1788576921.597425222,0.058862865,0.002733695,-0.056213939,0.058926309,0.081439038,13.620485306,-5.282371521,0.687122643
21.759887872,1788576921.637638807,1788576921.627424955,0.072275946,0.004176008,-0.051810682,0.072396488,0.089025829,13.618194580,-5.282525539,0.686426878
21.799887872,1788576921.673244715,1788576921.667424917,0.090545114,0.004383681,-0.042094511,0.090651169,0.099947898,13.614173889,-5.282637119,0.685799837
21.829886848,1788576921.703313351,1788576921.697424173,0.101526409,0.001064634,-0.043375258,0.101531991,0.110409049,13.610734940,-5.282638073,0.685378730
21.859886848,1788576921.735825062,1788576921.727423906,0.115190082,0.000739635,-0.038047300,0.115192457,0.121313227,13.606787682,-5.282551765,0.685076594
21.899886848,1788576921.771321297,1788576921.767424107,0.131159021,0.003309301,-0.030235633,0.131200763,0.134639644,13.600655556,-5.282354355,0.684916317
21.929886336,1788576921.802303314,1788576921.797423601,0.140895576,0.006322359,-0.029484439,0.141037355,0.144086320,13.595695496,-5.282226086,0.684830725
21.959886336,1788576921.836679935,1788576921.827423573,0.150428591,0.003172744,-0.019385382,0.150462046,0.151705703,13.590365410,-5.282030582,0.684853733
21.999886336,1788576921.871422529,1788576921.867423534,0.167199267,0.010148829,-0.015678459,0.167506995,0.168239138,13.582489014,-5.281763554,0.685243547
22.029885824,1788576921.902431250,1788576921.897423029,0.176071650,0.003862193,-0.011461475,0.176114004,0.176486566,13.576244354,-5.281542778,0.685575724
22.059885824,1788576921.937687159,1788576921.927423000,0.180938659,0.009224327,-0.019106113,0.181173637,0.182178292,13.569686890,-5.281310081,0.686026931
22.099885824,1788576921.970477819,1788576921.967422962,0.192141420,0.000477261,-0.018397738,0.192142012,0.193020801,13.560314178,-5.280862808,0.686946332
22.129884800,1788576922.003386021,1788576921.997421980,0.198737843,-0.000154423,-0.015309678,0.198737903,0.199326718,13.553069115,-5.280460358,0.687601864
22.159884800,1788576922.035672426,1788576922.027421951,0.205624699,-0.001250254,-0.003203023,0.205628500,0.205653445,13.545582771,-5.279946804,0.688351452
22.199884800,1788576922.071643353,1788576922.067421913,0.214894903,-0.005254298,-0.009908007,0.214959129,0.215187350,13.535090446,-5.279160500,0.689626038
22.229884288,1788576922.102276087,1788576922.097421646,0.222955859,-0.010347317,-0.008730227,0.223195838,0.223366513,13.527030945,-5.278492928,0.690543652
22.259884288,1788576922.136855602,1788576922.127421379,0.230792667,-0.005110764,-0.001020311,0.230849248,0.230851503,13.518766403,-5.277773380,0.691493571
22.299884288,1788576922.171454430,1788576922.167421341,0.236476570,-0.011925098,-0.009735735,0.236777060,0.236977131,13.507356644,-5.276758194,0.692954183
22.329883776,1788576922.202413559,1788576922.197421074,0.244303864,-0.012401817,-0.008446021,0.244618444,0.244764210,13.498635292,-5.275930405,0.694018245
22.359883776,1788576922.237622499,1788576922.227421045,0.249755565,-0.016824374,-0.007474214,0.250321597,0.250433157,13.489772797,-5.275012970,0.695113659
22.399883776,1788576922.271928072,1788576922.267421007,0.258574140,-0.012544674,-0.005426491,0.258878262,0.258935130,13.477684975,-5.273849010,0.696642876
22.429883264,1788576922.303352594,1788576922.297420502,0.263158655,-0.014638484,-0.005024973,0.263565482,0.263613379,13.468494415,-5.272945881,0.697659969
22.459883264,1788576922.335876703,1788576922.327420473,0.269673370,-0.014108078,-0.016607511,0.270042153,0.270552349,13.459184647,-5.272002697,0.698618352
22.499883264,1788576922.371625900,1788576922.367420435,0.279510750,-0.010017915,-0.004779528,0.279690218,0.279731053,13.446554184,-5.270787239,0.699866533
22.529881984,1788576922.404716492,1788576922.397419214,0.285207780,-0.010222504,-0.008360946,0.285390920,0.285513367,13.436931610,-5.269867420,0.700712740
22.559881984,1788576922.436661243,1788576922.427419186,0.295595473,-0.010130910,-0.007810733,0.295769030,0.295872145,13.427109718,-5.268974304,0.701559424
22.599881984,1788576922.471463203,1788576922.467419147,0.312031056,-0.007444242,0.002748286,0.312119844,0.312131943,13.413618088,-5.267789364,0.702716708
22.629881472,1788576922.502475500,1788576922.497418642,0.322625845,-0.006147979,0.002913715,0.322684417,0.322697572,13.403162003,-5.266911030,0.703557670
22.659881472,1788576922.537654638,1788576922.527418613,0.333356876,-0.004125138,0.001591664,0.333382398,0.333386198,13.392424583,-5.265990257,0.704360306
22.699881472,1788576922.570530653,1788576922.567418575,0.347765078,-0.001680002,-0.002488638,0.347769136,0.347778040,13.377649307,-5.264735699,0.705244541
22.729880448,1788576922.603464127,1788576922.597417831,0.362324866,-0.013672429,-0.000690500,0.362582741,0.362583398,13.366189003,-5.263735771,0.705905139
22.759880448,1788576922.635707140,1788576922.627417564,0.372549784,-0.002135498,0.005355645,0.372555904,0.372594397,13.354432106,-5.262709141,0.706486225
22.799880448,1788576922.672460794,1788576922.667417526,0.384147664,-0.002069751,-0.000531303,0.384153240,0.384153607,13.338397980,-5.261412621,0.707052827
22.829880192,1788576922.704689264,1788576922.697417498,0.393015628,-0.008882457,-0.006263927,0.393115990,0.393165892,13.326113701,-5.260386944,0.707369387
22.859880192,1788576922.736701727,1788576922.727417231,0.400138234,-0.004655432,-0.005501020,0.400165315,0.400203124,13.313631058,-5.259346962,0.707598269
22.899880192,1788576922.771261454,1788576922.767417431,0.408533426,-0.004483078,-0.002608235,0.408558023,0.408566348,13.296790123,-5.257960320,0.707728744
22.929879680,1788576922.802240849,1788576922.797416925,0.412461527,0.003078123,-0.007147860,0.412473012,0.412534941,13.284036636,-5.256965637,0.707731128
22.959879680,1788576922.836597443,1788576922.827416897,0.418558566,-0.005737171,-0.000810046,0.418597884,0.418598668,13.271186829,-5.255957603,0.707656264
22.999879680,1788576922.871395826,1788576922.867416859,0.425111618,-0.000812069,-0.012774585,0.425112393,0.425304288,13.253890038,-5.254637718,0.707486510
23.029879168,1788576922.902276516,1788576922.897416353,0.429285329,-0.001957652,-0.009516382,0.429289793,0.429395258,13.240759850,-5.253672600,0.707327962
23.059879168,1788576922.937601805,1788576922.927416325,0.434615666,0.001891766,-0.008988911,0.434619783,0.434712728,13.227565765,-5.252715588,0.707113743
23.099879168,1788576922.969999313,1788576922.967416286,0.439398786,-0.003308671,-0.012421984,0.439411243,0.439586790,13.209896088,-5.251471043,0.706789017
23.129878144,1788576923.002318621,1788576922.997415543,0.444614119,0.008109045,-0.006908534,0.444688060,0.444741721,13.196516037,-5.250536919,0.706533194
23.159878144,1788576923.036688566,1788576923.027415276,0.446263286,-0.001345294,-0.012903266,0.446265314,0.446451817,13.183051109,-5.249530315,0.706316888
23.199878144,1788576923.071288347,1788576923.067415237,0.445303556,0.002303542,-0.012438367,0.445309514,0.445483195,13.165133476,-5.248229980,0.706153691
23.229877632,1788576923.102404356,1788576923.097414970,0.441440003,0.011095475,-0.018245371,0.441579422,0.441956197,13.151786804,-5.247303486,0.705935597
23.259877632,1788576923.136634111,1788576923.127414703,0.440442327,0.007646133,-0.012246113,0.440508691,0.440678879,13.138504982,-5.246341705,0.705790877
23.299877632,1788576923.171279669,1788576923.167414665,0.438363199,0.007170298,-0.011292194,0.438421837,0.438567237,13.120875359,-5.245093822,0.705609441
23.329876608,1788576923.202275753,1788576923.197413921,0.435607288,0.009832209,-0.015015969,0.435718237,0.435976905,13.107744217,-5.244198799,0.705456078
23.359876608,1788576923.236709356,1788576923.227413654,0.433075349,0.012137881,-0.018892492,0.433245411,0.433657137,13.094709396,-5.243371010,0.705244422
23.399876608,1788576923.271340609,1788576923.267413855,0.430153838,0.013949754,-0.023754771,0.430379971,0.431035044,13.077439308,-5.242370605,0.704989612
23.429876352,1788576923.302283764,1788576923.297413588,0.430292707,0.004597217,-0.012830156,0.430317265,0.430508491,13.064529419,-5.241609573,0.704817891
23.459876352,1788576923.336575747,1788576923.327413559,0.427723073,0.014438807,-0.013594547,0.427966711,0.428182575,13.051687241,-5.240876198,0.704689920
23.499876352,1788576923.371296406,1788576923.367413521,0.425058906,0.013301722,-0.008649986,0.425266986,0.425354948,13.034706116,-5.240063190,0.704587758
23.529876864,1788576923.404666901,1788576923.397414207,0.421782297,0.014241135,-0.010829660,0.422022648,0.422161577,13.022050858,-5.239453316,0.704508722
23.559876864,1788576923.436532974,1788576923.427413940,0.421510467,0.014008964,-0.011025010,0.421743198,0.421887278,13.009440422,-5.238876343,0.704427838
23.599876864,1788576923.471372843,1788576923.467413902,0.419889892,0.013163685,-0.000818087,0.420096184,0.420096981,12.992689133,-5.238269329,0.704306781
23.629876352,1788576923.502221346,1788576923.497413635,0.419210149,0.019426971,-0.005869529,0.419660048,0.419701093,12.980169296,-5.237825394,0.704231858
23.669876352,1788576923.539499044,1788576923.537413597,0.417647575,0.016908377,-0.005349389,0.417989701,0.418023930,12.963518143,-5.237328529,0.703991592
23.699876352,1788576923.571355343,1788576923.567413568,0.420772278,0.018532563,0.008528746,0.421180206,0.421266549,12.951012611,-5.237036705,0.703815639
23.729875840,1788576923.602330446,1788576923.597413063,0.418645914,0.023209598,-0.000564325,0.419288787,0.419289166,12.938508987,-5.236699104,0.703692257
23.759875840,1788576923.636934996,1788576923.627413034,0.417923132,0.014561851,0.002217908,0.418176747,0.418182629,12.926038742,-5.236387730,0.703565300
23.799875840,1788576923.673504353,1788576923.667412996,0.416731364,0.021922254,0.001991995,0.417307579,0.417312333,12.909521103,-5.236163616,0.703216791
23.829874816,1788576923.703361273,1788576923.697412014,0.416985277,0.023310157,0.009453718,0.417636307,0.417743291,12.897135735,-5.235960007,0.703008890
23.859874816,1788576923.735845566,1788576923.727411985,0.416701621,0.016670169,0.006960549,0.417034933,0.417093017,12.884740829,-5.235788345,0.702832639
23.899874816,1788576923.771310329,1788576923.767411947,0.416940563,0.020015347,0.006365354,0.417420708,0.417469238,12.868247986,-5.235719204,0.702525914
23.929874304,1788576923.802283287,1788576923.797411680,0.416106891,0.028925207,0.008715554,0.417111031,0.417202077,12.855889320,-5.235672474,0.702311695
23.959874304,1788576923.836632729,1788576923.827411413,0.415397793,0.022954421,0.007374031,0.416031528,0.416096874,12.843548775,-5.235684872,0.702127516
23.999874304,1788576923.871215820,1788576923.867411375,0.416100432,0.023812559,0.003495063,0.416781247,0.416795901,12.827120781,-5.235796452,0.701888919
24.029873792,1788576923.903690338,1788576923.897411108,0.419649411,0.025934769,0.013843431,0.420450046,0.420677883,12.814721107,-5.235852242,0.701773345
24.059873792,1788576923.937483311,1788576923.927410841,0.423406244,0.024547252,0.016229617,0.424117219,0.424427633,12.802242279,-5.235941887,0.701704025
24.099873792,1788576923.972423315,1788576923.967411041,0.429814155,0.027568956,0.017851088,0.430697406,0.431067183,12.785432816,-5.236049175,0.701583147
24.129872768,1788576924.003285646,1788576923.997410059,0.432013652,0.023687317,0.013278889,0.432662553,0.432866277,12.772692680,-5.236074448,0.701480329
24.159872768,1788576924.037505627,1788576924.027410030,0.436073452,0.025063522,0.015696728,0.436793127,0.437075077,12.759803772,-5.236039162,0.701466203
24.199872768,1788576924.070788860,1788576924.067409992,0.442363257,0.031264740,0.015464283,0.443466724,0.443736272,12.742364883,-5.235821247,0.701485872
24.229871744,1788576924.103262901,1788576924.097409010,0.447375435,0.020436089,0.022534986,0.447841952,0.448408563,12.729136467,-5.235572815,0.701557636
24.259871744,1788576924.135810375,1788576924.127408981,0.450409914,0.023118532,0.021097064,0.451002835,0.451496005,12.715722084,-5.235312462,0.701644897
24.299871744,1788576924.171289682,1788576924.167408943,0.456625101,0.023886402,0.021108624,0.457249432,0.457736406,12.697516441,-5.234666348,0.701725662
24.329871232,1788576924.202248335,1788576924.197408438,0.459468521,0.024155993,0.017409174,0.460103069,0.460432312,12.683739662,-5.234107971,0.701801896
24.359871232,1788576924.236793280,1788576924.227408409,0.464822409,0.023170060,0.021827709,0.465399531,0.465911121,12.669773102,-5.233461857,0.701965272
24.399871232,1788576924.272306442,1788576924.267408371,0.472383273,0.023782566,0.017909541,0.472981572,0.473320524,12.650742531,-5.232378006,0.702164471
24.429870208,1788576924.302426815,1788576924.297407389,0.480605857,0.019589993,0.031477636,0.481004945,0.482033815,12.636254311,-5.231550694,0.702372551
24.459870208,1788576924.337508917,1788576924.327407360,0.486024145,0.019521957,0.026068151,0.486416053,0.487114078,12.621517181,-5.230581284,0.702606261
24.499870208,1788576924.370539427,1788576924.367407322,0.496087157,0.019353341,0.029011061,0.496464519,0.497311432,12.601404190,-5.229011536,0.702890456
24.529869184,1788576924.403580427,1788576924.397406578,0.501605328,0.024053242,0.027533743,0.502181704,0.502935951,12.586108208,-5.227808475,0.703097522
24.559869184,1788576924.435650349,1788576924.427406311,0.508987812,0.015738573,0.031309216,0.509231083,0.510192672,12.570553780,-5.226446629,0.703315258
24.599869184,1788576924.471256256,1788576924.467406273,0.516945219,0.014616367,0.020328500,0.517151813,0.517551201,12.549387932,-5.224412441,0.703464627
24.629868672,1788576924.503267288,1788576924.497406006,0.521872254,0.024862673,0.033538342,0.522464163,0.523539514,12.533365250,-5.222861767,0.703613520
24.659868672,1788576924.537513971,1788576924.527405739,0.525963502,0.013870578,0.020656311,0.526146366,0.526551689,12.517175674,-5.221252441,0.703668535
24.699868672,1788576924.572521687,1788576924.567405939,0.533663246,0.016618646,0.030633426,0.533921941,0.534800006,12.495288849,-5.218820572,0.703513682
24.729867648,1788576924.602650642,1788576924.597404957,0.534961586,0.019964097,0.022567586,0.535333974,0.535809443,12.478750229,-5.216949940,0.703429341
24.759867648,1788576924.637610912,1788576924.627404690,0.540300660,0.013784957,0.025243956,0.540476482,0.541065694,12.462038994,-5.215018272,0.703272521
24.799867648,1788576924.672697544,1788576924.667404890,0.545410528,0.017785310,0.027211668,0.545700432,0.546378474,12.439496040,-5.212303162,0.702716172
24.829866624,1788576924.702384710,1788576924.697403908,0.549196133,0.017645793,0.025565772,0.549479542,0.550073973,12.422487259,-5.210251331,0.702370763
24.859866624,1788576924.736625910,1788576924.727403879,0.552900672,0.016359737,0.020189411,0.553142652,0.553510981,12.405339241,-5.208107948,0.701948941
24.899866624,1788576924.771271467,1788576924.767403841,0.557842124,0.021048405,0.022257524,0.558239081,0.558682619,12.382229805,-5.205080032,0.701004684
24.929866112,1788576924.802339315,1788576924.797403336,0.561369922,0.015427980,0.020545805,0.561581884,0.561957598,12.364803314,-5.202784061,0.700337946
24.959866112,1788576924.836893797,1788576924.827403307,0.565479121,0.018076869,0.017257170,0.565767982,0.566031112,12.347250938,-5.200467110,0.699589968
24.999866112,1788576924.871206999,1788576924.867403269,0.571002273,0.019687130,0.027875904,0.571341560,0.572021192,12.323666573,-5.197194576,0.698426485
25.029865600,1788576924.902608395,1788576924.897402763,0.571993670,0.015973279,0.019768537,0.572216658,0.572558031,12.305924416,-5.194766998,0.697620928
25.059865600,1788576924.937482834,1788576924.927402735,0.575496961,0.016493565,0.014024132,0.575733262,0.575904042,12.288137436,-5.192253590,0.696783185
25.099865600,1788576924.970306635,1788576924.967402697,0.579290533,0.015286884,0.024162327,0.579492201,0.579995714,12.264359474,-5.188798428,0.695582151
25.129864576,1788576925.003236055,1788576924.997401953,0.581376444,0.002567712,0.012295296,0.581382114,0.581512112,12.246477127,-5.186274052,0.694701314
25.159864576,1788576925.035756826,1788576925.027401686,0.584883744,0.011779150,0.025108827,0.585002344,0.585540943,12.228600502,-5.183656216,0.693865657
25.199864576,1788576925.071194887,1788576925.067401648,0.587165964,0.003043317,0.021537420,0.587173851,0.587568712,12.204772949,-5.180150986,0.692706287
25.229864064,1788576925.102279663,1788576925.097401381,0.590647168,-0.003877303,0.028278204,0.590659894,0.591336425,12.186842918,-5.177631855,0.692024112
25.259864064,1788576925.136873960,1788576925.127401114,0.591270754,-0.005110370,0.017220594,0.591292838,0.591543548,12.168943405,-5.175044537,0.691298962
25.299864064,1788576925.171252966,1788576925.167401314,0.594589149,-0.012335397,0.024788059,0.594717091,0.595233455,12.145126343,-5.171508312,0.690456569
25.329863552,1788576925.202389479,1788576925.197400808,0.597132756,-0.023422680,0.025949755,0.597591959,0.598155113,12.127206802,-5.168950081,0.689820409
25.369863552,1788576925.238729000,1788576925.237400770,0.600593984,-0.027930974,0.025431117,0.601243107,0.601780703,12.103361130,-5.165615082,0.689225376
25.399863552,1788576925.271454573,1788576925.267400742,0.601015803,-0.036103870,0.033952526,0.602099232,0.603055768,12.085511208,-5.163147449,0.688793182
25.429863040,1788576925.302190304,1788576925.297400236,0.601236691,-0.041801187,0.028299863,0.602688060,0.603352119,12.067621231,-5.160856724,0.688414514
25.459863040,1788576925.336627960,1788576925.327400208,0.603943391,-0.045051792,0.031018411,0.605621403,0.606415225,12.049760818,-5.158620834,0.688106477
25.499863040,1788576925.371221304,1788576925.367400169,0.604615505,-0.048032789,0.030202668,0.606520451,0.607271981,12.026103973,-5.155910492,0.687771976
25.529863296,1788576925.404597759,1788576925.397400618,0.605578971,-0.059952952,0.040962129,0.608539437,0.609916504,12.008302689,-5.154035568,0.687586963
25.559863296,1788576925.436661959,1788576925.427400351,0.606978407,-0.060899747,0.044683986,0.610025872,0.611660219,11.990530968,-5.152310848,0.687509775
25.599863296,1788576925.471267223,1788576925.467400551,0.608842686,-0.062417533,0.050445507,0.612033794,0.614109204,11.966988564,-5.150444031,0.687394142
25.629862784,1788576925.502456665,1788576925.497400045,0.608074658,-0.075135974,0.039327981,0.612699114,0.613960011,11.949277878,-5.149178982,0.687379360
25.659862784,1788576925.537514925,1788576925.527400017,0.607622331,-0.078326025,0.040670896,0.612649870,0.613998359,11.931603432,-5.148147583,0.687347054
25.699862784,1788576925.570445299,1788576925.567399979,0.608224330,-0.077342600,0.035557284,0.613122103,0.614152288,11.908166885,-5.147276878,0.687319577
25.729861504,1788576925.603348494,1788576925.597398758,0.608681440,-0.084655061,0.042460806,0.614540133,0.616005272,11.890541077,-5.146788120,0.687367678
25.759861504,1788576925.635646105,1788576925.627398729,0.610217934,-0.086349380,0.043643579,0.616297122,0.617840517,11.872941971,-5.146552086,0.687470019
25.799861504,1788576925.672558784,1788576925.667398691,0.610403024,-0.090810074,0.049650115,0.617120994,0.619115058,11.849632263,-5.146840096,0.687532663
25.829861248,1788576925.704583168,1788576925.697398424,0.609979787,-0.092059207,0.040797274,0.616887541,0.618235114,11.832099915,-5.147251606,0.687721610
25.859861248,1788576925.736791611,1788576925.727398396,0.611611777,-0.097567202,0.040882251,0.619345078,0.620692906,11.814618111,-5.147903442,0.687826097
25.899861248,1788576925.771527767,1788576925.767398357,0.611039162,-0.104239934,0.041047020,0.619866777,0.621224339,11.791532516,-5.149384499,0.687926233
25.929860736,1788576925.803245068,1788576925.797398090,0.611212175,-0.101089031,0.047634765,0.619515387,0.621344016,11.774140358,-5.150628090,0.688032866
25.959860736,1788576925.837592363,1788576925.827397823,0.610341324,-0.113232025,0.048971866,0.620756009,0.622684725,11.756744385,-5.152074337,0.688192308
25.999860736,1788576925.869364977,1788576925.867397785,0.610452436,-0.107490904,0.046366223,0.619843909,0.621575658,11.733694077,-5.154573917,0.688298881
26.029859712,1788576925.902294874,1788576925.897397041,0.610206191,-0.109588670,0.045202867,0.619968767,0.621614488,11.716349602,-5.156589985,0.688467383
26.059859712,1788576925.936588526,1788576925.927396774,0.609786047,-0.123079637,0.038193896,0.622083290,0.623254678,11.699009895,-5.158823490,0.688587606
26.099859712,1788576925.971335173,1788576925.967396975,0.609723158,-0.121919489,0.032677986,0.621793125,0.622651220,11.675980568,-5.162369728,0.688788176
26.129859200,1788576926.002371788,1788576925.997396469,0.611437490,-0.119335503,0.053754413,0.622974130,0.625288976,11.658613205,-5.165150166,0.688950360
26.159859200,1788576926.036675215,1788576926.027396441,0.610739342,-0.125805382,0.037722541,0.623561976,0.624701951,11.641263962,-5.168195248,0.689115286
26.199859200,1788576926.071403503,1788576926.067396402,0.611576545,-0.126059003,0.042961824,0.624433137,0.625909307,11.618245125,-5.172764301,0.689275742
26.229858688,1788576926.102467537,1788576926.097395897,0.610256965,-0.128296091,0.038595483,0.623597186,0.624790414,11.600924492,-5.176326752,0.689458311
26.259858688,1788576926.136585712,1788576926.127395868,0.607975477,-0.131026828,0.032963271,0.621934249,0.622807183,11.583663940,-5.180129528,0.689637005
26.299858688,1788576926.171442509,1788576926.167395830,0.605696816,-0.131134622,0.030272360,0.619729717,0.620468644,11.560756683,-5.185672283,0.689914048
26.329857664,1788576926.202252626,1788576926.197394848,0.605242334,-0.133657492,0.040986048,0.619824659,0.621178287,11.543590546,-5.189920425,0.690131247
26.359857664,1788576926.236616135,1788576926.227394819,0.603488359,-0.132325092,0.034058948,0.617825323,0.618763397,11.526487350,-5.194488049,0.690449893
26.399857664,1788576926.271361828,1788576926.267394781,0.600741346,-0.123474949,0.029764758,0.613299461,0.614021310,11.503757477,-5.200967789,0.690905631
26.429857152,1788576926.302284479,1788576926.297394514,0.595955667,-0.137867812,0.038556348,0.611694932,0.612908870,11.486767769,-5.205906868,0.691321909
26.459857152,1788576926.336641073,1788576926.327394247,0.594016108,-0.120902640,0.040556165,0.606195171,0.607550317,11.469890594,-5.211093426,0.691780984
26.499857152,1788576926.371338606,1788576926.367394209,0.587757029,-0.120914605,0.033921712,0.600065553,0.601023585,11.447545052,-5.218358517,0.692371070
26.529857408,1788576926.404482841,1788576926.397394657,0.585697200,-0.119763470,0.028170451,0.597816443,0.598479802,11.430878639,-5.223845482,0.692886114
26.559857408,1788576926.436491489,1788576926.427394629,0.580893738,-0.124472721,0.022260582,0.594079955,0.594496869,11.414345741,-5.229488850,0.693439305
26.599857408,1788576926.471420050,1788576926.467394590,0.575985992,-0.114331351,0.021104233,0.587223569,0.587602679,11.392587662,-5.237349987,0.694372952
26.629856896,1788576926.502255440,1788576926.497394085,0.569336266,-0.105432321,0.028713973,0.579016198,0.579727738,11.376436234,-5.243246555,0.695092797
26.659856896,1788576926.536621571,1788576926.527394056,0.565174702,-0.102389235,0.033181492,0.574374442,0.575332088,11.360493660,-5.249245644,0.695958972
26.699856896,1788576926.571203947,1788576926.567394018,0.557162526,-0.100357984,0.028607683,0.566128788,0.566851131,11.339533806,-5.257446289,0.697428942
26.729856384,1788576926.602264166,1788576926.597393751,0.550481346,-0.088216340,0.023129324,0.557505009,0.557984588,11.324028015,-5.263572693,0.698512018
26.759856384,1788576926.636998653,1788576926.627393484,0.546645822,-0.085619290,0.030477948,0.553310326,0.554149098,11.308669090,-5.269732952,0.699714899
26.799856384,1788576926.672732353,1788576926.667393446,0.536728223,-0.082058921,0.020806309,0.542964872,0.543363372,11.288477898,-5.278132439,0.701602817
26.829855360,1788576926.703405619,1788576926.697392702,0.531321068,-0.074016344,0.024663691,0.536451766,0.537018430,11.273533821,-5.284344673,0.703005314
26.859855360,1788576926.737447262,1788576926.727392435,0.526975492,-0.069737022,0.030420298,0.531569771,0.532439496,11.258733749,-5.290583134,0.704576910
26.899855360,1788576926.771241426,1788576926.767392397,0.518033453,-0.065404838,0.021777488,0.522146006,0.522599953,11.239214897,-5.299025059,0.706904650
26.929854848,1788576926.802294493,1788576926.797392130,0.512069382,-0.066328559,0.031386623,0.516347296,0.517300348,11.224776268,-5.305257320,0.708639085
26.959854848,1788576926.836632490,1788576926.827392101,0.504385009,-0.055815391,0.020268331,0.507463886,0.507868488,11.210530281,-5.311470509,0.710398674
26.999854848,1788576926.871315718,1788576926.867392063,0.495757630,-0.053113821,0.025098899,0.498594731,0.499226062,11.191757202,-5.319668293,0.712911785
27.029854336,1788576926.902214289,1788576926.897391558,0.487861587,-0.050273619,0.013834726,0.490445068,0.490640158,11.177906990,-5.325723171,0.714746237
27.059854336,1788576926.936588287,1788576926.927391529,0.482062812,-0.053707432,0.016002447,0.485045403,0.485309305,11.164147377,-5.331662655,0.716612041
27.099854336,1788576926.971160412,1788576926.967391491,0.474076917,-0.047079817,0.016382621,0.476408892,0.476690489,11.145859718,-5.339435577,0.719350755
27.129853824,1788576927.002377033,1788576926.997390985,0.467396285,-0.040376966,0.014113112,0.469137066,0.469349301,11.132354736,-5.345114708,0.721287012
27.159853824,1788576927.037600517,1788576927.027390957,0.462875246,-0.043529811,0.019205112,0.464917560,0.465314060,11.118904114,-5.350708008,0.723212898
27.199853824,1788576927.071259737,1788576927.067390919,0.455996520,-0.039835604,0.012421710,0.457733221,0.457901737,11.100940704,-5.358004570,0.725852609
27.229852800,1788576927.102397680,1788576927.097390175,0.451687346,-0.032050446,0.014586814,0.452823023,0.453057905,11.087630272,-5.363405228,0.727665365
27.259852800,1788576927.136584997,1788576927.127389908,0.449243290,-0.033928949,0.013339024,0.450522704,0.450720131,11.074302673,-5.368725300,0.729443789
27.299852800,1788576927.171203375,1788576927.167389870,0.452574168,-0.033882550,0.017326144,0.453840726,0.454171333,11.056221962,-5.375666142,0.731817663
27.329852288,1788576927.202255726,1788576927.197389603,0.455416858,-0.032164980,0.016990585,0.456551312,0.456867355,11.042613029,-5.380904198,0.733503103
27.359852288,1788576927.237038136,1788576927.227389336,0.460288734,-0.030852357,0.013472060,0.461321565,0.461518237,11.028805733,-5.386068344,0.735099852
27.399852288,1788576927.271281004,1788576927.267389536,0.464977611,-0.033148721,0.012792725,0.466157717,0.466333218,11.009984016,-5.392878532,0.737195909
27.429851776,1788576927.303272963,1788576927.297389030,0.472341793,-0.024806504,0.018634822,0.472992740,0.473359682,10.995796204,-5.398079872,0.738624930
27.459851776,1788576927.337461472,1788576927.327389002,0.476689471,-0.022235653,0.015752337,0.477207791,0.477467708,10.981410027,-5.403324604,0.740007162
27.499851776,1788576927.369447470,1788576927.367388964,0.487528984,-0.019723970,0.019911644,0.487927808,0.488333922,10.961752892,-5.410332680,0.741682231
27.529850496,1788576927.402220726,1788576927.397387743,0.496090977,-0.021080912,0.022715296,0.496538682,0.497057992,10.946796417,-5.415721416,0.742878020
27.559850496,1788576927.437597513,1788576927.427387714,0.506128460,-0.020609610,0.021479712,0.506547899,0.507003108,10.931545258,-5.421222687,0.743950784
27.599850496,1788576927.469475031,1788576927.467387676,0.521789738,-0.018656707,0.028682038,0.522123169,0.522910377,10.910611153,-5.428782463,0.745169103
27.629849984,1788576927.504552364,1788576927.497387171,0.531525260,-0.016862828,0.012263359,0.531792682,0.531934062,10.894629478,-5.434607506,0.745941579
27.659849984,1788576927.536523104,1788576927.527387142,0.539649076,-0.010616584,0.015209604,0.539753497,0.539967748,10.878416061,-5.440632820,0.746610224
27.699849984,1788576927.571251631,1788576927.567387104,0.549336247,-0.017094042,0.003999584,0.549602146,0.549616699,10.856386185,-5.448869705,0.747301042
27.729849472,1788576927.603300095,1788576927.597386837,0.555540109,-0.015279054,0.007879182,0.555750180,0.555806031,10.839709282,-5.455114365,0.747649848
27.769849472,1788576927.638804674,1788576927.637386799,0.565328849,-0.016231644,0.000330553,0.565561822,0.565561918,10.817148209,-5.463577747,0.747912109
27.799849472,1788576927.672482491,1788576927.667386532,0.571354487,-0.017761854,0.009625447,0.571630504,0.571711538,10.800033569,-5.470145702,0.747946382
27.829848448,1788576927.702299118,1788576927.697385788,0.576968468,-0.013697631,-0.001021868,0.577131041,0.577131945,10.782814980,-5.476730347,0.747881770
27.859848448,1788576927.736493826,1788576927.727385521,0.582985058,-0.023707449,-0.002581638,0.583466898,0.583472610,10.765446663,-5.483427048,0.747677624
27.899848448,1788576927.771241426,1788576927.767385483,0.589618951,-0.020126412,-0.009636579,0.589962355,0.590041053,10.742070198,-5.492634296,0.747205555
27.929847936,1788576927.802299976,1788576927.797385216,0.594367659,-0.017013958,-0.003835077,0.594611124,0.594623492,10.724412918,-5.499502659,0.746734381
27.959847936,1788576927.836649895,1788576927.827385187,0.600568780,-0.012984040,-0.006340306,0.600709118,0.600742577,10.706652641,-5.506479740,0.746123850
27.999847936,1788576927.871211767,1788576927.867385149,0.606046671,-0.014983024,-0.011648734,0.606231852,0.606343757,10.682764053,-5.515935898,0.744898021
28.029847424,1788576927.902325392,1788576927.897384644,0.611546590,-0.003200643,-0.009737228,0.611554965,0.611632479,10.664765358,-5.523061752,0.743954837
28.069847424,1788576927.938629866,1788576927.937384605,0.609162071,-0.000044641,-0.020567074,0.609162073,0.609509176,10.640681267,-5.532634735,0.742407918
28.099847424,1788576927.971291542,1788576927.967384577,0.611557907,0.000555886,-0.018013445,0.611558160,0.611823395,10.622569084,-5.539815903,0.741081417
28.129846912,1788576928.002271891,1788576927.997384310,0.604061143,0.006890414,-0.024969604,0.604100441,0.604616261,10.604572296,-5.546911240,0.739793837
28.159846912,1788576928.037590027,1788576928.027384043,0.597195387,0.011462667,-0.025568604,0.597305385,0.597852387,10.586787224,-5.553911209,0.738492370
28.199846912,1788576928.070013046,1788576928.067384005,0.584557536,0.006524221,-0.030615750,0.584593943,0.585395082,10.563372612,-5.562923908,0.736451209
28.229846400,1788576928.104565144,1788576928.097383738,0.576683627,0.023791106,-0.027753428,0.577174170,0.577841046,10.546154022,-5.569517136,0.734984279
28.259846400,1788576928.137011051,1788576928.127383471,0.567059960,0.016155429,-0.028352853,0.567290046,0.567998134,10.529247284,-5.575966835,0.733472705
28.299846400,1788576928.171186447,1788576928.167383671,0.551295512,0.024408842,-0.034921233,0.551835604,0.552939441,10.507259369,-5.584315300,0.731235385
28.329845888,1788576928.202417612,1788576928.197383165,0.541952610,0.033378390,-0.022006657,0.542979510,0.543425286,10.491152763,-5.590380192,0.729647875
28.359845888,1788576928.237503529,1788576928.227383137,0.533695848,0.039446885,-0.017185126,0.535151674,0.535427533,10.475388527,-5.596359253,0.728128612
28.399845888,1788576928.271429777,1788576928.267383099,0.524798475,0.047909619,-0.006628663,0.526980807,0.527022495,10.454880714,-5.604142189,0.726062596
28.429844608,1788576928.302257299,1788576928.297381878,0.516474573,0.047077322,-0.012030417,0.518615714,0.518755231,10.439743996,-5.609805107,0.724719644
28.459844608,1788576928.336485863,1788576928.327381849,0.509769147,0.050368278,-0.006365278,0.512251449,0.512290995,10.424889565,-5.615352631,0.723435402
28.499844608,1788576928.371160030,1788576928.367381811,0.502452074,0.061511117,0.003036115,0.506203225,0.506212329,10.405643463,-5.622604370,0.721796691
28.529844352,1788576928.404748440,1788576928.397381544,0.495051698,0.064004447,0.010532030,0.499172068,0.499283163,10.391384125,-5.627845287,0.720690668
28.559844352,1788576928.436597586,1788576928.427381516,0.488858204,0.063763146,0.003155568,0.492999069,0.493009168,10.377406120,-5.632940292,0.719751239
28.599844352,1788576928.471166134,1788576928.467381477,0.481409962,0.072392578,0.009003373,0.486822593,0.486905840,10.359356880,-5.639534950,0.718676865
28.629844864,1788576928.502357960,1788576928.497382164,0.475185759,0.075683597,0.013045262,0.481175137,0.481351941,10.345957756,-5.644334316,0.718012810
28.669844864,1788576928.539476395,1788576928.537382126,0.468042689,0.082558651,0.018928800,0.475268229,0.475645024,10.328497887,-5.650468349,0.717299581
28.699844864,1788576928.571233034,1788576928.567382097,0.462807945,0.085440260,0.024647091,0.470628550,0.471273499,10.315670013,-5.654781342,0.716935873
28.729843840,1788576928.602216482,1788576928.597381115,0.456103468,0.074051243,0.015504471,0.462075708,0.462335753,10.302980423,-5.659011364,0.716594636
28.759843840,1788576928.636598349,1788576928.627381086,0.449762198,0.085606136,0.029211877,0.457836702,0.458767674,10.290502548,-5.662965298,0.716432750
28.799843840,1788576928.672467470,1788576928.667381048,0.442935932,0.084569473,0.025947308,0.450937064,0.451682962,10.274291039,-5.667941570,0.716419876
28.829843328,1788576928.704734802,1788576928.697380543,0.438447216,0.072413019,0.025943301,0.444386776,0.445143417,10.262262344,-5.671562195,0.716566980
28.859843328,1788576928.736852169,1788576928.727380514,0.435651489,0.077689207,0.036067130,0.442524387,0.443991746,10.250426292,-5.674901962,0.716809809
28.899843328,1788576928.771260500,1788576928.767380476,0.430763503,0.073528185,0.037110886,0.436993809,0.438566765,10.235066414,-5.679023266,0.717206955
28.929842816,1788576928.803206444,1788576928.797380209,0.425659985,0.062159745,0.024454874,0.430174682,0.430869235,10.223603249,-5.681963921,0.717636466
28.959842816,1788576928.837564945,1788576928.827379942,0.423444156,0.068413204,0.035075522,0.428935100,0.430366835,10.212276459,-5.684730530,0.718116164
28.999842816,1788576928.870637417,1788576928.867379904,0.418186725,0.065590745,0.031971733,0.423299283,0.424504976,10.197468758,-5.687976360,0.719038963
29.029841536,1788576928.903667688,1788576928.897378922,0.415088019,0.058493658,0.044521471,0.419189184,0.421546834,10.186425209,-5.690313339,0.719816923
29.059841536,1788576928.935772657,1788576928.927378654,0.410593180,0.054568304,0.031432792,0.414203403,0.415394366,10.175457001,-5.692464352,0.720644355
29.099841536,1788576928.971202135,1788576928.967378616,0.409545641,0.058235745,0.036719689,0.413665365,0.415291909,10.160909653,-5.695049286,0.721849918
29.129842048,1788576929.002259016,1788576928.997379303,0.410538851,0.047440104,0.040306271,0.413270748,0.415231631,10.149944305,-5.696868896,0.722758353
29.159842048,1788576929.037515879,1788576929.027379274,0.410644672,0.049917995,0.048376372,0.413667563,0.416486646,10.138876915,-5.698528290,0.723773599
29.199842048,1788576929.072336435,1788576929.067379236,0.414481988,0.047748910,0.041885447,0.417223293,0.419320483,10.123848915,-5.700417519,0.725179255
29.229841024,1788576929.103200674,1788576929.097378254,0.421781288,0.035560343,0.050717888,0.423277678,0.426305403,10.112342834,-5.701780319,0.726239502
29.269841024,1788576929.138466597,1788576929.137378216,0.433526388,0.037805188,0.056602541,0.435171646,0.438837338,10.096395493,-5.703423500,0.727636814
29.299841024,1788576929.171307325,1788576929.167378187,0.444271157,0.038498278,0.048619941,0.445936070,0.448578730,10.083896637,-5.704586029,0.728799939
29.329840000,1788576929.202250242,1788576929.197377205,0.455651137,0.035395621,0.050869001,0.457023860,0.459846130,10.071006775,-5.705730438,0.729927301
29.359840000,1788576929.236740828,1788576929.227377176,0.469589378,0.028244677,0.055802670,0.470438036,0.473736091,10.057581902,-5.706850529,0.731069148
29.399840000,1788576929.271448374,1788576929.267377138,0.488014008,0.030360846,0.059118861,0.488957516,0.492518520,10.038722992,-5.708143711,0.732512712
29.429840512,1788576929.302265644,1788576929.297377825,0.499709510,0.028231115,0.055185470,0.500506334,0.503539498,10.024068832,-5.709151268,0.733545005
29.459840512,1788576929.336615562,1788576929.327377558,0.515049382,0.025787380,0.053546065,0.515694536,0.518467005,10.008838654,-5.710119724,0.734516263
29.499840512,1788576929.371431112,1788576929.367377758,0.533539328,0.023960852,0.048775056,0.534077089,0.536299677,9.987457275,-5.711318016,0.735783517
29.529840768,1788576929.404574394,1788576929.397377968,0.548298095,0.016995690,0.052831586,0.548561441,0.551099656,9.970932007,-5.712218285,0.736624837
29.559840768,1788576929.436450005,1788576929.427377939,0.562361201,0.022923727,0.056384229,0.562828231,0.565645471,9.953846931,-5.713145256,0.737460911
29.599840768,1788576929.471760035,1788576929.467377901,0.580381188,0.024706481,0.054838466,0.580906820,0.583489495,9.930046082,-5.714345932,0.738456726
29.629840256,1788576929.502315283,1788576929.497377634,0.593284093,0.010226100,0.049979701,0.593372217,0.595473390,9.911743164,-5.715257645,0.739207864
29.659840256,1788576929.536532402,1788576929.527377367,0.607272625,0.018024824,0.057176263,0.607540069,0.610224599,9.892903328,-5.716219425,0.739837170
29.699840256,1788576929.571362495,1788576929.567377329,0.624389201,0.016895813,0.051011664,0.624617758,0.626697322,9.866769791,-5.717672348,0.740529001
29.729839744,1788576929.602195263,1788576929.597377062,0.638439649,0.013658460,0.053352071,0.638585733,0.640810566,9.846735001,-5.718790531,0.740989387
29.759839744,1788576929.636664629,1788576929.627376795,0.651040628,0.010749921,0.042126885,0.651129373,0.652490716,9.826155663,-5.719919205,0.741281688
29.799839744,1788576929.672593594,1788576929.667376995,0.667805870,0.009253725,0.045763837,0.667869981,0.669436061,9.797722816,-5.721488476,0.741440713
29.829838720,1788576929.703208685,1788576929.697376013,0.682537462,0.007726841,0.048999706,0.682581197,0.684337681,9.775992393,-5.722672939,0.741516054
29.859838720,1788576929.737444878,1788576929.727375984,0.692680235,0.008946946,0.042364446,0.692738014,0.694032206,9.753785133,-5.723905087,0.741532624
29.899838720,1788576929.769580841,1788576929.767375946,0.706575401,0.006606651,0.036953648,0.706606288,0.707571917,9.723323822,-5.725577831,0.741167665
29.929837440,1788576929.803308725,1788576929.797374725,0.716097131,-0.000128495,0.029106932,0.716097142,0.716688448,9.700222015,-5.726813793,0.740792871
29.969837440,1788576929.838667631,1788576929.837374687,0.725467984,0.001768292,0.027710006,0.725470139,0.725999151,9.668835640,-5.728541851,0.739982784
29.999837440,1788576929.871358395,1788576929.867374659,0.734463850,0.008975967,0.034013924,0.734518696,0.735305829,9.644882202,-5.729848385,0.739151120
30.029836928,1788576929.902189970,1788576929.897374153,0.742135832,-0.000753436,0.031102313,0.742136215,0.742787665,9.620780945,-5.731185436,0.738305211
30.059836928,1788576929.936651230,1788576929.927374125,0.747728498,0.002587385,0.028992153,0.747732974,0.748294825,9.596454620,-5.732506752,0.737322986
30.099836928,1788576929.971483707,1788576929.967374086,0.758506144,0.002611584,0.033558457,0.758510640,0.759252633,9.563523293,-5.734195709,0.735751867
30.129837440,1788576930.002340317,1788576929.997374773,0.765942394,0.014709732,0.033673715,0.766083629,0.766823347,9.538619041,-5.735420227,0.734687150
30.159837440,1788576930.037444115,1788576930.027374506,0.777517339,0.010041763,0.035160371,0.777582181,0.778376709,9.513385773,-5.736690044,0.733509541
30.199837440,1788576930.070635319,1788576930.067374706,0.793927910,0.019678044,0.040826796,0.794171740,0.795220460,9.479083061,-5.738157749,0.731797278
30.229836160,1788576930.103384495,1788576930.097373486,0.802137135,0.032511801,0.040401887,0.802795740,0.803811740,9.453088760,-5.739184856,0.730559886
30.259836160,1788576930.135884047,1788576930.127373219,0.813231274,0.034596444,0.041143273,0.813966841,0.815006005,9.426754951,-5.740173340,0.729376316
30.299836160,1788576930.171358109,1788576930.167373419,0.826107893,0.050548164,0.040875592,0.827652927,0.828661681,9.391112328,-5.741171837,0.727638781
30.329836672,1788576930.202256918,1788576930.197373867,0.832600562,0.057785388,0.038860568,0.834603406,0.835507624,9.364196777,-5.741823673,0.726409078
30.359836672,1788576930.236815929,1788576930.227373838,0.835613721,0.064251275,0.034417276,0.838080257,0.838786663,9.337132454,-5.742383480,0.725174308
30.399836672,1788576930.271216869,1788576930.267373800,0.839189534,0.079292184,0.026285642,0.842927235,0.843336978,9.300861359,-5.742763996,0.723407626
30.429836160,1788576930.302412510,1788576930.297373533,0.839553240,0.084888488,0.028268552,0.843833928,0.844307296,9.273729324,-5.742931366,0.722142875
30.459836160,1788576930.337468624,1788576930.327373266,0.837522253,0.099500797,0.014985512,0.843412077,0.843545196,9.246677399,-5.742890835,0.720825255
30.499836160,1788576930.371136665,1788576930.367373228,0.835913587,0.097131552,0.015650051,0.841537915,0.841683425,9.210791588,-5.742422104,0.718910217
30.529835392,1788576930.402258635,1788576930.397372723,0.833595974,0.109403654,0.021382676,0.840744555,0.841016424,9.184003830,-5.741961479,0.717644215
30.559835392,1788576930.436492205,1788576930.427372456,0.829027667,0.111376912,0.016383221,0.836475755,0.836636181,9.157454491,-5.741268635,0.716406047
30.599835392,1788576930.471130133,1788576930.467372656,0.821022364,0.122412074,0.008573008,0.830097849,0.830142117,9.122528076,-5.740052700,0.714721560
30.629834880,1788576930.502192497,1788576930.497372150,0.817562787,0.126053445,0.021490563,0.827223296,0.827502402,9.096549988,-5.738922596,0.713614285
30.659834880,1788576930.536594152,1788576930.527372122,0.811372411,0.137531077,0.016042288,0.822945920,0.823102267,9.070848465,-5.737668991,0.712558568
30.699834880,1788576930.571190357,1788576930.567372084,0.803138013,0.138583042,0.016215201,0.815006704,0.815167995,9.037178040,-5.735639572,0.711160719
30.729834368,1788576930.602407932,1788576930.597371578,0.797341152,0.152910221,0.020637262,0.811870955,0.812133206,9.012145996,-5.733991623,0.710210621
30.759834368,1788576930.637503386,1788576930.627371550,0.791945821,0.160798870,0.026147148,0.808105476,0.808528375,8.987373352,-5.732186317,0.709357560
30.799834368,1788576930.670730829,1788576930.667371511,0.783770339,0.161305331,0.018701536,0.800197072,0.800415580,8.954901695,-5.729495049,0.708343208
30.829833088,1788576930.702165365,1788576930.697370291,0.777508407,0.168137376,0.022319786,0.795480673,0.795793738,8.930757523,-5.727362156,0.707721055
30.859833088,1788576930.736577988,1788576930.727370262,0.773945940,0.178276339,0.023250979,0.794213303,0.794553572,8.906887054,-5.725083351,0.707230628
30.899833088,1788576930.771234751,1788576930.767370224,0.764869350,0.177638689,0.027334910,0.785226481,0.785702121,8.875607491,-5.721786976,0.706881106
30.929833600,1788576930.802201748,1788576930.797370911,0.759420740,0.184786654,0.028159201,0.781579150,0.782086254,8.852326393,-5.719168186,0.706711650
30.959833600,1788576930.836725712,1788576930.827370644,0.756742569,0.189430461,0.033330165,0.780091799,0.780803506,8.829342842,-5.716332912,0.706740856
30.999833600,1788576930.871172667,1788576930.867370844,0.748846862,0.188079585,0.032206948,0.772104626,0.772776061,8.799279213,-5.712326050,0.707228899
31.029833088,1788576930.902450323,1788576930.897370338,0.748155589,0.180798227,0.036740445,0.769691357,0.770567742,8.776861191,-5.709276199,0.707707286
31.059833088,1788576930.937602043,1788576930.927370310,0.741090160,0.172326718,0.042569040,0.760862092,0.762051997,8.754838943,-5.705965042,0.708369374
31.099833088,1788576930.971134663,1788576930.967370272,0.739397565,0.167783891,0.048129565,0.758195353,0.759721428,8.726155281,-5.701311111,0.709817052
31.129832576,1788576931.002257347,1788576930.997369766,0.744371545,0.163534510,0.060217439,0.762123699,0.764498968,8.704629898,-5.697668076,0.710921288
31.169832576,1788576931.039617062,1788576931.037369967,0.755977710,0.159220654,0.071244096,0.772562952,0.775840986,8.676032066,-5.692388058,0.712762475
31.199832576,1788576931.071139812,1788576931.067369699,0.766255564,0.146276213,0.072691193,0.780092507,0.783471971,8.654603958,-5.688086510,0.714370847
31.229833088,1788576931.104453087,1788576931.097370386,0.777723910,0.144151416,0.085991800,0.790970360,0.795631008,8.632890701,-5.683498859,0.716014445
31.259833088,1788576931.136959791,1788576931.127370358,0.789176263,0.126372505,0.081292814,0.799230370,0.803354035,8.611060143,-5.678557873,0.717852056
31.299833088,1788576931.171150684,1788576931.167370319,0.806635121,0.119717070,0.086004496,0.815470659,0.819993395,8.581932068,-5.671393871,0.720668912
31.329832576,1788576931.202310085,1788576931.197369814,0.819347876,0.104046794,0.084899861,0.825927768,0.830279871,8.559716225,-5.665555000,0.722769737
31.359832576,1788576931.237506151,1788576931.227369785,0.831746989,0.093804180,0.076368351,0.837019879,0.840496522,8.537385941,-5.659205914,0.724903047
31.399832576,1788576931.271301031,1788576931.267369747,0.847700162,0.063195914,0.082717355,0.850052521,0.854067590,8.507584572,-5.649950504,0.728063643
31.429832064,1788576931.302125931,1788576931.297369242,0.860052722,0.050623765,0.086999728,0.861541322,0.865922862,8.484983444,-5.642317772,0.730325639
31.459832064,1788576931.336647749,1788576931.327369213,0.871658480,0.031548207,0.086335150,0.872229211,0.876491617,8.462306023,-5.634110451,0.732584238
31.499832064,1788576931.371161938,1788576931.367369175,0.883767954,0.011522343,0.076526109,0.883843063,0.887149821,8.432090759,-5.622401714,0.735727668
31.529832064,1788576931.404485941,1788576931.397369385,0.896758691,-0.006902225,0.084126242,0.896785253,0.900722496,8.409168243,-5.612925529,0.738004148
31.559832064,1788576931.437009335,1788576931.427369118,0.905948674,-0.022378620,0.075370238,0.906225029,0.909353878,8.386122704,-5.602954865,0.740209639
31.599832064,1788576931.471178055,1788576931.467369318,0.917051693,-0.041538102,0.068109546,0.917991951,0.920515145,8.355485916,-5.588843346,0.743211210
31.629832576,1788576931.502374411,1788576931.497369766,0.919108071,-0.064324296,0.055968247,0.921356208,0.923054552,8.332418442,-5.577723980,0.745349824
31.659832576,1788576931.537410021,1788576931.527369738,0.917309530,-0.075537178,0.031315458,0.920414385,0.920946957,8.309480667,-5.566223621,0.747339904
31.699832576,1788576931.571195364,1788576931.567369699,0.913166748,-0.092003405,0.026749016,0.917789811,0.918179529,8.279238701,-5.550356865,0.750018358
31.729831296,1788576931.602212429,1788576931.597368479,0.904063542,-0.109931731,0.008710228,0.910722720,0.910764372,8.256803513,-5.538177490,0.751833618
31.759831296,1788576931.636610746,1788576931.627368450,0.889112148,-0.114566940,-0.000830569,0.896463047,0.896463432,8.234789848,-5.525842667,0.753518581
31.799831296,1788576931.672380447,1788576931.667368412,0.869724048,-0.132564099,-0.015219218,0.879768810,0.879900440,8.206199646,-5.509229660,0.755741298
31.829830784,1788576931.704474688,1788576931.697368145,0.852059426,-0.138592878,-0.023127986,0.863257349,0.863567111,8.185301781,-5.496635914,0.757275701
31.859830784,1788576931.736882925,1788576931.727367878,0.827151145,-0.154073956,-0.032362780,0.841378512,0.842000683,8.165041924,-5.484006882,0.758737922
31.899830784,1788576931.771273375,1788576931.767367840,0.791661454,-0.168915542,-0.044730724,0.809481512,0.810716446,8.139178276,-5.467206478,0.760666132
31.929831296,1788576931.802347422,1788576931.797368526,0.765891735,-0.172033190,-0.046639296,0.784974884,0.786359200,8.120638847,-5.454630375,0.761970818
31.959831296,1788576931.837437391,1788576931.827368498,0.736933159,-0.185819398,-0.052021330,0.759999559,0.761777886,8.102892876,-5.442055702,0.763200164
31.999831296,1788576931.871328115,1788576931.867368460,0.697714695,-0.190990221,-0.056109079,0.723383066,0.725555849,8.080487251,-5.425481796,0.764637411
32.029830272,1788576931.902158737,1788576931.897367477,0.668156247,-0.197386147,-0.058339947,0.696702277,0.699140624,8.064605713,-5.413197994,0.765613794
32.059830272,1788576931.936475992,1788576931.927367449,0.635452947,-0.201991155,-0.065628218,0.666783979,0.670005923,8.049598694,-5.401091099,0.766483724
32.099830272,1788576931.971589327,1788576931.967367411,0.595947098,-0.200873036,-0.065489691,0.628890230,0.632290930,8.030956268,-5.385348797,0.767507792
32.129829504,1788576932.002160311,1788576931.997366667,0.563938163,-0.198643147,-0.060081925,0.597900787,0.600911965,8.017878532,-5.373964787,0.768161714
32.159829504,1788576932.036669493,1788576932.027366638,0.529867861,-0.193400026,-0.067587262,0.564059855,0.568094674,8.005683899,-5.363055229,0.768664539
32.199829504,1788576932.071271896,1788576932.067366600,0.487166362,-0.190441490,-0.058677119,0.523066941,0.526347821,7.990952015,-5.349143028,0.769219995
32.229828992,1788576932.102361917,1788576932.097366333,0.457365477,-0.197717237,-0.058881139,0.498272301,0.501739249,7.980852127,-5.339041710,0.769536018
32.259828992,1788576932.136650801,1788576932.127366066,0.427465500,-0.201847473,-0.060713728,0.472725244,0.476608133,7.971640587,-5.329174519,0.769762158
32.299828992,1788576932.171331167,1788576932.167366028,0.391085944,-0.206947317,-0.056010741,0.442465148,0.445996200,7.960801125,-5.316454887,0.769931436
32.329827712,1788576932.202149868,1788576932.197365046,0.366240786,-0.209777365,-0.053947345,0.422064991,0.425498734,7.953535080,-5.307044029,0.769961238
32.359827712,1788576932.236676693,1788576932.227364779,0.342076242,-0.214438302,-0.051787738,0.403732512,0.407040429,7.947036266,-5.297788143,0.769858599
32.399827712,1788576932.271373510,1788576932.267364979,0.310045996,-0.224651091,-0.051194742,0.382879397,0.386286855,7.939627647,-5.285706043,0.769585013
32.429826944,1788576932.304447651,1788576932.297364235,0.290771372,-0.218255000,-0.043759210,0.363570124,0.366194079,7.934766293,-5.276746273,0.769262314
32.459826944,1788576932.336583376,1788576932.327364206,0.269006251,-0.235446115,-0.045063026,0.357490190,0.360319181,7.930552959,-5.267864227,0.768855751
32.499826944,1788576932.371237516,1788576932.367364168,0.244214220,-0.232341908,-0.043641805,0.337080624,0.339894034,7.925978661,-5.256129265,0.768132448
32.529825920,1788576932.402317047,1788576932.397363186,0.227903970,-0.239377312,-0.038639324,0.330517348,0.332768260,7.923097134,-5.247387886,0.767606676
32.559825920,1788576932.437639236,1788576932.427363157,0.212043160,-0.242996649,-0.041753296,0.322505307,0.325196880,7.920714855,-5.238668919,0.766956747
32.599825920,1788576932.471287012,1788576932.467363119,0.193281957,-0.248441224,-0.033393178,0.314771277,0.316537614,7.918282032,-5.227101803,0.766062081
32.629825408,1788576932.502206802,1788576932.497362614,0.180037359,-0.256722879,-0.042187797,0.313560341,0.316385679,7.916885853,-5.218423367,0.765337944
32.659825408,1788576932.536543846,1788576932.527362585,0.171007771,-0.252615777,-0.029355244,0.305054730,0.306463895,7.915850163,-5.209742069,0.764525950
32.699825408,1788576932.571193933,1788576932.567362547,0.155169197,-0.266439314,-0.028418511,0.308329998,0.309636883,7.915074348,-5.198135853,0.763333738
32.729824640,1788576932.602262735,1788576932.597361803,0.146175765,-0.261468199,-0.032095032,0.299554625,0.301269089,7.914794922,-5.189440250,0.762395918
32.759824640,1788576932.636927843,1788576932.627361774,0.137541247,-0.275420351,-0.030530697,0.307853803,0.309364005,7.914805889,-5.180633068,0.761437953
32.799824640,1788576932.672454596,1788576932.667361736,0.130641056,-0.276172338,-0.021263068,0.305513086,0.306252124,7.915280342,-5.168715000,0.759993494
32.829823360,1788576932.703224659,1788576932.697360754,0.122605444,-0.289787525,-0.031203725,0.314656805,0.316200217,7.915819168,-5.159643173,0.758949995
32.859823360,1788576932.737475634,1788576932.727360487,0.118693441,-0.295466107,-0.023217355,0.318415379,0.319260707,7.916559219,-5.150377750,0.757863760
32.899823360,1788576932.769560575,1788576932.767360449,0.110814556,-0.307241891,-0.023048466,0.326615133,0.327427362,7.917857647,-5.137746334,0.756257951
32.929822336,1788576932.802189350,1788576932.797359705,0.105950436,-0.308756774,-0.024371834,0.326429534,0.327338093,7.919016838,-5.128077984,0.755033851
32.959822336,1788576932.836504221,1788576932.827359438,0.102734980,-0.316820475,-0.021502485,0.333061089,0.333754470,7.920317650,-5.118187428,0.753790259
32.999822336,1788576932.871160269,1788576932.867359400,0.097750182,-0.326581868,-0.019405246,0.340897073,0.341448939,7.922296047,-5.104617596,0.751914084
33.029822848,1788576932.903225422,1788576932.897360086,0.092624515,-0.329351409,-0.036353881,0.342128121,0.344054147,7.923879147,-5.094333649,0.750551403
33.059822848,1788576932.936651230,1788576932.927360058,0.089720604,-0.320135798,-0.029659486,0.332470625,0.333790955,7.925533772,-5.084129810,0.749175429
33.099822848,1788576932.971142292,1788576932.967360020,0.080541788,-0.300773549,-0.030798295,0.311370691,0.312890144,7.927793503,-5.071005821,0.747410595
33.129823616,1788576933.004548788,1788576932.997360945,0.073115861,-0.285529273,-0.035036012,0.294742082,0.296817144,7.929473877,-5.061751366,0.746213973
33.159823616,1788576933.036459684,1788576933.027360678,0.067894504,-0.264120849,-0.025045148,0.272707694,0.273855337,7.931096077,-5.053151131,0.745105743
33.199823616,1788576933.071257353,1788576933.067360878,0.060122865,-0.234844006,-0.025552779,0.242417957,0.243760970,7.933169365,-5.042669773,0.743596435
33.229822592,1788576933.102187872,1788576933.097359896,0.054504544,-0.207750298,-0.025740390,0.214781125,0.216318051,7.934555054,-5.035663605,0.742530286
33.259822592,1788576933.136648417,1788576933.127359629,0.048022448,-0.189074529,-0.025340270,0.195077761,0.196716705,7.935757160,-5.029337406,0.741577625
33.299822592,1788576933.171220303,1788576933.167359829,0.042718014,-0.157585023,-0.018456699,0.163272374,0.164312257,7.937017441,-5.021973610,0.740411997
33.329821568,1788576933.204504728,1788576933.197358847,0.036819361,-0.130443442,-0.024516250,0.135540241,0.137739622,7.937813282,-5.017231464,0.739570737
33.359821568,1788576933.236814737,1788576933.227358818,0.037891269,-0.124282272,-0.021954293,0.129930102,0.131771858,7.938361645,-5.013044834,0.738800824
33.399821568,1788576933.271179914,1788576933.267358780,0.039484035,-0.107621400,-0.016569937,0.114635748,0.115827102,7.938541412,-5.008163452,0.737894535
33.429821056,1788576933.302365303,1788576933.297358274,0.044130734,-0.076096169,-0.015162321,0.087966747,0.089263904,7.938386440,-5.004954338,0.737231612
33.459821056,1788576933.337523699,1788576933.327358246,0.052366289,-0.077640154,-0.006840225,0.093649463,0.093898938,7.937771320,-5.002087116,0.736690044
33.499821056,1788576933.371178150,1788576933.367358208,0.065447765,-0.058988581,-0.005004353,0.088108244,0.088250248,7.936108589,-4.998674870,0.736015797
33.529820288,1788576933.403528690,1788576933.397357464,0.075083006,-0.042380355,-0.012932906,0.086218050,0.087182638,7.934383392,-4.996368408,0.735575259
33.569820288,1788576933.438664675,1788576933.437357664,0.091213037,-0.032129902,-0.004061770,0.096706508,0.096791770,7.931188107,-4.993699074,0.735082924
33.599820288,1788576933.471217394,1788576933.467357397,0.104514187,-0.020486199,-0.004635254,0.106503050,0.106603871,7.928081512,-4.992009640,0.734762967
33.629821056,1788576933.504454374,1788576933.497358322,0.116272967,-0.004411694,0.001528936,0.116356632,0.116366677,7.924531460,-4.990471840,0.734439492
33.659821056,1788576933.536670923,1788576933.527358294,0.128040567,-0.006419330,-0.000822812,0.128201383,0.128204024,7.920419216,-4.989087105,0.734133005
33.699821056,1788576933.571185827,1788576933.567358255,0.143440322,0.005878229,0.001843256,0.143560717,0.143572550,7.913925648,-4.987598419,0.733787656
33.729821824,1788576933.604488611,1788576933.597359180,0.152782045,0.015795072,-0.006610366,0.153596347,0.153738527,7.908665180,-4.986553669,0.733489215
33.759821824,1788576933.636577606,1788576933.627358913,0.162425240,0.019593379,0.008013197,0.163602747,0.163798872,7.902935982,-4.985615730,0.733164132
33.799821824,1788576933.672350168,1788576933.667358875,0.172535642,0.026926168,0.006482328,0.174624071,0.174744347,7.894448280,-4.984549999,0.732688427
33.829821056,1788576933.702290535,1788576933.697358370,0.178157235,0.028021753,-0.000867075,0.180347495,0.180349579,7.887844563,-4.983773232,0.732376158
33.859821056,1788576933.736547947,1788576933.727358103,0.186033834,0.028528908,-0.002977324,0.188208623,0.188232171,7.880890369,-4.982967377,0.732048690
33.899821056,1788576933.771245241,1788576933.767358303,0.196389663,0.029328164,0.001194109,0.198567473,0.198571063,7.870925426,-4.981787682,0.731567323
33.929821824,1788576933.802290916,1788576933.797358990,0.203863086,0.024011147,0.011937972,0.205272241,0.205619085,7.863265038,-4.980893135,0.731225014
33.959821824,1788576933.836774349,1788576933.827358961,0.207026409,0.029722888,0.003804966,0.209149191,0.209183799,7.855394840,-4.979815483,0.730927110
33.999821824,1788576933.871130705,1788576933.867358923,0.210227982,0.019240623,0.002151680,0.211106622,0.211117587,7.844373703,-4.978394985,0.730481267
34.029821568,1788576933.903542042,1788576933.897358894,0.216987212,0.030897089,0.010113120,0.219175912,0.219409105,7.836062431,-4.977317333,0.730250001
34.059821568,1788576933.937429190,1788576933.927358627,0.219286018,0.022659064,-0.002680383,0.220453603,0.220469897,7.827601433,-4.976087093,0.729899049
34.099821568,1788576933.970457315,1788576933.967358828,0.222321965,0.028570785,0.002833756,0.224150275,0.224168187,7.815859318,-4.974311829,0.729532957
34.129820800,1788576934.003250122,1788576933.997358084,0.224492564,0.013629076,0.003371186,0.224905898,0.224931163,7.807072163,-4.972993374,0.729270220
34.159820800,1788576934.035745621,1788576934.027358055,0.225210923,0.013193834,0.006244587,0.225597068,0.225683477,7.798196793,-4.971576691,0.729092479
34.199820800,1788576934.071135521,1788576934.067358017,0.225643463,0.005076898,0.002836833,0.225700570,0.225718397,7.786082745,-4.969614506,0.728872776
34.229821824,1788576934.104454517,1788576934.097359180,0.226322866,0.018426406,-0.001166429,0.227071733,0.227074729,7.777112007,-4.968099594,0.728636801
34.259821824,1788576934.135826826,1788576934.127358913,0.231109449,0.008850232,-0.003083324,0.231278844,0.231299396,7.767965317,-4.966577053,0.728368104
34.299821824,1788576934.171119690,1788576934.167358875,0.233827072,0.006569031,-0.010341506,0.233919328,0.234147814,7.755355835,-4.964338303,0.727841198
34.329821568,1788576934.202430487,1788576934.197358847,0.233817571,0.009869372,-0.006865385,0.234025770,0.234126450,7.745977402,-4.962633133,0.727410972
34.359821568,1788576934.236527920,1788576934.227358818,0.234330568,0.012116390,-0.009179713,0.234643606,0.234823102,7.736543655,-4.960924149,0.727089942
34.399821568,1788576934.271381140,1788576934.267358780,0.237909287,0.009689875,0.002308504,0.238106536,0.238117726,7.723698139,-4.958436012,0.726940691
34.429821568,1788576934.302273750,1788576934.297358751,0.242853762,0.008717572,0.003583958,0.243010176,0.243036603,7.714053154,-4.956566334,0.726929784
34.459821568,1788576934.336448431,1788576934.327358723,0.250033476,0.009876749,-0.008865409,0.250228475,0.250385473,7.704174519,-4.954568386,0.726994276
34.499821568,1788576934.371129513,1788576934.367358685,0.263012662,0.011641595,0.002307261,0.263270179,0.263280289,7.690271378,-4.951704025,0.727399707
34.529820544,1788576934.404495955,1788576934.397357941,0.274939488,0.003209476,0.003129489,0.274958220,0.274976029,7.679638386,-4.949471951,0.727692187
34.559820544,1788576934.436853170,1788576934.427357674,0.288553186,0.011278212,0.010645682,0.288773509,0.288969670,7.668622017,-4.947084427,0.728032649
34.599820544,1788576934.471100330,1788576934.467357635,0.306560204,0.003182886,0.009950300,0.306576726,0.306738158,7.653084755,-4.943532944,0.728725255
34.629821312,1788576934.504499197,1788576934.497358561,0.320962387,0.009063132,0.016277824,0.321090321,0.321502663,7.641089916,-4.940802574,0.729264677
34.659821312,1788576934.537401438,1788576934.527358532,0.335922523,0.005978475,0.015056551,0.335975718,0.336312924,7.628695488,-4.937837601,0.729909003
34.699821312,1788576934.571175098,1788576934.567358494,0.353996632,0.011246051,0.025976246,0.354175223,0.355126533,7.611356735,-4.933454037,0.730982542
34.729821056,1788576934.602194071,1788576934.597358227,0.364346297,0.000186724,0.004189197,0.364346345,0.364370427,7.598075867,-4.930088043,0.731729805
34.759821056,1788576934.637612104,1788576934.627358198,0.377511184,0.008277623,0.019528689,0.377601924,0.378106576,7.584470272,-4.926543236,0.732549548
34.799821056,1788576934.672358990,1788576934.667358160,0.392584113,0.005492452,0.014482988,0.392622532,0.392889564,7.565666676,-4.921404362,0.733958006
34.829820288,1788576934.702098131,1788576934.697357655,0.405019366,0.003082989,0.017587777,0.405031100,0.405412779,7.551336288,-4.917500496,0.734972894
34.859820288,1788576934.736519575,1788576934.727357388,0.415599587,0.002815997,0.023565606,0.415609127,0.416276692,7.536748409,-4.913449764,0.736051381
34.899820288,1788576934.771233559,1788576934.767357349,0.431321558,-0.000798014,0.024369906,0.431322296,0.432010203,7.516826153,-4.907702923,0.737696350
34.929821056,1788576934.804497957,1788576934.797358274,0.438735391,0.001985467,0.011577473,0.438739884,0.438892611,7.501696587,-4.903313637,0.738841534
34.959821056,1788576934.836427927,1788576934.827358246,0.449070275,-0.006019211,0.021426780,0.449110613,0.449621451,7.486364365,-4.898801327,0.740018785
34.999821056,1788576934.871314764,1788576934.867358208,0.459185242,-0.001272125,0.010355791,0.459187005,0.459303764,7.465558052,-4.892630577,0.741816819
35.029820288,1788576934.902186394,1788576934.897357464,0.465950939,-0.005289712,0.016437933,0.465980964,0.466270806,7.449867249,-4.887914658,0.743074715
35.059820288,1788576934.936432600,1788576934.927357435,0.473968430,-0.005659043,0.018917796,0.474002212,0.474379574,7.434041977,-4.883131027,0.744362831
35.099820288,1788576934.971108198,1788576934.967357397,0.483375618,-0.011052935,0.020173634,0.483501970,0.483922650,7.412709713,-4.876453400,0.746212482
35.129819520,1788576935.004555702,1788576934.997356892,0.488068191,-0.010499296,0.009333578,0.488181108,0.488270325,7.396623135,-4.871407509,0.747568071
35.159819520,1788576935.036591291,1788576935.027356625,0.495135427,-0.009069827,0.014023776,0.495218490,0.495417015,7.380414963,-4.866256237,0.748860121
35.199819520,1788576935.071125507,1788576935.067356586,0.503770220,-0.013107751,0.009706461,0.503940718,0.504034188,7.358500004,-4.859051704,0.750669122
35.229820288,1788576935.104480028,1788576935.097357512,0.510100309,-0.012529777,0.006682916,0.510254172,0.510297934,7.341981411,-4.853648663,0.751845539
35.259820288,1788576935.136480331,1788576935.127357483,0.515971695,-0.011894285,0.004507120,0.516108771,0.516128451,7.325353622,-4.848142147,0.753004968
35.299820288,1788576935.171100140,1788576935.167357445,0.525508227,-0.012344199,0.007689342,0.525653190,0.525709427,7.302990913,-4.840499878,0.754457295
35.329820288,1788576935.202173948,1788576935.197357655,0.529225564,-0.018030592,-0.004920918,0.529532624,0.529555489,7.286143303,-4.834782124,0.755406976
35.359820288,1788576935.237718344,1788576935.227357388,0.535068116,-0.016289788,0.000614592,0.535316024,0.535316377,7.269197941,-4.828957558,0.756236553
35.399820288,1788576935.270119190,1788576935.267357349,0.540175456,-0.017624218,-0.005037286,0.540462891,0.540486365,7.246391773,-4.821049690,0.757322609
35.429820032,1788576935.302259207,1788576935.297357321,0.543235387,-0.017961383,-0.006283960,0.543532241,0.543568565,7.229273796,-4.815177917,0.757952631
35.459820032,1788576935.336446047,1788576935.327357292,0.546706309,-0.020425099,-0.008132302,0.547087720,0.547148158,7.212095737,-4.809224129,0.758601785
35.499820032,1788576935.371156216,1788576935.367357254,0.552768767,-0.019777518,-0.002738090,0.553122464,0.553129241,7.189043999,-4.801152229,0.759438157
35.529820032,1788576935.404402256,1788576935.397357225,0.554642920,-0.027923539,-0.017599100,0.555345381,0.555624172,7.171725750,-4.795115471,0.759962320
35.559820032,1788576935.436424017,1788576935.427357197,0.560325717,-0.018751913,-0.009041919,0.560639406,0.560712315,7.154337883,-4.789007664,0.760441124
35.599820032,1788576935.471326351,1788576935.467357159,0.565133682,-0.025798296,-0.008455077,0.565722221,0.565785400,7.130964279,-4.780662060,0.761197388
35.629819776,1788576935.502097368,1788576935.497357130,0.567826401,-0.025668266,-0.012897481,0.568406264,0.568552571,7.113429070,-4.774461269,0.761650681
35.659819776,1788576935.536418676,1788576935.527356863,0.570002252,-0.026018047,-0.014377083,0.570595747,0.570776845,7.095812798,-4.768219471,0.762101948
35.699819776,1788576935.571180820,1788576935.567356825,0.573973556,-0.022445393,-0.009465991,0.574412255,0.574490247,7.072097778,-4.759871960,0.762695909
35.729820544,1788576935.604480743,1788576935.597357750,0.574983688,-0.031295816,-0.024033327,0.575834759,0.576336075,7.054326057,-4.753642082,0.763032079
35.759820544,1788576935.636485577,1788576935.627357721,0.578485029,-0.025619326,-0.017161497,0.579052052,0.579306306,7.036494255,-4.747459412,0.763335466
35.799820544,1788576935.672438860,1788576935.667357683,0.581107248,-0.032191966,-0.021289682,0.581998244,0.582387506,7.012502193,-4.739215374,0.763751507
35.829819776,1788576935.703121424,1788576935.697356939,0.582826579,-0.031095109,-0.022486948,0.583655487,0.584088512,6.994532585,-4.733052254,0.763961375
35.859819776,1788576935.737521887,1788576935.727356911,0.586243659,-0.032704469,-0.016487719,0.587155184,0.587386631,6.976490498,-4.726899624,0.764247537
35.899819776,1788576935.769484282,1788576935.767356873,0.590283653,-0.026346492,-0.015012593,0.590871330,0.591062016,6.952268124,-4.718767166,0.764572501
35.929819008,1788576935.802218676,1788576935.797356367,0.590523060,-0.035967864,-0.017894256,0.591617420,0.591887976,6.934117794,-4.712733746,0.764718533
35.959819008,1788576935.836514235,1788576935.827356100,0.592471789,-0.030369828,-0.025099758,0.593249650,0.593780385,6.915951729,-4.706695080,0.764841259
35.999819008,1788576935.871089458,1788576935.867356062,0.593685026,-0.036896571,-0.021662820,0.594830453,0.595224785,6.891693592,-4.698649883,0.765014052
36.029819776,1788576935.903222561,1788576935.897356987,0.596490679,-0.028186916,-0.020273544,0.597156288,0.597500334,6.873528004,-4.692655087,0.765046000
36.059819776,1788576935.936764479,1788576935.927356958,0.598657145,-0.034426003,-0.019704188,0.599646169,0.599969818,6.855381012,-4.686625004,0.765030265
36.099819776,1788576935.971122026,1788576935.967356920,0.599410667,-0.029388281,-0.030325195,0.600130668,0.600896360,6.831261158,-4.678557873,0.764931679
36.129820544,1788576936.003141642,1788576935.997357845,0.602360451,-0.036377351,-0.014341073,0.603457890,0.603628273,6.813189983,-4.672511578,0.764788687
36.169820544,1788576936.039394140,1788576936.037357807,0.603526666,-0.036284494,-0.021307879,0.604616408,0.604991757,6.789237022,-4.664408684,0.764485657
36.199820544,1788576936.071183443,1788576936.067357779,0.605437697,-0.035379499,-0.022525488,0.606470538,0.606888714,6.771345615,-4.658302307,0.764295876
36.229820288,1788576936.102118254,1788576936.097357512,0.606756308,-0.037721276,-0.021105813,0.607927720,0.608293981,6.753468513,-4.652211189,0.764045179
36.259820288,1788576936.136480808,1788576936.127357483,0.606758424,-0.036004209,-0.028995544,0.607825705,0.608516910,6.735708237,-4.646118164,0.763729632
36.299820288,1788576936.171071768,1788576936.167357445,0.607619115,-0.042562685,-0.026025181,0.609108013,0.609663744,6.712277412,-4.637928009,0.763247192
36.329821056,1788576936.202153921,1788576936.197358370,0.610062234,-0.042670200,-0.030093332,0.611552676,0.612292646,6.694738865,-4.631719589,0.762820661
36.359821056,1788576936.236643553,1788576936.227358103,0.611017801,-0.037972986,-0.020563794,0.612196620,0.612541893,6.677342415,-4.625590324,0.762294710
36.399821056,1788576936.271197081,1788576936.267358303,0.607518511,-0.045650636,-0.029655366,0.609231255,0.609952590,6.654586792,-4.617523193,0.761439979
36.429821824,1788576936.302363396,1788576936.297358990,0.607159152,-0.039250243,-0.028653889,0.608426510,0.609100864,6.637576580,-4.611546993,0.760731936
36.459821824,1788576936.337430716,1788576936.327358961,0.603510658,-0.042031381,-0.031668772,0.604972521,0.605800844,6.620767117,-4.605666637,0.759940982
36.499821824,1788576936.371096849,1788576936.367358923,0.599647077,-0.040045566,-0.032499841,0.600982749,0.601860868,6.598851204,-4.598020554,0.758751214
36.529821056,1788576936.402154684,1788576936.397358418,0.595139853,-0.042030573,-0.035901773,0.596622170,0.597701390,6.582514286,-4.592332840,0.757860541
36.559821056,1788576936.437610388,1788576936.427358150,0.592722392,-0.036488513,-0.037715498,0.593844463,0.595040927,6.566408157,-4.586806774,0.756871879
36.599821056,1788576936.471107244,1788576936.467358112,0.590284319,-0.041048502,-0.027359189,0.591709859,0.592342032,6.545415878,-4.579627991,0.755606890
36.629821824,1788576936.504506826,1788576936.497359037,0.584031165,-0.039897324,-0.041337972,0.585392345,0.586850088,6.529757500,-4.574309826,0.754608393
36.659821824,1788576936.536507368,1788576936.527359009,0.580691043,-0.039215335,-0.035520700,0.582013686,0.583096605,6.514379025,-4.569076061,0.753633440
36.699821824,1788576936.571127892,1788576936.567358971,0.571541976,-0.037399659,-0.042654396,0.572764319,0.574350383,6.494542599,-4.562278748,0.752225161
36.729821056,1788576936.604425192,1788576936.597358227,0.566482989,-0.039308756,-0.038494144,0.567845186,0.569148446,6.479807854,-4.557231903,0.751165748
36.759821056,1788576936.636452198,1788576936.627358198,0.562358362,-0.031559546,-0.027301105,0.563243227,0.563904498,6.465405941,-4.552311897,0.750090778
36.799821056,1788576936.672359705,1788576936.667358160,0.553871439,-0.039771997,-0.034875075,0.555297563,0.556391637,6.446984768,-4.545893669,0.748494208
36.829820288,1788576936.702164412,1788576936.697357655,0.549073914,-0.031755406,-0.029271939,0.549991427,0.550769839,6.433268547,-4.541176319,0.747297704
36.859820288,1788576936.736404419,1788576936.727357388,0.542580130,-0.036077959,-0.028018822,0.543778279,0.544499652,6.419900417,-4.536508560,0.746142983
36.899820288,1788576936.771233320,1788576936.767357349,0.535001298,-0.031406244,-0.027052357,0.535922327,0.536604669,6.402931213,-4.530474663,0.744429767
36.929819520,1788576936.804543257,1788576936.797356844,0.531035293,-0.035107639,-0.018864274,0.532194540,0.532528769,6.390273094,-4.525991440,0.743236899
36.959819520,1788576936.836645365,1788576936.827356577,0.523691937,-0.034903944,-0.027547394,0.524853818,0.525576245,6.377951145,-4.521619797,0.741967857
36.999819520,1788576936.871102095,1788576936.867356777,0.518163995,-0.031306678,-0.023509202,0.519108884,0.519640949,6.362311840,-4.515970230,0.740112364
37.029819264,1788576936.903564453,1788576936.897356510,0.513299955,-0.034647713,-0.020569963,0.514467985,0.514879045,6.350605965,-4.511746407,0.738824546
37.059819264,1788576936.935679913,1788576936.927356482,0.508736164,-0.031384165,-0.022017106,0.509703296,0.510178599,6.339159012,-4.507569790,0.737477601
37.099819264,1788576936.971127272,1788576936.967356443,0.501492624,-0.032179903,-0.013434388,0.502524028,0.502703572,6.324553013,-4.502072811,0.735600889
37.129819008,1788576937.002182961,1788576936.997356176,0.497921383,-0.033761081,-0.024575918,0.499064639,0.499669381,6.313596725,-4.497978210,0.734238505
37.159819008,1788576937.036423683,1788576937.027356148,0.493759758,-0.034522870,-0.023801943,0.494965178,0.495537142,6.302853584,-4.493923187,0.732832849
37.199819008,1788576937.071146011,1788576937.067356110,0.489521057,-0.034171201,-0.014116225,0.490712275,0.490915272,6.289098740,-4.488563538,0.730918944
37.229819776,1788576937.104492188,1788576937.097357035,0.484897599,-0.034307327,-0.018506845,0.486109735,0.486461897,6.278736591,-4.484583855,0.729543090
37.259819776,1788576937.136903524,1788576937.127357006,0.481086823,-0.035913753,-0.020048048,0.482425464,0.482841851,6.268547058,-4.480587006,0.728201568
37.299819776,1788576937.171075106,1788576937.167356968,0.477016480,-0.032041318,-0.013730382,0.478091381,0.478288503,6.255449772,-4.475423813,0.726431131
37.329820288,1788576937.202315807,1788576937.197357655,0.475351053,-0.034578779,-0.010243752,0.476607087,0.476717159,6.245532990,-4.471566200,0.725104809
37.359820288,1788576937.236548424,1788576937.227357388,0.473509433,-0.034947246,-0.008006489,0.474797318,0.474864820,6.235673428,-4.467748642,0.723901331
37.399820288,1788576937.271285057,1788576937.267357349,0.475378058,-0.029984667,-0.005789863,0.476322767,0.476357954,6.222733021,-4.462776184,0.722455263
37.429820032,1788576937.303151369,1788576937.297357321,0.478871582,-0.035346888,0.008604049,0.480174337,0.480251417,6.212756157,-4.459041595,0.721452355
37.459820032,1788576937.335613966,1788576937.327357292,0.482268486,-0.032422677,0.008634434,0.483357138,0.483434252,6.202696800,-4.455285549,0.720528066
37.499820032,1788576937.371066570,1788576937.367357254,0.487796322,-0.031144548,0.021114555,0.488789560,0.489245397,6.189326763,-4.450343609,0.719361365
37.529819008,1788576937.404367924,1788576937.397356272,0.491462159,-0.029335325,0.013095422,0.492336891,0.492511020,6.178948879,-4.446582794,0.718577385
37.559819008,1788576937.436605692,1788576937.427356243,0.496267257,-0.029115740,0.019024276,0.497120626,0.497484512,6.168404102,-4.442866802,0.717780948
37.599819008,1788576937.471263647,1788576937.467356205,0.502342985,-0.036132803,0.029691209,0.503640799,0.504515234,6.154288769,-4.437957764,0.716778755
37.629819776,1788576937.503103495,1788576937.497357130,0.504396953,-0.023066923,0.016035526,0.504924122,0.505178688,6.143349648,-4.434263229,0.716081142
37.659819776,1788576937.537398338,1788576937.527356863,0.510145030,-0.032289865,0.022866805,0.511165909,0.511677122,6.132232189,-4.430545807,0.715352774
37.699819776,1788576937.569144487,1788576937.567356825,0.516270415,-0.027896527,0.026323126,0.517023556,0.517693214,6.117208481,-4.425728798,0.714245260
37.729819008,1788576937.602155209,1788576937.597356319,0.521621004,-0.023853816,0.026285399,0.522166138,0.522827312,6.105578423,-4.422076225,0.713497698
37.759819008,1788576937.636634827,1788576937.627356052,0.526247780,-0.023863225,0.025710266,0.526788552,0.527415583,6.093700886,-4.418398380,0.712733507
37.799819008,1788576937.672375917,1788576937.667356253,0.530525372,-0.016738051,0.026153125,0.530789349,0.531433269,6.077640057,-4.413564205,0.711525381
37.829818240,1788576937.702130318,1788576937.697355509,0.535105882,-0.034476290,0.021991796,0.536215366,0.536666152,6.065286636,-4.409841061,0.710628211
37.859818240,1788576937.736584902,1788576937.727355480,0.538778647,-0.016861538,0.026764511,0.539042431,0.539706477,6.052693844,-4.406127453,0.709700882
37.899818240,1788576937.771357298,1788576937.767355442,0.542690327,-0.020418864,0.028137433,0.543074323,0.543802754,6.035536766,-4.401215553,0.708372951
37.929819008,1788576937.804476023,1788576937.797356367,0.544630680,-0.021716918,0.021742348,0.545063485,0.545496959,6.022419453,-4.397505760,0.707439423
37.959819008,1788576937.836450577,1788576937.827356100,0.546352070,-0.017905344,0.026115609,0.546645393,0.547268865,6.009125233,-4.393840790,0.706464887
37.999819008,1788576937.871710062,1788576937.867356062,0.546291734,-0.023770799,0.028520059,0.546808659,0.547551919,5.991165638,-4.388961315,0.705063879
38.029817984,1788576937.902171850,1788576937.897355318,0.546026072,-0.016459787,0.019695856,0.546274103,0.546629054,5.977530956,-4.385276318,0.704150915
38.059817984,1788576937.936388254,1788576937.927355051,0.547502625,-0.019691999,0.035249395,0.547856641,0.548989453,5.963757038,-4.381632805,0.703236461
38.099817984,1788576937.971545935,1788576937.967355251,0.544292913,-0.020745827,0.031102894,0.544688135,0.545575434,5.945244789,-4.376933575,0.701978028
38.129818752,1788576938.004389524,1788576937.997355938,0.543052700,-0.012116748,0.030833133,0.543187859,0.544062251,5.931270123,-4.373415470,0.701181948
38.159818752,1788576938.036525488,1788576938.027355909,0.541149254,-0.010673792,0.037480093,0.541254511,0.542550645,5.917144299,-4.369989395,0.700461566
38.199818752,1788576938.071218014,1788576938.067355871,0.535211752,-0.009987791,0.033219338,0.535304937,0.536334690,5.898095131,-4.365515232,0.699434578
38.229819520,1788576938.104392529,1788576938.097356796,0.533313146,-0.003247244,0.034445162,0.533323032,0.534434211,5.883778095,-4.362199306,0.698790193
38.259819520,1788576938.136516333,1788576938.127356768,0.530302681,-0.004715410,0.039044728,0.530323645,0.531759024,5.869314194,-4.359006882,0.698232710
38.299819520,1788576938.171107054,1788576938.167356730,0.525523765,-0.001506656,0.038002889,0.525525925,0.526898204,5.849774837,-4.354879379,0.697383106
38.329819264,1788576938.202197790,1788576938.197356462,0.523590955,0.002176969,0.047334514,0.523595480,0.525730714,5.835105419,-4.351834297,0.696887016
38.359819264,1788576938.237614632,1788576938.227356434,0.519215077,0.006930955,0.035455228,0.519261335,0.520470371,5.820367336,-4.348907471,0.696330607
38.399819264,1788576938.269494057,1788576938.267356396,0.516464250,0.013567044,0.040098690,0.516642416,0.518196190,5.800428391,-4.345237255,0.695335627
38.429819520,1788576938.302206278,1788576938.297356844,0.512569035,-0.004746228,0.028563814,0.512591009,0.513386242,5.785514832,-4.342515945,0.694636047
38.459819520,1788576938.336650133,1788576938.327356577,0.508679711,0.010671640,0.034611274,0.508791640,0.509967521,5.770545006,-4.339838028,0.693820000
38.499819520,1788576938.371135712,1788576938.367356777,0.504134627,0.009151192,0.034077220,0.504217678,0.505367909,5.750386238,-4.336440563,0.692576826
38.529819520,1788576938.404359579,1788576938.397356749,0.498899674,-0.008831899,0.027880288,0.498977842,0.499756138,5.735382557,-4.334025383,0.691713989
38.559819520,1788576938.436415434,1788576938.427356720,0.491501677,-0.005989483,0.031579591,0.491538170,0.492551564,5.720433712,-4.331630230,0.690817058
38.599819520,1788576938.471293688,1788576938.467356682,0.482942018,-0.006711863,0.021934628,0.482988656,0.483486473,5.700392723,-4.328736782,0.689521253
38.629819264,1788576938.502155781,1788576938.497356653,0.477538483,-0.018700191,0.028554224,0.477904488,0.478756768,5.685536385,-4.326675892,0.688682795
38.659819264,1788576938.536423445,1788576938.527356386,0.471860763,-0.018192789,0.020474397,0.472211348,0.472655010,5.670715332,-4.324734211,0.687841594
38.699819264,1788576938.571139812,1788576938.567356348,0.465487432,-0.021207698,0.020377443,0.465970295,0.466415647,5.650840759,-4.322422028,0.686605632
38.729820032,1788576938.604432821,1788576938.597357273,0.460023707,-0.030470233,0.024854348,0.461031720,0.461701186,5.636108875,-4.320787430,0.685719430
38.759820032,1788576938.636791706,1788576938.627357244,0.455343687,-0.029809474,0.033427667,0.456318396,0.457541132,5.621467590,-4.319274902,0.684917331
38.799820032,1788576938.672446489,1788576938.667357206,0.448098511,-0.035832130,0.032725973,0.449528883,0.450718544,5.602039337,-4.317480087,0.683760285
38.829819520,1788576938.704430580,1788576938.697356701,0.440992067,-0.040726726,0.022639274,0.442868682,0.443446960,5.587673187,-4.316194534,0.683008432
38.859819520,1788576938.736400127,1788576938.727356672,0.437986940,-0.043331167,0.028450678,0.440125152,0.441043751,5.573444366,-4.315050125,0.682214558
38.899819520,1788576938.771153688,1788576938.767356634,0.429824498,-0.044284345,0.019012432,0.432099760,0.432517832,5.554678917,-4.313890457,0.681092918
38.929819264,1788576938.802175999,1788576938.797356606,0.426496674,-0.045618401,0.028599431,0.428929425,0.429881820,5.540772438,-4.313127995,0.680308700
38.959819264,1788576938.836395741,1788576938.827356339,0.418481058,-0.047317529,0.022191158,0.421147651,0.421731896,5.527048588,-4.312550545,0.679548085
38.999819264,1788576938.871119976,1788576938.867356300,0.412522492,-0.054834359,0.024126657,0.416150950,0.416849744,5.509084225,-4.312122345,0.678500354
39.029820032,1788576938.902156591,1788576938.897357225,0.406666165,-0.050164526,0.035484188,0.409748520,0.411282114,5.495822906,-4.311886787,0.677923918
39.059820032,1788576938.936591625,1788576938.927357197,0.401452395,-0.051243328,0.024220417,0.404709654,0.405433759,5.482749939,-4.311887741,0.677333713
39.099820032,1788576938.971178532,1788576938.967357159,0.395440599,-0.054065882,0.036411805,0.399119515,0.400777003,5.465640545,-4.312243462,0.676602900
39.129819264,1788576939.004498720,1788576938.997356653,0.388861663,-0.047049290,0.028683789,0.391697624,0.392746468,5.453014851,-4.312607288,0.676150084
39.159819264,1788576939.036393642,1788576939.027356386,0.383779268,-0.055718741,0.034779774,0.387802920,0.389359393,5.440598488,-4.313111782,0.675751388
39.199819264,1788576939.071292162,1788576939.067356348,0.378166751,-0.046680089,0.038778945,0.381036904,0.383005129,5.424419880,-4.313971519,0.675100505
39.229819008,1788576939.102170467,1788576939.097356319,0.371444773,-0.044625454,0.036541778,0.374115825,0.375896199,5.412505150,-4.314746857,0.674721718
39.259819008,1788576939.136473894,1788576939.127356052,0.366228897,-0.043557114,0.037241421,0.368810015,0.370685514,5.400815487,-4.315608501,0.674312353
39.299819008,1788576939.171077013,1788576939.167356253,0.360267244,-0.043709022,0.048438727,0.362909033,0.366127404,5.385641575,-4.317031860,0.673710823
39.329819776,1788576939.204533100,1788576939.197356939,0.355333214,-0.040596225,0.039747588,0.357644721,0.359846658,5.374462605,-4.318169117,0.673410296
39.359819776,1788576939.236755133,1788576939.227356911,0.350178956,-0.052505741,0.038844458,0.354093426,0.356217695,5.363438129,-4.319378853,0.673076391
39.399819776,1788576939.271319389,1788576939.267356873,0.348748875,-0.038118420,0.047369197,0.350825871,0.354009368,5.348966599,-4.321143627,0.672574818
39.429818752,1788576939.304397106,1788576939.297356129,0.342977450,-0.040617723,0.047397840,0.345374190,0.348611368,5.338233948,-4.322488308,0.672374129
39.459818752,1788576939.336395979,1788576939.327355862,0.341343751,-0.027269326,0.053396368,0.342431267,0.346569394,5.327622414,-4.323893547,0.672236621
39.499818752,1788576939.371198893,1788576939.367355824,0.335505943,-0.032257824,0.047654304,0.337053119,0.340405255,5.313611031,-4.325719833,0.671887279
39.529817984,1788576939.402133703,1788576939.397355318,0.334877094,-0.031216606,0.049902138,0.336328923,0.340010835,5.303238392,-4.327148914,0.671750009
39.559817984,1788576939.436360598,1788576939.427355051,0.334944462,-0.035268306,0.060464820,0.336796149,0.342180713,5.292896271,-4.328499317,0.671649337
39.599817984,1788576939.471291542,1788576939.467355251,0.333201137,-0.030419627,0.051188823,0.334586837,0.338479906,5.279116154,-4.330280781,0.671461582
39.629817216,1788576939.504411459,1788576939.497354507,0.333710445,-0.035174180,0.055171718,0.335559062,0.340064409,5.268791199,-4.331582069,0.671369195
39.659817216,1788576939.536565304,1788576939.527354479,0.336401640,-0.027475878,0.061407986,0.337521833,0.343062572,5.258372784,-4.332831860,0.671306670
39.699817216,1788576939.571276188,1788576939.567354441,0.338403541,-0.032177488,0.053438116,0.339929915,0.344104606,5.244288921,-4.334388733,0.671155155
39.729817984,1788576939.604477644,1788576939.597355366,0.342484137,-0.030007947,0.061264678,0.343796250,0.349212288,5.233654499,-4.335546970,0.671156168
39.759817984,1788576939.636423349,1788576939.627355099,0.344280004,-0.029344889,0.059542259,0.345528354,0.350621055,5.222932816,-4.336715698,0.671280026
39.799817984,1788576939.672317266,1788576939.667355061,0.348956772,-0.032975195,0.060312171,0.350511330,0.355662411,5.208428383,-4.338120461,0.671419978
39.829816960,1788576939.703233480,1788576939.697354317,0.351975469,-0.032254563,0.060557609,0.353450262,0.358600490,5.197447777,-4.339160919,0.671656072
39.859816960,1788576939.735604048,1788576939.727354050,0.354149723,-0.031658020,0.050161946,0.355561889,0.359082828,5.186396599,-4.340119362,0.671886206
39.899816960,1788576939.771164179,1788576939.767354012,0.353015173,-0.037421728,0.052338495,0.354993096,0.358830624,5.171598911,-4.341298103,0.672361791
39.929817728,1788576939.804469585,1788576939.797354937,0.353566308,-0.033724324,0.052483813,0.355171035,0.359027875,5.160511971,-4.342117310,0.672816813
39.959817728,1788576939.836650848,1788576939.827354908,0.354738422,-0.037794406,0.058133573,0.356746079,0.361451625,5.149450779,-4.342821121,0.673389077
39.999817728,1788576939.871077538,1788576939.867354870,0.353594081,-0.038681434,0.055020820,0.355703567,0.359933769,5.134807110,-4.343693256,0.674475431
40.029817472,1788576939.903639555,1788576939.897354841,0.352549618,-0.043754103,0.053236435,0.355254352,0.359221063,5.123862743,-4.344346523,0.675354362
40.059817472,1788576939.937416792,1788576939.927354574,0.350758241,-0.045662684,0.055133678,0.353718001,0.357989032,5.112938404,-4.344971657,0.676436305
40.099817472,1788576939.970479727,1788576939.967354536,0.350664607,-0.043783165,0.065146395,0.353387369,0.359342017,5.098433018,-4.345817089,0.678249896
40.129816448,1788576940.003129959,1788576939.997353792,0.347730332,-0.047571524,0.055847448,0.350969277,0.355384821,5.087609768,-4.346474648,0.679716945
40.159816448,1788576940.035675764,1788576940.027353525,0.346202144,-0.045407073,0.047820859,0.349167190,0.352426675,5.076824188,-4.347210884,0.681279838
40.199816448,1788576940.070016623,1788576940.067353487,0.345587233,-0.047075359,0.055757993,0.348778762,0.353207558,5.062487602,-4.348390102,0.683658063
40.229817216,1788576940.104480267,1788576940.097354412,0.346626656,-0.041338093,0.053197300,0.349082908,0.353113055,5.051747322,-4.349300861,0.685518742
40.259817216,1788576940.135688543,1788576940.127354383,0.345901416,-0.045169999,0.058168799,0.348838241,0.353654815,5.041070461,-4.350364208,0.687504828
40.299817216,1788576940.171071529,1788576940.167354345,0.342695946,-0.032297242,0.059225866,0.344214502,0.349272568,5.026978970,-4.352062702,0.690407932
40.329816192,1788576940.204473972,1788576940.197353363,0.340276244,-0.037975926,0.051753953,0.342388804,0.346278161,5.016526222,-4.353415489,0.692563474
40.359816192,1788576940.236618519,1788576940.227353334,0.337784049,-0.028801332,0.051593166,0.339009705,0.342913159,5.006141663,-4.354929924,0.694812775
40.399816192,1788576940.271253586,1788576940.267353296,0.334545575,-0.026542390,0.054259659,0.335596842,0.339954925,4.992366314,-4.357166290,0.698106527
40.429815168,1788576940.304566383,1788576940.297352552,0.334387009,-0.022538867,0.052791310,0.335145748,0.339278049,4.982144833,-4.358934879,0.700568259
40.459815168,1788576940.336388826,1788576940.327352285,0.331189451,-0.021230196,0.052338588,0.331869211,0.335970983,4.971963406,-4.360854626,0.703117430
40.499815168,1788576940.371044397,1788576940.367352247,0.326266634,-0.011254184,0.049348486,0.326460676,0.330169420,4.958459854,-4.363683224,0.706880093
40.529814144,1788576940.404484749,1788576940.397351503,0.319537860,-0.017989141,0.044694456,0.320043830,0.323149574,4.948565483,-4.365879536,0.709551215
40.559814144,1788576940.436605453,1788576940.427351236,0.311779711,-0.008611160,0.032059713,0.311898605,0.313541967,4.938849449,-4.368160248,0.712258101
40.599814144,1788576940.471045494,1788576940.467351198,0.305352486,-0.011287194,0.036172271,0.305561027,0.307694612,4.926139832,-4.371327877,0.716071784
40.629814912,1788576940.504375696,1788576940.497352123,0.297349259,-0.009001482,0.023454912,0.297485476,0.298408681,4.916857719,-4.373698235,0.718731940
40.659814912,1788576940.536394835,1788576940.527352095,0.290788203,-0.012622468,0.026091274,0.291062031,0.292229123,4.907748222,-4.376031876,0.721417069
40.699814912,1788576940.571134090,1788576940.567352057,0.283468784,-0.008366209,0.021184112,0.283592216,0.284382333,4.895796299,-4.379223824,0.725303829
40.729815680,1788576940.604519129,1788576940.597352982,0.279387626,-0.012113395,0.017257219,0.279650103,0.280182068,4.887039185,-4.381505966,0.728011310
40.759815680,1788576940.636539459,1788576940.627352715,0.274141400,-0.006633834,0.019698188,0.274221653,0.274928234,4.878438950,-4.383819103,0.730670154
40.799815680,1788576940.672327995,1788576940.667352915,0.269035883,-0.009751815,0.008584823,0.269212563,0.269349408,4.867145061,-4.386940479,0.734250903
40.829814912,1788576940.703306675,1788576940.697352171,0.271821179,-0.004717133,0.018452161,0.271862106,0.272487590,4.858717442,-4.389229774,0.736787140
40.859814912,1788576940.737510681,1788576940.727352142,0.270614732,-0.011079765,0.009109080,0.270841456,0.270994593,4.850236893,-4.391546726,0.739324212
40.899814912,1788576940.769956350,1788576940.767352104,0.274165608,-0.011825726,0.013502440,0.274420532,0.274752515,4.838806152,-4.394708157,0.742739618
40.929813888,1788576940.802228212,1788576940.797351122,0.276932923,-0.008537017,0.002408781,0.277064477,0.277074948,4.830187798,-4.397008419,0.745063245
40.959813888,1788576940.837354183,1788576940.827351093,0.280320648,-0.013224398,0.012918430,0.280632412,0.280929593,4.821489334,-4.399333477,0.747313976
40.999813888,1788576940.871245146,1788576940.867351055,0.284627160,-0.007061703,0.008551898,0.284714748,0.284843155,4.809765816,-4.402576923,0.750367641
41.029813632,1788576940.902149200,1788576940.897351027,0.284028005,-0.013205916,-0.000977676,0.284334845,0.284336526,4.800908566,-4.404942513,0.752485931
41.059813632,1788576940.936403513,1788576940.927350760,0.287221761,-0.012973419,0.001047056,0.287514607,0.287516514,4.792033672,-4.407300472,0.754425168
41.099813632,1788576940.971098185,1788576940.967350721,0.290648854,-0.015699549,-0.001939098,0.291072555,0.291079014,4.780144215,-4.410417080,0.757004976
41.129814400,1788576941.004488230,1788576940.997351646,0.293096337,-0.009155096,-0.003075687,0.293239285,0.293255415,4.771168709,-4.412733078,0.758750618
41.159814400,1788576941.036514759,1788576941.027351618,0.295779933,-0.010713861,-0.009921546,0.295973910,0.296140157,4.762134552,-4.415060043,0.760419726
41.199814400,1788576941.071041822,1788576941.067351580,0.300354556,-0.011009100,-0.013341950,0.300556250,0.300852234,4.749982834,-4.418139458,0.762526453
41.229815168,1788576941.104326487,1788576941.097352505,0.301589291,-0.007439047,-0.018538483,0.301681024,0.302250088,4.740803242,-4.420437813,0.763864994
41.259815168,1788576941.136382580,1788576941.127352238,0.301975437,-0.014766505,-0.014884323,0.302336261,0.302702424,4.731609344,-4.422739029,0.765152752
41.299815168,1788576941.171127081,1788576941.167352438,0.300295366,-0.013801318,-0.022277334,0.300612347,0.301436664,4.719393253,-4.425746918,0.766692638
41.329815936,1788576941.204537868,1788576941.197353125,0.296938279,-0.008962317,-0.030364299,0.297073501,0.298621257,4.710323811,-4.427974701,0.767708242
41.359815936,1788576941.236534119,1788576941.227353096,0.296546699,-0.009881114,-0.025419109,0.296711276,0.297798106,4.701295376,-4.430062294,0.768616557
41.399815936,1788576941.271083832,1788576941.267353058,0.293785659,-0.012557624,-0.030688857,0.294053920,0.295651000,4.689306259,-4.432694912,0.769820929
41.429816704,1788576941.302317381,1788576941.297353983,0.292478550,-0.017415845,-0.033137093,0.292996611,0.294864513,4.680362701,-4.434571743,0.770589113
41.459816704,1788576941.336757421,1788576941.327353954,0.290439621,-0.015882637,-0.035646249,0.290873566,0.293049632,4.671455860,-4.436302185,0.771283209
41.499816704,1788576941.371058941,1788576941.367353916,0.289418555,-0.016432538,-0.033427766,0.289884681,0.291805661,4.659612656,-4.438404083,0.772208810
41.529816704,1788576941.404337883,1788576941.397353888,0.287815705,-0.016307771,-0.042240986,0.288277338,0.291355666,4.650784492,-4.439929008,0.772656918
41.559816704,1788576941.436388254,1788576941.427353859,0.287614960,-0.018569117,-0.031919716,0.288213770,0.289975939,4.641979694,-4.441353798,0.773070157
41.599816704,1788576941.471176147,1788576941.467353821,0.288622766,-0.020861568,-0.028801639,0.289375718,0.290805503,4.630281925,-4.443012714,0.773471475
41.629815680,1788576941.502119064,1788576941.497353077,0.287456479,-0.020197209,-0.040299670,0.288165151,0.290969445,4.621513367,-4.444263458,0.773705840
41.659815680,1788576941.536367893,1788576941.527352810,0.290447476,-0.021641634,-0.037373654,0.291252634,0.293640744,4.612700462,-4.445431232,0.773844004
41.699815680,1788576941.571140051,1788576941.567352772,0.291895819,-0.016468022,-0.041935738,0.292359992,0.295352282,4.600862980,-4.446911335,0.773884475
41.729814912,1788576941.604382038,1788576941.597352266,0.295091462,-0.025419804,-0.037316229,0.296184296,0.298525775,4.591908932,-4.447983265,0.773774803
41.759814912,1788576941.636445045,1788576941.627351999,0.298289642,-0.026641828,-0.032670476,0.299477040,0.301253809,4.582895279,-4.449035645,0.773617923
41.799814912,1788576941.673073053,1788576941.667351961,0.304710889,-0.026920538,-0.036827375,0.305897763,0.308106632,4.570715904,-4.450262070,0.773238301
41.829813888,1788576941.703163385,1788576941.697351217,0.307413332,-0.027971980,-0.046774873,0.308683314,0.312207106,4.561458111,-4.451223850,0.772818685
41.859813888,1788576941.735710859,1788576941.727350950,0.312852318,-0.028272075,-0.037917519,0.314127177,0.316407366,4.552016735,-4.452084541,0.772346795
41.899813888,1788576941.771172762,1788576941.767351151,0.318495921,-0.030736386,-0.047265593,0.319975588,0.323447698,4.539155960,-4.453247070,0.771583915
41.929813632,1788576941.802089214,1788576941.797350883,0.326768746,-0.027519377,-0.032323756,0.327925494,0.329514726,4.529341698,-4.454127789,0.770978987
41.959813632,1788576941.836354256,1788576941.827350855,0.328894908,-0.027899194,-0.048767872,0.330076090,0.333659304,4.519368649,-4.455036640,0.770238996
41.999813632,1788576941.871065617,1788576941.867350817,0.335785619,-0.031696392,-0.041001900,0.337278287,0.339761385,4.505791187,-4.456167221,0.769178629
42.029812608,1788576941.902102709,1788576941.897349834,0.340010966,-0.024972212,-0.042020625,0.340926778,0.343506625,4.495480537,-4.457122803,0.768323123
42.059812608,1788576941.936765671,1788576941.927349806,0.344968879,-0.030742753,-0.047476861,0.346336028,0.349575023,4.484978676,-4.458125591,0.767368019
42.099812608,1788576941.971049786,1788576941.967349768,0.350385201,-0.028426141,-0.039842348,0.351536391,0.353787008,4.470624924,-4.459610939,0.766110957
42.129812352,1788576942.002200842,1788576941.997349739,0.355051834,-0.033876083,-0.050271872,0.356664260,0.360189749,4.459727764,-4.460745335,0.765051305
42.159812352,1788576942.037352562,1788576942.027349472,0.359754989,-0.025809118,-0.040800296,0.360679585,0.362979926,4.448649406,-4.461941719,0.763944924
42.199812352,1788576942.071049690,1788576942.067349434,0.364884604,-0.033128692,-0.045917274,0.366385431,0.369251514,4.433531761,-4.463576794,0.762292027
42.229813120,1788576942.104418039,1788576942.097350359,0.368998432,-0.026446721,-0.043078679,0.369944957,0.372444686,4.422096252,-4.464863777,0.761048317
42.259813120,1788576942.136512280,1788576942.127350330,0.373011252,-0.031034303,-0.039855317,0.374300043,0.376415951,4.410434246,-4.466197491,0.759708345
42.299813120,1788576942.171056986,1788576942.167350292,0.376991130,-0.030506833,-0.042148328,0.378223451,0.380564660,4.394460201,-4.468179226,0.757665575
42.329812096,1788576942.204337120,1788576942.197349310,0.380715846,-0.023322700,-0.041993083,0.381429553,0.383734183,4.382409096,-4.469756603,0.756172061
42.359812096,1788576942.236768484,1788576942.227349281,0.383112966,-0.029932374,-0.040724512,0.384280486,0.386432371,4.370191574,-4.471375942,0.754535019
42.399812096,1788576942.271131992,1788576942.267349243,0.388091441,-0.026722036,-0.035565765,0.389010327,0.390632766,4.353525162,-4.473683834,0.752058148
42.429812864,1788576942.302330256,1788576942.297350168,0.391214013,-0.028201748,-0.034885997,0.392229197,0.393777571,4.340970993,-4.475462437,0.750248730
42.459812864,1788576942.337383270,1788576942.327349901,0.392243065,-0.027395001,-0.042740712,0.393198561,0.395514699,4.328222275,-4.477320194,0.748238027
42.499812864,1788576942.370420694,1788576942.367350101,0.398142969,-0.025919986,-0.037146727,0.398985801,0.400711303,4.310771465,-4.479969025,0.745172083
42.529811840,1788576942.403534651,1788576942.397349119,0.400730992,-0.028940903,-0.036354578,0.401774693,0.403416112,4.297648907,-4.482021332,0.742903173
42.559811840,1788576942.435644865,1788576942.427349091,0.403540659,-0.028698925,-0.041343308,0.404559874,0.406666892,4.284344673,-4.484105110,0.740466893
42.599811840,1788576942.471030474,1788576942.467349052,0.406857982,-0.028924945,-0.038505686,0.407884873,0.409698374,4.266249180,-4.487102985,0.736914933
42.629812352,1788576942.504339933,1788576942.497349739,0.409380186,-0.026499346,-0.031840111,0.410236946,0.411470709,4.252670288,-4.489332676,0.734352887
42.659812352,1788576942.536556005,1788576942.527349472,0.410947516,-0.022174219,-0.032692129,0.411545328,0.412841776,4.238986969,-4.491640091,0.731785476
42.699812352,1788576942.571122408,1788576942.567349434,0.411463969,-0.028574565,-0.035627079,0.412454972,0.413990812,4.220434666,-4.494731426,0.728122234
42.729812864,1788576942.604414701,1788576942.597350121,0.409372948,-0.027522380,-0.029435643,0.410297077,0.411351612,4.206604481,-4.497027397,0.725434899
42.759812864,1788576942.636495829,1788576942.627350092,0.407112954,-0.026806058,-0.020482868,0.407994513,0.408508348,4.192828655,-4.499306202,0.722888827
42.799812864,1788576942.672297716,1788576942.667350054,0.402454403,-0.030540116,-0.020738920,0.403611502,0.404143969,4.174521446,-4.502287388,0.719401717
42.829811840,1788576942.703111410,1788576942.697349072,0.401014042,-0.021060841,-0.012456049,0.401566708,0.401759846,4.160989285,-4.504528999,0.717032969
42.859811840,1788576942.735506535,1788576942.727349043,0.394458211,-0.031916983,-0.015345319,0.395747361,0.396044761,4.147664070,-4.506768227,0.714709759
42.899811840,1788576942.771163464,1788576942.767349005,0.387711095,-0.030342884,-0.015211767,0.388896624,0.389194015,4.130240917,-4.509650707,0.711604416
42.929812352,1788576942.804374933,1788576942.797349691,0.382217289,-0.021547566,0.000520753,0.382824181,0.382824535,4.117421627,-4.511750698,0.709569871
42.959812352,1788576942.836674929,1788576942.827349424,0.377998163,-0.019255106,-0.002544387,0.378488270,0.378496822,4.104859352,-4.513864040,0.707663655
42.999812352,1788576942.871063948,1788576942.867349386,0.371442418,-0.028274258,0.001392903,0.372516984,0.372519588,4.088499546,-4.516551018,0.705095172
43.029812864,1788576942.903457165,1788576942.897350073,0.367911431,-0.006752668,0.005823572,0.367973395,0.368019474,4.076463223,-4.518553734,0.703309774
43.059812864,1788576942.937316895,1788576942.927350044,0.363706634,-0.019456373,0.007895497,0.364226668,0.364312235,4.064643860,-4.520494461,0.701606393
43.099812864,1788576942.971040249,1788576942.967350006,0.358032995,-0.016871029,0.007632267,0.358430268,0.358511518,4.049272060,-4.523022652,0.699359417
43.129812352,1788576943.002108335,1788576942.997349739,0.355349177,-0.010541694,0.016619969,0.355505506,0.355893788,4.037917137,-4.524845123,0.697901964
43.159812352,1788576943.036333084,1788576943.027349472,0.350012784,-0.013093098,0.009049625,0.350257589,0.350374477,4.026824474,-4.526623249,0.696495652
43.199812352,1788576943.071121931,1788576943.067349434,0.345922920,-0.012914595,0.022680073,0.346163911,0.346906095,4.012488842,-4.528761387,0.694939673
43.229811328,1788576943.104408503,1788576943.097348690,0.341141694,-0.016378221,0.011675522,0.341534627,0.341734136,4.001935959,-4.530306339,0.693872988
43.259811328,1788576943.136790752,1788576943.127348423,0.336692540,-0.010892797,0.019762851,0.336868698,0.337447907,3.991648436,-4.531666756,0.692983985
43.299811328,1788576943.171023607,1788576943.167348385,0.327932038,-0.013580290,0.016903136,0.328213110,0.328648082,3.978494883,-4.533276558,0.692035794
43.329811840,1788576943.204394817,1788576943.197349072,0.324579640,-0.013736400,0.033813734,0.324870176,0.326625167,3.968828201,-4.534409523,0.691509247
43.359811840,1788576943.236560106,1788576943.227349043,0.317710344,-0.015387592,0.013408340,0.318082758,0.318365238,3.959466457,-4.535374641,0.691096544
43.399811840,1788576943.271213293,1788576943.267349005,0.312746787,-0.018873564,0.022976671,0.313315758,0.314157113,3.947578192,-4.536380291,0.690867245
43.429811328,1788576943.302137852,1788576943.297348499,0.308223345,-0.015962324,0.026214428,0.308636398,0.309747675,3.938823700,-4.537079811,0.690797865
43.459811328,1788576943.336324215,1788576943.327348471,0.303138275,-0.019093831,0.034662107,0.303739013,0.305710402,3.930308104,-4.537695408,0.690953076
43.499811328,1788576943.371108770,1788576943.367348433,0.296436905,-0.020919468,0.030771658,0.297174128,0.298763046,3.919415712,-4.538322926,0.691480875
43.529810304,1788576943.404447556,1788576943.397347689,0.296332952,-0.017587739,0.045557876,0.296854421,0.300329931,3.911316633,-4.538720608,0.692029774
43.559810304,1788576943.436473370,1788576943.427347422,0.294099890,-0.024241753,0.036496089,0.295097286,0.297345544,3.903316498,-4.539104939,0.692739069
43.599810304,1788576943.471129417,1788576943.467347383,0.293848945,-0.024006862,0.047260547,0.294827970,0.298591848,3.892850161,-4.539520264,0.694041610
43.629810816,1788576943.504327536,1788576943.497348070,0.291989147,-0.022334616,0.042909328,0.292842103,0.295969099,3.884999037,-4.539822578,0.695057094
43.659810816,1788576943.536376238,1788576943.527348042,0.294160374,-0.023402562,0.044718093,0.295089827,0.298458898,3.877174616,-4.540156364,0.696256816
43.699810816,1788576943.571098804,1788576943.567348003,0.294704222,-0.026828273,0.040542069,0.295922852,0.298687117,3.866865635,-4.540718555,0.698166966
43.729810560,1788576943.602182865,1788576943.597347736,0.298095404,-0.020564788,0.054449696,0.298803916,0.303724463,3.859058857,-4.541141987,0.699538887
43.759810560,1788576943.636367321,1788576943.627347708,0.300603594,-0.025044548,0.051486471,0.301645073,0.306007528,3.851199389,-4.541686058,0.701036990
43.799810560,1788576943.672359467,1788576943.667347670,0.304504896,-0.022118405,0.048748353,0.305307149,0.309174477,3.840661526,-4.542624474,0.703329742
43.829810304,1788576943.704359531,1788576943.697347641,0.310983128,-0.020359902,0.049653657,0.311648891,0.315579653,3.832522392,-4.543416977,0.705031276
43.859810304,1788576943.736531258,1788576943.727347374,0.325502613,-0.024664987,0.056734892,0.326435771,0.331329384,3.823969841,-4.544344902,0.706900716
43.899810304,1788576943.771092653,1788576943.767347574,0.350046556,-0.022860742,0.067747254,0.350792253,0.357274258,3.811737299,-4.545902729,0.709679365
43.929810816,1788576943.802194834,1788576943.797348022,0.369209171,-0.021494844,0.075399163,0.369834342,0.377442014,3.801838875,-4.547244549,0.711845458
43.959810816,1788576943.837306976,1788576943.827347994,0.393827204,-0.019378952,0.077800081,0.394303704,0.401905789,3.791160822,-4.548776627,0.714126229
43.999810816,1788576943.870375633,1788576943.867347956,0.430636954,-0.019380905,0.088199258,0.431072855,0.440003313,3.775527477,-4.551446915,0.717438698
44.029809792,1788576943.903457642,1788576943.897346973,0.458295221,-0.014315976,0.090382219,0.458518764,0.467341848,3.762787819,-4.553588867,0.719807744
44.059809792,1788576943.935486555,1788576943.927346945,0.489117918,-0.014371540,0.098457759,0.489329009,0.499136063,3.749060154,-4.556056023,0.722214162
44.099809792,1788576943.971043110,1788576943.967346907,0.529146803,-0.015142678,0.101545499,0.529363429,0.539014961,3.729044676,-4.559873104,0.725601971
44.129808768,1788576944.004371643,1788576943.997346163,0.558093599,-0.013499560,0.101465258,0.558256843,0.567402768,3.712978363,-4.562913418,0.728041649
44.159808768,1788576944.036434174,1788576944.027345896,0.588818280,-0.012742465,0.111160428,0.588956142,0.599354635,3.695836544,-4.566272736,0.730471075
44.199808768,1788576944.071073294,1788576944.067345858,0.627801448,-0.010392454,0.101070806,0.627887459,0.635970101,3.671150684,-4.571393967,0.733665586
44.229807744,1788576944.104278088,1788576944.097345114,0.658394507,-0.009244973,0.113980379,0.658459411,0.668251691,3.651656628,-4.575447083,0.735878527
44.259807744,1788576944.136354446,1788576944.127344847,0.684830218,-0.005539343,0.103598477,0.684852620,0.692644033,3.631108284,-4.579794407,0.738007009
44.299807744,1788576944.171005726,1788576944.167344809,0.722999109,-0.011098492,0.102349044,0.723084288,0.730291869,3.601871729,-4.586062431,0.740742981
44.329807488,1788576944.202135086,1788576944.197344780,0.749766555,-0.006027616,0.105024160,0.749790783,0.757110489,3.579022646,-4.590939045,0.742611945
44.359807488,1788576944.236516953,1788576944.227344751,0.775210465,-0.008936496,0.105937361,0.775261973,0.782466517,3.555216551,-4.596024990,0.744343162
44.399807488,1788576944.271089077,1788576944.267344713,0.808687172,-0.008222516,0.102821716,0.808728973,0.815239141,3.521837711,-4.603373528,0.746414304
44.429808000,1788576944.304366112,1788576944.297345161,0.832422524,-0.004889886,0.096134586,0.832436886,0.837969586,3.496046305,-4.608983994,0.747840166
44.459808000,1788576944.336491108,1788576944.327345133,0.853260503,-0.006984871,0.083861675,0.853289091,0.857400172,3.469442844,-4.614785194,0.749077857
44.499808000,1788576944.371069431,1788576944.367345095,0.881403337,-0.011161115,0.077238196,0.881474000,0.884851486,3.432512045,-4.622933388,0.750533998
44.529806976,1788576944.404376984,1788576944.397344351,0.900410353,-0.002753540,0.068696159,0.900414564,0.903031311,3.404247999,-4.629116058,0.751524031
44.559806976,1788576944.436328888,1788576944.427344084,0.910485554,-0.008112807,0.053361256,0.910521698,0.912083979,3.375452280,-4.635422707,0.752395272
44.599806976,1788576944.471257687,1788576944.467344046,0.921865473,0.001264931,0.046451850,0.921866341,0.923035929,3.336277485,-4.644196510,0.753499389
44.629806720,1788576944.502104998,1788576944.497344017,0.926355539,-0.004498880,0.037893321,0.926366463,0.927141159,3.306804657,-4.650745392,0.754235804
44.659806720,1788576944.537278175,1788576944.527343988,0.926861041,-0.002079699,0.015468525,0.926863375,0.926992444,3.277207613,-4.657373905,0.754883051
44.699806720,1788576944.571133375,1788576944.567343950,0.930259433,0.001294792,0.015840475,0.930260334,0.930395191,3.237452745,-4.666436672,0.755509019
44.729805696,1788576944.604386091,1788576944.597342968,0.931587622,0.001475538,0.016535741,0.931588791,0.931735534,3.207688808,-4.673193932,0.755901158
44.759805696,1788576944.636577606,1788576944.627342939,0.931269532,-0.005317752,0.007150882,0.931284715,0.931312168,3.177904844,-4.679907322,0.756155789
44.799805696,1788576944.672383547,1788576944.667342901,0.934158908,-0.001285607,0.011408188,0.934159792,0.934229450,3.138099909,-4.688957214,0.756327331
44.829804672,1788576944.703090191,1788576944.697341919,0.931683522,0.006403723,-0.006912041,0.931705529,0.931731168,3.108374596,-4.695640087,0.756440163
44.859804672,1788576944.737315416,1788576944.727341890,0.923287205,-0.014703871,-0.024642716,0.923404281,0.923733040,3.078859806,-4.702202320,0.756437778
44.899804672,1788576944.770676374,1788576944.767341852,0.904175394,-0.001810754,-0.032756200,0.904177207,0.904770353,3.040156364,-4.710906506,0.756242633
44.929803904,1788576944.802165031,1788576944.797341108,0.886502743,-0.001200543,-0.031327513,0.886503556,0.887056913,3.011798859,-4.717219830,0.756101191
44.959803904,1788576944.836353302,1788576944.827341080,0.871285285,-0.007452639,-0.028102990,0.871317158,0.871770249,2.984053850,-4.723431110,0.755868793
44.999803904,1788576944.871047020,1788576944.867341042,0.852685285,-0.009394661,-0.027152395,0.852737038,0.853169214,2.947942734,-4.731560707,0.755410790
45.029804416,1788576944.904335976,1788576944.897341728,0.834673923,-0.005674491,-0.037638914,0.834693212,0.835541409,2.921450615,-4.737372398,0.755056977
45.059804416,1788576944.937350512,1788576944.927341461,0.819036932,-0.024512216,-0.035903751,0.819403652,0.820189871,2.895525694,-4.742844582,0.754653275
45.099804416,1788576944.969671488,1788576944.967341661,0.797920303,-0.036376491,-0.039499849,0.798749059,0.799725138,2.861913919,-4.749642849,0.753900468
45.129803392,1788576945.003091574,1788576944.997340679,0.782383491,-0.043962267,-0.034452684,0.783617641,0.784374652,2.837258339,-4.754172325,0.753346503
45.159803392,1788576945.037342310,1788576945.027340651,0.763156238,-0.058604356,-0.045223246,0.765403106,0.766737932,2.813206673,-4.758201122,0.752646983
45.199803392,1788576945.070410252,1788576945.067340612,0.736545716,-0.075530469,-0.042534402,0.740408295,0.741629031,2.782267332,-4.762764454,0.751531065
45.229802368,1788576945.103060007,1788576945.097339630,0.717418404,-0.083926170,-0.043698293,0.722310715,0.723631336,2.759757280,-4.765561104,0.750648022
45.259802368,1788576945.135464668,1788576945.127339602,0.695231429,-0.096413866,-0.050107290,0.701884872,0.703671169,2.737941742,-4.767804623,0.749679983
45.299802368,1788576945.171117067,1788576945.167339563,0.670196510,-0.113611878,-0.045815950,0.679758060,0.681300317,2.710065842,-4.769997597,0.748180091
45.329802880,1788576945.204426765,1788576945.197340250,0.651035477,-0.122297265,-0.042722418,0.662422685,0.663798929,2.689812899,-4.771098614,0.747056365
45.359802880,1788576945.236595869,1788576945.227339983,0.629352124,-0.138187079,-0.049132696,0.644344446,0.646214970,2.670305014,-4.771599293,0.745838940
45.399802880,1788576945.271067858,1788576945.267339945,0.598035531,-0.151620245,-0.050797691,0.616956396,0.619044102,2.645738602,-4.771275997,0.743956447
45.429803392,1788576945.304307699,1788576945.297340631,0.571649338,-0.155242278,-0.054163935,0.592353889,0.594825069,2.628100634,-4.770519733,0.742595434
45.459803392,1788576945.336507797,1788576945.327340603,0.549444933,-0.165341730,-0.046394459,0.573783602,0.575656206,2.611352205,-4.769232273,0.741174161
45.499803392,1788576945.371050835,1788576945.367340565,0.513810507,-0.176774431,-0.051470732,0.543369522,0.545801863,2.590623617,-4.766536236,0.739036977
45.529803136,1788576945.402222633,1788576945.397340298,0.490400832,-0.188393254,-0.047471835,0.525342740,0.527483241,2.575859785,-4.764027119,0.737480164
45.559803136,1788576945.436365366,1788576945.427340269,0.464765830,-0.197183231,-0.047575103,0.504864836,0.507101463,2.561939716,-4.760911942,0.735933423
45.599803136,1788576945.471029282,1788576945.467340231,0.432354863,-0.213384920,-0.044761183,0.482145052,0.484218355,2.544833422,-4.755523205,0.733667195
45.629802112,1788576945.504458666,1788576945.497339487,0.410511127,-0.224651572,-0.041194797,0.467961232,0.469770929,2.532702208,-4.750946522,0.731995106
45.659802112,1788576945.536395550,1788576945.527339220,0.388817526,-0.240500037,-0.037115348,0.457186326,0.458690403,2.521305084,-4.745679379,0.730267584
45.699802112,1788576945.571114063,1788576945.567339182,0.362756972,-0.250525716,-0.021424943,0.440857976,0.441378277,2.507403135,-4.737389565,0.727951407
45.729801088,1788576945.604451656,1788576945.597338438,0.340800644,-0.263817451,-0.024852629,0.430981120,0.431697092,2.497560501,-4.730708599,0.726324856
45.769801088,1788576945.638300419,1788576945.637338400,0.317317015,-0.271570953,-0.021661531,0.417661191,0.418222539,2.485527515,-4.720857143,0.724066019
45.799801088,1788576945.672286272,1788576945.667338133,0.298581496,-0.279154517,-0.016663133,0.408751947,0.409091450,2.477299929,-4.712755680,0.722406387
45.829800064,1788576945.703114986,1788576945.697337389,0.282834741,-0.292693474,-0.009125538,0.407019607,0.407121893,2.469479561,-4.704373837,0.720802605
45.859800064,1788576945.735463142,1788576945.727337122,0.264345986,-0.292555016,-0.019566951,0.394293339,0.394778549,2.462201834,-4.695488930,0.719127953
45.899800064,1788576945.771070719,1788576945.767337322,0.246893060,-0.305277956,-0.005843915,0.392620444,0.392663933,2.453498602,-4.682623863,0.716809213
45.929799552,1788576945.802154541,1788576945.797336817,0.232802710,-0.313333998,-0.007872978,0.390352785,0.390432171,2.447312832,-4.672720909,0.715194762
45.959799552,1788576945.837347031,1788576945.827336788,0.220408107,-0.321095104,-0.004481011,0.389463477,0.389489254,2.441551208,-4.662376404,0.713559449
45.999799552,1788576945.871006250,1788576945.867336750,0.204732571,-0.325823897,0.006656676,0.384807273,0.384864845,2.434690237,-4.647711277,0.711393535
46.029799296,1788576945.903388500,1788576945.897336483,0.191223890,-0.336567020,-0.003457444,0.387096803,0.387112243,2.429815292,-4.636539459,0.709939003
46.059799296,1788576945.937352657,1788576945.927336454,0.180581461,-0.338444336,0.000555666,0.383606872,0.383607275,2.425284863,-4.624931335,0.708560765
46.099799296,1788576945.971012831,1788576945.967336416,0.167626896,-0.344888917,0.006641209,0.383467262,0.383524767,2.419929266,-4.608542442,0.706835091
46.129798272,1788576946.002034664,1788576945.997335434,0.159754161,-0.350667492,0.013980216,0.385342811,0.385596328,2.416079760,-4.596192837,0.705684960
46.159798272,1788576946.036424398,1788576946.027335405,0.150442000,-0.358529985,0.011696087,0.388814281,0.388990159,2.412478209,-4.583439350,0.704633713
46.199798272,1788576946.072087765,1788576946.067335367,0.142023526,-0.365836597,0.022346025,0.392437381,0.393073076,2.408152819,-4.565515518,0.703359842
46.229797248,1788576946.102082491,1788576946.097334623,0.133862992,-0.384487230,0.031177175,0.407123729,0.408315744,2.404958248,-4.551817894,0.702546775
46.259797248,1788576946.136677027,1788576946.127334356,0.128306949,-0.394472130,0.034982422,0.414814337,0.416286805,2.401863575,-4.537586689,0.701865852
46.299797248,1788576946.171014071,1788576946.167334318,0.122753747,-0.422323153,0.055742729,0.439801464,0.443319952,2.397903919,-4.517250061,0.701273084
46.329796736,1788576946.202270985,1788576946.197334051,0.116009595,-0.447359931,0.058408406,0.462157045,0.465833314,2.394854784,-4.501356125,0.700957060
46.359796736,1788576946.237488031,1788576946.227333784,0.110606357,-0.471593551,0.062318775,0.484390590,0.488382917,2.391736746,-4.484517574,0.700734615
46.399796736,1788576946.271300554,1788576946.267333984,0.107801787,-0.512188702,0.076626930,0.523410443,0.528989771,2.387440681,-4.460330963,0.700823009
46.429796480,1788576946.302218437,1788576946.297333717,0.104958419,-0.536814781,0.074289833,0.546979322,0.552001230,2.384019613,-4.441382408,0.700890005
46.459796480,1788576946.336539030,1788576946.327333689,0.102492325,-0.563112731,0.080024684,0.572364066,0.577931289,2.380384684,-4.421545506,0.701161861
46.499796480,1788576946.371004581,1788576946.367333651,0.097501142,-0.590833362,0.068208617,0.598824293,0.602696399,2.375377893,-4.393730164,0.701684237
46.529795456,1788576946.402107954,1788576946.397332668,0.091214162,-0.614019254,0.064044040,0.620757334,0.624052327,2.371588469,-4.372411728,0.702143013
46.559795456,1788576946.436773539,1788576946.427332640,0.085219602,-0.620802208,0.054348046,0.626624100,0.628976528,2.367831945,-4.350644112,0.702744842
46.599795456,1788576946.471006870,1788576946.467332602,0.078861763,-0.627223688,0.049152254,0.632161951,0.634069930,2.362932920,-4.320970535,0.704011381
46.629794944,1788576946.502208948,1788576946.497332335,0.072980829,-0.640126869,0.037702141,0.644273708,0.645375907,2.359307051,-4.298673630,0.705022991
46.659794944,1788576946.536401987,1788576946.527332067,0.067356558,-0.630254047,0.038269529,0.633843095,0.634997344,2.355785847,-4.276535511,0.706203341
46.699794944,1788576946.571065187,1788576946.567332029,0.063709924,-0.629922640,0.030996412,0.633136231,0.633894522,2.351130486,-4.247144222,0.708175123
46.729794432,1788576946.602110863,1788576946.597331762,0.066319400,-0.617815495,0.020081672,0.621364827,0.621689249,2.347556114,-4.225471497,0.709617734
46.759794432,1788576946.636324167,1788576946.627331495,0.073604285,-0.614836942,0.028049497,0.619226983,0.619861945,2.343757629,-4.204172134,0.711190760
46.799794432,1788576946.672286987,1788576946.667331696,0.085161049,-0.599007109,0.021509630,0.605030512,0.605412739,2.338241816,-4.176505089,0.713781536
46.829793408,1788576946.702028275,1788576946.697330713,0.092885379,-0.589345684,0.009459878,0.596620507,0.596695499,2.333818436,-4.156469822,0.715704143
46.859793408,1788576946.736699820,1788576946.727330446,0.105185666,-0.564714720,0.003626669,0.574427315,0.574438763,2.329064608,-4.137244701,0.717772186
46.899793408,1788576946.771106243,1788576946.767330647,0.125213330,-0.525042480,0.005432538,0.539766601,0.539793939,2.322091103,-4.113274574,0.720922709
46.929792384,1788576946.804341316,1788576946.797329664,0.139370493,-0.507917039,-0.007745216,0.526691421,0.526748366,2.316447496,-4.096419334,0.723200440
46.959792384,1788576946.836559772,1788576946.827329636,0.153983134,-0.468054430,0.000355842,0.492732945,0.492733073,2.310405016,-4.080801487,0.725587606
46.999792384,1788576946.871318817,1788576946.867329597,0.173645893,-0.436301677,-0.000675581,0.469587105,0.469587591,2.301658869,-4.061970711,0.729173124
47.029791872,1788576946.902069092,1788576946.897329092,0.188025316,-0.411266779,0.007623647,0.452209998,0.452274256,2.294721603,-4.049011707,0.731697500
47.059791872,1788576946.936326981,1788576946.927329063,0.199781816,-0.387534448,0.002816022,0.435999682,0.436008775,2.287404537,-4.037232876,0.734297991
47.099791872,1788576946.971011400,1788576946.967329025,0.219029060,-0.344661088,0.009843027,0.408368699,0.408487306,2.276978016,-4.023591518,0.738008201
47.129790848,1788576947.004388094,1788576946.997328043,0.230276185,-0.330600876,0.000613387,0.402894602,0.402895069,2.268807173,-4.014363289,0.740621686
47.159790848,1788576947.036307812,1788576947.027328014,0.244029168,-0.295246784,0.010144682,0.383041640,0.383175956,2.260239601,-4.006245136,0.743216038
47.199790848,1788576947.071157217,1788576947.067327976,0.258355370,-0.272591049,0.004971225,0.375570735,0.375603634,2.248082876,-3.997358084,0.746865332
47.229791104,1788576947.104303598,1788576947.097328424,0.268310402,-0.247306058,0.006318410,0.364898285,0.364952984,2.238700628,-3.991562366,0.749383271
47.259791104,1788576947.136328697,1788576947.127328157,0.279217274,-0.232922964,0.004607048,0.363614347,0.363643532,2.228945017,-3.986782312,0.751873612
47.299791104,1788576947.170997620,1788576947.167328358,0.291679615,-0.204052781,0.007083138,0.355969852,0.356040316,2.215208292,-3.982361555,0.755143523
47.329791360,1788576947.204482794,1788576947.197328568,0.298523943,-0.183161051,-0.004968153,0.350234943,0.350270178,2.204712629,-3.979707956,0.757350922
47.359791360,1788576947.236520052,1788576947.227328539,0.308598119,-0.169182782,-0.003295529,0.351931261,0.351946691,2.193876028,-3.977885485,0.759476781
47.399791360,1788576947.271055937,1788576947.267328501,0.317555006,-0.149643861,-0.009157834,0.351047671,0.351167101,2.178754568,-3.977071047,0.762229621
47.429790336,1788576947.302081108,1788576947.297327518,0.326020767,-0.133189484,-0.007418278,0.352177483,0.352255604,2.167278051,-3.976946831,0.764048815
47.459790336,1788576947.336484194,1788576947.327327490,0.332249309,-0.120645414,-0.007351153,0.353475486,0.353551918,2.155513287,-3.977523088,0.765764236
47.499790336,1788576947.371050358,1788576947.367327452,0.342121127,-0.101080874,-0.008195090,0.356741094,0.356835211,2.139231443,-3.979644060,0.767698705
47.529790080,1788576947.402180195,1788576947.397327423,0.346588264,-0.093359347,-0.017711168,0.358942046,0.359378739,2.126925230,-3.981574297,0.768931985
47.559790080,1788576947.436341286,1788576947.427327156,0.352216731,-0.085940220,-0.021041931,0.362549785,0.363159896,2.114398479,-3.984038591,0.770004392
47.599790080,1788576947.471147537,1788576947.467327118,0.359137899,-0.068167749,-0.020824795,0.365550096,0.366142793,2.097194433,-3.988421440,0.771311283
47.629789568,1788576947.502022743,1788576947.497326851,0.364445630,-0.064487860,-0.024805225,0.370107148,0.370937462,2.084245682,-3.991861820,0.772043109
47.659789568,1788576947.536314964,1788576947.527326822,0.369229873,-0.049244265,-0.019728978,0.372499257,0.373021352,2.071098566,-3.995743990,0.772587657
47.699789568,1788576947.571071148,1788576947.567326784,0.373839390,-0.051893369,-0.030489537,0.377423915,0.378653434,2.053077459,-4.001694679,0.773109019
47.729788544,1788576947.604396343,1788576947.597325802,0.378172458,-0.030523493,-0.030247767,0.379402282,0.380606120,2.039568901,-4.006288052,0.773317218
47.759788544,1788576947.636496782,1788576947.627325773,0.380207367,-0.037971152,-0.030892580,0.382098744,0.383345538,2.025949478,-4.011115074,0.773391843
47.799788544,1788576947.673301458,1788576947.667325735,0.384749689,-0.023207387,-0.040475663,0.385448966,0.387568297,2.007544994,-4.018183708,0.773100495
47.829787520,1788576947.703136683,1788576947.697324753,0.387223408,-0.022994114,-0.037382110,0.387905526,0.389702604,1.993766665,-4.023477554,0.772747397
47.859787520,1788576947.737378359,1788576947.727324724,0.389730539,-0.016656822,-0.050099848,0.390086327,0.393290398,1.979932666,-4.028921604,0.772192597
47.899787520,1788576947.770108461,1788576947.767324686,0.393226434,-0.014730019,-0.037422403,0.393502226,0.395277672,1.961309433,-4.036602974,0.771248996
47.929786496,1788576947.803091049,1788576947.797323704,0.393210189,-0.004428643,-0.054316008,0.393235128,0.396968632,1.947406173,-4.042304993,0.770419419
47.959786496,1788576947.835618258,1788576947.827323675,0.397375047,-0.005196125,-0.048271602,0.397409018,0.400329958,1.933475614,-4.048033714,0.769474447
47.999786496,1788576947.871001482,1788576947.867323637,0.398712927,0.004813363,-0.040998770,0.398741980,0.400844192,1.914781094,-4.055824757,0.768114150
48.029787008,1788576947.904379606,1788576947.897324324,0.398695584,0.003950465,-0.058892268,0.398715156,0.403041033,1.900874496,-4.061617374,0.766975403
48.059787008,1788576947.935527563,1788576947.927324057,0.400854149,0.004400361,-0.041452614,0.400878300,0.403015795,1.886964917,-4.067380905,0.765789568
48.099787008,1788576947.971048355,1788576947.967324257,0.400977811,0.010263075,-0.052239366,0.401109132,0.404496584,1.868346930,-4.075156212,0.764083683
48.129787520,1788576948.004371405,1788576947.997324705,0.401484642,0.009596511,-0.048182901,0.401599316,0.404479422,1.854493499,-4.080858707,0.762759984
48.159787520,1788576948.036301136,1788576948.027324677,0.404104357,0.010794182,-0.037658958,0.404248495,0.405998821,1.840692759,-4.086439133,0.761438072
48.199787520,1788576948.071176291,1788576948.067324638,0.403277731,0.009709577,-0.041756200,0.403394601,0.405549977,1.822375059,-4.093749523,0.759397626
48.229786752,1788576948.104546070,1788576948.097324133,0.402855941,0.018606048,-0.043227273,0.403285376,0.405595478,1.808757186,-4.099127293,0.757857442
48.259786752,1788576948.136314154,1788576948.127323866,0.401762106,0.007979267,-0.040609375,0.401841335,0.403888079,1.795222282,-4.104331493,0.756255329
48.299786752,1788576948.171050549,1788576948.167323828,0.402218800,0.019770371,-0.041336126,0.402704396,0.404820338,1.777316689,-4.111179829,0.753877103
48.329787008,1788576948.204426289,1788576948.197324276,0.401022024,0.012634628,-0.044691273,0.401221008,0.403702375,1.763970017,-4.116112709,0.752167821
48.359787008,1788576948.236772776,1788576948.227324247,0.401610229,0.022141759,-0.041753784,0.402220131,0.404381518,1.750706792,-4.120978832,0.750393510
48.399787008,1788576948.272059917,1788576948.267324209,0.395606133,0.011938136,-0.041047428,0.395786219,0.397909063,1.733208895,-4.127178192,0.747963309
48.429785728,1788576948.302037239,1788576948.297322989,0.391012124,0.015614824,-0.040998713,0.391323784,0.393465625,1.720313668,-4.131642342,0.746198595
48.459785728,1788576948.336342096,1788576948.327322960,0.386208676,0.008593777,-0.039912655,0.386304277,0.388360676,1.707639813,-4.135915756,0.744493306
48.499785728,1788576948.371068954,1788576948.367322922,0.373712641,0.017661972,-0.037113298,0.374129768,0.375966062,1.691249371,-4.141475201,0.742020011
48.529785728,1788576948.404513359,1788576948.397322893,0.358821711,0.014863531,-0.045482900,0.359129426,0.361998120,1.679440141,-4.145441055,0.740210354
48.559785728,1788576948.436336279,1788576948.427322865,0.340752599,0.019091972,-0.036211668,0.341287030,0.343202741,1.668273330,-4.149216175,0.738406181
48.599785728,1788576948.471030951,1788576948.467322826,0.312392852,0.016748554,-0.041576967,0.312841506,0.315592224,1.654620409,-4.153869629,0.735842407
48.629786240,1788576948.504351377,1788576948.497323513,0.291647284,0.024701614,-0.031773179,0.292691490,0.294411010,1.645164013,-4.157201290,0.734013379
48.659786240,1788576948.536377192,1788576948.527323484,0.269197792,0.020045812,-0.053146497,0.269943116,0.275125128,1.636546254,-4.160302162,0.732066870
48.699786240,1788576948.571065426,1788576948.567323446,0.240685896,0.025843990,-0.045005855,0.242069437,0.246217667,1.626510620,-4.164062023,0.729344428
48.729785216,1788576948.604377747,1788576948.597322464,0.220658877,0.026596223,-0.038957367,0.222255931,0.225644356,1.619732499,-4.166656971,0.727349699
48.759785216,1788576948.636380911,1788576948.627322435,0.198681789,0.025296356,-0.032237494,0.200285693,0.202863537,1.613785386,-4.169053555,0.725537837
48.799785216,1788576948.672284126,1788576948.667322397,0.170977255,0.022989566,-0.030661699,0.172515917,0.175219524,1.607346177,-4.171708584,0.723079085
48.829783936,1788576948.703040838,1788576948.697321177,0.151705618,0.028486318,-0.021382751,0.154356940,0.155830956,1.603230119,-4.173563957,0.721372664
48.859783936,1788576948.735468864,1788576948.727321148,0.132317019,0.022818330,-0.023479137,0.134270137,0.136307518,1.599891305,-4.175095558,0.719757080
48.899783936,1788576948.771085739,1788576948.767321110,0.106949197,0.022736408,-0.019493185,0.109339266,0.111063312,1.596849084,-4.176518917,0.717612624
48.929782912,1788576948.804433107,1788576948.797320127,0.088596967,0.027343495,-0.010096341,0.092720490,0.093268566,1.595186114,-4.177410126,0.716115236
48.959782912,1788576948.836471558,1788576948.827320099,0.071157418,0.023153511,-0.018510649,0.074829561,0.077085066,1.594226718,-4.178051472,0.714682937
48.999782912,1788576948.871070147,1788576948.867320061,0.049311074,0.018501711,-0.015649869,0.052667783,0.054943732,1.594189286,-4.178298950,0.712709069
49.029783424,1788576948.904313564,1788576948.897320747,0.037996028,0.026909884,-0.003368861,0.046560068,0.046681787,1.594615579,-4.178400040,0.711320519
49.059783424,1788576948.937328577,1788576948.927320480,0.024678548,0.018605006,-0.008199441,0.030905938,0.031975112,1.595552087,-4.178227425,0.709935963
49.099783424,1788576948.970973730,1788576948.967320681,0.011132443,0.012999899,-0.002057241,0.017115158,0.017238355,1.597757816,-4.177420139,0.708146811
49.129782912,1788576949.001996994,1788576948.997320175,0.000791636,0.020105886,0.002833367,0.020121464,0.020319973,1.599704981,-4.176773548,0.706935227
49.159782912,1788576949.036337852,1788576949.027320147,-0.008048306,0.016556350,-0.004242529,0.018408910,0.018891453,1.602027416,-4.175937653,0.705716133
49.199782912,1788576949.071183205,1788576949.067320108,-0.014495605,0.017971706,0.011346935,0.023089062,0.025726595,1.605746746,-4.174353600,0.704142630
49.229781888,1788576949.104390621,1788576949.097319126,-0.022126590,0.014640909,-0.001685190,0.026531909,0.026585373,1.608648896,-4.173125744,0.703050613
49.259781888,1788576949.136405230,1788576949.127319098,-0.027746687,0.014836405,0.008911980,0.031464226,0.032702002,1.611786485,-4.171791077,0.701967001
49.299781888,1788576949.170984983,1788576949.167319059,-0.032536120,0.013259297,0.012152830,0.035134144,0.037176597,1.616411328,-4.169671535,0.700656176
49.329780608,1788576949.204391956,1788576949.197317839,-0.037195484,0.010799086,0.007275220,0.038731438,0.039408795,1.619889021,-4.168043137,0.699748456
49.359780608,1788576949.236445904,1788576949.227317810,-0.038625926,0.003557655,0.013608704,0.038789419,0.041107370,1.623453379,-4.166369915,0.699008107
49.399780608,1788576949.271137238,1788576949.267317772,-0.044243000,0.000217184,0.012604608,0.044243533,0.046003982,1.628436327,-4.163876057,0.698058188
49.429780096,1788576949.301991701,1788576949.297317266,-0.044324098,0.002000352,0.021826210,0.044369213,0.049447048,1.632139564,-4.161986828,0.697446227
49.459780096,1788576949.336317301,1788576949.327317238,-0.047035970,-0.001367532,0.008022730,0.047055845,0.047734859,1.635862827,-4.160037518,0.696867406
49.499780096,1788576949.371001244,1788576949.367317200,-0.048932287,-0.002615070,0.019144715,0.049002115,0.052609195,1.640896440,-4.157310009,0.696139514
49.529779072,1788576949.402001143,1788576949.397316456,-0.052061540,-0.001809967,0.009418559,0.052092993,0.052937597,1.644607067,-4.155315399,0.695765972
49.559779072,1788576949.437319517,1788576949.427316189,-0.054694119,-0.003535142,0.019337564,0.054808247,0.058119577,1.648327231,-4.153295517,0.695426106
49.599779072,1788576949.471046686,1788576949.467316151,-0.055312955,-0.000329161,0.024747524,0.055313934,0.060597618,1.653305292,-4.150580406,0.695049167
49.629778560,1788576949.502173185,1788576949.497315884,-0.052090055,-0.002320020,0.015203700,0.052141695,0.054313063,1.656835794,-4.148620605,0.694900513
49.659778560,1788576949.536431313,1788576949.527315617,-0.040584805,-0.002165912,0.028024487,0.040642559,0.049367899,1.660040498,-4.146797657,0.694836795
49.699778560,1788576949.571075439,1788576949.567315817,-0.029018229,-0.004389356,0.021171491,0.029348323,0.036187790,1.663722992,-4.144497871,0.694762588
49.729777280,1788576949.602067709,1788576949.597314596,-0.018086133,0.000165378,0.030757857,0.018086889,0.035681667,1.666048527,-4.142930984,0.694821417
49.759777280,1788576949.636409998,1788576949.627314329,-0.010155808,0.002343586,0.023610062,0.010422708,0.025808291,1.667981744,-4.141518593,0.694942236
49.799777280,1788576949.673246861,1788576949.667314529,0.003381614,0.005925768,0.021871420,0.006822759,0.022910893,1.669930458,-4.139860630,0.695240557
49.829776768,1788576949.701971531,1788576949.697314024,0.010686340,0.008690220,0.032501132,0.013773808,0.035299311,1.671010256,-4.138772011,0.695507586
49.859776768,1788576949.737343550,1788576949.727313995,0.016392222,0.002848946,0.023194418,0.016637951,0.028544745,1.671752214,-4.137760162,0.695735395
49.899776768,1788576949.769696236,1788576949.767313957,0.022481361,0.009423566,0.028081360,0.024376529,0.037185723,1.672213674,-4.136606693,0.696078241
49.929775488,1788576949.803048611,1788576949.797312737,0.026439702,0.017309100,0.009775373,0.031601627,0.033079007,1.672345161,-4.135903835,0.696285427
49.959775488,1788576949.837265015,1788576949.827312708,0.030290926,0.016198535,0.002210538,0.034350149,0.034421203,1.672237039,-4.135374546,0.696088791
49.999775488,1788576949.871129274,1788576949.867312670,0.036368508,0.019224782,-0.033544535,0.041137095,0.053080094,1.671608448,-4.134835243,0.694943786
50.029774208,1788576949.902038336,1788576949.897311449,0.040104537,0.016668154,-0.066516841,0.043430418,0.079439860,1.670984387,-4.134563446,0.692943394
50.059774208,1788576949.936483383,1788576949.927311420,0.043389448,0.025493555,-0.117848099,0.050324602,0.128143435,1.670116782,-4.134436131,0.689669251
50.099774208,1788576949.971110106,1788576949.967311382,0.048117928,0.021253129,-0.193183269,0.052602571,0.200216897,1.668459892,-4.134313107,0.683072627
50.129774720,1788576950.001996040,1788576949.997312069,0.051554736,0.020711631,-0.242920410,0.055559540,0.249193074,1.667107105,-4.134331703,0.676466346
50.159774720,1788576950.037405491,1788576950.027311802,0.054943970,0.021280072,-0.276258007,0.058920975,0.282471534,1.665553570,-4.134406567,0.668450058
50.199774720,1788576950.069778681,1788576950.067311764,0.058908151,0.025453403,-0.330686735,0.064172003,0.336855700,1.663041830,-4.134621143,0.655640423
50.229773440,1788576950.103061438,1788576950.097310781,0.062112658,0.019731260,-0.359784495,0.065171351,0.365639424,1.661042094,-4.134811878,0.644775331
50.259773440,1788576950.135780573,1788576950.127310514,0.065442231,0.027104053,-0.406622781,0.070833010,0.412746170,1.658852816,-4.135082245,0.632688046
50.299773440,1788576950.170985460,1788576950.167310476,0.069345128,0.023632280,-0.425543030,0.073261392,0.431803314,1.655500531,-4.135417461,0.614706933
50.329772928,1788576950.202096701,1788576950.197310209,0.070914742,0.021171123,-0.453929421,0.074007548,0.459922859,1.652917743,-4.135712624,0.600346386
50.359772928,1788576950.236643791,1788576950.227310181,0.071453390,0.019334585,-0.476568889,0.074023058,0.482283442,1.650170326,-4.135983467,0.585289419
50.399772928,1788576950.271075487,1788576950.267310143,0.072743725,0.016862461,-0.484125295,0.074672566,0.489850276,1.646134377,-4.136261940,0.564277530
50.429771904,1788576950.304301500,1788576950.297309160,0.074183780,0.018558847,-0.485123136,0.076470021,0.491113145,1.643097878,-4.136475563,0.548448801
50.459771904,1788576950.336509943,1788576950.327309132,0.075214878,0.016251824,-0.476601932,0.076950632,0.482774069,1.639926672,-4.136629105,0.532706320
50.499771904,1788576950.370978594,1788576950.367309093,0.076320801,0.012895365,-0.465037676,0.077402552,0.471435250,1.635394216,-4.136689663,0.511874557
50.529771904,1788576950.404289722,1788576950.397309065,0.078544185,0.019511203,-0.435196502,0.080931304,0.442657736,1.631994009,-4.136796951,0.496758670
50.559771904,1788576950.437258244,1788576950.427309036,0.077125565,0.015679970,-0.445542217,0.078703330,0.452440142,1.628476381,-4.136868954,0.481881022
50.599771904,1788576950.470444441,1788576950.467308998,0.079615103,0.014317623,-0.418579387,0.080892268,0.426324128,1.623487830,-4.136914253,0.462416947
50.629770624,1788576950.503016472,1788576950.497308016,0.077835784,0.016860032,-0.422546399,0.079640881,0.429986197,1.619777560,-4.136962891,0.448239684
50.659770624,1788576950.535594940,1788576950.527307749,0.077515934,0.014169898,-0.410896472,0.078800419,0.418384293,1.616058588,-4.136989117,0.434329361
50.699770624,1788576950.571061850,1788576950.567307711,0.076259780,0.015274131,-0.405755579,0.077774373,0.413142158,1.611069918,-4.136925697,0.416076779
50.729770880,1788576950.601994038,1788576950.597308159,0.076684433,0.012245442,-0.396008378,0.077655992,0.403550602,1.607400656,-4.136905193,0.402568996
50.759770880,1788576950.636503696,1788576950.627308130,0.075447567,0.021183941,-0.398721915,0.078365137,0.406349923,1.603767633,-4.136875629,0.389194667
50.799770880,1788576950.672146320,1788576950.667308092,0.074265835,0.010952472,-0.380963696,0.075069107,0.388289465,1.598938823,-4.136661053,0.371777892
50.829769600,1788576950.703006029,1788576950.697306871,0.072852997,0.014970645,-0.389250793,0.074375260,0.396292644,1.595433950,-4.136582851,0.358787507
50.859769600,1788576950.737225771,1788576950.727306843,0.069853935,0.017950497,-0.401727017,0.072123453,0.408149959,1.592021585,-4.136452675,0.345921069
50.899769600,1788576950.770070314,1788576950.767306805,0.069017481,0.016724849,-0.388582894,0.071015021,0.395018732,1.587627053,-4.136199474,0.329083771
50.929768832,1788576950.804388762,1788576950.797306061,0.066507628,0.016469027,-0.399069192,0.068516373,0.404908277,1.584447145,-4.136040211,0.316537321
50.959768832,1788576950.836282015,1788576950.827306032,0.064941692,0.013787904,-0.401044383,0.066389229,0.406502309,1.581391931,-4.135892868,0.304111987
50.999768832,1788576950.871012926,1788576950.867305994,0.063001058,0.019853569,-0.382203963,0.066055261,0.387870038,1.577560663,-4.135668278,0.287809730
51.029768320,1788576950.902020931,1788576950.897305489,0.060688399,0.009154071,-0.390143110,0.061374903,0.394941166,1.574811339,-4.135523796,0.275725186
51.059768320,1788576950.936778545,1788576950.927305460,0.057089159,0.017719410,-0.391330993,0.059775828,0.395870049,1.572238207,-4.135393143,0.263703674
51.099768320,1788576950.970963478,1788576950.967305422,0.055598618,0.017362146,-0.388379842,0.058246462,0.392723251,1.569108486,-4.135179520,0.247778907
51.129767040,1788576951.004354477,1788576950.997304201,0.053341740,0.019795386,-0.396534807,0.056896384,0.400595871,1.566884518,-4.135089874,0.235812917
51.159767040,1788576951.036385775,1788576951.027304173,0.052411270,0.021272280,-0.401757855,0.056563690,0.405720132,1.564808369,-4.135013580,0.223864302
51.199767040,1788576951.071422815,1788576951.067304134,0.051532113,0.029012560,-0.385111918,0.059137867,0.389626073,1.562306762,-4.134854794,0.208042085
51.229766528,1788576951.102015018,1788576951.097303867,0.048879885,0.024493502,-0.398848479,0.054673346,0.402578296,1.560539365,-4.134780407,0.196128979
51.259766528,1788576951.136456251,1788576951.127303600,0.046455068,0.020584014,-0.407327131,0.050811170,0.410484064,1.558930159,-4.134662151,0.184157193
51.299766528,1788576951.171057940,1788576951.167303562,0.045923549,0.017139334,-0.425542107,0.049017640,0.428355943,1.557098031,-4.134358406,0.167765498
51.329765504,1788576951.204256296,1788576951.197302818,0.043684525,0.012819273,-0.446059392,0.045526602,0.448376686,1.555795193,-4.134156227,0.154666886
51.359765504,1788576951.236648560,1788576951.227302551,0.041322456,0.017125801,-0.474386677,0.044730733,0.476490879,1.554659247,-4.133854866,0.140867874
51.399765504,1788576951.272032022,1788576951.267302752,0.039817118,0.012930781,-0.498064100,0.041864161,0.499820424,1.553533316,-4.133231640,0.121345416
51.429765760,1788576951.304313421,1788576951.297302961,0.036860049,0.014220746,-0.518320752,0.039508136,0.519824293,1.552764893,-4.132798672,0.106096700
51.459765760,1788576951.337277412,1788576951.327302933,0.036071538,0.008676520,-0.525458179,0.037100375,0.526766301,1.552102327,-4.132228851,0.090519823
51.499765760,1788576951.370145798,1788576951.367302895,0.036438190,0.005759587,-0.539497785,0.036890575,0.540757593,1.551388860,-4.131105900,0.069439828
51.529764224,1788576951.401352167,1788576951.397301435,0.034302017,-0.000850891,-0.554254475,0.034312569,0.555315564,1.550861835,-4.130247593,0.053355329
51.559764224,1788576951.435620070,1788576951.427301407,0.033861632,-0.000338341,-0.559552778,0.033863322,0.560576521,1.550399542,-4.129248619,0.036856454
51.599764224,1788576951.471053362,1788576951.467301369,0.034787178,-0.012758707,-0.565519039,0.037053102,0.566731608,1.549853325,-4.127601147,0.014080159
51.629763968,1788576951.504323006,1788576951.497301340,0.033753496,-0.004047371,-0.567812990,0.033995290,0.568829738,1.549414039,-4.126359463,-0.003193075
51.659763968,1788576951.536428213,1788576951.527301073,0.030628818,-0.009768845,-0.568221067,0.032148948,0.569129805,1.549015284,-4.125002861,-0.020499259
51.699763968,1788576951.571023941,1788576951.567301035,0.028864691,-0.022248444,-0.549687428,0.036443980,0.550894211,1.548561931,-4.122875214,-0.042942651
51.729762944,1788576951.604268312,1788576951.597300291,0.031012506,-0.010195543,-0.518507300,0.032645438,0.519533969,1.548168898,-4.121325970,-0.059098158
51.759762944,1788576951.636409998,1788576951.627300024,0.030596281,-0.006942618,-0.494478829,0.031374071,0.495473153,1.547752142,-4.119735718,-0.074712433
51.799762944,1788576951.672257423,1788576951.667299986,0.030325874,-0.018717622,-0.480423822,0.035637172,0.481743767,1.547169328,-4.117418289,-0.094603404
51.829761408,1788576951.704421043,1788576951.697298765,0.029066155,-0.019892390,-0.439819710,0.035221421,0.441227748,1.546624184,-4.115664959,-0.108451329
51.859761408,1788576951.736261845,1788576951.727298498,0.021844957,-0.035669134,-0.419238925,0.041826896,0.421320264,1.546170235,-4.113718987,-0.121411383
51.899761408,1788576951.771071434,1788576951.767298460,0.018683182,-0.031410595,-0.380270505,0.036547049,0.382022701,1.545590997,-4.110853672,-0.137331858
51.929760128,1788576951.804283142,1788576951.797297478,0.016265740,-0.031058271,-0.344858072,0.035059813,0.346635659,1.545251131,-4.108649731,-0.148158491
51.959760128,1788576951.836426735,1788576951.827297211,0.012044526,-0.030183037,-0.301901591,0.032497482,0.303645611,1.544961929,-4.106486320,-0.157606542
51.999760128,1788576951.870954037,1788576951.867297173,0.013308457,-0.031920794,-0.243407610,0.034583986,0.245852225,1.544586301,-4.103486061,-0.168033764
52.029758848,1788576951.904230356,1788576951.897296190,-0.047398634,-0.059004477,0.144578485,0.075684601,0.163190370,1.545100331,-4.100765228,-0.169164926
52.059758848,1788576951.935956240,1788576951.927295923,-0.036481086,-0.052795597,0.150885043,0.064173552,0.163965060,1.546355605,-4.097798347,-0.164111629
52.099758848,1788576951.970130682,1788576951.967295885,-0.046642541,-0.055508655,0.112873640,0.072503361,0.134153628,1.548168182,-4.093691826,-0.157719120
52.129757568,1788576952.004425287,1788576951.997294903,-0.038913329,-0.056023074,0.060467984,0.068211670,0.091154863,1.549449086,-4.090714455,-0.154236943
52.159757568,1788576952.036290884,1788576952.027294636,-0.034281841,-0.048199148,0.001403831,0.059147294,0.059163952,1.550598502,-4.087851048,-0.152135700
52.199757568,1788576952.071009636,1788576952.067294836,-0.029604344,-0.046785811,-0.056706232,0.055365416,0.079252293,1.552162766,-4.084195614,-0.150943100
52.229756544,1788576952.104253769,1788576952.097293854,-0.034909483,-0.050518826,-0.111857140,0.061407033,0.127604245,1.553328395,-4.081478119,-0.151916936
52.259756544,1788576952.136551619,1788576952.127293587,-0.026349544,-0.048718659,-0.136687666,0.055387781,0.147483302,1.554452419,-4.078868389,-0.153957009
52.299756544,1788576952.171065807,1788576952.167293787,-0.025362718,-0.039573370,-0.173695597,0.047003395,0.179942990,1.555947661,-4.075612545,-0.157461196
52.329755520,1788576952.204276323,1788576952.197292805,-0.024060125,-0.044038907,-0.183168287,0.050182815,0.189918236,1.556957603,-4.073282719,-0.160726041
52.359755520,1788576952.237424374,1788576952.227292776,-0.035837924,-0.048537398,-0.054828643,0.060334366,0.081525554,1.558020473,-4.071143150,-0.162735060
52.399755520,1788576952.270599127,1788576952.267292738,-0.039207617,-0.045910347,0.091843762,0.060373812,0.109910299,1.559975505,-4.067929268,-0.157088980
52.429753984,1788576952.301989079,1788576952.297291279,-0.045127926,-0.045009236,0.068108030,0.063736654,0.093279499,1.561521053,-4.065758705,-0.152592480
52.459753984,1788576952.336378336,1788576952.327291250,-0.046485798,-0.052063991,0.004415024,0.069796767,0.069936264,1.563143969,-4.063578129,-0.149322465
52.499753984,1788576952.371002197,1788576952.367291212,-0.040450262,-0.039477288,-0.053034882,0.056521500,0.077507282,1.565304995,-4.061003208,-0.146804705
52.529752704,1788576952.404263496,1788576952.397289991,-0.032208775,-0.034806546,-0.077567372,0.047422577,0.090915335,1.566647172,-4.059411049,-0.146258026
52.559752704,1788576952.435609102,1788576952.427289963,-0.039643194,-0.042455820,-0.073298412,0.058086827,0.093523990,1.568021655,-4.057878971,-0.146302283
52.599752704,1788576952.470998764,1788576952.467289925,-0.017125166,-0.037338906,0.065923356,0.041078768,0.077674668,1.569766641,-4.055728436,-0.144140124
52.629752960,1788576952.504273891,1788576952.497290134,-0.032403912,-0.047755052,0.058114708,0.057710991,0.081901635,1.570835710,-4.054220676,-0.139423385
52.659752960,1788576952.536304474,1788576952.527290106,-0.037544618,-0.047735729,0.007103553,0.060731360,0.061145389,1.572022676,-4.052661419,-0.135889515
52.699752960,1788576952.571062326,1788576952.567290068,-0.033858283,-0.037737213,-0.049482290,0.050699907,0.070844743,1.573662519,-4.051137447,-0.133482024
52.729751680,1788576952.604380369,1788576952.597288847,-0.040566225,-0.036315956,-0.027650577,0.054446921,0.061065716,1.574999213,-4.050030708,-0.132686123
52.759751680,1788576952.635526419,1788576952.627288818,-0.041912362,-0.057224593,0.060377749,0.070931659,0.093149196,1.576128721,-4.049078465,-0.129584104
52.799751680,1788576952.672213793,1788576952.667288780,-0.036795786,-0.055631956,0.028038465,0.066699658,0.072353300,1.577711344,-4.047934055,-0.124202743
52.829750400,1788576952.704295158,1788576952.697287798,-0.036783810,-0.032160685,-0.039505785,0.048860601,0.062833632,1.578860998,-4.047064304,-0.122130886
52.859750400,1788576952.736583710,1788576952.727287531,-0.043380305,-0.040741999,-0.004822027,0.059512699,0.059707732,1.579956889,-4.046486855,-0.120733328
52.899750400,1788576952.771057367,1788576952.767287493,-0.042544707,-0.051058079,0.044606687,0.066460361,0.080042090,1.581434846,-4.045867443,-0.116204292
52.929750144,1788576952.802178383,1788576952.797287464,-0.039640475,-0.036790492,0.009329938,0.054082414,0.054881284,1.582467914,-4.045427322,-0.112745926
52.959750144,1788576952.836286783,1788576952.827287197,-0.033703659,-0.031466928,-0.002931445,0.046109697,0.046202787,1.583383203,-4.045188904,-0.110598423
52.999750144,1788576952.871081829,1788576952.867287397,-0.030921344,-0.034957906,0.041846774,0.046671027,0.062684426,1.584387660,-4.044973850,-0.107454672
53.029749120,1788576952.902125835,1788576952.897286415,-0.039364795,-0.037340652,0.046294935,0.054257823,0.071324136,1.585186720,-4.044921398,-0.103912696
53.059749120,1788576952.936404228,1788576952.927286386,-0.040805897,-0.029158291,-0.001985072,0.050153038,0.050192307,1.585885882,-4.045166969,-0.101073384
53.099749120,1788576952.970943928,1788576952.967286348,-0.037511054,-0.041699520,0.004213774,0.056088583,0.056246644,1.586559534,-4.045599937,-0.098110326
53.129747840,1788576953.004299402,1788576952.997285128,-0.040546628,-0.034444653,0.031179119,0.053202097,0.061665230,1.587108850,-4.045884132,-0.095148176
53.159747840,1788576953.036453485,1788576953.027285099,-0.038616981,-0.026411822,0.015332971,0.046785207,0.049233683,1.587575912,-4.046356201,-0.092182331
53.199747840,1788576953.070963860,1788576953.067285061,-0.034500581,-0.032654887,-0.001747878,0.047504018,0.047536163,1.588015437,-4.047185421,-0.089378044
53.229746560,1788576953.104463100,1788576953.097283840,-0.036457658,-0.028304943,0.022689967,0.046155505,0.051431170,1.588314891,-4.047765732,-0.087005518
53.259746560,1788576953.136291265,1788576953.127283812,-0.036440140,-0.032519713,0.021822394,0.048840716,0.053494228,1.588586926,-4.048533916,-0.084374391
53.299746560,1788576953.170994759,1788576953.167283773,-0.034638758,-0.034897019,-0.001646532,0.049169559,0.049197119,1.588883042,-4.049602032,-0.081439212
53.329745536,1788576953.204526663,1788576953.197282791,-0.031187021,-0.037018788,0.021709288,0.048404762,0.053050110,1.588984489,-4.050383091,-0.079485953
53.359745536,1788576953.236456633,1788576953.227282763,-0.028204747,-0.023726980,0.037490125,0.036857527,0.052573632,1.589040518,-4.051280975,-0.076937512
53.399745536,1788576953.271042109,1788576953.267282724,-0.028481669,-0.016290796,0.014831166,0.032811515,0.036007763,1.588809609,-4.052673340,-0.073841140
53.429744512,1788576953.304469585,1788576953.297281742,-0.026329607,-0.019551956,0.024082100,0.032795231,0.040687526,1.588710070,-4.053566933,-0.071917146
53.459744512,1788576953.336472034,1788576953.327281713,-0.025289763,-0.007086790,0.035357677,0.026263943,0.044044977,1.588536143,-4.054378986,-0.069635674
53.499744512,1788576953.370985746,1788576953.367281675,-0.023095616,-0.006138547,0.015676246,0.023897474,0.028580307,1.588016272,-4.055724144,-0.066894725
53.529744000,1788576953.402161837,1788576953.397281170,-0.020919758,-0.025636832,0.016675064,0.033089023,0.037053221,1.587618828,-4.056646824,-0.065124206
53.559744000,1788576953.436368227,1788576953.427281141,-0.025201106,-0.014817432,0.039205351,0.029234432,0.048905128,1.587121606,-4.057527542,-0.063145608
53.599744000,1788576953.471093655,1788576953.467281103,-0.019100637,0.002794196,0.031049745,0.019303934,0.036561299,1.586263657,-4.058758259,-0.060595449
53.629744256,1788576953.504579306,1788576953.497281551,-0.016375660,-0.023742108,0.014658206,0.028841808,0.032352943,1.585615635,-4.059610844,-0.059136182
53.659744256,1788576953.536260843,1788576953.527281523,-0.021978290,-0.023337057,0.022691629,0.032057191,0.039275609,1.584815145,-4.060413361,-0.057565268
53.699744256,1788576953.571015835,1788576953.567281485,-0.015261911,-0.003356252,0.032190920,0.015626591,0.035783316,1.583487511,-4.061524868,-0.055422194
53.729742976,1788576953.604470491,1788576953.597280264,-0.010806406,-0.000709510,0.025990572,0.010829673,0.028156556,1.582474589,-4.062341690,-0.054258466
53.759742976,1788576953.636466265,1788576953.627280235,-0.015095098,-0.036283284,0.028993449,0.039298075,0.048836040,1.581461072,-4.062931538,-0.053017206
53.799742976,1788576953.673050642,1788576953.667280197,-0.010629050,0.000902443,0.024193845,0.010667291,0.026441128,1.580061674,-4.064097881,-0.051366776
53.829741696,1788576953.704355001,1788576953.697278976,-0.006236027,0.003462803,0.028373999,0.007132954,0.029256843,1.578910232,-4.064927578,-0.050580010
53.859741696,1788576953.736257792,1788576953.727278948,-0.007347775,-0.039160357,0.033567664,0.039843737,0.052099054,1.577771425,-4.065346241,-0.049425609
53.899741696,1788576953.771017075,1788576953.767278910,-0.007964322,0.016896927,0.016093219,0.018679844,0.024656201,1.576321006,-4.066671848,-0.048460022
53.929740928,1788576953.802038193,1788576953.797278166,-0.003539758,-0.015263855,0.033891707,0.015668923,0.037338492,1.575178742,-4.067346573,-0.047658615
53.959740928,1788576953.836466551,1788576953.827278137,-0.002097436,-0.036184063,0.027380251,0.036244802,0.045424265,1.573997259,-4.067833900,-0.046909072
53.999740928,1788576953.871014833,1788576953.867278099,-0.005076973,0.007213383,0.024423128,0.008820915,0.025967243,1.572543383,-4.069225311,-0.046407953
54.029741184,1788576953.902014256,1788576953.897278547,0.000024480,-0.029342564,0.031982242,0.029342575,0.043403347,1.571416616,-4.069879055,-0.045733929
54.059741184,1788576953.936435938,1788576953.927278280,0.001847336,-0.004510921,0.014964301,0.004874532,0.015738213,1.570275307,-4.070607662,-0.045601353
54.099741184,1788576953.970970392,1788576953.967278242,0.000987964,-0.010721254,0.017881530,0.010766678,0.020872720,1.568788290,-4.071838379,-0.045157604
54.129740160,1788576954.004288912,1788576953.997277498,0.002531405,-0.012527486,0.024135637,0.012780685,0.027310710,1.567645788,-4.072664261,-0.045033589
54.159740160,1788576954.037268877,1788576954.027277231,0.005698531,-0.005142185,0.020716895,0.007675632,0.022093100,1.566512465,-4.073344707,-0.044889808
54.199740160,1788576954.071138859,1788576954.067277193,0.003581328,0.007487245,0.025341038,0.008299684,0.026665576,1.565073967,-4.074660301,-0.044815160
54.229740160,1788576954.104244709,1788576954.097277403,0.003232213,-0.028248544,0.020495939,0.028432859,0.035050121,1.564031243,-4.075366020,-0.044749178
54.259740160,1788576954.136462927,1788576954.127277374,0.006515494,0.013131334,0.016392760,0.014658908,0.021991047,1.563012242,-4.076174736,-0.044826619
54.299740160,1788576954.170945883,1788576954.167277336,0.009917761,-0.005744669,0.012573264,0.011461378,0.017013235,1.561638236,-4.077235699,-0.045025941
54.329739904,1788576954.204285383,1788576954.197277069,0.007748824,-0.009339072,0.023153707,0.012135178,0.026141092,1.560636520,-4.078024387,-0.045168661
54.359739904,1788576954.237364292,1788576954.227277040,0.004235712,0.001376392,0.006154813,0.004453730,0.007597200,1.559736609,-4.078695774,-0.045435451
54.399739904,1788576954.272083759,1788576954.267277002,0.011353356,0.003337452,0.020255573,0.011833735,0.023459017,1.558556080,-4.079591274,-0.045881204
54.429739136,1788576954.304271936,1788576954.297276497,0.010879588,-0.004613657,0.015590473,0.011817413,0.019563080,1.557638168,-4.080259323,-0.046277076
54.459739136,1788576954.337225914,1788576954.327276230,0.006916525,-0.003894645,0.006959456,0.007937668,0.010556544,1.556870937,-4.080866337,-0.046696283
54.499739136,1788576954.370992422,1788576954.367276192,0.010284359,-0.009742082,0.013486551,0.014166023,0.019559224,1.555934310,-4.081642151,-0.047399838
54.529738112,1788576954.401991129,1788576954.397275448,0.013805811,0.002822903,0.015399181,0.014091458,0.020873523,1.555193663,-4.082309723,-0.047866732
54.559738112,1788576954.436295509,1788576954.427275181,0.008502121,-0.007412922,0.008110861,0.011279959,0.013893292,1.554564238,-4.082809925,-0.048494909
54.599738112,1788576954.471025944,1788576954.467275381,0.012256646,0.008131212,0.002115624,0.014708568,0.014859941,1.553887844,-4.083610535,-0.049281508
54.629736832,1788576954.504368305,1788576954.497274160,0.015876021,-0.011378633,0.024357201,0.019532570,0.031221700,1.553284883,-4.084097862,-0.049845811
54.659736832,1788576954.536736727,1788576954.527273893,0.005488279,0.009066835,-0.002665155,0.010598523,0.010928483,1.552849054,-4.084586620,-0.050585039
54.699736832,1788576954.569687366,1788576954.567274094,0.010378462,-0.009332299,0.008779036,0.013957230,0.016488655,1.552481651,-4.085157394,-0.051431652
54.729735552,1788576954.602118492,1788576954.597272873,0.013109145,0.007279279,0.009695001,0.014994585,0.017855829,1.552171469,-4.085621834,-0.052102916
54.759735552,1788576954.636425257,1788576954.627272606,0.008480226,-0.007826096,-0.007360692,0.011539585,0.013687286,1.551901102,-4.085963726,-0.052886501
54.799735552,1788576954.672388554,1788576954.667272806,0.013855870,-0.016076091,0.019132074,0.021223238,0.028573800,1.551795006,-4.086410046,-0.053862307
54.829734784,1788576954.701198339,1788576954.697272062,0.008694571,0.017865361,0.004497661,0.019868737,0.020371442,1.551782370,-4.086799145,-0.054643087
54.859734784,1788576954.736239433,1788576954.727272034,0.004929804,-0.011826079,-0.008320371,0.012812459,0.015277032,1.551779509,-4.087046146,-0.055480640
54.899734784,1788576954.771053791,1788576954.767271996,0.013047548,0.002140244,0.012637708,0.013221919,0.018290184,1.551949263,-4.087515354,-0.056591466
54.929733760,1788576954.804322958,1788576954.797271013,0.007539355,0.007960897,0.003383069,0.010964385,0.011474446,1.552082300,-4.087834358,-0.057537615
54.959733760,1788576954.836414576,1788576954.827270985,0.006217296,-0.005177800,-0.003007578,0.008091006,0.008631912,1.552252293,-4.088042736,-0.058455199
54.999733760,1788576954.871948957,1788576954.867270947,0.010178008,0.006433015,-0.001360653,0.012040578,0.012117215,1.552569151,-4.088457584,-0.059647057
55.029732480,1788576954.902230501,1788576954.897269726,0.009709753,0.004953540,-0.000241483,0.010900315,0.010902989,1.552776694,-4.088691711,-0.060531016
55.059732480,1788576954.936294794,1788576954.927269697,0.008651811,-0.006999440,0.004734223,0.011128612,0.012093753,1.552961826,-4.088952541,-0.061431617
55.099732480,1788576954.970960855,1788576954.967269659,0.004347193,-0.000929863,-0.008911635,0.004445529,0.009958914,1.553086638,-4.089367390,-0.062768668
55.129732736,1788576955.001992464,1788576954.997270107,0.006445281,0.011176303,-0.008654396,0.012901604,0.015535442,1.553231359,-4.089720726,-0.063760355
55.159732736,1788576955.036270142,1788576955.027269840,0.007416315,0.000065659,-0.003831469,0.007416605,0.008347825,1.553301096,-4.090056419,-0.064715587
55.199732736,1788576955.070961714,1788576955.067269802,0.005670201,0.001163622,-0.005261442,0.005788367,0.007822274,1.553293943,-4.090552807,-0.066010676
55.229731712,1788576955.104429483,1788576955.097269058,0.006512807,-0.001595180,-0.002802318,0.006705316,0.007267341,1.553311467,-4.090910912,-0.066898644
55.259731712,1788576955.136412144,1788576955.127268791,0.006535382,0.010261253,-0.001216926,0.012165711,0.012226424,1.553248048,-4.091317654,-0.067710333
55.299731712,1788576955.170910835,1788576955.167268753,0.006127324,0.011692800,-0.009850684,0.013200972,0.016471237,1.552948594,-4.091819763,-0.068555422
55.329730944,1788576955.204328537,1788576955.197268248,0.008935378,0.009761279,-0.010518353,0.013233426,0.016904417,1.552725792,-4.092217922,-0.069165677
55.359730944,1788576955.236453056,1788576955.227267981,0.009977651,-0.000948480,-0.018085877,0.010022631,0.020677333,1.552453041,-4.092594624,-0.069758229
55.399730944,1788576955.271065235,1788576955.267268181,0.010324084,0.001646500,-0.007320410,0.010454553,0.012762683,1.551952839,-4.093102455,-0.070531182
55.429731456,1788576955.302022219,1788576955.297268629,0.010649886,0.000139118,-0.004965765,0.010650794,0.011751521,1.551569343,-4.093539238,-0.071187757
55.459731456,1788576955.336225748,1788576955.327268600,0.011950005,0.000792673,-0.004807147,0.011976266,0.012905023,1.551153421,-4.093958855,-0.071840271
55.499731456,1788576955.370979309,1788576955.367268562,0.011212511,0.001493555,-0.020615278,0.011311548,0.023514693,1.550463915,-4.094550610,-0.072685272
55.529730432,1788576955.404384375,1788576955.397267818,0.011922880,0.011370302,-0.023521415,0.016475401,0.028717517,1.549964309,-4.095129967,-0.073355347
55.559730432,1788576955.436387300,1788576955.427267551,0.011460137,0.005225411,-0.023969917,0.012595224,0.027077603,1.549466372,-4.095568180,-0.074032083
55.599730432,1788576955.471130848,1788576955.467267513,0.013529788,0.012910870,-0.008190215,0.018701490,0.020416301,1.548797488,-4.096338272,-0.074908569
55.629729664,1788576955.504496336,1788576955.497267008,0.012458581,0.007438954,-0.011226470,0.014510488,0.018346332,1.548288345,-4.096967697,-0.075623609
55.659729664,1788576955.536215305,1788576955.527266741,0.015160568,0.000907896,-0.018441301,0.015187729,0.023890347,1.547828436,-4.097501755,-0.076251067
55.699729664,1788576955.570994377,1788576955.567266703,0.017385890,0.011079560,-0.015788489,0.020616155,0.025967330,1.547298908,-4.098485470,-0.076798268
55.729730176,1788576955.601942539,1788576955.597267389,0.013484774,0.006454927,-0.010198058,0.014950091,0.018097116,1.546889663,-4.099178314,-0.077154979
55.759730176,1788576955.636317253,1788576955.627267361,0.014515906,0.002943736,-0.001907062,0.014811384,0.014933653,1.546465755,-4.099809647,-0.077346087
55.799730176,1788576955.672152996,1788576955.667267323,0.017605197,0.008532996,-0.020295844,0.019564125,0.028190003,1.545874119,-4.100847244,-0.077276133
55.829729152,1788576955.704379082,1788576955.697266340,0.015736485,0.007173017,-0.021307643,0.017294194,0.027442755,1.545450330,-4.101533890,-0.077204034
55.859729152,1788576955.736482382,1788576955.727266312,0.015444354,0.011991879,-0.012351912,0.019553343,0.023127970,1.544999003,-4.102213383,-0.077019230
55.899729152,1788576955.771014214,1788576955.767266273,0.016690062,0.015316765,-0.013352755,0.022653067,0.026295580,1.544282198,-4.103222847,-0.076482736
55.929728384,1788576955.804272652,1788576955.797265768,0.016512236,0.002853113,-0.013540625,0.016756915,0.021543971,1.543731093,-4.103878498,-0.076100975
55.959728384,1788576955.837189674,1788576955.827265501,0.018971211,0.023784114,-0.013488851,0.030423525,0.033279724,1.543192387,-4.104564190,-0.075615026
55.999728384,1788576955.871064663,1788576955.867265463,0.020438277,0.024476078,-0.013986862,0.031887326,0.034820021,1.542382598,-4.105428696,-0.074815102
56.029728128,1788576955.901954889,1788576955.897265434,0.016227124,-0.002168161,-0.014290554,0.016371331,0.021731093,1.541764259,-4.106017113,-0.074261844
56.059728128,1788576955.936427355,1788576955.927265167,0.020117535,0.025124663,-0.004652691,0.032186393,0.032520939,1.541148901,-4.106594086,-0.073576584
56.099728128,1788576955.970963478,1788576955.967265368,0.019181648,0.020029133,-0.000861676,0.027732684,0.027746067,1.540268183,-4.107226372,-0.072630368
56.129728640,1788576956.002020836,1788576955.997265816,0.020866389,0.007190943,-0.012175939,0.022070701,0.025206534,1.539599061,-4.107716084,-0.071965232
56.159728640,1788576956.036705732,1788576956.027265787,0.017505105,0.019339456,-0.010039582,0.026085307,0.027950608,1.538930058,-4.108112335,-0.071279824
56.199728640,1788576956.071961641,1788576956.067265749,0.018591526,0.004893909,-0.007492334,0.019224858,0.020633231,1.538022399,-4.108443737,-0.070289530
56.229727360,1788576956.102102280,1788576956.097264528,0.022959098,0.018051259,-0.003491647,0.029205618,0.029413597,1.537335753,-4.108743668,-0.069539160
56.259727360,1788576956.136374235,1788576956.127264500,0.019935567,0.001843992,-0.007759091,0.020020668,0.021471624,1.536645532,-4.108974457,-0.068900943
56.299727360,1788576956.171030760,1788576956.167264462,0.020606845,0.000746155,-0.013294898,0.020620350,0.024534733,1.535718203,-4.109073639,-0.068056509
56.329726080,1788576956.205439806,1788576956.197263241,0.019807201,0.015346811,-0.003546125,0.025056931,0.025306616,1.535031915,-4.109145164,-0.067463040
56.359726080,1788576956.236264229,1788576956.227263212,0.021802866,0.010165967,-0.010244023,0.024056430,0.026146737,1.534425259,-4.109201908,-0.066918842
56.399726080,1788576956.272008657,1788576956.267263174,0.021364865,0.007176561,-0.003115927,0.022537979,0.022752352,1.533705711,-4.109004021,-0.066348828
56.429724800,1788576956.302151680,1788576956.297262192,0.018414262,0.011420061,-0.006749259,0.021668014,0.022694831,1.533199430,-4.108887672,-0.065997504
56.459724800,1788576956.336353302,1788576956.327261925,0.017135945,0.010747336,-0.006552537,0.020227354,0.021262211,1.532807589,-4.108733177,-0.065636925
56.499724800,1788576956.370943308,1788576956.367261887,0.016028238,0.007332005,-0.006632477,0.017625627,0.018832219,1.532455087,-4.108292103,-0.065254509
56.529724288,1788576956.402181149,1788576956.397261620,0.015140558,0.008127816,-0.006529335,0.017184234,0.018382875,1.532259226,-4.108010292,-0.064992651
56.559724288,1788576956.436001301,1788576956.427261353,0.013144450,0.007732920,-0.004765998,0.015250398,0.015977777,1.532176614,-4.107643127,-0.064781278
56.599724288,1788576956.471120358,1788576956.467261553,0.011444268,0.008138055,-0.006309082,0.014042764,0.015394926,1.532256961,-4.106947899,-0.064588428
56.629724288,1788576956.502974033,1788576956.497261524,0.010626085,0.005625752,-0.005181252,0.012023426,0.013092293,1.532362342,-4.106457710,-0.064462587
56.659724288,1788576956.535181761,1788576956.527261496,0.008739456,0.004931581,-0.007325694,0.010034868,0.012424346,1.532566667,-4.105891228,-0.064418763
56.699724288,1788576956.571152449,1788576956.567261457,0.007155763,0.004594327,-0.008196928,0.008503693,0.011811114,1.533066869,-4.104920387,-0.064520419
56.729724032,1788576956.601093292,1788576956.597261429,0.006529897,0.003322214,-0.006659132,0.007326436,0.009900541,1.533465266,-4.104221821,-0.064632297
56.759724032,1788576956.636159658,1788576956.627261162,0.005050966,0.001818771,-0.008103960,0.005368443,0.009720821,1.533966303,-4.103434086,-0.064831406
56.799724032,1788576956.672369957,1788576956.667261124,0.002836593,0.001240456,-0.008562781,0.003095964,0.009105284,1.534914970,-4.102251053,-0.065275684
56.829722752,1788576956.702182055,1788576956.697260141,0.001236543,0.000334817,-0.009815210,0.001281071,0.009898459,1.535651326,-4.101374626,-0.065652221
56.859722752,1788576956.736471891,1788576956.727259874,-0.000833067,-0.001291844,-0.010271159,0.001537160,0.010385546,1.536494613,-4.100429535,-0.066102132
56.899722752,1788576956.771034479,1788576956.767259836,-0.003750212,-0.002372849,-0.011995235,0.004437849,0.012789846,1.537919283,-4.099100590,-0.066880710
56.929721728,1788576956.804365396,1788576956.797259092,-0.005395569,-0.002898296,-0.012956384,0.006124727,0.014331091,1.539017797,-4.098096848,-0.067515269
56.959721728,1788576956.836327791,1788576956.827258825,-0.007863516,-0.003623955,-0.014195943,0.008658403,0.016628071,1.540239692,-4.097039700,-0.068188816
56.999721728,1788576956.871128798,1788576956.867258787,-0.011721647,-0.002873573,-0.015156571,0.012068738,0.019374625,1.542227149,-4.095599174,-0.069150150
57.029720704,1788576956.901098728,1788576956.897258043,-0.013880867,-0.007176175,-0.016363528,0.015626131,0.022626114,1.543763638,-4.094495773,-0.069913365
57.059720704,1788576956.936256409,1788576956.927257776,-0.017078882,-0.006059003,-0.016984040,0.018121802,0.024836613,1.545360327,-4.093407631,-0.070633806
57.099720704,1788576956.970931530,1788576956.967257738,-0.020645448,-0.006996173,-0.016621583,0.021798646,0.027412734,1.547622204,-4.092017651,-0.071396187
57.129719680,1788576957.004543066,1788576956.997256994,-0.022325281,-0.008665865,-0.016595397,0.023948181,0.029136276,1.549355865,-4.090961933,-0.071963586
57.159719680,1788576957.036313772,1788576957.027256727,-0.024562695,-0.006165262,-0.016979542,0.025324621,0.030490019,1.551137805,-4.089977264,-0.072444342
57.199719680,1788576957.070969582,1788576957.067256927,-0.027514710,-0.006696109,-0.015825588,0.028317789,0.032439889,1.553613186,-4.088846684,-0.072805308
57.229718656,1788576957.104344845,1788576957.097255945,-0.029672232,-0.007402606,-0.013361739,0.030581693,0.033373283,1.555499434,-4.088012218,-0.073037520
57.259718656,1788576957.136258602,1788576957.127255917,-0.030369928,-0.006531070,-0.013037901,0.031064246,0.033689379,1.557301641,-4.087259769,-0.073135495
57.299718656,1788576957.170933247,1788576957.167255878,-0.031247257,-0.007176977,-0.009585858,0.032060881,0.033463245,1.559435129,-4.086401939,-0.072926864
57.329718400,1788576957.204360723,1788576957.197255611,-0.032033068,-0.006195904,-0.009642305,0.032626779,0.034021769,1.561009288,-4.085794449,-0.072716579
57.359718400,1788576957.236279964,1788576957.227255583,-0.031907357,-0.005436560,-0.006101440,0.032367199,0.032937261,1.562414289,-4.085307598,-0.072343275
57.399718400,1788576957.271066427,1788576957.267255545,-0.030178907,-0.004613174,-0.002736957,0.030529458,0.030651896,1.563785434,-4.084928513,-0.071494237
57.429719168,1788576957.303130388,1788576957.297256470,-0.029097046,-0.002987940,-0.000913959,0.029250057,0.029264333,1.564729810,-4.084702492,-0.070769399
57.469719168,1788576957.338253260,1788576957.337256432,-0.026344550,-0.002927629,0.002706273,0.026506722,0.026644516,1.565546513,-4.084611416,-0.069573589
57.499719168,1788576957.370988846,1788576957.367256403,-0.023311805,-0.001372365,0.004980654,0.023352166,0.023877407,1.565785527,-4.084692478,-0.068504192
57.529718144,1788576957.404420614,1788576957.397255421,-0.020334352,-0.001070268,0.007640895,0.020362498,0.021748899,1.565919876,-4.084832668,-0.067362092
57.559718144,1788576957.436208010,1788576957.427255392,-0.017403162,0.000200954,0.009622085,0.017404322,0.019887055,1.565794468,-4.085074902,-0.066111580
57.599718144,1788576957.471035242,1788576957.467255354,-0.012246825,0.001406417,0.012970399,0.012327317,0.017893965,1.565011024,-4.085599422,-0.064205669
57.629718144,1788576957.502018213,1788576957.497255325,-0.009032019,0.002136633,0.015742034,0.009281302,0.018274414,1.564283729,-4.086059093,-0.062712528
57.659718144,1788576957.536333561,1788576957.527255297,-0.005270740,0.002775442,0.018294346,0.005956826,0.019239722,1.563323855,-4.086592197,-0.061118767
57.699718144,1788576957.571056843,1788576957.567255259,0.000244609,0.003897110,0.021688827,0.003904779,0.022037525,1.561536670,-4.087442875,-0.058760263
57.729717120,1788576957.604589939,1788576957.597254515,0.004067956,0.004146509,0.023678244,0.005808770,0.024380341,1.560067773,-4.088131905,-0.056944802
57.759717120,1788576957.636421680,1788576957.627254248,0.007840014,0.004889735,0.025686534,0.009239877,0.027297864,1.558421254,-4.088834286,-0.055101007
57.799717120,1788576957.673403502,1788576957.667254210,0.013154078,0.005168939,0.028309021,0.014133213,0.031640929,1.555841565,-4.089758873,-0.052594081
57.829716096,1788576957.704257488,1788576957.697253466,0.016726311,0.005201208,0.030357526,0.017516336,0.035048558,1.553805709,-4.090475559,-0.050691538
57.859716096,1788576957.736731052,1788576957.727253199,0.020243442,0.005464721,0.031808975,0.020968074,0.038098176,1.551645398,-4.091172218,-0.048823111
57.899716096,1788576957.770966291,1788576957.767253160,0.024817044,0.005317914,0.033446018,0.025380423,0.041985735,1.548528790,-4.092028618,-0.046452161
57.929716096,1788576957.802990437,1788576957.797253370,0.027870130,0.005100448,0.034458466,0.028332997,0.044611037,1.546124935,-4.092671871,-0.044683151
57.969716096,1788576957.838182926,1788576957.837253332,0.032299283,0.004652363,0.035406137,0.032632624,0.048150625,1.542711139,-4.093461037,-0.042541325
57.999716096,1788576957.871091604,1788576957.867253304,0.035561936,0.004212804,0.035645099,0.035810599,0.050526944,1.539996266,-4.094006538,-0.041113704
58.029715328,1788576957.901926041,1788576957.897252560,0.038556750,0.004015912,0.035584763,0.038765326,0.052621534,1.537242174,-4.094536781,-0.039721422
58.059715328,1788576957.937499285,1788576957.927252531,0.041219853,0.003258675,0.035442107,0.041348461,0.054459509,1.534475923,-4.095013618,-0.038461454
58.099715328,1788576957.970931530,1788576957.967252493,0.044375197,0.002646453,0.034649644,0.044454042,0.056362751,1.530809879,-4.095522881,-0.037128948
58.129714560,1788576958.001980782,1788576957.997251749,0.046537635,0.002143968,0.034499118,0.046586994,0.057970140,1.528046370,-4.095883369,-0.036179632
58.159714560,1788576958.036687613,1788576958.027251720,0.048336892,0.001711131,0.033937986,0.048367169,0.059086123,1.525351644,-4.096169949,-0.035372123
58.199714560,1788576958.072074652,1788576958.067251682,0.049995724,0.000686847,0.032216307,0.050000441,0.059480540,1.521973848,-4.096369267,-0.034644093
58.229713280,1788576958.103021383,1788576958.097250462,0.051404520,-0.000186407,0.031461872,0.051404858,0.060268639,1.519458294,-4.096491814,-0.034148932
58.259713280,1788576958.135421753,1788576958.127250433,0.052258467,-0.000715637,0.030399577,0.052263367,0.060461506,1.517061830,-4.096559525,-0.033815749
58.299713280,1788576958.170932293,1788576958.167250395,0.052730246,-0.001619245,0.028385867,0.052755102,0.059907080,1.514182925,-4.096521378,-0.033771031
58.329712512,1788576958.202979088,1788576958.197249889,0.053059104,-0.002326133,0.026793803,0.053110068,0.059486026,1.512066841,-4.096469402,-0.033788972
58.359712512,1788576958.235337734,1788576958.227249622,0.053082242,-0.002953967,0.025640115,0.053164371,0.059024282,1.510156393,-4.096380234,-0.033901643
58.399712512,1788576958.271997213,1788576958.267249584,0.051952843,-0.003563407,0.023487696,0.052074906,0.057126768,1.508143187,-4.096179008,-0.034261808
58.429711744,1788576958.304263830,1788576958.297249079,0.051359639,-0.003964776,0.022100969,0.051512444,0.056053410,1.506695271,-4.096013069,-0.034568176
58.459711744,1788576958.336378574,1788576958.327248812,0.050515779,-0.004209002,0.020715707,0.050690824,0.054760388,1.505469561,-4.095863342,-0.034958962
58.499711744,1788576958.369563580,1788576958.367249012,0.048622641,-0.004239304,0.018842681,0.048807099,0.052318062,1.504390717,-4.095716953,-0.035660136
58.529710208,1788576958.402078152,1788576958.397247553,0.047219746,-0.004358519,0.017261245,0.047420471,0.050464361,1.503645778,-4.095604897,-0.036206745
58.559710208,1788576958.436208010,1788576958.427247286,0.042372051,-0.003919433,0.015598348,0.042552940,0.045321751,1.504167557,-4.095400333,-0.037037168
58.599710208,1788576958.471432924,1788576958.467247248,0.036652098,-0.003460620,0.013374433,0.036815108,0.039169218,1.505065680,-4.095129967,-0.038191840
58.629710464,1788576958.501385689,1788576958.497247696,0.032854495,-0.003321711,0.012058389,0.033021987,0.035154749,1.505871296,-4.094920158,-0.039070185
58.659710464,1788576958.535372019,1788576958.527247667,0.029215181,-0.002854208,0.010351434,0.029354273,0.031125962,1.506791234,-4.094702721,-0.039983481
58.699710464,1788576958.570767879,1788576958.567247629,0.025064752,-0.002657986,0.008605448,0.025205291,0.026633821,1.508183837,-4.094388485,-0.041258760
58.729709184,1788576958.604249239,1788576958.597246408,0.022178248,-0.002378669,0.007888960,0.022305442,0.023659426,1.509309411,-4.094157696,-0.042203784
58.759709184,1788576958.636601925,1788576958.627246380,0.019700189,-0.002224292,0.006702683,0.019825361,0.020927754,1.510502934,-4.093914032,-0.043163523
58.799709184,1788576958.672373056,1788576958.667246342,0.016720957,-0.001878133,0.005853514,0.016826104,0.017815201,1.512191534,-4.093566895,-0.044483453
58.829708160,1788576958.703011751,1788576958.697245359,0.014667965,-0.001725860,0.005028314,0.014769150,0.015601658,1.513478875,-4.093316555,-0.045441933
58.859708160,1788576958.737147570,1788576958.727245331,0.012895394,-0.001377648,0.004285618,0.012968774,0.013658537,1.514778256,-4.093053818,-0.046402007
58.899708160,1788576958.771070004,1788576958.767245293,0.010814035,-0.001314667,0.003980598,0.010893654,0.011598140,1.516520381,-4.092671394,-0.047703899
58.929708416,1788576958.801966906,1788576958.797245741,0.009489498,-0.001121176,0.003637198,0.009555502,0.010224325,1.517807245,-4.092397690,-0.048634995
58.959708416,1788576958.835921049,1788576958.827245474,0.008224419,-0.000985205,0.002707805,0.008283217,0.008714580,1.519074321,-4.092119217,-0.049558692
58.999708416,1788576958.869579077,1788576958.867245674,0.006826543,-0.001028987,0.002420413,0.006903659,0.007315662,1.520732164,-4.091733456,-0.050806075
59.029706880,1788576958.904309750,1788576958.897244215,0.005860378,-0.000696763,0.002109190,0.005901653,0.006267232,1.521935463,-4.091458321,-0.051690944
59.059706880,1788576958.935422659,1788576958.927243948,0.005031933,-0.000928700,0.002057014,0.005116916,0.005514902,1.523109913,-4.091182232,-0.052553799
59.099706880,1788576958.970926046,1788576958.967244148,0.004256681,-0.000622545,0.001847371,0.004301964,0.004681846,1.524630904,-4.090806007,-0.053700708
59.129706368,1788576959.004305124,1788576958.997243643,0.003492394,-0.000607044,0.001389941,0.003544760,0.003807526,1.525720596,-4.090545177,-0.054508477
59.159706368,1788576959.036191702,1788576959.027243614,0.002963004,-0.000465893,0.001470716,0.002999408,0.003340577,1.526771426,-4.090294361,-0.055290177
59.199706368,1788576959.071021080,1788576959.067243576,0.002325204,-0.000132339,0.001111504,0.002328967,0.002580606,1.528109431,-4.089976788,-0.056311995
59.229705600,1788576959.101924419,1788576959.097242832,0.002031755,-0.000328919,0.001019532,0.002058207,0.002296881,1.529058933,-4.089754105,-0.057024658
59.259705600,1788576959.136200666,1788576959.127242804,0.001555664,-0.000217206,0.001115956,0.001570754,0.001926818,1.529963613,-4.089550495,-0.057706974
59.299705600,1788576959.170902491,1788576959.167242765,0.001278321,-0.000161510,0.001318755,0.001288483,0.001843720,1.531103015,-4.089303017,-0.058583807
59.329705600,1788576959.201134443,1788576959.197242975,0.000952689,-0.000068403,0.000703675,0.000955141,0.001186361,1.531908512,-4.089130878,-0.059195414
59.359705600,1788576959.236220598,1788576959.227242708,0.000799232,-0.000174785,0.001122634,0.000818121,0.001389111,1.532669544,-4.088972569,-0.059780970
59.399705600,1788576959.271010160,1788576959.267242670,0.000386705,0.000096242,0.000941279,0.000398501,0.001022159,1.533621073,-4.088783741,-0.060540587
59.429704576,1788576959.304295540,1788576959.297241926,0.000072123,0.000080188,0.000519230,0.000107851,0.000530313,1.534294486,-4.088656425,-0.061067425
59.459704576,1788576959.335371733,1788576959.327241659,0.000043115,0.000115235,0.000810626,0.000123037,0.000819910,1.534924269,-4.088539124,-0.061580241
59.499704576,1788576959.370950937,1788576959.367241621,-0.000150584,0.000101673,0.000607462,0.000181695,0.000634053,1.535698295,-4.088404655,-0.062256720
59.529703552,1788576959.404289484,1788576959.397240877,-0.000136535,0.000408421,0.000761307,0.000430638,0.000874664,1.536236882,-4.088315964,-0.062726907
59.559703552,1788576959.435480833,1788576959.427240610,-0.000402726,0.000220754,0.000390770,0.000459261,0.000603011,1.536738753,-4.088237762,-0.063183926
59.599703552,1788576959.471106052,1788576959.467240810,-0.000634702,0.000400916,0.000286171,0.000750719,0.000803414,1.537361026,-4.088157654,-0.063787699
59.629703808,1788576959.501937628,1788576959.497241020,-0.000805109,0.000311453,0.000413396,0.000863251,0.000957131,1.537799954,-4.088104248,-0.064208210
59.659703808,1788576959.535968304,1788576959.527240992,-0.000886221,0.000776707,0.000037076,0.001178414,0.001178997,1.538212657,-4.088056564,-0.064618722
59.699703808,1788576959.570393801,1788576959.567240953,-0.000915019,0.000717666,0.000104721,0.001162886,0.001167592,1.538717270,-4.088006973,-0.065156758
59.729702272,1788576959.604317665,1788576959.597239494,-0.001029320,0.000834119,0.000169192,0.001324860,0.001335620,1.539067388,-4.087977409,-0.065531135
59.759702272,1788576959.636412144,1788576959.627239466,-0.000913880,0.000843177,0.000219640,0.001243432,0.001262682,1.539391041,-4.087952137,-0.065885663
59.799702272,1788576959.672342062,1788576959.667239428,-0.000827628,0.000681869,0.000415252,0.001072340,0.001149934,1.539774537,-4.087938786,-0.066334561
59.829700992,1788576959.702919960,1788576959.697238207,-0.000874874,0.000705952,0.000320609,0.001124177,0.001169001,1.540041566,-4.087928772,-0.066648982
59.859700992,1788576959.735584736,1788576959.727238178,-0.000864006,0.000686997,-0.000077816,0.001103844,0.001106583,1.540290713,-4.087917328,-0.066947550
59.899700992,1788576959.771011591,1788576959.767238140,-0.000866727,0.000546998,0.000226684,0.001024901,0.001049670,1.540599942,-4.087906837,-0.067323416
59.929700224,1788576959.801970243,1788576959.797237396,-0.000979192,0.000614540,-0.000095704,0.001156061,0.001160015,1.540813565,-4.087895870,-0.067589380
59.959700224,1788576959.836189508,1788576959.827237368,-0.000908548,0.000368502,0.000111245,0.000980435,0.000986726,1.541015029,-4.087886333,-0.067841753
59.999700224,1788576959.870945692,1788576959.867237329,-0.000756833,0.000595438,-0.000022706,0.000962986,0.000963254,1.541266561,-4.087875843,-0.068170115
60.029699200,1788576959.904341936,1788576959.897236586,-0.000794498,0.000702171,-0.000152104,0.001060316,0.001071171,1.541438222,-4.087864876,-0.068403348
60.059699200,1788576959.936382532,1788576959.927236319,-0.000696695,0.000413431,-0.000077045,0.000810129,0.000813785,1.541598082,-4.087860107,-0.068623617
60.099699200,1788576959.969499111,1788576959.967236280,-0.000533188,0.000741273,-0.000226677,0.000913113,0.000940828,1.541792512,-4.087863922,-0.068907417
60.129697664,1788576960.002141714,1788576959.997235060,-0.000527253,0.000638647,-0.000134595,0.000828171,0.000839037,1.541921735,-4.087866306,-0.069102660
60.159697664,1788576960.035997868,1788576960.027234793,-0.000602682,0.000564810,-0.000194156,0.000825975,0.000848488,1.542044759,-4.087874413,-0.069288537
60.199697664,1788576960.071604729,1788576960.067234755,-0.000536189,0.000831906,-0.000035338,0.000989730,0.000990361,1.542202115,-4.087894917,-0.069529399
60.229697408,1788576960.101918697,1788576960.097234726,-0.000706730,0.000631599,-0.000492408,0.000947831,0.001068106,1.542311192,-4.087907314,-0.069694757
60.259697408,1788576960.135972500,1788576960.127234459,-0.000674264,0.000594653,-0.000401024,0.000899024,0.000984411,1.542410254,-4.087924480,-0.069846444
60.299697408,1788576960.170979500,1788576960.167234659,-0.000693330,0.000699841,-0.000457760,0.000985131,0.001086291,1.542526484,-4.087958336,-0.070024595
60.329696384,1788576960.204280376,1788576960.197233677,-0.000722920,0.000421186,-0.000579392,0.000836667,0.001017697,1.542608976,-4.087983131,-0.070147172
60.369696384,1788576960.238227367,1788576960.237233639,-0.000678117,0.000466300,-0.000008824,0.000822969,0.000823016,1.542697668,-4.088028908,-0.070287652
60.399696384,1788576960.272160292,1788576960.267233610,-0.000698312,0.000652195,-0.000456641,0.000955509,0.001059018,1.542751670,-4.088069916,-0.070377469
60.429695104,1788576960.303036928,1788576960.297232389,-0.000756456,0.000613476,-0.000264474,0.000973950,0.001009220,1.542803168,-4.088110447,-0.070457943
60.459695104,1788576960.335449696,1788576960.327232361,-0.000628470,0.000753301,-0.000124858,0.000981039,0.000988952,1.542845845,-4.088153362,-0.070525810
60.499695104,1788576960.371106148,1788576960.367232323,-0.000685884,0.000562881,-0.000183725,0.000887283,0.000906105,1.542887092,-4.088220119,-0.070598535
60.529694080,1788576960.402031183,1788576960.397231340,-0.000600734,0.000942220,-0.000108347,0.001117435,0.001122675,1.542913914,-4.088270187,-0.070644572
60.559694080,1788576960.436253548,1788576960.427231312,-0.000618439,0.000795567,-0.000135796,0.001007668,0.001016777,1.542929888,-4.088317394,-0.070679389
60.599694080,1788576960.470975399,1788576960.467231274,-0.000806088,0.000772710,-0.000284088,0.001116628,0.001152200,1.542936563,-4.088387012,-0.070703432
60.629693056,1788576960.504388809,1788576960.497230291,-0.000779326,0.000867413,-0.000150752,0.001166085,0.001175789,1.542944074,-4.088434696,-0.070721626
60.659693056,1788576960.535326958,1788576960.527230263,-0.000813416,0.000778662,-0.000101314,0.001126038,0.001130586,1.542945147,-4.088484287,-0.070734508
60.699693056,1788576960.571153402,1788576960.567230225,-0.000911621,0.000654351,-0.000291333,0.001122154,0.001159355,1.542936444,-4.088563442,-0.070742130
60.729692032,1788576960.604299307,1788576960.597229242,-0.000903600,0.001072748,0.000179935,0.001402599,0.001414093,1.542930245,-4.088622093,-0.070741259
60.759692032,1788576960.634709835,1788576960.627229214,-0.000908096,0.000998623,0.000035725,0.001349772,0.001350245,1.542915702,-4.088678360,-0.070737854
60.799692032,1788576960.672199965,1788576960.667229176,-0.001017223,0.000959210,-0.000020157,0.001398151,0.001398297,1.542879343,-4.088760853,-0.070724972
60.829690496,1788576960.701941967,1788576960.697227716,-0.001065980,0.001139716,-0.000246076,0.001560534,0.001579816,1.542856455,-4.088816643,-0.070723936
60.859690496,1788576960.735926867,1788576960.727227688,-0.000971040,0.001029481,-0.000191262,0.001415185,0.001428051,1.542826653,-4.088869095,-0.070717961
60.899690496,1788576960.770968914,1788576960.767227650,-0.001055013,0.001071792,-0.000185477,0.001503925,0.001515319,1.542768002,-4.088934898,-0.070705660
60.929689472,1788576960.804311752,1788576960.797226667,-0.001061978,0.000991723,-0.000242823,0.001453036,0.001473186,1.542727828,-4.088978767,-0.070696726
60.959689472,1788576960.836317539,1788576960.827226639,-0.001066301,0.000839806,-0.000242633,0.001357303,0.001378819,1.542686582,-4.089022160,-0.070680365
60.999689472,1788576960.869338512,1788576960.867226601,-0.001004259,0.000949294,-0.000221905,0.001381917,0.001399620,1.542623639,-4.089078903,-0.070654586
61.029687936,1788576960.903247595,1788576960.897225142,-0.001254058,0.000837155,-0.000674646,0.001507809,0.001651858,1.542578697,-4.089113712,-0.070639856
61.059687936,1788576960.937234879,1788576960.927225113,-0.000987612,0.000787552,-0.000423923,0.001263177,0.001332414,1.542532563,-4.089150429,-0.070621952
61.099687936,1788576960.969197750,1788576960.967225075,-0.000948715,0.000944848,-0.000624690,0.001338954,0.001477510,1.542458773,-4.089202404,-0.070600830
61.129686656,1788576961.001939774,1788576960.997223854,-0.000931675,0.000772063,-0.000514440,0.001210000,0.001314819,1.542404056,-4.089241028,-0.070583105
61.159686656,1788576961.036192656,1788576961.027223825,-0.001077215,0.000832929,-0.000737370,0.001361676,0.001548508,1.542349696,-4.089274883,-0.070568956
61.199686656,1788576961.070916891,1788576961.067223787,-0.000890465,0.000705726,-0.000465120,0.001136212,0.001227727,1.542267203,-4.089307308,-0.070553280
61.229685632,1788576961.104333401,1788576961.097222805,-0.000924349,0.000485704,-0.000466079,0.001044189,0.001143486,1.542204976,-4.089327812,-0.070539102
61.259685632,1788576961.136325598,1788576961.127222776,-0.000998353,0.000637993,-0.000688494,0.001184797,0.001370317,1.542149782,-4.089344501,-0.070526823
61.299685632,1788576961.170888424,1788576961.167222738,-0.000667874,0.000476583,-0.000666095,0.000820480,0.001056820,1.542075396,-4.089361191,-0.070508003
61.329684608,1788576961.204295874,1788576961.197221994,-0.000671316,0.000559476,-0.000470263,0.000873887,0.000992384,1.542016268,-4.089373112,-0.070491366
61.369684608,1788576961.238456488,1788576961.237221956,-0.000729342,0.000481188,-0.000711018,0.000873775,0.001126512,1.541943073,-4.089388371,-0.070472263
61.399684608,1788576961.271083117,1788576961.267221689,-0.000374569,0.000565250,-0.000313465,0.000678093,0.000747041,1.541886687,-4.089399338,-0.070451505
61.429683328,1788576961.301096439,1788576961.297220707,-0.000415182,0.000571462,-0.000440984,0.000706361,0.000832714,1.541827798,-4.089410782,-0.070434257
61.459683328,1788576961.335294724,1788576961.327220440,-0.000366942,0.000544423,-0.000109133,0.000656538,0.000665547,1.541779876,-4.089418411,-0.070416033
61.499683328,1788576961.370920181,1788576961.367220402,-0.000523097,0.000511228,-0.000491433,0.000731426,0.000881187,1.541739106,-4.089422226,-0.070394754
61.529683840,1788576961.401938677,1788576961.397221088,-0.000459381,0.000542612,0.000022885,0.000710956,0.000711325,1.541709065,-4.089425087,-0.070377529
61.559683840,1788576961.436443567,1788576961.427221060,-0.000623173,0.000526046,-0.000396749,0.000815518,0.000906906,1.541691065,-4.089430332,-0.070362322
61.599683840,1788576961.471005440,1788576961.467221022,-0.000275374,0.000513775,-0.000099367,0.000582920,0.000591329,1.541678905,-4.089448929,-0.070339203
61.629682816,1788576961.504269123,1788576961.497220039,-0.000297092,0.000577215,-0.000041953,0.000649184,0.000650538,1.541666746,-4.089464664,-0.070325710
61.659682816,1788576961.537232161,1788576961.527220011,-0.000379745,0.000580736,-0.000281229,0.000693874,0.000748699,1.541661382,-4.089482307,-0.070310712
61.699682816,1788576961.569242716,1788576961.567219973,-0.000256782,0.000623128,0.000076724,0.000673962,0.000678315,1.541664362,-4.089516640,-0.070286743
61.729681536,1788576961.601948738,1788576961.597218752,-0.000357701,0.000453226,-0.000184502,0.000577377,0.000606140,1.541662455,-4.089538097,-0.070270397
61.759681536,1788576961.636297703,1788576961.627218723,-0.000582251,0.000369170,0.000090594,0.000689422,0.000695349,1.541664600,-4.089558601,-0.070248812
61.799681536,1788576961.674306631,1788576961.667218685,-0.000503637,0.000340452,0.000297251,0.000607913,0.000676695,1.541676164,-4.089589119,-0.070218697
61.829679744,1788576961.701921463,1788576961.697216988,-0.000312502,0.000612225,0.000018829,0.000687369,0.000687627,1.541678905,-4.089613914,-0.070197567
61.859679744,1788576961.736311197,1788576961.727216959,-0.000379081,0.000433294,-0.000248562,0.000575713,0.000627080,1.541683912,-4.089641571,-0.070176139
61.899679744,1788576961.768914938,1788576961.767216921,-0.000278903,0.000756492,0.000066038,0.000806267,0.000808967,1.541701317,-4.089689732,-0.070137575
61.929678208,1788576961.802324295,1788576961.797215462,-0.000282040,0.000730652,-0.000212130,0.000783198,0.000811417,1.541710854,-4.089723587,-0.070111692
61.959678208,1788576961.835913420,1788576961.827215433,-0.000384669,0.000727447,-0.000042883,0.000822891,0.000824007,1.541729569,-4.089761734,-0.070082910
61.999678208,1788576961.871078253,1788576961.867215395,-0.000322422,0.001087924,-0.000206221,0.001134695,0.001153283,1.541775107,-4.089818478,-0.070041373
62.029677696,1788576961.902050972,1788576961.897214890,-0.000141226,0.000810945,0.000008738,0.000823151,0.000823197,1.541800141,-4.089861870,-0.070007555
62.059677696,1788576961.935963392,1788576961.927214861,-0.000232455,0.001236277,-0.000585116,0.001257941,0.001387363,1.541833401,-4.089909554,-0.069975898
62.099677696,1788576961.969583273,1788576961.967214823,-0.000154141,0.001043706,-0.000471815,0.001055027,0.001155721,1.541902423,-4.089963913,-0.069932900
62.129676416,1788576962.001921654,1788576961.997213602,-0.000112287,0.001003274,-0.000410827,0.001009538,0.001089929,1.541944504,-4.090001106,-0.069903433
62.159676416,1788576962.036200523,1788576962.027213573,-0.000125556,0.000943171,-0.000641538,0.000951492,0.001147566,1.541991472,-4.090037346,-0.069873884
62.199676416,1788576962.069617033,1788576962.067213535,-0.000081026,0.000840397,-0.000252038,0.000844294,0.000881110,1.542069435,-4.090077400,-0.069818079
62.229674880,1788576962.104201794,1788576962.097212076,-0.000046151,0.000792378,-0.000503155,0.000793721,0.000939765,1.542119503,-4.090104580,-0.069778495
62.259674880,1788576962.137317181,1788576962.127212048,0.000146945,0.001101305,-0.000236385,0.001111065,0.001135933,1.542167425,-4.090132713,-0.069743678
62.299674880,1788576962.170909166,1788576962.167212009,-0.000118889,0.000937534,-0.000742406,0.000945042,0.001201778,1.542241931,-4.090162277,-0.069687568
62.329673856,1788576962.201022387,1788576962.197211027,-0.000003668,0.000909864,-0.000075963,0.000909872,0.000913037,1.542296290,-4.090181351,-0.069647826
62.359673856,1788576962.236191511,1788576962.227210999,0.000160831,0.000991818,-0.000468719,0.001004774,0.001108724,1.542345524,-4.090193748,-0.069611952
62.399673856,1788576962.270954609,1788576962.267210960,0.000136967,0.000796411,-0.000472759,0.000808103,0.000936233,1.542413950,-4.090207100,-0.069555864
62.429672832,1788576962.301995516,1788576962.297210217,0.000156380,0.000886614,-0.000358301,0.000900299,0.000968978,1.542458773,-4.090215206,-0.069519117
62.459672832,1788576962.336306095,1788576962.327209949,0.000378901,0.000750439,-0.000542529,0.000840669,0.001000531,1.542495251,-4.090221882,-0.069478840
62.499672832,1788576962.370940685,1788576962.367209911,0.000412271,0.000860278,-0.000359728,0.000953963,0.001019534,1.542538524,-4.090231895,-0.069415711
62.529672320,1788576962.404250622,1788576962.397209644,0.000513052,0.000761346,-0.000527109,0.000918080,0.001058638,1.542564750,-4.090235710,-0.069376707
62.559672320,1788576962.435434818,1788576962.427209377,0.000712018,0.000682746,-0.000733695,0.000986464,0.001229398,1.542587280,-4.090237141,-0.069331259
62.599672320,1788576962.471022129,1788576962.467209578,0.000542638,0.000878166,-0.000660729,0.001032294,0.001225640,1.542625785,-4.090246677,-0.069261938
62.629672064,1788576962.501914024,1788576962.497209311,0.000701210,0.000689853,-0.000180656,0.000983663,0.001000115,1.542650223,-4.090253830,-0.069214344
62.659672064,1788576962.536198616,1788576962.527209282,0.000820835,0.000839272,-0.000438827,0.001173945,0.001253282,1.542668462,-4.090261936,-0.069162242
62.699672064,1788576962.570954084,1788576962.567209244,0.000827227,0.000674291,-0.000139879,0.001067227,0.001076354,1.542690396,-4.090277672,-0.069094725
62.729671040,1788576962.604208469,1788576962.597208261,0.000626151,0.000686008,-0.000340066,0.000928801,0.000989099,1.542712450,-4.090284824,-0.069049321
62.759671040,1788576962.637161016,1788576962.627208233,0.000762282,0.000433247,-0.000185322,0.000876799,0.000896170,1.542737126,-4.090290546,-0.068997949
62.799671040,1788576962.669569254,1788576962.667208195,0.000772074,0.000479505,-0.000223163,0.000908858,0.000935855,1.542775393,-4.090303421,-0.068928458
62.829669504,1788576962.702956200,1788576962.697206736,0.000639177,0.000444201,-0.000578756,0.000778371,0.000969959,1.542803288,-4.090311050,-0.068879306
62.859669504,1788576962.737164021,1788576962.727206707,0.000592579,0.000683736,-0.000455160,0.000904790,0.001012825,1.542834878,-4.090326309,-0.068832286
62.899669504,1788576962.770163536,1788576962.767206669,0.000569605,0.000661891,-0.000243940,0.000873241,0.000906673,1.542886138,-4.090356827,-0.068773568
62.929668224,1788576962.802950144,1788576962.797205448,0.000564082,0.000562475,-0.000390232,0.000796597,0.000887044,1.542924047,-4.090373516,-0.068727575
62.959668224,1788576962.835269928,1788576962.827205420,0.000610146,0.000525547,-0.000012909,0.000805282,0.000805385,1.542961836,-4.090391159,-0.068682566
62.999668224,1788576962.870942354,1788576962.867205381,0.000427999,0.000649508,-0.000503323,0.000777846,0.000926487,1.543014884,-4.090421677,-0.068639100
63.029667200,1788576962.904353619,1788576962.897204399,0.000394597,0.000525732,-0.000412548,0.000657344,0.000776078,1.543053746,-4.090441227,-0.068603113
63.059667200,1788576962.936364651,1788576962.927204370,0.000522294,0.000777910,0.000409832,0.000936982,0.001022691,1.543091893,-4.090466499,-0.068568662
63.099667200,1788576962.970941067,1788576962.967204332,0.000364700,0.000575383,-0.000194386,0.000681228,0.000708419,1.543141007,-4.090503216,-0.068522125
63.129666176,1788576963.004297018,1788576962.997203350,0.000347674,0.000627791,0.000041563,0.000717634,0.000718836,1.543180346,-4.090524673,-0.068485774
63.159666176,1788576963.035527468,1788576963.027203321,0.000104366,0.000490859,-0.000096764,0.000501831,0.000511075,1.543222666,-4.090542793,-0.068455368
63.199666176,1788576963.071003914,1788576963.067203283,0.000245046,0.000345913,-0.000172324,0.000423914,0.000457601,1.543271899,-4.090559959,-0.068411812
63.229665920,1788576963.103071213,1788576963.097203255,0.000198136,0.000132867,0.000187833,0.000238561,0.000303632,1.543306470,-4.090568542,-0.068377748
63.259665920,1788576963.135281563,1788576963.127202988,0.000217075,0.000235210,-0.000033988,0.000320071,0.000321870,1.543340802,-4.090573788,-0.068345197
63.299665920,1788576963.171929121,1788576963.167203188,0.000078705,0.000280222,-0.000025265,0.000291065,0.000292159,1.543387413,-4.090581894,-0.068287730
63.329664640,1788576963.201934814,1788576963.197201967,0.000109612,0.000128540,0.000008734,0.000168930,0.000169156,1.543421030,-4.090583801,-0.068250693
63.359664640,1788576963.236267805,1788576963.227201700,0.000211348,0.000216554,0.000021314,0.000302595,0.000303344,1.543449640,-4.090584278,-0.068213642
63.399664640,1788576963.269663572,1788576963.267201900,0.000105476,0.000318880,-0.000320322,0.000335871,0.000464129,1.543484449,-4.090583801,-0.068166159
63.429663104,1788576963.303004742,1788576963.297200441,0.000180275,0.000402141,-0.000006819,0.000440700,0.000440753,1.543510318,-4.090584278,-0.068139076
63.459663104,1788576963.337148428,1788576963.327200174,0.000197075,0.000293316,-0.000356425,0.000353374,0.000501908,1.543530583,-4.090584755,-0.068113521
63.499663104,1788576963.370965004,1788576963.367200375,0.000258615,0.000507436,-0.000224040,0.000569537,0.000612019,1.543549657,-4.090594769,-0.068080321
63.529662080,1788576963.401929379,1788576963.397199392,0.000226119,0.000639773,-0.000241080,0.000678556,0.000720110,1.543564320,-4.090600491,-0.068059579
63.559662080,1788576963.435915232,1788576963.427199125,0.000197700,0.000523101,-0.000588639,0.000559213,0.000811921,1.543577313,-4.090605736,-0.068038978
63.599662080,1788576963.469582796,1788576963.467199326,0.000244702,0.000583488,-0.000181025,0.000632722,0.000658109,1.543594241,-4.090606689,-0.068014041
63.629660544,1788576963.501010656,1788576963.497197866,0.000168498,0.000681416,-0.000165652,0.000701940,0.000721221,1.543606400,-4.090610504,-0.067995995
63.659660544,1788576963.535381079,1788576963.527197599,0.000236891,0.000688662,-0.000854402,0.000728267,0.001122664,1.543618917,-4.090613842,-0.067983396
63.699660544,1788576963.571135521,1788576963.567197800,0.000260544,0.000700036,-0.000918205,0.000746950,0.001183653,1.543634176,-4.090615273,-0.067975640
63.729659520,1788576963.600965977,1788576963.597196817,0.000334200,0.000767169,-0.000746675,0.000836802,0.001121500,1.543644786,-4.090619564,-0.067971930
63.759659520,1788576963.637138605,1788576963.627196789,0.000499342,0.000749825,-0.000343975,0.000900877,0.000964312,1.543651581,-4.090619564,-0.067964397
63.799659520,1788576963.669264078,1788576963.667196751,0.000348281,0.000791766,-0.000670636,0.000864981,0.001094507,1.543663502,-4.090613842,-0.067962185
63.829658496,1788576963.701493502,1788576963.697195768,0.000206653,0.000801596,-0.000511579,0.000827805,0.000973126,1.543675661,-4.090610504,-0.067959912
63.859658496,1788576963.736153364,1788576963.727195740,0.000308345,0.000801112,-0.000477417,0.000858404,0.000982234,1.543684602,-4.090605259,-0.067955986
63.899658496,1788576963.771150589,1788576963.767195702,0.000284540,0.000945254,-0.000374963,0.000987151,0.001055966,1.543694973,-4.090601921,-0.067952096
63.929657472,1788576963.801012993,1788576963.797194719,0.000208440,0.000781709,-0.000536961,0.000809022,0.000971001,1.543701172,-4.090600967,-0.067947626
63.959657472,1788576963.836286783,1788576963.827194691,0.000481358,0.000801047,0.000044180,0.000934549,0.000935593,1.543704271,-4.090594292,-0.067940846
63.999657472,1788576963.869592905,1788576963.867194653,0.000446200,0.001012387,-0.000219612,0.001106355,0.001127941,1.543695092,-4.090589046,-0.067930743
64.029656192,1788576963.904111624,1788576963.897193432,0.000374081,0.000907623,-0.000283731,0.000981691,0.001021871,1.543691635,-4.090586662,-0.067920327
64.059656192,1788576963.936134815,1788576963.927193403,0.000496012,0.001126473,-0.000006908,0.001230841,0.001230860,1.543682814,-4.090589523,-0.067911640
64.099656192,1788576963.970852375,1788576963.967193365,0.000474485,0.001025906,-0.000323268,0.001130318,0.001175636,1.543655515,-4.090596199,-0.067899674
64.129656192,1788576964.001900196,1788576963.997193575,0.000478333,0.000938988,-0.000041250,0.001053803,0.001054610,1.543637514,-4.090602398,-0.067888968
64.159656192,1788576964.035908461,1788576964.027193308,0.000529696,0.001082215,-0.000077507,0.001204893,0.001207383,1.543617249,-4.090606213,-0.067876905
64.199656192,1788576964.070895195,1788576964.067193270,0.000662621,0.000810478,0.000068980,0.001046872,0.001049142,1.543572903,-4.090609550,-0.067849748
64.229654656,1788576964.101914644,1788576964.097192049,0.000506688,0.000996753,0.000249486,0.001118145,0.001145640,1.543541431,-4.090612888,-0.067831188
64.259654656,1788576964.136370659,1788576964.127191782,0.000412887,0.000771130,-0.000022925,0.000874710,0.000875010,1.543509960,-4.090617657,-0.067814343
64.299654656,1788576964.169634819,1788576964.167191744,0.000523957,0.000847026,0.000219156,0.000995984,0.001019810,1.543454885,-4.090629101,-0.067780413
64.329653120,1788576964.202004671,1788576964.197190285,0.000392648,0.000642378,-0.000305210,0.000752876,0.000812388,1.543415546,-4.090638638,-0.067762613
64.359653120,1788576964.235910654,1788576964.227190256,0.000185733,0.000853906,0.000147681,0.000873872,0.000886263,1.543376207,-4.090647697,-0.067737631
64.399653120,1788576964.269296408,1788576964.267190218,0.000107887,0.000729602,0.000010908,0.000737535,0.000737616,1.543314338,-4.090662003,-0.067703217
64.429651584,1788576964.304196358,1788576964.297188759,0.000044467,0.000955895,-0.000153408,0.000956928,0.000969147,1.543274164,-4.090672493,-0.067683108
64.459651584,1788576964.336153746,1788576964.327188730,-0.000070476,0.000628203,-0.000534501,0.000632144,0.000827827,1.543232918,-4.090684414,-0.067665920
64.499651584,1788576964.369585752,1788576964.367188692,-0.000014453,0.000510149,-0.000416935,0.000510353,0.000659011,1.543166757,-4.090704918,-0.067642167
64.529650048,1788576964.401947737,1788576964.397187233,0.000000506,0.000651888,-0.000367394,0.000651888,0.000748290,1.543118000,-4.090715408,-0.067626417
64.559650048,1788576964.436625481,1788576964.427187204,-0.000149671,0.000686325,-0.000528541,0.000702455,0.000879090,1.543070793,-4.090734005,-0.067606874
64.599650048,1788576964.469585896,1788576964.467187166,-0.000122110,0.000311960,-0.000274222,0.000335008,0.000432930,1.543005228,-4.090758801,-0.067576602
64.629649024,1788576964.504164457,1788576964.497186422,0.000001006,0.000607572,-0.000310869,0.000607573,0.000682484,1.542957067,-4.090775013,-0.067557469
64.659649024,1788576964.536158800,1788576964.527186155,-0.000133372,0.000514210,-0.000223989,0.000531225,0.000576516,1.542906642,-4.090793610,-0.067534342
64.699649024,1788576964.570935488,1788576964.567186117,-0.000082944,0.000462545,-0.000043874,0.000469923,0.000471967,1.542839885,-4.090823174,-0.067501254
64.729649024,1788576964.601085424,1788576964.597186327,-0.000045882,0.000628975,-0.000221593,0.000630647,0.000668445,1.542790294,-4.090844631,-0.067480266
64.759649024,1788576964.635918617,1788576964.627186060,0.000094132,0.000427886,-0.000062266,0.000438118,0.000442521,1.542739511,-4.090868950,-0.067456000
64.799649024,1788576964.672164917,1788576964.667186260,-0.000075842,0.000479936,-0.000021049,0.000485892,0.000486347,1.542684436,-4.090905190,-0.067419231
64.829647488,1788576964.701941252,1788576964.697184801,0.000138039,0.000350316,-0.000099010,0.000376532,0.000389332,1.542645693,-4.090931416,-0.067392051
64.859647488,1788576964.736225128,1788576964.727184534,0.000120369,0.000395638,0.000152498,0.000413543,0.000440765,1.542604804,-4.090959072,-0.067366414
64.899647488,1788576964.770954609,1788576964.767184734,0.000159240,0.000466210,0.000017850,0.000492656,0.000492979,1.542557716,-4.091001987,-0.067323610
64.929646464,1788576964.804287434,1788576964.797183752,0.000271666,0.000630473,-0.000062831,0.000686512,0.000689382,1.542520881,-4.091037273,-0.067295872
64.969646464,1788576964.838152409,1788576964.837183714,0.000328065,0.000661100,-0.000157212,0.000738024,0.000754583,1.542473793,-4.091090679,-0.067254901
64.999646464,1788576964.870104790,1788576964.867183685,0.000200996,0.000588072,-0.000373453,0.000621473,0.000725048,1.542450190,-4.091128826,-0.067225218
65.029644928,1788576964.903232574,1788576964.897182226,0.000222891,0.000460833,-0.000564362,0.000511906,0.000761939,1.542429209,-4.091165066,-0.067202471
65.059644928,1788576964.935294390,1788576964.927182198,0.000524650,0.000524001,-0.000415225,0.000741508,0.000849851,1.542405963,-4.091199398,-0.067181543
65.099644928,1788576964.970863342,1788576964.967182159,0.000472336,0.000482066,-0.000437368,0.000674899,0.000804226,1.542379141,-4.091250896,-0.067149736
65.129643904,1788576965.004228115,1788576964.997181177,0.000395766,0.000414642,-0.000746276,0.000573200,0.000941003,1.542359829,-4.091289043,-0.067138731
65.159643904,1788576965.037242413,1788576965.027181149,0.000361925,0.000519145,-0.001167555,0.000632851,0.001328039,1.542341590,-4.091324329,-0.067125410
65.199643904,1788576965.069638491,1788576965.067181110,0.000378884,0.000368443,-0.000892117,0.000528492,0.001036907,1.542326927,-4.091369629,-0.067102313
65.229642368,1788576965.104168415,1788576965.097179651,0.000448043,0.000431562,-0.000511485,0.000622084,0.000805361,1.542317510,-4.091400623,-0.067082621
65.259642368,1788576965.137185335,1788576965.127179623,0.000531539,0.000688442,-0.000924025,0.000869762,0.001268979,1.542309642,-4.091432571,-0.067061491
65.299642368,1788576965.170051575,1788576965.167179585,0.000408621,0.000540987,-0.000710445,0.000677966,0.000982023,1.542306900,-4.091474056,-0.067023903
65.329641088,1788576965.204397202,1788576965.197178364,0.000390774,0.000343263,-0.000653350,0.000520129,0.000835105,1.542305470,-4.091504097,-0.066996515
65.359641088,1788576965.235257387,1788576965.227178335,0.000480922,0.000826011,-0.000664360,0.000955814,0.001164026,1.542306423,-4.091533184,-0.066967353
65.399641088,1788576965.270994425,1788576965.267178297,0.000373887,0.000544809,-0.000513278,0.000660763,0.000836698,1.542314649,-4.091574669,-0.066929705
65.429640064,1788576965.304218054,1788576965.297177315,0.000434009,0.000645866,-0.000451999,0.000778143,0.000899895,1.542322636,-4.091600895,-0.066899531
65.469640064,1788576965.338108301,1788576965.337177277,0.000414193,0.000440374,-0.000515822,0.000604554,0.000794706,1.542335033,-4.091635704,-0.066853456
65.499640064,1788576965.370853662,1788576965.367177248,0.000438879,0.000507662,-0.000036216,0.000671070,0.000672047,1.542344809,-4.091660976,-0.066815585
65.529639296,1788576965.404176474,1788576965.397176504,0.000240971,0.000545033,-0.000541161,0.000595926,0.000804974,1.542358518,-4.091682911,-0.066779308
65.559639296,1788576965.435880661,1788576965.427176476,0.000272119,0.000538858,-0.000273004,0.000603669,0.000662531,1.542374492,-4.091701508,-0.066743977
65.599639296,1788576965.471294403,1788576965.467176437,0.000200768,0.000346234,-0.000298121,0.000400232,0.000499061,1.542393565,-4.091722965,-0.066698804
65.629639296,1788576965.501915216,1788576965.497176647,0.000083659,0.000293730,-0.000136048,0.000305411,0.000334343,1.542412043,-4.091730118,-0.066668317
65.659639296,1788576965.536155701,1788576965.527176380,0.000266114,0.000167054,-0.000029944,0.000314204,0.000315627,1.542425871,-4.091734409,-0.066640362
65.699639296,1788576965.570939302,1788576965.567176342,0.000331424,0.000201379,-0.000215549,0.000387809,0.000443686,1.542437077,-4.091742992,-0.066612504
65.729639296,1788576965.604180813,1788576965.597176552,0.000377709,-0.000007755,-0.000212832,0.000377788,0.000433614,1.542443037,-4.091745853,-0.066598833
65.759639296,1788576965.637214184,1788576965.627176523,0.000436696,0.000138980,-0.000131334,0.000458278,0.000476726,1.542444587,-4.091749191,-0.066583283
65.799639296,1788576965.669488907,1788576965.667176485,0.000464350,0.000146693,-0.000334552,0.000486970,0.000590817,1.542441130,-4.091758728,-0.066560589
65.829638272,1788576965.704610348,1788576965.697175503,0.000574117,-0.000142832,-0.000224416,0.000591618,0.000632751,1.542437315,-4.091763496,-0.066541374
65.859638272,1788576965.736135483,1788576965.727175474,0.000346164,0.000033883,-0.000201654,0.000347819,0.000402047,1.542435884,-4.091772079,-0.066525117
65.899638272,1788576965.771007061,1788576965.767175436,0.000329196,0.000286274,-0.000499461,0.000436260,0.000663162,1.542436838,-4.091794968,-0.066499323
65.929637760,1788576965.801017046,1788576965.797174931,0.000407394,0.000059906,-0.000516418,0.000411775,0.000660490,1.542435169,-4.091811657,-0.066482268
65.959637760,1788576965.835244179,1788576965.827174902,0.000355688,0.000111865,-0.000639382,0.000372865,0.000740160,1.542431355,-4.091830730,-0.066463828
65.999637760,1788576965.870835543,1788576965.867174864,0.000387798,0.000080796,-0.000390473,0.000396125,0.000556223,1.542421579,-4.091858387,-0.066423945
66.029636992,1788576965.904227257,1788576965.897174358,0.000417620,-0.000133513,-0.000260823,0.000438443,0.000510158,1.542413354,-4.091875076,-0.066396974
66.069636992,1788576965.938125610,1788576965.937174320,0.000231910,0.000154069,-0.000559563,0.000278423,0.000625005,1.542408943,-4.091903687,-0.066358991
66.099636992,1788576965.969570637,1788576965.967174053,0.000148232,0.000173992,-0.000340765,0.000228573,0.000410325,1.542411327,-4.091927052,-0.066327386
66.129635456,1788576966.002007246,1788576965.997172832,0.000149765,0.000396011,-0.000396021,0.000423384,0.000579729,1.542414308,-4.091953754,-0.066297039
66.159635456,1788576966.036229372,1788576966.027172565,0.000038792,0.000430775,-0.000937567,0.000432518,0.001032523,1.542421579,-4.091980934,-0.066268936
66.199635456,1788576966.071050167,1788576966.067172527,0.000058223,0.000272700,-0.000492198,0.000278846,0.000565697,1.542436004,-4.092024803,-0.066227078
66.229635456,1788576966.101016760,1788576966.097172737,-0.000103350,0.000735340,-0.000447725,0.000742567,0.000867101,1.542449713,-4.092055321,-0.066197813
66.259635456,1788576966.135269880,1788576966.127172709,-0.000150669,0.000536238,-0.000582271,0.000557003,0.000805787,1.542463899,-4.092082977,-0.066164210
66.299635456,1788576966.170860767,1788576966.167172670,-0.000234959,0.000374290,-0.000417514,0.000441926,0.000607961,1.542486072,-4.092118263,-0.066117734
66.329634688,1788576966.201825142,1788576966.197171926,-0.000217374,0.000717989,-0.000628838,0.000750173,0.000978875,1.542501688,-4.092143536,-0.066084601
66.359634688,1788576966.236248255,1788576966.227171898,-0.000187448,0.000463212,-0.000401931,0.000499702,0.000641288,1.542517543,-4.092164516,-0.066052914
66.399634688,1788576966.272068024,1788576966.267171860,-0.000346664,0.000568970,-0.000459161,0.000666260,0.000809155,1.542537093,-4.092195034,-0.066017106
66.429633152,1788576966.302863836,1788576966.297170401,-0.000202918,0.000767224,-0.000471731,0.000793604,0.000923221,1.542552233,-4.092213154,-0.065986983
66.459633152,1788576966.335403919,1788576966.327170372,-0.000204572,0.000652643,-0.000263722,0.000683953,0.000733036,1.542563677,-4.092228413,-0.065961964
66.499633152,1788576966.370964050,1788576966.367170334,-0.000145762,0.000914525,-0.000388025,0.000926069,0.001004075,1.542576671,-4.092250347,-0.065933920
66.529632128,1788576966.403264284,1788576966.397169352,-0.000048778,0.000986416,-0.000183525,0.000987621,0.001004528,1.542585611,-4.092267036,-0.065914452
66.559632128,1788576966.435240030,1788576966.427169323,-0.000048993,0.000879531,-0.000152216,0.000880894,0.000893949,1.542592406,-4.092281342,-0.065894917
66.599632128,1788576966.470822334,1788576966.467169285,-0.000062552,0.001040411,-0.000139798,0.001042290,0.001051624,1.542595148,-4.092299461,-0.065873243
66.629631104,1788576966.504244566,1788576966.497168303,-0.000095612,0.000872232,-0.000248476,0.000877456,0.000911959,1.542598844,-4.092310905,-0.065858051
66.669631104,1788576966.538125038,1788576966.537168503,-0.000031618,0.000818447,-0.000167813,0.000819058,0.000836072,1.542598724,-4.092321873,-0.065833740
66.699631104,1788576966.569644451,1788576966.567168236,0.000046745,0.000989038,-0.000193885,0.000990142,0.001008946,1.542595983,-4.092328548,-0.065820739
66.729629568,1788576966.602091789,1788576966.597166777,-0.000192963,0.000872490,-0.000213126,0.000893574,0.000918638,1.542592168,-4.092333794,-0.065803096
66.759629568,1788576966.636398315,1788576966.627166748,-0.000146997,0.000748971,-0.000065244,0.000763260,0.000766044,1.542589664,-4.092338085,-0.065788925
66.799629568,1788576966.672284842,1788576966.667166710,-0.000125195,0.000705419,-0.000210359,0.000716443,0.000746687,1.542578936,-4.092343807,-0.065776587
66.829628032,1788576966.701887846,1788576966.697165251,-0.000125963,0.000709412,0.000132231,0.000720508,0.000732542,1.542570829,-4.092348099,-0.065762930
66.859628032,1788576966.736368656,1788576966.727165222,-0.000195197,0.000699487,-0.000199267,0.000726212,0.000753055,1.542562842,-4.092349052,-0.065749869
66.899628032,1788576966.770920992,1788576966.767165184,-0.000104009,0.000693331,-0.000015018,0.000701089,0.000701250,1.542546034,-4.092352390,-0.065730266
66.929626752,1788576966.804160833,1788576966.797163963,-0.000233669,0.000467338,0.000064136,0.000522499,0.000526421,1.542534113,-4.092356205,-0.065715149
66.959626752,1788576966.837166786,1788576966.827163935,-0.000385405,0.000719620,-0.000132985,0.000816327,0.000827088,1.542521477,-4.092359543,-0.065703183
66.999626752,1788576966.869628906,1788576966.867163897,-0.000353091,0.000650232,-0.000135283,0.000739916,0.000752181,1.542500854,-4.092367649,-0.065691911
67.029625216,1788576966.903254986,1788576966.897162437,-0.000335875,0.000663250,-0.000002691,0.000743446,0.000743451,1.542487025,-4.092373848,-0.065680526
67.059625216,1788576966.937191010,1788576966.927162409,-0.000112017,0.001159509,-0.000151360,0.001164907,0.001174699,1.542469501,-4.092387676,-0.065675572
67.099625216,1788576966.969120026,1788576966.967162371,-0.000128967,0.000403446,-0.000453943,0.000423558,0.000620858,1.542438865,-4.092405319,-0.065676108
67.129623680,1788576967.001880884,1788576966.997160912,-0.000004479,0.000881634,-0.000015316,0.000881646,0.000881779,1.542414784,-4.092421055,-0.065680116
67.159623680,1788576967.035977840,1788576967.027160883,-0.000048007,0.000819585,-0.000133696,0.000820990,0.000831805,1.542389750,-4.092436314,-0.065685526
67.199623680,1788576967.070872545,1788576967.067160845,-0.000062236,0.000863118,-0.000350299,0.000865359,0.000933571,1.542354226,-4.092464924,-0.065699309
67.229623168,1788576967.104258537,1788576967.097160339,-0.000078429,0.001002786,-0.000389708,0.001005848,0.001078704,1.542327523,-4.092486858,-0.065714091
67.259623168,1788576967.136655092,1788576967.127160311,-0.000134510,0.000826607,-0.000360326,0.000837479,0.000911705,1.542300463,-4.092512131,-0.065730259
67.299623168,1788576967.170882702,1788576967.167160273,-0.000239597,0.001127927,-0.000217188,0.001153094,0.001173370,1.542265058,-4.092550278,-0.065753751
67.329622144,1788576967.204366922,1788576967.197159529,-0.000266364,0.001165487,-0.000275845,0.001195537,0.001226947,1.542242527,-4.092575550,-0.065772250
67.359622144,1788576967.236191034,1788576967.227159262,-0.000101333,0.001131593,-0.000491493,0.001136121,0.001237876,1.542217016,-4.092604637,-0.065788165
67.399622144,1788576967.271069288,1788576967.267159224,-0.000066464,0.001171936,-0.000330446,0.001173819,0.001219445,1.542175412,-4.092646599,-0.065810211
67.429621120,1788576967.301971912,1788576967.297158480,-0.000001396,0.001010953,-0.000565539,0.001010954,0.001158388,1.542146444,-4.092674255,-0.065833136
67.459621120,1788576967.336175680,1788576967.327158213,0.000075203,0.001055934,-0.000252287,0.001058609,0.001088256,1.542114615,-4.092705727,-0.065850735
67.499621120,1788576967.369605303,1788576967.367158175,0.000162836,0.000908932,0.000168266,0.000923403,0.000938609,1.542064309,-4.092739582,-0.065866999
67.529619328,1788576967.401846409,1788576967.397156715,0.000155873,0.000838981,-0.000188658,0.000853337,0.000873943,1.542026281,-4.092761040,-0.065871805
67.559619328,1788576967.436390400,1788576967.427156448,0.000157324,0.000900235,0.000111203,0.000913878,0.000920619,1.541983366,-4.092783451,-0.065871820
67.599619328,1788576967.469457150,1788576967.467156410,0.000157245,0.000958144,-0.000073391,0.000970961,0.000973731,1.541918993,-4.092812061,-0.065864310
67.629617792,1788576967.502942324,1788576967.497155190,0.000109216,0.000998058,0.000058460,0.001004016,0.001005716,1.541873217,-4.092834949,-0.065856963
67.659617792,1788576967.535247326,1788576967.527154922,0.000176788,0.000972669,-0.000041007,0.000988604,0.000989454,1.541825056,-4.092855930,-0.065850452
67.699617792,1788576967.570951700,1788576967.567154884,0.000089406,0.000773140,-0.000006809,0.000778292,0.000778322,1.541754603,-4.092872143,-0.065833993
67.729617280,1788576967.601870298,1788576967.597154617,-0.000056963,0.000524682,-0.000057892,0.000527765,0.000530931,1.541708708,-4.092879772,-0.065821342
67.759617280,1788576967.635876179,1788576967.627154350,-0.000147661,0.000535353,-0.000184090,0.000555344,0.000585060,1.541661978,-4.092884064,-0.065810546
67.799617280,1788576967.672082663,1788576967.667154551,-0.000162565,0.000545763,-0.000009130,0.000569460,0.000569533,1.541596413,-4.092889309,-0.065798327
67.829615744,1788576967.701928139,1788576967.697153091,-0.000202047,0.000459909,0.000078789,0.000502334,0.000508475,1.541551709,-4.092895508,-0.065790527
67.859615744,1788576967.736380577,1788576967.727152824,-0.000210648,0.000828134,-0.000204425,0.000854505,0.000878617,1.541506529,-4.092898846,-0.065783873
67.899615744,1788576967.769362926,1788576967.767152786,-0.000270694,0.000489321,-0.000177340,0.000559206,0.000586652,1.541437507,-4.092904091,-0.065779299
67.929613952,1788576967.802906275,1788576967.797151327,-0.000094746,0.000479787,0.000295314,0.000489052,0.000571299,1.541387796,-4.092906952,-0.065770030
67.969613952,1788576967.838140488,1788576967.837151289,-0.000193931,0.000733386,0.000152517,0.000758594,0.000773774,1.541317821,-4.092909813,-0.065763794
67.999613952,1788576967.870963097,1788576967.867151022,-0.000248980,0.000659144,0.000132509,0.000704600,0.000716952,1.541264057,-4.092911720,-0.065754414
68.029613184,1788576967.901892424,1788576967.897150517,-0.000197140,0.000490308,0.000151791,0.000528456,0.000549824,1.541214943,-4.092913628,-0.065746173
68.059613184,1788576967.936258793,1788576967.927150249,-0.000169716,0.000577042,0.000193740,0.000601483,0.000631915,1.541163564,-4.092913628,-0.065738708
68.099613184,1788576967.970814705,1788576967.967150450,-0.000142450,0.000362271,0.000295256,0.000389272,0.000488578,1.541088104,-4.092911243,-0.065726034
68.129613184,1788576968.004117966,1788576967.997150421,-0.000178375,0.000490202,0.000430577,0.000521647,0.000676397,1.541037440,-4.092908382,-0.065721668
68.159613184,1788576968.036610842,1788576968.027150393,-0.000134019,0.000579166,0.000205916,0.000594470,0.000629123,1.540985942,-4.092904568,-0.065716252
68.199613184,1788576968.070820093,1788576968.067150354,-0.000053492,0.000364825,0.000259711,0.000368725,0.000451008,1.540913463,-4.092902660,-0.065717265
68.229612416,1788576968.102007151,1788576968.097149611,-0.000068003,0.000279359,0.000428013,0.000287517,0.000515617,1.540860891,-4.092895985,-0.065719046
68.259612416,1788576968.136714935,1788576968.127149582,-0.000046013,0.000097237,0.000098682,0.000107575,0.000145981,1.540810823,-4.092885017,-0.065722197
68.299612416,1788576968.170029402,1788576968.167149544,0.000080297,0.000121974,0.000513041,0.000146032,0.000533420,1.540743589,-4.092868805,-0.065736622
68.329610624,1788576968.202835083,1788576968.197147846,0.000086428,-0.000039158,0.000259058,0.000094885,0.000275888,1.540695548,-4.092854977,-0.065748326
68.359610624,1788576968.235202551,1788576968.227147818,0.000178602,0.000001579,0.000217176,0.000178609,0.000281188,1.540646791,-4.092842102,-0.065753385
68.399610624,1788576968.272014856,1788576968.267147779,0.000376326,-0.000194725,0.000747540,0.000423720,0.000859275,1.540582657,-4.092824936,-0.065766074
68.429609856,1788576968.300833702,1788576968.297147036,0.000290407,-0.000120453,0.000195373,0.000314397,0.000370157,1.540534854,-4.092813015,-0.065777384
68.469609856,1788576968.338383675,1788576968.337147236,0.000388250,-0.000350709,0.000366320,0.000523197,0.000638690,1.540469289,-4.092793941,-0.065787047
68.499609856,1788576968.369189024,1788576968.367146969,0.000298281,-0.000190108,0.000154109,0.000353713,0.000385827,1.540423155,-4.092783451,-0.065794177
68.529608064,1788576968.402152538,1788576968.397145271,0.000313200,-0.000210668,0.000193877,0.000377459,0.000424339,1.540380597,-4.092772484,-0.065803565
68.559608064,1788576968.436274767,1788576968.427145243,0.000351602,-0.000078296,0.000138588,0.000360214,0.000385954,1.540340900,-4.092762470,-0.065813258
68.599608064,1788576968.470978022,1788576968.467145205,0.000262998,-0.000115177,0.000336767,0.000287112,0.000442545,1.540293574,-4.092746735,-0.065822855
68.629608064,1788576968.501074314,1788576968.497145414,0.000201995,-0.000061705,0.000164320,0.000211210,0.000267601,1.540262461,-4.092737198,-0.065826431
68.659608064,1788576968.536355019,1788576968.527145147,0.000250699,0.000148746,0.000201934,0.000291505,0.000354617,1.540233970,-4.092728615,-0.065838158
68.699608064,1788576968.569534063,1788576968.567145109,0.000204309,0.000007637,0.000152342,0.000204452,0.000254968,1.540202141,-4.092718601,-0.065856978
68.729606528,1788576968.601973772,1788576968.597143888,0.000299347,0.000198910,0.000049667,0.000359407,0.000362823,1.540180683,-4.092715263,-0.065865621
68.759606528,1788576968.637134075,1788576968.627143621,0.000294032,0.000282772,0.000291378,0.000407940,0.000501314,1.540163517,-4.092710972,-0.065868720
68.799606528,1788576968.669578791,1788576968.667143583,0.000299033,0.000177619,0.000668281,0.000347806,0.000753372,1.540148616,-4.092704296,-0.065883271
68.829605504,1788576968.700874805,1788576968.697142839,0.000053074,0.000100116,0.000070693,0.000113315,0.000133558,1.540139914,-4.092698097,-0.065891653
68.859605504,1788576968.735902309,1788576968.727142572,0.000126186,0.000063461,0.000413233,0.000141245,0.000436706,1.540138006,-4.092689991,-0.065890625
68.899605504,1788576968.770976782,1788576968.767142773,0.000066772,0.000074662,0.000266511,0.000100165,0.000284712,1.540141702,-4.092679501,-0.065901712
68.929604992,1788576968.801524162,1788576968.797142267,-0.000035071,0.000070130,0.000577120,0.000078410,0.000582423,1.540145755,-4.092667103,-0.065912709
68.959604992,1788576968.835406065,1788576968.827142239,-0.000257585,-0.000036972,0.000424526,0.000260224,0.000497935,1.540157557,-4.092652798,-0.065919831
68.999604992,1788576968.870899200,1788576968.867142200,-0.000109556,0.000027824,0.000357208,0.000113034,0.000374665,1.540177822,-4.092635632,-0.065919206
69.029603968,1788576968.904187202,1788576968.897141218,-0.000247360,-0.000101933,0.000881899,0.000267539,0.000921587,1.540192008,-4.092622280,-0.065919414
69.059603968,1788576968.935225487,1788576968.927141190,-0.000333797,-0.000159020,0.000634362,0.000369741,0.000734250,1.540214419,-4.092607975,-0.065917626
69.099603968,1788576968.970860481,1788576968.967141151,-0.000269819,0.000128121,0.000892047,0.000298692,0.000940726,1.540248036,-4.092593670,-0.065909617
69.129602944,1788576969.000860214,1788576968.997140169,-0.000220895,-0.000077568,0.000589269,0.000234118,0.000634074,1.540268779,-4.092584610,-0.065902703
69.159602944,1788576969.036115885,1788576969.027140141,-0.000305633,0.000123121,0.000873809,0.000329500,0.000933870,1.540289164,-4.092576027,-0.065895073
69.199602944,1788576969.071101904,1788576969.067140102,-0.000203953,0.000141031,0.001436304,0.000247964,0.001457551,1.540317655,-4.092566967,-0.065875202
69.229601920,1788576969.102026224,1788576969.097139120,-0.000168102,0.000052087,0.000801214,0.000175987,0.000820314,1.540334105,-4.092560768,-0.065858714
69.259601920,1788576969.136168957,1788576969.127139091,-0.000164006,-0.000039701,0.000948322,0.000168743,0.000963218,1.540349245,-4.092556477,-0.065834135
69.299601920,1788576969.170804024,1788576969.167139053,-0.000064438,0.000166404,0.001341905,0.000178445,0.001353718,1.540371418,-4.092554092,-0.065795705
69.329600896,1788576969.204127789,1788576969.197138071,-0.000251821,0.000144462,0.001004386,0.000290315,0.001045502,1.540386438,-4.092555523,-0.065770209
69.359600896,1788576969.235219479,1788576969.227138042,-0.000119575,0.000119673,0.000967477,0.000169174,0.000982157,1.540400505,-4.092559338,-0.065736562
69.399600896,1788576969.269563198,1788576969.267138004,0.000043325,0.000084743,0.001169064,0.000095176,0.001172932,1.540415049,-4.092561245,-0.065683678
69.429599360,1788576969.302920341,1788576969.297136545,0.000039020,0.000109484,0.000676524,0.000116230,0.000686435,1.540421247,-4.092563152,-0.065649197
69.459599360,1788576969.335407734,1788576969.327136517,0.000113082,-0.000051547,0.001361578,0.000124276,0.001367238,1.540424585,-4.092563629,-0.065609828
69.499599360,1788576969.370837927,1788576969.367136478,0.000264521,-0.000153518,0.000928105,0.000305841,0.000977199,1.540426016,-4.092564583,-0.065552019
69.529598080,1788576969.403215885,1788576969.397135258,0.000259799,-0.000086677,0.001135334,0.000273877,0.001167901,1.540422678,-4.092565536,-0.065502159
69.559598080,1788576969.435267687,1788576969.427135229,0.000432839,0.000080226,0.001486797,0.000440211,0.001550597,1.540417552,-4.092563629,-0.065462619
69.599598080,1788576969.470860720,1788576969.467135191,0.000358870,0.000064859,0.000877229,0.000364684,0.000950013,1.540411592,-4.092566013,-0.065406084
69.629597312,1788576969.500948906,1788576969.497134686,0.000389644,0.000007676,0.001000275,0.000389719,0.001073513,1.540405154,-4.092566490,-0.065368578
69.659597312,1788576969.535283566,1788576969.527134418,0.000363222,0.000168138,0.000903836,0.000400251,0.000988493,1.540396452,-4.092570782,-0.065335296
69.699597312,1788576969.570922613,1788576969.567134380,0.000259783,-0.000045207,0.000831188,0.000263687,0.000872012,1.540386677,-4.092578888,-0.065291606
69.729596288,1788576969.604229927,1788576969.597133636,0.000288361,-0.000001379,0.000680989,0.000288364,0.000739527,1.540381432,-4.092584133,-0.065270111
69.759596288,1788576969.637124777,1788576969.627133369,0.000215376,0.000131628,0.000438319,0.000252414,0.000505803,1.540376663,-4.092587471,-0.065252833
69.799596288,1788576969.672120571,1788576969.667133331,0.000196127,0.000118984,0.000662586,0.000229397,0.000701173,1.540373325,-4.092598915,-0.065232486
69.829594752,1788576969.702908993,1788576969.697132111,0.000101114,0.000309082,0.000576839,0.000325201,0.000662193,1.540373921,-4.092605591,-0.065213293
69.859594752,1788576969.735254288,1788576969.727131844,0.000330136,0.000107226,0.000850428,0.000347113,0.000918540,1.540373206,-4.092616558,-0.065207645
69.899594752,1788576969.770991802,1788576969.767131805,0.000309585,0.000287346,0.000272721,0.000422387,0.000502780,1.540368319,-4.092641830,-0.065188393
69.929593728,1788576969.800829411,1788576969.797131062,0.000233115,0.000529245,0.000533433,0.000578310,0.000786762,1.540367007,-4.092662811,-0.065176465
69.959593728,1788576969.837195873,1788576969.827130795,0.000317479,0.000425601,0.000414325,0.000530970,0.000673494,1.540365219,-4.092684269,-0.065173544
69.999593728,1788576969.869419098,1788576969.867130995,0.000357673,0.000447854,0.000369590,0.000573152,0.000681983,1.540353298,-4.092720985,-0.065162055
70.029592192,1788576969.903281212,1788576969.897129536,0.000303841,0.000359029,0.000473401,0.000470341,0.000667330,1.540346265,-4.092745781,-0.065153062
70.059592192,1788576969.935420752,1788576969.927129269,0.000264332,0.000478470,0.000300749,0.000546630,0.000623903,1.540337682,-4.092774868,-0.065144271
70.099592192,1788576969.970778465,1788576969.967129230,0.000238369,0.000608917,0.000338984,0.000653911,0.000736553,1.540319324,-4.092817783,-0.065137103
70.129591680,1788576970.000958920,1788576969.997128963,0.000161680,0.000333937,-0.000264349,0.000371018,0.000455560,1.540308356,-4.092846870,-0.065135464
70.159591680,1788576970.036278248,1788576970.027128935,0.000133261,0.000461039,0.000209509,0.000479912,0.000523650,1.540297508,-4.092879772,-0.065131262
70.199591680,1788576970.069608212,1788576970.067128897,0.000236066,0.000248216,0.000005266,0.000342547,0.000342587,1.540277481,-4.092913151,-0.065122269
70.229590656,1788576970.100856304,1788576970.097127914,0.000276828,0.000333289,-0.000188970,0.000433261,0.000472679,1.540261388,-4.092936516,-0.065120794
70.269590656,1788576970.138150454,1788576970.137127876,0.000218442,0.000259927,-0.000219118,0.000339527,0.000404094,1.540236712,-4.092968464,-0.065118887
70.299590656,1788576970.170817852,1788576970.167127848,0.000297931,0.000385410,-0.000606094,0.000487138,0.000777594,1.540217876,-4.092996597,-0.065118194
70.329589632,1788576970.200810194,1788576970.197126865,0.000197369,0.000108475,-0.000271036,0.000225213,0.000352394,1.540199518,-4.093018055,-0.065124258
70.359589632,1788576970.237168789,1788576970.227126837,0.000106588,0.000388829,-0.000245561,0.000403173,0.000472069,1.540181756,-4.093039989,-0.065128103
70.399589632,1788576970.269702435,1788576970.267126799,0.000225955,0.000282835,-0.000596908,0.000362010,0.000698105,1.540151954,-4.093067169,-0.065134183
70.429588096,1788576970.302860975,1788576970.297125340,0.000140291,0.000392520,-0.000616245,0.000416838,0.000743984,1.540129304,-4.093087673,-0.065136299
70.459588096,1788576970.335337162,1788576970.327125311,0.000217500,0.000564210,-0.000106251,0.000604681,0.000613945,1.540108681,-4.093110561,-0.065141037
70.499588096,1788576970.370932817,1788576970.367125273,0.000246599,0.000440680,-0.000859253,0.000504985,0.000996658,1.540082335,-4.093138695,-0.065149151
70.529586816,1788576970.400935650,1788576970.397124052,0.000431800,0.000510655,-0.000127355,0.000668745,0.000680764,1.540062428,-4.093158722,-0.065134957
70.559586816,1788576970.437093735,1788576970.427124023,0.000195533,0.000719290,-0.000004889,0.000745393,0.000745409,1.540047884,-4.093179226,-0.065143876
70.599586816,1788576970.469247580,1788576970.467123985,0.000325213,0.000540346,0.000267391,0.000630664,0.000685007,1.540031910,-4.093206406,-0.065144137
70.629585024,1788576970.503022194,1788576970.497122288,0.000073601,0.000182756,-0.000045802,0.000197019,0.000202273,1.540018559,-4.093218803,-0.065140784
70.659585024,1788576970.535196304,1788576970.527122259,-0.000025832,0.000278206,-0.000280880,0.000279402,0.000396181,1.540012002,-4.093226910,-0.065127976
70.699585024,1788576970.570922852,1788576970.567122221,-0.000023200,0.000425390,0.000127533,0.000426023,0.000444702,1.540009499,-4.093236923,-0.065118812
70.729584000,1788576970.602990150,1788576970.597121239,0.000043519,0.000324004,0.000738875,0.000326913,0.000807966,1.540009141,-4.093243122,-0.065116927
70.759584000,1788576970.635213614,1788576970.627121210,-0.000114431,0.000434001,-0.000343975,0.000448833,0.000565482,1.540013552,-4.093252182,-0.065114282
70.799584000,1788576970.672114849,1788576970.667121172,0.000196019,0.000291273,-0.000380346,0.000351089,0.000517616,1.540014625,-4.093266010,-0.065104745
70.829582464,1788576970.701825380,1788576970.697119713,0.000064872,0.000633808,0.000211479,0.000637120,0.000671301,1.540009499,-4.093281269,-0.065109171
70.859582464,1788576970.736741066,1788576970.727119684,0.000058617,0.000297302,-0.001281954,0.000303025,0.001317281,1.540006518,-4.093296528,-0.065085687
70.899582464,1788576970.769551754,1788576970.767119646,0.000348384,0.000595044,-0.000781353,0.000689528,0.001042095,1.539999127,-4.093317986,-0.065078974
70.929580928,1788576970.802922249,1788576970.797118187,0.000380023,0.000528675,0.000930281,0.000651087,0.001135490,1.539990067,-4.093337059,-0.065066442
70.959580928,1788576970.835469246,1788576970.827118158,-0.000113278,0.000462858,0.000748226,0.000476518,0.000887080,1.539982677,-4.093353748,-0.065066889
70.999580928,1788576970.870978117,1788576970.867118120,0.000268316,0.000701351,-0.000129032,0.000750924,0.000761929,1.539955854,-4.093372345,-0.065057620
71.029580928,1788576970.901031733,1788576970.897118092,0.000144159,0.000503896,-0.000875812,0.000524111,0.001020656,1.539929748,-4.093384743,-0.065045223
71.059580928,1788576970.935854435,1788576970.927118063,0.000319122,0.000521540,0.000722159,0.000611427,0.000946233,1.539905548,-4.093394279,-0.065052152
71.099580928,1788576970.970778942,1788576970.967118025,0.000582485,0.000473521,0.000575345,0.000750674,0.000945797,1.539863706,-4.093398571,-0.065084152
71.129579904,1788576971.000789642,1788576970.997117281,0.000601228,0.000414487,-0.000926669,0.000730257,0.001179827,1.539829373,-4.093403339,-0.065117642
71.159579904,1788576971.036278009,1788576971.027117014,0.000208411,0.000461964,-0.001067335,0.000506800,0.001181546,1.539796472,-4.093405247,-0.065153562
71.199579904,1788576971.069490433,1788576971.067116976,0.000367770,0.000301262,-0.001215608,0.000475409,0.001305265,1.539750934,-4.093398571,-0.065216519
71.229578880,1788576971.100799799,1788576971.097116232,0.000489376,0.000234496,-0.001373039,0.000542657,0.001476385,1.539713740,-4.093392849,-0.065263852
71.269578880,1788576971.138130665,1788576971.137116194,0.000200384,0.000146248,-0.001665929,0.000248077,0.001684299,1.539667010,-4.093383789,-0.065325864
71.299578880,1788576971.170816660,1788576971.167115927,0.000518334,0.000492312,-0.000612110,0.000714872,0.000941127,1.539632916,-4.093377113,-0.065378152
71.329578368,1788576971.200954437,1788576971.197115660,0.000596529,0.000489619,-0.000869919,0.000771734,0.001162898,1.539597392,-4.093373299,-0.065436199
71.359578368,1788576971.235279083,1788576971.227115631,0.000482046,0.000453698,-0.001333379,0.000661974,0.001488660,1.539560199,-4.093367577,-0.065483317
71.399578368,1788576971.270941496,1788576971.267115593,0.000612527,0.000360211,-0.001835194,0.000710592,0.001967962,1.539507270,-4.093356609,-0.065551527
71.429576576,1788576971.301951170,1788576971.297113895,0.000909016,0.000455668,-0.000090578,0.001016830,0.001020856,1.539460778,-4.093351841,-0.065595873
71.459576576,1788576971.335875988,1788576971.327113628,0.000544592,0.000458446,-0.000609895,0.000711866,0.000937403,1.539419770,-4.093344688,-0.065635808
71.499576576,1788576971.369481325,1788576971.367113829,0.000571490,0.000631049,-0.000454996,0.000851365,0.000965321,1.539369583,-4.093335629,-0.065680102
71.529574784,1788576971.402142286,1788576971.397112131,0.000788104,0.000855305,-0.001027129,0.001163037,0.001551660,1.539329886,-4.093337536,-0.065700457
71.559574784,1788576971.436108351,1788576971.427111864,0.000505997,0.000531114,-0.000270228,0.000733564,0.000781754,1.539293408,-4.093339920,-0.065726727
71.599574784,1788576971.469123363,1788576971.467111826,0.000558788,0.000798252,-0.000032884,0.000974397,0.000974952,1.539252520,-4.093346119,-0.065754496
71.629573248,1788576971.501872063,1788576971.497110605,0.000756015,0.000971009,-0.000334593,0.001230617,0.001275292,1.539221048,-4.093358040,-0.065779760
71.659573248,1788576971.536108971,1788576971.527110338,0.000524242,0.000831831,-0.000981602,0.000983245,0.001389357,1.539189100,-4.093370438,-0.065798253
71.699573248,1788576971.571073294,1788576971.567110300,0.000651980,0.000900850,-0.000543450,0.001112029,0.001237718,1.539143920,-4.093384266,-0.065815628
71.729572224,1788576971.600922585,1788576971.597109556,0.000821269,0.000730793,-0.000138586,0.001099337,0.001108038,1.539109468,-4.093395233,-0.065830283
71.759572224,1788576971.637183189,1788576971.627109289,0.000851404,0.000787855,-0.000509971,0.001160002,0.001267152,1.539073229,-4.093409538,-0.065845080
71.799572224,1788576971.672201872,1788576971.667109489,0.000757871,0.000899781,-0.000443998,0.001176424,0.001257421,1.539028764,-4.093432903,-0.065860853
71.829570432,1788576971.702794790,1788576971.697107792,0.000814891,0.000713038,-0.000558257,0.001082807,0.001218246,1.538998365,-4.093451977,-0.065878138
71.859570432,1788576971.737173796,1788576971.727107525,0.000759251,0.000795066,-0.000895793,0.001099360,0.001418110,1.538968801,-4.093469143,-0.065887034
71.899570432,1788576971.770057917,1788576971.767107487,0.000673323,0.000602429,-0.000599055,0.000903485,0.001084044,1.538935542,-4.093484879,-0.065897852
71.929568640,1788576971.801398993,1788576971.797106028,0.000730056,0.000664986,-0.000229182,0.000987516,0.001013762,1.538913727,-4.093493938,-0.065901279
71.959568640,1788576971.835803747,1788576971.827105761,0.000662265,0.000636324,-0.000353616,0.000918424,0.000984147,1.538890123,-4.093504906,-0.065903679
71.999568640,1788576971.870922804,1788576971.867105722,0.000626554,0.000554886,-0.000060592,0.000836940,0.000839131,1.538865805,-4.093517303,-0.065907180
72.029567616,1788576971.901048422,1788576971.897104979,0.000493664,0.000631262,-0.000370656,0.000801371,0.000882939,1.538848639,-4.093523979,-0.065902434
72.059567616,1788576971.937196255,1788576971.927104712,0.000561349,0.000538538,0.000124483,0.000777904,0.000787802,1.538833261,-4.093534470,-0.065892458
72.099567616,1788576971.969374180,1788576971.967104673,0.000538261,0.000649459,0.000277371,0.000843517,0.000887950,1.538822412,-4.093551636,-0.065882809
72.129566080,1788576972.002025366,1788576971.997103453,0.000598565,0.000663596,0.000039830,0.000893667,0.000894554,1.538815737,-4.093564510,-0.065873198
72.159566080,1788576972.036106586,1788576972.027103186,0.000643865,0.000499950,-0.000091355,0.000815176,0.000820279,1.538808227,-4.093575001,-0.065866962
72.199566080,1788576972.069075823,1788576972.067103148,0.000503836,0.000456166,0.000018232,0.000679661,0.000679905,1.538801432,-4.093591213,-0.065857574
72.229564800,1788576972.101847649,1788576972.097102165,0.000565875,0.000558960,0.000139970,0.000795393,0.000807615,1.538796902,-4.093601227,-0.065843642
72.259564800,1788576972.136169434,1788576972.127101898,0.000434414,0.000490818,0.000212230,0.000655453,0.000688956,1.538794041,-4.093613148,-0.065832712
72.299564800,1788576972.170957565,1788576972.167101860,0.000412382,0.000509673,-0.000160210,0.000655611,0.000674902,1.538792729,-4.093628883,-0.065814167
72.329564032,1788576972.201035500,1788576972.197101355,0.000609135,0.000356428,0.000196966,0.000705752,0.000732722,1.538790941,-4.093638420,-0.065800853
72.359564032,1788576972.237292051,1788576972.227101088,0.000617243,0.000287166,0.000198171,0.000680774,0.000709031,1.538786650,-4.093648434,-0.065790497
72.399564032,1788576972.269525528,1788576972.267101288,0.000590659,0.000707471,-0.000023194,0.000921626,0.000921918,1.538781047,-4.093665600,-0.065774120
72.429562496,1788576972.300928116,1788576972.297099829,0.000469592,0.000267094,-0.000195152,0.000540237,0.000574404,1.538778067,-4.093677044,-0.065764807
72.459562496,1788576972.335807562,1788576972.327099562,0.000513522,0.000498593,-0.000008296,0.000715751,0.000715799,1.538774610,-4.093690395,-0.065752588
72.499562496,1788576972.370808363,1788576972.367099762,0.000441455,0.000305558,-0.000478013,0.000536888,0.000718850,1.538768768,-4.093703270,-0.065725923
72.529561472,1788576972.400936604,1788576972.397098780,0.000660590,0.000200503,0.000495084,0.000690348,0.000849523,1.538760900,-4.093708992,-0.065707028
72.559561472,1788576972.436069727,1788576972.427098513,0.000526123,0.000015341,-0.000187252,0.000526347,0.000558663,1.538746476,-4.093712807,-0.065679453
72.599561472,1788576972.469492197,1788576972.467098713,0.000580651,-0.000076896,0.000208011,0.000585721,0.000621561,1.538722277,-4.093714714,-0.065645739
72.629560704,1788576972.500795603,1788576972.497097969,0.000601518,0.000065068,-0.000477067,0.000605027,0.000770487,1.538702488,-4.093714714,-0.065630876
72.659560704,1788576972.537088156,1788576972.527097940,0.000645990,-0.000123660,0.000056247,0.000657719,0.000660120,1.538680196,-4.093714237,-0.065599598
72.699560704,1788576972.569534063,1788576972.567097902,0.000539408,-0.000121698,-0.000185778,0.000552966,0.000583339,1.538655281,-4.093713760,-0.065559059
72.729559680,1788576972.602044106,1788576972.597096920,0.000732829,0.000053635,0.000124945,0.000734789,0.000745336,1.538637400,-4.093712807,-0.065532506
72.759559680,1788576972.636174679,1788576972.627096891,0.000517186,-0.000130494,-0.000022981,0.000533394,0.000533889,1.538616419,-4.093710423,-0.065492496
72.799559680,1788576972.672125101,1788576972.667096853,0.000594365,-0.000032087,-0.000173661,0.000595230,0.000620046,1.538594127,-4.093710423,-0.065438405
72.829558400,1788576972.701904058,1788576972.697095633,0.000663348,0.000314114,-0.000101413,0.000733961,0.000740934,1.538573027,-4.093714714,-0.065404303
72.859558400,1788576972.736159086,1788576972.727095604,0.000523146,0.000083190,0.000026719,0.000529720,0.000530393,1.538551927,-4.093722820,-0.065359056
72.899558400,1788576972.769605637,1788576972.767095566,0.000520512,-0.000058072,-0.000123757,0.000523741,0.000538164,1.538529873,-4.093734741,-0.065287746
72.929557120,1788576972.801862717,1788576972.797094345,0.000541616,0.000242854,0.000031417,0.000593571,0.000594402,1.538514614,-4.093740940,-0.065239131
72.959557120,1788576972.835927725,1788576972.827094316,0.000422864,-0.000098170,0.000582192,0.000434110,0.000726223,1.538500667,-4.093747139,-0.065181613
72.999557120,1788576972.869475603,1788576972.867094278,0.000308702,0.000238236,0.000482632,0.000389941,0.000620474,1.538487077,-4.093760014,-0.065099388
73.029555584,1788576972.903184175,1788576972.897092819,0.000417429,0.000093032,-0.000170393,0.000427670,0.000460365,1.538477659,-4.093766689,-0.065044113
73.069555584,1788576972.938052893,1788576972.937092781,0.000093359,0.000121693,0.000557342,0.000153378,0.000578061,1.538466811,-4.093784809,-0.064965799
73.099555584,1788576972.970758915,1788576972.967092752,0.000014310,0.000196577,-0.000009967,0.000197098,0.000197349,1.538467288,-4.093799591,-0.064914912
73.129554560,1788576973.001029968,1788576972.997091770,0.000190738,0.000105580,0.000180808,0.000218009,0.000283230,1.538467765,-4.093809128,-0.064873151
73.159554560,1788576973.035916567,1788576973.027091742,-0.000046209,-0.000006169,0.000200461,0.000046619,0.000205811,1.538468599,-4.093822479,-0.064833909
73.199554560,1788576973.070833206,1788576973.067091703,-0.000186002,0.000069966,0.000176308,0.000198726,0.000265662,1.538478494,-4.093841076,-0.064777955
73.229553792,1788576973.100822210,1788576973.097090960,-0.000060940,0.000051860,-0.000022615,0.000080020,0.000083154,1.538486362,-4.093853474,-0.064745709
73.269553792,1788576973.138283253,1788576973.137091160,0.000079476,0.000082933,0.000139965,0.000114867,0.000181065,1.538488865,-4.093874931,-0.064700693
73.299553792,1788576973.170787334,1788576973.167090893,-0.000113322,-0.000116552,-0.000040081,0.000162561,0.000167429,1.538492918,-4.093883038,-0.064665243
73.329553024,1788576973.201830387,1788576973.197090387,0.000034417,-0.000119496,-0.000021633,0.000124354,0.000126221,1.538498282,-4.093890667,-0.064632438
73.359553024,1788576973.236117601,1788576973.227090120,0.000050596,0.000021973,-0.000274429,0.000055161,0.000279918,1.538500547,-4.093902111,-0.064607888
