# .PCD v0.7 - Point Cloud Data file format
VERSION 0.7
FIELDS x y z
SIZE 4 4 4
TYPE F F F
COUNT 1 1 1
WIDTH 31072
HEIGHT 1
VIEWPOINT 0 0 0 1 0 0 0
POINTS 31072
DATA ascii
-5.2000 -2.7000 0.0000
-5.2000 -2.7000 0.1000
-5.2000 -2.7000 0.2000
-5.2000 -2.7000 0.3000
-5.2000 -2.7000 0.4000
-5.2000 -2.7000 0.5000
-5.2000 -2.7000 0.6000
-5.2000 -2.7000 0.7000
-5.2000 -2.7000 0.8000
-5.2000 -2.7000 0.9000
-5.2000 -2.7000 1.0000
-5.2000 -2.7000 1.1000
-5.2000 -2.7000 1.2000
-5.2000 -2.7000 1.3000
-5.2000 -2.7000 1.4000
-5.2000 -2.7000 1.5000
-5.2000 -2.7000 1.6000
-5.2000 -2.7000 1.7000
-5.2000 -2.7000 1.8000
-5.2000 -2.7000 1.9000
-5.2000 -2.7000 2.0000
-5.2000 -2.7000 2.1000
-5.2000 -2.7000 2.2000
-5.2000 -2.7000 2.3000
-5.2000 -2.7000 2.4000
-5.2000 -2.7000 2.5000
-5.2000 -2.7000 2.6000
-5.2000 -2.7000 2.7000
-5.2000 -2.7000 2.8000
-5.2000 -2.7000 2.9000
-5.2000 -2.7000 3.0000
-5.2000 -2.7000 3.1000
-5.2000 -2.7000 3.2000
-5.2000 -2.7000 3.3000
-5.2000 -2.7000 3.4000
-5.2000 -2.7000 3.5000
-5.2000 -2.6000 0.0000
-5.2000 -2.6000 0.1000
-5.2000 -2.6000 0.2000
-5.2000 -2.6000 0.3000
-5.2000 -2.6000 0.4000
-5.2000 -2.6000 0.5000
-5.2000 -2.6000 0.6000
-5.2000 -2.6000 0.7000
-5.2000 -2.6000 0.8000
-5.2000 -2.6000 0.9000
-5.2000 -2.6000 1.0000
-5.2000 -2.6000 1.1000
-5.2000 -2.6000 1.2000
-5.2000 -2.6000 1.3000
-5.2000 -2.6000 1.4000
-5.2000 -2.6000 1.5000
-5.2000 -2.6000 1.6000
-5.2000 -2.6000 1.7000
-5.2000 -2.6000 1.8000
-5.2000 -2.6000 1.9000
-5.2000 -2.6000 2.0000
-5.2000 -2.6000 2.1000
-5.2000 -2.6000 2.2000
-5.2000 -2.6000 2.3000
-5.2000 -2.6000 2.4000
-5.2000 -2.6000 2.5000
-5.2000 -2.6000 2.6000
-5.2000 -2.6000 2.7000
-5.2000 -2.6000 2.8000
-5.2000 -2.6000 2.9000
-5.2000 -2.6000 3.0000
-5.2000 -2.6000 3.1000
-5.2000 -2.6000 3.2000
-5.2000 -2.6000 3.3000
-5.2000 -2.6000 3.4000
-5.2000 -2.6000 3.5000
-5.2000 -2.5000 0.0000
-5.2000 -2.5000 0.1000
-5.2000 -2.5000 0.2000
-5.2000 -2.5000 0.3000
-5.2000 -2.5000 0.4000
-5.2000 -2.5000 0.5000
-5.2000 -2.5000 0.6000
-5.2000 -2.5000 0.7000
-5.2000 -2.5000 0.8000
-5.2000 -2.5000 0.9000
-5.2000 -2.5000 1.0000
-5.2000 -2.5000 1.1000
-5.2000 -2.5000 1.2000
-5.2000 -2.5000 1.3000
-5.2000 -2.5000 1.4000
-5.2000 -2.5000 1.5000
-5.2000 -2.5000 1.6000
-5.2000 -2.5000 1.7000
-5.2000 -2.5000 1.8000
-5.2000 -2.5000 1.9000
-5.2000 -2.5000 2.0000
-5.2000 -2.5000 2.1000
-5.2000 -2.5000 2.2000
-5.2000 -2.5000 2.3000
-5.2000 -2.5000 2.4000
-5.2000 -2.5000 2.5000
-5.2000 -2.5000 2.6000
-5.2000 -2.5000 2.7000
-5.2000 -2.5000 2.8000
-5.2000 -2.5000 2.9000
-5.2000 -2.5000 3.0000
-5.2000 -2.5000 3.1000
-5.2000 -2.5000 3.2000
-5.2000 -2.5000 3.3000
-5.2000 -2.5000 3.4000
-5.2000 -2.5000 3.5000
-5.2000 -2.4000 0.0000
-5.2000 -2.4000 0.1000
-5.2000 -2.4000 0.2000
-5.2000 -2.4000 0.3000
-5.2000 -2.4000 0.4000
-5.2000 -2.4000 0.5000
-5.2000 -2.4000 0.6000
-5.2000 -2.4000 0.7000
-5.2000 -2.4000 0.8000
-5.2000 -2.4000 0.9000
-5.2000 -2.4000 1.0000
-5.2000 -2.4000 1.1000
-5.2000 -2.4000 1.2000
-5.2000 -2.4000 1.3000
-5.2000 -2.4000 1.4000
-5.2000 -2.4000 1.5000
-5.2000 -2.4000 1.6000
-5.2000 -2.4000 1.7000
-5.2000 -2.4000 1.8000
-5.2000 -2.4000 1.9000
-5.2000 -2.4000 2.0000
-5.2000 -2.4000 2.1000
-5.2000 -2.4000 2.2000
-5.2000 -2.4000 2.3000
-5.2000 -2.4000 2.4000
-5.2000 -2.4000 2.5000
-5.2000 -2.4000 2.6000
-5.2000 -2.4000 2.7000
-5.2000 -2.4000 2.8000
-5.2000 -2.4000 2.9000
-5.2000 -2.4000 3.0000
-5.2000 -2.4000 3.1000
-5.2000 -2.4000 3.2000
-5.2000 -2.4000 3.3000
-5.2000 -2.4000 3.4000
-5.2000 -2.4000 3.5000
-5.2000 -2.3000 0.0000
-5.2000 -2.3000 0.1000
-5.2000 -2.3000 0.2000
-5.2000 -2.3000 0.3000
-5.2000 -2.3000 0.4000
-5.2000 -2.3000 0.5000
-5.2000 -2.3000 0.6000
-5.2000 -2.3000 0.7000
-5.2000 -2.3000 0.8000
-5.2000 -2.3000 0.9000
-5.2000 -2.3000 1.0000
-5.2000 -2.3000 1.1000
-5.2000 -2.3000 1.2000
-5.2000 -2.3000 1.3000
-5.2000 -2.3000 1.4000
-5.2000 -2.3000 1.5000
-5.2000 -2.3000 1.6000
-5.2000 -2.3000 1.7000
-5.2000 -2.3000 1.8000
-5.2000 -2.3000 1.9000
-5.2000 -2.3000 2.0000
-5.2000 -2.3000 2.1000
-5.2000 -2.3000 2.2000
-5.2000 -2.3000 2.3000
-5.2000 -2.3000 2.4000
-5.2000 -2.3000 2.5000
-5.2000 -2.3000 2.6000
-5.2000 -2.3000 2.7000
-5.2000 -2.3000 2.8000
-5.2000 -2.3000 2.9000
-5.2000 -2.3000 3.0000
-5.2000 -2.3000 3.1000
-5.2000 -2.3000 3.2000
-5.2000 -2.3000 3.3000
-5.2000 -2.3000 3.4000
-5.2000 -2.3000 3.5000
-5.2000 -2.2000 0.0000
-5.2000 -2.2000 0.1000
-5.2000 -2.2000 0.2000
-5.2000 -2.2000 0.3000
-5.2000 -2.2000 0.4000
-5.2000 -2.2000 0.5000
-5.2000 -2.2000 0.6000
-5.2000 -2.2000 0.7000
-5.2000 -2.2000 0.8000
-5.2000 -2.2000 0.9000
-5.2000 -2.2000 1.0000
-5.2000 -2.2000 1.1000
-5.2000 -2.2000 1.2000
-5.2000 -2.2000 1.3000
-5.2000 -2.2000 1.4000
-5.2000 -2.2000 1.5000
-5.2000 -2.2000 1.6000
-5.2000 -2.2000 1.7000
-5.2000 -2.2000 1.8000
-5.2000 -2.2000 1.9000
-5.2000 -2.2000 2.0000
-5.2000 -2.2000 2.1000
-5.2000 -2.2000 2.2000
-5.2000 -2.2000 2.3000
-5.2000 -2.2000 2.4000
-5.2000 -2.2000 2.5000
-5.2000 -2.2000 2.6000
-5.2000 -2.2000 2.7000
-5.2000 -2.2000 2.8000
-5.2000 -2.2000 2.9000
-5.2000 -2.2000 3.0000
-5.2000 -2.2000 3.1000
-5.2000 -2.2000 3.2000
-5.2000 -2.2000 3.3000
-5.2000 -2.2000 3.4000
-5.2000 -2.2000 3.5000
-5.2000 -2.1000 0.0000
-5.2000 -2.1000 0.1000
-5.2000 -2.1000 0.2000
-5.2000 -2.1000 0.3000
-5.2000 -2.1000 0.4000
-5.2000 -2.1000 0.5000
-5.2000 -2.1000 0.6000
-5.2000 -2.1000 0.7000
-5.2000 -2.1000 0.8000
-5.2000 -2.1000 0.9000
-5.2000 -2.1000 1.0000
-5.2000 -2.1000 1.1000
-5.2000 -2.1000 1.2000
-5.2000 -2.1000 1.3000
-5.2000 -2.1000 1.4000
-5.2000 -2.1000 1.5000
-5.2000 -2.1000 1.6000
-5.2000 -2.1000 1.7000
-5.2000 -2.1000 1.8000
-5.2000 -2.1000 1.9000
-5.2000 -2.1000 2.0000
-5.2000 -2.1000 2.1000
-5.2000 -2.1000 2.2000
-5.2000 -2.1000 2.3000
-5.2000 -2.1000 2.4000
-5.2000 -2.1000 2.5000
-5.2000 -2.1000 2.6000
-5.2000 -2.1000 2.7000
-5.2000 -2.1000 2.8000
-5.2000 -2.1000 2.9000
-5.2000 -2.1000 3.0000
-5.2000 -2.1000 3.1000
-5.2000 -2.1000 3.2000
-5.2000 -2.1000 3.3000
-5.2000 -2.1000 3.4000
-5.2000 -2.1000 3.5000
-5.2000 -2.0000 0.0000
-5.2000 -2.0000 0.1000
-5.2000 -2.0000 0.2000
-5.2000 -2.0000 0.3000
-5.2000 -2.0000 0.4000
-5.2000 -2.0000 0.5000
-5.2000 -2.0000 0.6000
-5.2000 -2.0000 0.7000
-5.2000 -2.0000 0.8000
-5.2000 -2.0000 0.9000
-5.2000 -2.0000 1.0000
-5.2000 -2.0000 1.1000
-5.2000 -2.0000 1.2000
-5.2000 -2.0000 1.3000
-5.2000 -2.0000 1.4000
-5.2000 -2.0000 1.5000
-5.2000 -2.0000 1.6000
-5.2000 -2.0000 1.7000
-5.2000 -2.0000 1.8000
-5.2000 -2.0000 1.9000
-5.2000 -2.0000 2.0000
-5.2000 -2.0000 2.1000
-5.2000 -2.0000 2.2000
-5.2000 -2.0000 2.3000
-5.2000 -2.0000 2.4000
-5.2000 -2.0000 2.5000
-5.2000 -2.0000 2.6000
-5.2000 -2.0000 2.7000
-5.2000 -2.0000 2.8000
-5.2000 -2.0000 2.9000
-5.2000 -2.0000 3.0000
-5.2000 -2.0000 3.1000
-5.2000 -2.0000 3.2000
-5.2000 -2.0000 3.3000
-5.2000 -2.0000 3.4000
-5.2000 -2.0000 3.5000
-5.2000 -1.9000 0.0000
-5.2000 -1.9000 0.1000
-5.2000 -1.9000 0.2000
-5.2000 -1.9000 0.3000
-5.2000 -1.9000 0.4000
-5.2000 -1.9000 0.5000
-5.2000 -1.9000 0.6000
-5.2000 -1.9000 0.7000
-5.2000 -1.9000 0.8000
-5.2000 -1.9000 0.9000
-5.2000 -1.9000 1.0000
-5.2000 -1.9000 1.1000
-5.2000 -1.9000 1.2000
-5.2000 -1.9000 1.3000
-5.2000 -1.9000 1.4000
-5.2000 -1.9000 1.5000
-5.2000 -1.9000 1.6000
-5.2000 -1.9000 1.7000
-5.2000 -1.9000 1.8000
-5.2000 -1.9000 1.9000
-5.2000 -1.9000 2.0000
-5.2000 -1.9000 2.1000
-5.2000 -1.9000 2.2000
-5.2000 -1.9000 2.3000
-5.2000 -1.9000 2.4000
-5.2000 -1.9000 2.5000
-5.2000 -1.9000 2.6000
-5.2000 -1.9000 2.7000
-5.2000 -1.9000 2.8000
-5.2000 -1.9000 2.9000
-5.2000 -1.9000 3.0000
-5.2000 -1.9000 3.1000
-5.2000 -1.9000 3.2000
-5.2000 -1.9000 3.3000
-5.2000 -1.9000 3.4000
-5.2000 -1.9000 3.5000
-5.2000 -1.8000 0.0000
-5.2000 -1.8000 0.1000
-5.2000 -1.8000 0.2000
-5.2000 -1.8000 0.3000
-5.2000 -1.8000 0.4000
-5.2000 -1.8000 0.5000
-5.2000 -1.8000 0.6000
-5.2000 -1.8000 0.7000
-5.2000 -1.8000 0.8000
-5.2000 -1.8000 0.9000
-5.2000 -1.8000 1.0000
-5.2000 -1.8000 1.1000
-5.2000 -1.8000 1.2000
-5.2000 -1.8000 1.3000
-5.2000 -1.8000 1.4000
-5.2000 -1.8000 1.5000
-5.2000 -1.8000 1.6000
-5.2000 -1.8000 1.7000
-5.2000 -1.8000 1.8000
-5.2000 -1.8000 1.9000
-5.2000 -1.8000 2.0000
-5.2000 -1.8000 2.1000
-5.2000 -1.8000 2.2000
-5.2000 -1.8000 2.3000
-5.2000 -1.8000 2.4000
-5.2000 -1.8000 2.5000
-5.2000 -1.8000 2.6000
-5.2000 -1.8000 2.7000
-5.2000 -1.8000 2.8000
-5.2000 -1.8000 2.9000
-5.2000 -1.8000 3.0000
-5.2000 -1.8000 3.1000
-5.2000 -1.8000 3.2000
-5.2000 -1.8000 3.3000
-5.2000 -1.8000 3.4000
-5.2000 -1.8000 3.5000
-5.2000 -1.7000 0.0000
-5.2000 -1.7000 0.1000
-5.2000 -1.7000 0.2000
-5.2000 -1.7000 0.3000
-5.2000 -1.7000 0.4000
-5.2000 -1.7000 0.5000
-5.2000 -1.7000 0.6000
-5.2000 -1.7000 0.7000
-5.2000 -1.7000 0.8000
-5.2000 -1.7000 0.9000
-5.2000 -1.7000 1.0000
-5.2000 -1.7000 1.1000
-5.2000 -1.7000 1.2000
-5.2000 -1.7000 1.3000
-5.2000 -1.7000 1.4000
-5.2000 -1.7000 1.5000
-5.2000 -1.7000 1.6000
-5.2000 -1.7000 1.7000
-5.2000 -1.7000 1.8000
-5.2000 -1.7000 1.9000
-5.2000 -1.7000 2.0000
-5.2000 -1.7000 2.1000
-5.2000 -1.7000 2.2000
-5.2000 -1.7000 2.3000
-5.2000 -1.7000 2.4000
-5.2000 -1.7000 2.5000
-5.2000 -1.7000 2.6000
-5.2000 -1.7000 2.7000
-5.2000 -1.7000 2.8000
-5.2000 -1.7000 2.9000
-5.2000 -1.7000 3.0000
-5.2000 -1.7000 3.1000
-5.2000 -1.7000 3.2000
-5.2000 -1.7000 3.3000
-5.2000 -1.7000 3.4000
-5.2000 -1.7000 3.5000
-5.2000 -1.6000 0.0000
-5.2000 -1.6000 0.1000
-5.2000 -1.6000 0.2000
-5.2000 -1.6000 0.3000
-5.2000 -1.6000 0.4000
-5.2000 -1.6000 0.5000
-5.2000 -1.6000 0.6000
-5.2000 -1.6000 0.7000
-5.2000 -1.6000 0.8000
-5.2000 -1.6000 0.9000
-5.2000 -1.6000 1.0000
-5.2000 -1.6000 1.1000
-5.2000 -1.6000 1.2000
-5.2000 -1.6000 1.3000
-5.2000 -1.6000 1.4000
-5.2000 -1.6000 1.5000
-5.2000 -1.6000 1.6000
-5.2000 -1.6000 1.7000
-5.2000 -1.6000 1.8000
-5.2000 -1.6000 1.9000
-5.2000 -1.6000 2.0000
-5.2000 -1.6000 2.1000
-5.2000 -1.6000 2.2000
-5.2000 -1.6000 2.3000
-5.2000 -1.6000 2.4000
-5.2000 -1.6000 2.5000
-5.2000 -1.6000 2.6000
-5.2000 -1.6000 2.7000
-5.2000 -1.6000 2.8000
-5.2000 -1.6000 2.9000
-5.2000 -1.6000 3.0000
-5.2000 -1.6000 3.1000
-5.2000 -1.6000 3.2000
-5.2000 -1.6000 3.3000
-5.2000 -1.6000 3.4000
-5.2000 -1.6000 3.5000
-5.2000 -1.5000 0.0000
-5.2000 -1.5000 0.1000
-5.2000 -1.5000 0.2000
-5.2000 -1.5000 0.3000
-5.2000 -1.5000 0.4000
-5.2000 -1.5000 0.5000
-5.2000 -1.5000 0.6000
-5.2000 -1.5000 0.7000
-5.2000 -1.5000 0.8000
-5.2000 -1.5000 0.9000
-5.2000 -1.5000 1.0000
-5.2000 -1.5000 1.1000
-5.2000 -1.5000 1.2000
-5.2000 -1.5000 1.3000
-5.2000 -1.5000 1.4000
-5.2000 -1.5000 1.5000
-5.2000 -1.5000 1.6000
-5.2000 -1.5000 1.7000
-5.2000 -1.5000 1.8000
-5.2000 -1.5000 1.9000
-5.2000 -1.5000 2.0000
-5.2000 -1.5000 2.1000
-5.2000 -1.5000 2.2000
-5.2000 -1.5000 2.3000
-5.2000 -1.5000 2.4000
-5.2000 -1.5000 2.5000
-5.2000 -1.5000 2.6000
-5.2000 -1.5000 2.7000
-5.2000 -1.5000 2.8000
-5.2000 -1.5000 2.9000
-5.2000 -1.5000 3.0000
-5.2000 -1.5000 3.1000
-5.2000 -1.5000 3.2000
-5.2000 -1.5000 3.3000
-5.2000 -1.5000 3.4000
-5.2000 -1.5000 3.5000
-5.2000 -1.4000 0.0000
-5.2000 -1.4000 0.1000
-5.2000 -1.4000 0.2000
-5.2000 -1.4000 0.3000
-5.2000 -1.4000 0.4000
-5.2000 -1.4000 0.5000
-5.2000 -1.4000 0.6000
-5.2000 -1.4000 0.7000
-5.2000 -1.4000 0.8000
-5.2000 -1.4000 0.9000
-5.2000 -1.4000 1.0000
-5.2000 -1.4000 1.1000
-5.2000 -1.4000 1.2000
-5.2000 -1.4000 1.3000
-5.2000 -1.4000 1.4000
-5.2000 -1.4000 1.5000
-5.2000 -1.4000 1.6000
-5.2000 -1.4000 1.7000
-5.2000 -1.4000 1.8000
-5.2000 -1.4000 1.9000
-5.2000 -1.4000 2.0000
-5.2000 -1.4000 2.1000
-5.2000 -1.4000 2.2000
-5.2000 -1.4000 2.3000
-5.2000 -1.4000 2.4000
-5.2000 -1.4000 2.5000
-5.2000 -1.4000 2.6000
-5.2000 -1.4000 2.7000
-5.2000 -1.4000 2.8000
-5.2000 -1.4000 2.9000
-5.2000 -1.4000 3.0000
-5.2000 -1.4000 3.1000
-5.2000 -1.4000 3.2000
-5.2000 -1.4000 3.3000
-5.2000 -1.4000 3.4000
-5.2000 -1.4000 3.5000
-5.2000 -1.3000 0.0000
-5.2000 -1.3000 0.1000
-5.2000 -1.3000 0.2000
-5.2000 -1.3000 0.3000
-5.2000 -1.3000 0.4000
-5.2000 -1.3000 0.5000
-5.2000 -1.3000 0.6000
-5.2000 -1.3000 0.7000
-5.2000 -1.3000 0.8000
-5.2000 -1.3000 0.9000
-5.2000 -1.3000 1.0000
-5.2000 -1.3000 1.1000
-5.2000 -1.3000 1.2000
-5.2000 -1.3000 1.3000
-5.2000 -1.3000 1.4000
-5.2000 -1.3000 1.5000
-5.2000 -1.3000 1.6000
-5.2000 -1.3000 1.7000
-5.2000 -1.3000 1.8000
-5.2000 -1.3000 1.9000
-5.2000 -1.3000 2.0000
-5.2000 -1.3000 2.1000
-5.2000 -1.3000 2.2000
-5.2000 -1.3000 2.3000
-5.2000 -1.3000 2.4000
-5.2000 -1.3000 2.5000
-5.2000 -1.3000 2.6000
-5.2000 -1.3000 2.7000
-5.2000 -1.3000 2.8000
-5.2000 -1.3000 2.9000
-5.2000 -1.3000 3.0000
-5.2000 -1.3000 3.1000
-5.2000 -1.3000 3.2000
-5.2000 -1.3000 3.3000
-5.2000 -1.3000 3.4000
-5.2000 -1.3000 3.5000
-5.2000 -1.2000 0.0000
-5.2000 -1.2000 0.1000
-5.2000 -1.2000 0.2000
-5.2000 -1.2000 0.3000
-5.2000 -1.2000 0.4000
-5.2000 -1.2000 0.5000
-5.2000 -1.2000 0.6000
-5.2000 -1.2000 0.7000
-5.2000 -1.2000 0.8000
-5.2000 -1.2000 0.9000
-5.2000 -1.2000 1.0000
-5.2000 -1.2000 1.1000
-5.2000 -1.2000 1.2000
-5.2000 -1.2000 1.3000
-5.2000 -1.2000 1.4000
-5.2000 -1.2000 1.5000
-5.2000 -1.2000 1.6000
-5.2000 -1.2000 1.7000
-5.2000 -1.2000 1.8000
-5.2000 -1.2000 1.9000
-5.2000 -1.2000 2.0000
-5.2000 -1.2000 2.1000
-5.2000 -1.2000 2.2000
-5.2000 -1.2000 2.3000
-5.2000 -1.2000 2.4000
-5.2000 -1.2000 2.5000
-5.2000 -1.2000 2.6000
-5.2000 -1.2000 2.7000
-5.2000 -1.2000 2.8000
-5.2000 -1.2000 2.9000
-5.2000 -1.2000 3.0000
-5.2000 -1.2000 3.1000
-5.2000 -1.2000 3.2000
-5.2000 -1.2000 3.3000
-5.2000 -1.2000 3.4000
-5.2000 -1.2000 3.5000
-5.2000 -1.1000 0.0000
-5.2000 -1.1000 0.1000
-5.2000 -1.1000 0.2000
-5.2000 -1.1000 0.3000
-5.2000 -1.1000 0.4000
-5.2000 -1.1000 0.5000
-5.2000 -1.1000 0.6000
-5.2000 -1.1000 0.7000
-5.2000 -1.1000 0.8000
-5.2000 -1.1000 0.9000
-5.2000 -1.1000 1.0000
-5.2000 -1.1000 1.1000
-5.2000 -1.1000 1.2000
-5.2000 -1.1000 1.3000
-5.2000 -1.1000 1.4000
-5.2000 -1.1000 1.5000
-5.2000 -1.1000 1.6000
-5.2000 -1.1000 1.7000
-5.2000 -1.1000 1.8000
-5.2000 -1.1000 1.9000
-5.2000 -1.1000 2.0000
-5.2000 -1.1000 2.1000
-5.2000 -1.1000 2.2000
-5.2000 -1.1000 2.3000
-5.2000 -1.1000 2.4000
-5.2000 -1.1000 2.5000
-5.2000 -1.1000 2.6000
-5.2000 -1.1000 2.7000
-5.2000 -1.1000 2.8000
-5.2000 -1.1000 2.9000
-5.2000 -1.1000 3.0000
-5.2000 -1.1000 3.1000
-5.2000 -1.1000 3.2000
-5.2000 -1.1000 3.3000
-5.2000 -1.1000 3.4000
-5.2000 -1.1000 3.5000
-5.2000 -1.0000 0.0000
-5.2000 -1.0000 0.1000
-5.2000 -1.0000 0.2000
-5.2000 -1.0000 0.3000
-5.2000 -1.0000 0.4000
-5.2000 -1.0000 0.5000
-5.2000 -1.0000 0.6000
-5.2000 -1.0000 0.7000
-5.2000 -1.0000 0.8000
-5.2000 -1.0000 0.9000
-5.2000 -1.0000 1.0000
-5.2000 -1.0000 1.1000
-5.2000 -1.0000 1.2000
-5.2000 -1.0000 1.3000
-5.2000 -1.0000 1.4000
-5.2000 -1.0000 1.5000
-5.2000 -1.0000 1.6000
-5.2000 -1.0000 1.7000
-5.2000 -1.0000 1.8000
-5.2000 -1.0000 1.9000
-5.2000 -1.0000 2.0000
-5.2000 -1.0000 2.1000
-5.2000 -1.0000 2.2000
-5.2000 -1.0000 2.3000
-5.2000 -1.0000 2.4000
-5.2000 -1.0000 2.5000
-5.2000 -1.0000 2.6000
-5.2000 -1.0000 2.7000
-5.2000 -1.0000 2.8000
-5.2000 -1.0000 2.9000
-5.2000 -1.0000 3.0000
-5.2000 -1.0000 3.1000
-5.2000 -1.0000 3.2000
-5.2000 -1.0000 3.3000
-5.2000 -1.0000 3.4000
-5.2000 -1.0000 3.5000
-5.2000 -0.9000 0.0000
-5.2000 -0.9000 0.1000
-5.2000 -0.9000 0.2000
-5.2000 -0.9000 0.3000
-5.2000 -0.9000 0.4000
-5.2000 -0.9000 0.5000
-5.2000 -0.9000 0.6000
-5.2000 -0.9000 0.7000
-5.2000 -0.9000 0.8000
-5.2000 -0.9000 0.9000
-5.2000 -0.9000 1.0000
-5.2000 -0.9000 1.1000
-5.2000 -0.9000 1.2000
-5.2000 -0.9000 1.3000
-5.2000 -0.9000 1.4000
-5.2000 -0.9000 1.5000
-5.2000 -0.9000 1.6000
-5.2000 -0.9000 1.7000
-5.2000 -0.9000 1.8000
-5.2000 -0.9000 1.9000
-5.2000 -0.9000 2.0000
-5.2000 -0.9000 2.1000
-5.2000 -0.9000 2.2000
-5.2000 -0.9000 2.3000
-5.2000 -0.9000 2.4000
-5.2000 -0.9000 2.5000
-5.2000 -0.9000 2.6000
-5.2000 -0.9000 2.7000
-5.2000 -0.9000 2.8000
-5.2000 -0.9000 2.9000
-5.2000 -0.9000 3.0000
-5.2000 -0.9000 3.1000
-5.2000 -0.9000 3.2000
-5.2000 -0.9000 3.3000
-5.2000 -0.9000 3.4000
-5.2000 -0.9000 3.5000
-5.2000 -0.8000 0.0000
-5.2000 -0.8000 0.1000
-5.2000 -0.8000 0.2000
-5.2000 -0.8000 0.3000
-5.2000 -0.8000 0.4000
-5.2000 -0.8000 0.5000
-5.2000 -0.8000 0.6000
-5.2000 -0.8000 0.7000
-5.2000 -0.8000 0.8000
-5.2000 -0.8000 0.9000
-5.2000 -0.8000 1.0000
-5.2000 -0.8000 1.1000
-5.2000 -0.8000 1.2000
-5.2000 -0.8000 1.3000
-5.2000 -0.8000 1.4000
-5.2000 -0.8000 1.5000
-5.2000 -0.8000 1.6000
-5.2000 -0.8000 1.7000
-5.2000 -0.8000 1.8000
-5.2000 -0.8000 1.9000
-5.2000 -0.8000 2.0000
-5.2000 -0.8000 2.1000
-5.2000 -0.8000 2.2000
-5.2000 -0.8000 2.3000
-5.2000 -0.8000 2.4000
-5.2000 -0.8000 2.5000
-5.2000 -0.8000 2.6000
-5.2000 -0.8000 2.7000
-5.2000 -0.8000 2.8000
-5.2000 -0.8000 2.9000
-5.2000 -0.8000 3.0000
-5.2000 -0.8000 3.1000
-5.2000 -0.8000 3.2000
-5.2000 -0.8000 3.3000
-5.2000 -0.8000 3.4000
-5.2000 -0.8000 3.5000
-5.2000 -0.7000 0.0000
-5.2000 -0.7000 0.1000
-5.2000 -0.7000 0.2000
-5.2000 -0.7000 0.3000
-5.2000 -0.7000 0.4000
-5.2000 -0.7000 0.5000
-5.2000 -0.7000 0.6000
-5.2000 -0.7000 0.7000
-5.2000 -0.7000 0.8000
-5.2000 -0.7000 0.9000
-5.2000 -0.7000 1.0000
-5.2000 -0.7000 1.1000
-5.2000 -0.7000 1.2000
-5.2000 -0.7000 1.3000
-5.2000 -0.7000 1.4000
-5.2000 -0.7000 1.5000
-5.2000 -0.7000 1.6000
-5.2000 -0.7000 1.7000
-5.2000 -0.7000 1.8000
-5.2000 -0.7000 1.9000
-5.2000 -0.7000 2.0000
-5.2000 -0.7000 2.1000
-5.2000 -0.7000 2.2000
-5.2000 -0.7000 2.3000
-5.2000 -0.7000 2.4000
-5.2000 -0.7000 2.5000
-5.2000 -0.7000 2.6000
-5.2000 -0.7000 2.7000
-5.2000 -0.7000 2.8000
-5.2000 -0.7000 2.9000
-5.2000 -0.7000 3.0000
-5.2000 -0.7000 3.1000
-5.2000 -0.7000 3.2000
-5.2000 -0.7000 3.3000
-5.2000 -0.7000 3.4000
-5.2000 -0.7000 3.5000
-5.2000 -0.6000 0.0000
-5.2000 -0.6000 0.1000
-5.2000 -0.6000 0.2000
-5.2000 -0.6000 0.3000
-5.2000 -0.6000 0.4000
-5.2000 -0.6000 0.5000
-5.2000 -0.6000 0.6000
-5.2000 -0.6000 0.7000
-5.2000 -0.6000 0.8000
-5.2000 -0.6000 0.9000
-5.2000 -0.6000 1.0000
-5.2000 -0.6000 1.1000
-5.2000 -0.6000 1.2000
-5.2000 -0.6000 1.3000
-5.2000 -0.6000 1.4000
-5.2000 -0.6000 1.5000
-5.2000 -0.6000 1.6000
-5.2000 -0.6000 1.7000
-5.2000 -0.6000 1.8000
-5.2000 -0.6000 1.9000
-5.2000 -0.6000 2.0000
-5.2000 -0.6000 2.1000
-5.2000 -0.6000 2.2000
-5.2000 -0.6000 2.3000
-5.2000 -0.6000 2.4000
-5.2000 -0.6000 2.5000
-5.2000 -0.6000 2.6000
-5.2000 -0.6000 2.7000
-5.2000 -0.6000 2.8000
-5.2000 -0.6000 2.9000
-5.2000 -0.6000 3.0000
-5.2000 -0.6000 3.1000
-5.2000 -0.6000 3.2000
-5.2000 -0.6000 3.3000
-5.2000 -0.6000 3.4000
-5.2000 -0.6000 3.5000
-5.2000 -0.5000 0.0000
-5.2000 -0.5000 0.1000
-5.2000 -0.5000 0.2000
-5.2000 -0.5000 0.3000
-5.2000 -0.5000 0.4000
-5.2000 -0.5000 0.5000
-5.2000 -0.5000 0.6000
-5.2000 -0.5000 0.7000
-5.2000 -0.5000 0.8000
-5.2000 -0.5000 0.9000
-5.2000 -0.5000 1.0000
-5.2000 -0.5000 1.1000
-5.2000 -0.5000 1.2000
-5.2000 -0.5000 1.3000
-5.2000 -0.5000 1.4000
-5.2000 -0.5000 1.5000
-5.2000 -0.5000 1.6000
-5.2000 -0.5000 1.7000
-5.2000 -0.5000 1.8000
-5.2000 -0.5000 1.9000
-5.2000 -0.5000 2.0000
-5.2000 -0.5000 2.1000
-5.2000 -0.5000 2.2000
-5.2000 -0.5000 2.3000
-5.2000 -0.5000 2.4000
-5.2000 -0.5000 2.5000
-5.2000 -0.5000 2.6000
-5.2000 -0.5000 2.7000
-5.2000 -0.5000 2.8000
-5.2000 -0.5000 2.9000
-5.2000 -0.5000 3.0000
-5.2000 -0.5000 3.1000
-5.2000 -0.5000 3.2000
-5.2000 -0.5000 3.3000
-5.2000 -0.5000 3.4000
-5.2000 -0.5000 3.5000
-5.2000 -0.4000 0.0000
-5.2000 -0.4000 0.1000
-5.2000 -0.4000 0.2000
-5.2000 -0.4000 0.3000
-5.2000 -0.4000 0.4000
-5.2000 -0.4000 0.5000
-5.2000 -0.4000 0.6000
-5.2000 -0.4000 0.7000
-5.2000 -0.4000 0.8000
-5.2000 -0.4000 0.9000
-5.2000 -0.4000 1.0000
-5.2000 -0.4000 1.1000
-5.2000 -0.4000 1.2000
-5.2000 -0.4000 1.3000
-5.2000 -0.4000 1.4000
-5.2000 -0.4000 1.5000
-5.2000 -0.4000 1.6000
-5.2000 -0.4000 1.7000
-5.2000 -0.4000 1.8000
-5.2000 -0.4000 1.9000
-5.2000 -0.4000 2.0000
-5.2000 -0.4000 2.1000
-5.2000 -0.4000 2.2000
-5.2000 -0.4000 2.3000
-5.2000 -0.4000 2.4000
-5.2000 -0.4000 2.5000
-5.2000 -0.4000 2.6000
-5.2000 -0.4000 2.7000
-5.2000 -0.4000 2.8000
-5.2000 -0.4000 2.9000
-5.2000 -0.4000 3.0000
-5.2000 -0.4000 3.1000
-5.2000 -0.4000 3.2000
-5.2000 -0.4000 3.3000
-5.2000 -0.4000 3.4000
-5.2000 -0.4000 3.5000
-5.2000 -0.3000 0.0000
-5.2000 -0.3000 0.1000
-5.2000 -0.3000 0.2000
-5.2000 -0.3000 0.3000
-5.2000 -0.3000 0.4000
-5.2000 -0.3000 0.5000
-5.2000 -0.3000 0.6000
-5.2000 -0.3000 0.7000
-5.2000 -0.3000 0.8000
-5.2000 -0.3000 0.9000
-5.2000 -0.3000 1.0000
-5.2000 -0.3000 1.1000
-5.2000 -0.3000 1.2000
-5.2000 -0.3000 1.3000
-5.2000 -0.3000 1.4000
-5.2000 -0.3000 1.5000
-5.2000 -0.3000 1.6000
-5.2000 -0.3000 1.7000
-5.2000 -0.3000 1.8000
-5.2000 -0.3000 1.9000
-5.2000 -0.3000 2.0000
-5.2000 -0.3000 2.1000
-5.2000 -0.3000 2.2000
-5.2000 -0.3000 2.3000
-5.2000 -0.3000 2.4000
-5.2000 -0.3000 2.5000
-5.2000 -0.3000 2.6000
-5.2000 -0.3000 2.7000
-5.2000 -0.3000 2.8000
-5.2000 -0.3000 2.9000
-5.2000 -0.3000 3.0000
-5.2000 -0.3000 3.1000
-5.2000 -0.3000 3.2000
-5.2000 -0.3000 3.3000
-5.2000 -0.3000 3.4000
-5.2000 -0.3000 3.5000
-5.2000 -0.2000 0.0000
-5.2000 -0.2000 0.1000
-5.2000 -0.2000 0.2000
-5.2000 -0.2000 0.3000
-5.2000 -0.2000 0.4000
-5.2000 -0.2000 0.5000
-5.2000 -0.2000 0.6000
-5.2000 -0.2000 0.7000
-5.2000 -0.2000 0.8000
-5.2000 -0.2000 0.9000
-5.2000 -0.2000 1.0000
-5.2000 -0.2000 1.1000
-5.2000 -0.2000 1.2000
-5.2000 -0.2000 1.3000
-5.2000 -0.2000 1.4000
-5.2000 -0.2000 1.5000
-5.2000 -0.2000 1.6000
-5.2000 -0.2000 1.7000
-5.2000 -0.2000 1.8000
-5.2000 -0.2000 1.9000
-5.2000 -0.2000 2.0000
-5.2000 -0.2000 2.1000
-5.2000 -0.2000 2.2000
-5.2000 -0.2000 2.3000
-5.2000 -0.2000 2.4000
-5.2000 -0.2000 2.5000
-5.2000 -0.2000 2.6000
-5.2000 -0.2000 2.7000
-5.2000 -0.2000 2.8000
-5.2000 -0.2000 2.9000
-5.2000 -0.2000 3.0000
-5.2000 -0.2000 3.1000
-5.2000 -0.2000 3.2000
-5.2000 -0.2000 3.3000
-5.2000 -0.2000 3.4000
-5.2000 -0.2000 3.5000
-5.2000 -0.1000 0.0000
-5.2000 -0.1000 0.1000
-5.2000 -0.1000 0.2000
-5.2000 -0.1000 0.3000
-5.2000 -0.1000 0.4000
-5.2000 -0.1000 0.5000
-5.2000 -0.1000 0.6000
-5.2000 -0.1000 0.7000
-5.2000 -0.1000 0.8000
-5.2000 -0.1000 0.9000
-5.2000 -0.1000 1.0000
-5.2000 -0.1000 1.1000
-5.2000 -0.1000 1.2000
-5.2000 -0.1000 1.3000
-5.2000 -0.1000 1.4000
-5.2000 -0.1000 1.5000
-5.2000 -0.1000 1.6000
-5.2000 -0.1000 1.7000
-5.2000 -0.1000 1.8000
-5.2000 -0.1000 1.9000
-5.2000 -0.1000 2.0000
-5.2000 -0.1000 2.1000
-5.2000 -0.1000 2.2000
-5.2000 -0.1000 2.3000
-5.2000 -0.1000 2.4000
-5.2000 -0.1000 2.5000
-5.2000 -0.1000 2.6000
-5.2000 -0.1000 2.7000
-5.2000 -0.1000 2.8000
-5.2000 -0.1000 2.9000
-5.2000 -0.1000 3.0000
-5.2000 -0.1000 3.1000
-5.2000 -0.1000 3.2000
-5.2000 -0.1000 3.3000
-5.2000 -0.1000 3.4000
-5.2000 -0.1000 3.5000
-5.2000 0.0000 0.0000
-5.2000 0.0000 0.1000
-5.2000 0.0000 0.2000
-5.2000 0.0000 0.3000
-5.2000 0.0000 0.4000
-5.2000 0.0000 0.5000
-5.2000 0.0000 0.6000
-5.2000 0.0000 0.7000
-5.2000 0.0000 0.8000
-5.2000 0.0000 0.9000
-5.2000 0.0000 1.0000
-5.2000 0.0000 1.1000
-5.2000 0.0000 1.2000
-5.2000 0.0000 1.3000
-5.2000 0.0000 1.4000
-5.2000 0.0000 1.5000
-5.2000 0.0000 1.6000
-5.2000 0.0000 1.7000
-5.2000 0.0000 1.8000
-5.2000 0.0000 1.9000
-5.2000 0.0000 2.0000
-5.2000 0.0000 2.1000
-5.2000 0.0000 2.2000
-5.2000 0.0000 2.3000
-5.2000 0.0000 2.4000
-5.2000 0.0000 2.5000
-5.2000 0.0000 2.6000
-5.2000 0.0000 2.7000
-5.2000 0.0000 2.8000
-5.2000 0.0000 2.9000
-5.2000 0.0000 3.0000
-5.2000 0.0000 3.1000
-5.2000 0.0000 3.2000
-5.2000 0.0000 3.3000
-5.2000 0.0000 3.4000
-5.2000 0.0000 3.5000
-5.2000 0.1000 0.0000
-5.2000 0.1000 0.1000
-5.2000 0.1000 0.2000
-5.2000 0.1000 0.3000
-5.2000 0.1000 0.4000
-5.2000 0.1000 0.5000
-5.2000 0.1000 0.6000
-5.2000 0.1000 0.7000
-5.2000 0.1000 0.8000
-5.2000 0.1000 0.9000
-5.2000 0.1000 1.0000
-5.2000 0.1000 1.1000
-5.2000 0.1000 1.2000
-5.2000 0.1000 1.3000
-5.2000 0.1000 1.4000
-5.2000 0.1000 1.5000
-5.2000 0.1000 1.6000
-5.2000 0.1000 1.7000
-5.2000 0.1000 1.8000
-5.2000 0.1000 1.9000
-5.2000 0.1000 2.0000
-5.2000 0.1000 2.1000
-5.2000 0.1000 2.2000
-5.2000 0.1000 2.3000
-5.2000 0.1000 2.4000
-5.2000 0.1000 2.5000
-5.2000 0.1000 2.6000
-5.2000 0.1000 2.7000
-5.2000 0.1000 2.8000
-5.2000 0.1000 2.9000
-5.2000 0.1000 3.0000
-5.2000 0.1000 3.1000
-5.2000 0.1000 3.2000
-5.2000 0.1000 3.3000
-5.2000 0.1000 3.4000
-5.2000 0.1000 3.5000
-5.2000 0.2000 0.0000
-5.2000 0.2000 0.1000
-5.2000 0.2000 0.2000
-5.2000 0.2000 0.3000
-5.2000 0.2000 0.4000
-5.2000 0.2000 0.5000
-5.2000 0.2000 0.6000
-5.2000 0.2000 0.7000
-5.2000 0.2000 0.8000
-5.2000 0.2000 0.9000
-5.2000 0.2000 1.0000
-5.2000 0.2000 1.1000
-5.2000 0.2000 1.2000
-5.2000 0.2000 1.3000
-5.2000 0.2000 1.4000
-5.2000 0.2000 1.5000
-5.2000 0.2000 1.6000
-5.2000 0.2000 1.7000
-5.2000 0.2000 1.8000
-5.2000 0.2000 1.9000
-5.2000 0.2000 2.0000
-5.2000 0.2000 2.1000
-5.2000 0.2000 2.2000
-5.2000 0.2000 2.3000
-5.2000 0.2000 2.4000
-5.2000 0.2000 2.5000
-5.2000 0.2000 2.6000
-5.2000 0.2000 2.7000
-5.2000 0.2000 2.8000
-5.2000 0.2000 2.9000
-5.2000 0.2000 3.0000
-5.2000 0.2000 3.1000
-5.2000 0.2000 3.2000
-5.2000 0.2000 3.3000
-5.2000 0.2000 3.4000
-5.2000 0.2000 3.5000
-5.2000 0.3000 0.0000
-5.2000 0.3000 0.1000
-5.2000 0.3000 0.2000
-5.2000 0.3000 0.3000
-5.2000 0.3000 0.4000
-5.2000 0.3000 0.5000
-5.2000 0.3000 0.6000
-5.2000 0.3000 0.7000
-5.2000 0.3000 0.8000
-5.2000 0.3000 0.9000
-5.2000 0.3000 1.0000
-5.2000 0.3000 1.1000
-5.2000 0.3000 1.2000
-5.2000 0.3000 1.3000
-5.2000 0.3000 1.4000
-5.2000 0.3000 1.5000
-5.2000 0.3000 1.6000
-5.2000 0.3000 1.7000
-5.2000 0.3000 1.8000
-5.2000 0.3000 1.9000
-5.2000 0.3000 2.0000
-5.2000 0.3000 2.1000
-5.2000 0.3000 2.2000
-5.2000 0.3000 2.3000
-5.2000 0.3000 2.4000
-5.2000 0.3000 2.5000
-5.2000 0.3000 2.6000
-5.2000 0.3000 2.7000
-5.2000 0.3000 2.8000
-5.2000 0.3000 2.9000
-5.2000 0.3000 3.0000
-5.2000 0.3000 3.1000
-5.2000 0.3000 3.2000
-5.2000 0.3000 3.3000
-5.2000 0.3000 3.4000
-5.2000 0.3000 3.5000
-5.2000 0.4000 0.0000
-5.2000 0.4000 0.1000
-5.2000 0.4000 0.2000
-5.2000 0.4000 0.3000
-5.2000 0.4000 0.4000
-5.2000 0.4000 0.5000
-5.2000 0.4000 0.6000
-5.2000 0.4000 0.7000
-5.2000 0.4000 0.8000
-5.2000 0.4000 0.9000
-5.2000 0.4000 1.0000
-5.2000 0.4000 1.1000
-5.2000 0.4000 1.2000
-5.2000 0.4000 1.3000
-5.2000 0.4000 1.4000
-5.2000 0.4000 1.5000
-5.2000 0.4000 1.6000
-5.2000 0.4000 1.7000
-5.2000 0.4000 1.8000
-5.2000 0.4000 1.9000
-5.2000 0.4000 2.0000
-5.2000 0.4000 2.1000
-5.2000 0.4000 2.2000
-5.2000 0.4000 2.3000
-5.2000 0.4000 2.4000
-5.2000 0.4000 2.5000
-5.2000 0.4000 2.6000
-5.2000 0.4000 2.7000
-5.2000 0.4000 2.8000
-5.2000 0.4000 2.9000
-5.2000 0.4000 3.0000
-5.2000 0.4000 3.1000
-5.2000 0.4000 3.2000
-5.2000 0.4000 3.3000
-5.2000 0.4000 3.4000
-5.2000 0.4000 3.5000
-5.2000 0.5000 0.0000
-5.2000 0.5000 0.1000
-5.2000 0.5000 0.2000
-5.2000 0.5000 0.3000
-5.2000 0.5000 0.4000
-5.2000 0.5000 0.5000
-5.2000 0.5000 0.6000
-5.2000 0.5000 0.7000
-5.2000 0.5000 0.8000
-5.2000 0.5000 0.9000
-5.2000 0.5000 1.0000
-5.2000 0.5000 1.1000
-5.2000 0.5000 1.2000
-5.2000 0.5000 1.3000
-5.2000 0.5000 1.4000
-5.2000 0.5000 1.5000
-5.2000 0.5000 1.6000
-5.2000 0.5000 1.7000
-5.2000 0.5000 1.8000
-5.2000 0.5000 1.9000
-5.2000 0.5000 2.0000
-5.2000 0.5000 2.1000
-5.2000 0.5000 2.2000
-5.2000 0.5000 2.3000
-5.2000 0.5000 2.4000
-5.2000 0.5000 2.5000
-5.2000 0.5000 2.6000
-5.2000 0.5000 2.7000
-5.2000 0.5000 2.8000
-5.2000 0.5000 2.9000
-5.2000 0.5000 3.0000
-5.2000 0.5000 3.1000
-5.2000 0.5000 3.2000
-5.2000 0.5000 3.3000
-5.2000 0.5000 3.4000
-5.2000 0.5000 3.5000
-5.2000 0.6000 0.0000
-5.2000 0.6000 0.1000
-5.2000 0.6000 0.2000
-5.2000 0.6000 0.3000
-5.2000 0.6000 0.4000
-5.2000 0.6000 0.5000
-5.2000 0.6000 0.6000
-5.2000 0.6000 0.7000
-5.2000 0.6000 0.8000
-5.2000 0.6000 0.9000
-5.2000 0.6000 1.0000
-5.2000 0.6000 1.1000
-5.2000 0.6000 1.2000
-5.2000 0.6000 1.3000
-5.2000 0.6000 1.4000
-5.2000 0.6000 1.5000
-5.2000 0.6000 1.6000
-5.2000 0.6000 1.7000
-5.2000 0.6000 1.8000
-5.2000 0.6000 1.9000
-5.2000 0.6000 2.0000
-5.2000 0.6000 2.1000
-5.2000 0.6000 2.2000
-5.2000 0.6000 2.3000
-5.2000 0.6000 2.4000
-5.2000 0.6000 2.5000
-5.2000 0.6000 2.6000
-5.2000 0.6000 2.7000
-5.2000 0.6000 2.8000
-5.2000 0.6000 2.9000
-5.2000 0.6000 3.0000
-5.2000 0.6000 3.1000
-5.2000 0.6000 3.2000
-5.2000 0.6000 3.3000
-5.2000 0.6000 3.4000
-5.2000 0.6000 3.5000
-5.2000 0.7000 0.0000
-5.2000 0.7000 0.1000
-5.2000 0.7000 0.2000
-5.2000 0.7000 0.3000
-5.2000 0.7000 0.4000
-5.2000 0.7000 0.5000
-5.2000 0.7000 0.6000
-5.2000 0.7000 0.7000
-5.2000 0.7000 0.8000
-5.2000 0.7000 0.9000
-5.2000 0.7000 1.0000
-5.2000 0.7000 1.1000
-5.2000 0.7000 1.2000
-5.2000 0.7000 1.3000
-5.2000 0.7000 1.4000
-5.2000 0.7000 1.5000
-5.2000 0.7000 1.6000
-5.2000 0.7000 1.7000
-5.2000 0.7000 1.8000
-5.2000 0.7000 1.9000
-5.2000 0.7000 2.0000
-5.2000 0.7000 2.1000
-5.2000 0.7000 2.2000
-5.2000 0.7000 2.3000
-5.2000 0.7000 2.4000
-5.2000 0.7000 2.5000
-5.2000 0.7000 2.6000
-5.2000 0.7000 2.7000
-5.2000 0.7000 2.8000
-5.2000 0.7000 2.9000
-5.2000 0.7000 3.0000
-5.2000 0.7000 3.1000
-5.2000 0.7000 3.2000
-5.2000 0.7000 3.3000
-5.2000 0.7000 3.4000
-5.2000 0.7000 3.5000
-5.2000 0.8000 0.0000
-5.2000 0.8000 0.1000
-5.2000 0.8000 0.2000
-5.2000 0.8000 0.3000
-5.2000 0.8000 0.4000
-5.2000 0.8000 0.5000
-5.2000 0.8000 0.6000
-5.2000 0.8000 0.7000
-5.2000 0.8000 0.8000
-5.2000 0.8000 0.9000
-5.2000 0.8000 1.0000
-5.2000 0.8000 1.1000
-5.2000 0.8000 1.2000
-5.2000 0.8000 1.3000
-5.2000 0.8000 1.4000
-5.2000 0.8000 1.5000
-5.2000 0.8000 1.6000
-5.2000 0.8000 1.7000
-5.2000 0.8000 1.8000
-5.2000 0.8000 1.9000
-5.2000 0.8000 2.0000
-5.2000 0.8000 2.1000
-5.2000 0.8000 2.2000
-5.2000 0.8000 2.3000
-5.2000 0.8000 2.4000
-5.2000 0.8000 2.5000
-5.2000 0.8000 2.6000
-5.2000 0.8000 2.7000
-5.2000 0.8000 2.8000
-5.2000 0.8000 2.9000
-5.2000 0.8000 3.0000
-5.2000 0.8000 3.1000
-5.2000 0.8000 3.2000
-5.2000 0.8000 3.3000
-5.2000 0.8000 3.4000
-5.2000 0.8000 3.5000
-5.2000 0.9000 0.0000
-5.2000 0.9000 0.1000
-5.2000 0.9000 0.2000
-5.2000 0.9000 0.3000
-5.2000 0.9000 0.4000
-5.2000 0.9000 0.5000
-5.2000 0.9000 0.6000
-5.2000 0.9000 0.7000
-5.2000 0.9000 0.8000
-5.2000 0.9000 0.9000
-5.2000 0.9000 1.0000
-5.2000 0.9000 1.1000
-5.2000 0.9000 1.2000
-5.2000 0.9000 1.3000
-5.2000 0.9000 1.4000
-5.2000 0.9000 1.5000
-5.2000 0.9000 1.6000
-5.2000 0.9000 1.7000
-5.2000 0.9000 1.8000
-5.2000 0.9000 1.9000
-5.2000 0.9000 2.0000
-5.2000 0.9000 2.1000
-5.2000 0.9000 2.2000
-5.2000 0.9000 2.3000
-5.2000 0.9000 2.4000
-5.2000 0.9000 2.5000
-5.2000 0.9000 2.6000
-5.2000 0.9000 2.7000
-5.2000 0.9000 2.8000
-5.2000 0.9000 2.9000
-5.2000 0.9000 3.0000
-5.2000 0.9000 3.1000
-5.2000 0.9000 3.2000
-5.2000 0.9000 3.3000
-5.2000 0.9000 3.4000
-5.2000 0.9000 3.5000
-5.2000 1.0000 0.0000
-5.2000 1.0000 0.1000
-5.2000 1.0000 0.2000
-5.2000 1.0000 0.3000
-5.2000 1.0000 0.4000
-5.2000 1.0000 0.5000
-5.2000 1.0000 0.6000
-5.2000 1.0000 0.7000
-5.2000 1.0000 0.8000
-5.2000 1.0000 0.9000
-5.2000 1.0000 1.0000
-5.2000 1.0000 1.1000
-5.2000 1.0000 1.2000
-5.2000 1.0000 1.3000
-5.2000 1.0000 1.4000
-5.2000 1.0000 1.5000
-5.2000 1.0000 1.6000
-5.2000 1.0000 1.7000
-5.2000 1.0000 1.8000
-5.2000 1.0000 1.9000
-5.2000 1.0000 2.0000
-5.2000 1.0000 2.1000
-5.2000 1.0000 2.2000
-5.2000 1.0000 2.3000
-5.2000 1.0000 2.4000
-5.2000 1.0000 2.5000
-5.2000 1.0000 2.6000
-5.2000 1.0000 2.7000
-5.2000 1.0000 2.8000
-5.2000 1.0000 2.9000
-5.2000 1.0000 3.0000
-5.2000 1.0000 3.1000
-5.2000 1.0000 3.2000
-5.2000 1.0000 3.3000
-5.2000 1.0000 3.4000
-5.2000 1.0000 3.5000
-5.2000 1.1000 0.0000
-5.2000 1.1000 0.1000
-5.2000 1.1000 0.2000
-5.2000 1.1000 0.3000
-5.2000 1.1000 0.4000
-5.2000 1.1000 0.5000
-5.2000 1.1000 0.6000
-5.2000 1.1000 0.7000
-5.2000 1.1000 0.8000
-5.2000 1.1000 0.9000
-5.2000 1.1000 1.0000
-5.2000 1.1000 1.1000
-5.2000 1.1000 1.2000
-5.2000 1.1000 1.3000
-5.2000 1.1000 1.4000
-5.2000 1.1000 1.5000
-5.2000 1.1000 1.6000
-5.2000 1.1000 1.7000
-5.2000 1.1000 1.8000
-5.2000 1.1000 1.9000
-5.2000 1.1000 2.0000
-5.2000 1.1000 2.1000
-5.2000 1.1000 2.2000
-5.2000 1.1000 2.3000
-5.2000 1.1000 2.4000
-5.2000 1.1000 2.5000
-5.2000 1.1000 2.6000
-5.2000 1.1000 2.7000
-5.2000 1.1000 2.8000
-5.2000 1.1000 2.9000
-5.2000 1.1000 3.0000
-5.2000 1.1000 3.1000
-5.2000 1.1000 3.2000
-5.2000 1.1000 3.3000
-5.2000 1.1000 3.4000
-5.2000 1.1000 3.5000
-5.2000 1.2000 0.0000
-5.2000 1.2000 0.1000
-5.2000 1.2000 0.2000
-5.2000 1.2000 0.3000
-5.2000 1.2000 0.4000
-5.2000 1.2000 0.5000
-5.2000 1.2000 0.6000
-5.2000 1.2000 0.7000
-5.2000 1.2000 0.8000
-5.2000 1.2000 0.9000
-5.2000 1.2000 1.0000
-5.2000 1.2000 1.1000
-5.2000 1.2000 1.2000
-5.2000 1.2000 1.3000
-5.2000 1.2000 1.4000
-5.2000 1.2000 1.5000
-5.2000 1.2000 1.6000
-5.2000 1.2000 1.7000
-5.2000 1.2000 1.8000
-5.2000 1.2000 1.9000
-5.2000 1.2000 2.0000
-5.2000 1.2000 2.1000
-5.2000 1.2000 2.2000
-5.2000 1.2000 2.3000
-5.2000 1.2000 2.4000
-5.2000 1.2000 2.5000
-5.2000 1.2000 2.6000
-5.2000 1.2000 2.7000
-5.2000 1.2000 2.8000
-5.2000 1.2000 2.9000
-5.2000 1.2000 3.0000
-5.2000 1.2000 3.1000
-5.2000 1.2000 3.2000
-5.2000 1.2000 3.3000
-5.2000 1.2000 3.4000
-5.2000 1.2000 3.5000
-5.2000 1.3000 0.0000
-5.2000 1.3000 0.1000
-5.2000 1.3000 0.2000
-5.2000 1.3000 0.3000
-5.2000 1.3000 0.4000
-5.2000 1.3000 0.5000
-5.2000 1.3000 0.6000
-5.2000 1.3000 0.7000
-5.2000 1.3000 0.8000
-5.2000 1.3000 0.9000
-5.2000 1.3000 1.0000
-5.2000 1.3000 1.1000
-5.2000 1.3000 1.2000
-5.2000 1.3000 1.3000
-5.2000 1.3000 1.4000
-5.2000 1.3000 1.5000
-5.2000 1.3000 1.6000
-5.2000 1.3000 1.7000
-5.2000 1.3000 1.8000
-5.2000 1.3000 1.9000
-5.2000 1.3000 2.0000
-5.2000 1.3000 2.1000
-5.2000 1.3000 2.2000
-5.2000 1.3000 2.3000
-5.2000 1.3000 2.4000
-5.2000 1.3000 2.5000
-5.2000 1.3000 2.6000
-5.2000 1.3000 2.7000
-5.2000 1.3000 2.8000
-5.2000 1.3000 2.9000
-5.2000 1.3000 3.0000
-5.2000 1.3000 3.1000
-5.2000 1.3000 3.2000
-5.2000 1.3000 3.3000
-5.2000 1.3000 3.4000
-5.2000 1.3000 3.5000
-5.2000 1.4000 0.0000
-5.2000 1.4000 0.1000
-5.2000 1.4000 0.2000
-5.2000 1.4000 0.3000
-5.2000 1.4000 0.4000
-5.2000 1.4000 0.5000
-5.2000 1.4000 0.6000
-5.2000 1.4000 0.7000
-5.2000 1.4000 0.8000
-5.2000 1.4000 0.9000
-5.2000 1.4000 1.0000
-5.2000 1.4000 1.1000
-5.2000 1.4000 1.2000
-5.2000 1.4000 1.3000
-5.2000 1.4000 1.4000
-5.2000 1.4000 1.5000
-5.2000 1.4000 1.6000
-5.2000 1.4000 1.7000
-5.2000 1.4000 1.8000
-5.2000 1.4000 1.9000
-5.2000 1.4000 2.0000
-5.2000 1.4000 2.1000
-5.2000 1.4000 2.2000
-5.2000 1.4000 2.3000
-5.2000 1.4000 2.4000
-5.2000 1.4000 2.5000
-5.2000 1.4000 2.6000
-5.2000 1.4000 2.7000
-5.2000 1.4000 2.8000
-5.2000 1.4000 2.9000
-5.2000 1.4000 3.0000
-5.2000 1.4000 3.1000
-5.2000 1.4000 3.2000
-5.2000 1.4000 3.3000
-5.2000 1.4000 3.4000
-5.2000 1.4000 3.5000
-5.2000 1.5000 0.0000
-5.2000 1.5000 0.1000
-5.2000 1.5000 0.2000
-5.2000 1.5000 0.3000
-5.2000 1.5000 0.4000
-5.2000 1.5000 0.5000
-5.2000 1.5000 0.6000
-5.2000 1.5000 0.7000
-5.2000 1.5000 0.8000
-5.2000 1.5000 0.9000
-5.2000 1.5000 1.0000
-5.2000 1.5000 1.1000
-5.2000 1.5000 1.2000
-5.2000 1.5000 1.3000
-5.2000 1.5000 1.4000
-5.2000 1.5000 1.5000
-5.2000 1.5000 1.6000
-5.2000 1.5000 1.7000
-5.2000 1.5000 1.8000
-5.2000 1.5000 1.9000
-5.2000 1.5000 2.0000
-5.2000 1.5000 2.1000
-5.2000 1.5000 2.2000
-5.2000 1.5000 2.3000
-5.2000 1.5000 2.4000
-5.2000 1.5000 2.5000
-5.2000 1.5000 2.6000
-5.2000 1.5000 2.7000
-5.2000 1.5000 2.8000
-5.2000 1.5000 2.9000
-5.2000 1.5000 3.0000
-5.2000 1.5000 3.1000
-5.2000 1.5000 3.2000
-5.2000 1.5000 3.3000
-5.2000 1.5000 3.4000
-5.2000 1.5000 3.5000
-5.2000 1.6000 0.0000
-5.2000 1.6000 0.1000
-5.2000 1.6000 0.2000
-5.2000 1.6000 0.3000
-5.2000 1.6000 0.4000
-5.2000 1.6000 0.5000
-5.2000 1.6000 0.6000
-5.2000 1.6000 0.7000
-5.2000 1.6000 0.8000
-5.2000 1.6000 0.9000
-5.2000 1.6000 1.0000
-5.2000 1.6000 1.1000
-5.2000 1.6000 1.2000
-5.2000 1.6000 1.3000
-5.2000 1.6000 1.4000
-5.2000 1.6000 1.5000
-5.2000 1.6000 1.6000
-5.2000 1.6000 1.7000
-5.2000 1.6000 1.8000
-5.2000 1.6000 1.9000
-5.2000 1.6000 2.0000
-5.2000 1.6000 2.1000
-5.2000 1.6000 2.2000
-5.2000 1.6000 2.3000
-5.2000 1.6000 2.4000
-5.2000 1.6000 2.5000
-5.2000 1.6000 2.6000
-5.2000 1.6000 2.7000
-5.2000 1.6000 2.8000
-5.2000 1.6000 2.9000
-5.2000 1.6000 3.0000
-5.2000 1.6000 3.1000
-5.2000 1.6000 3.2000
-5.2000 1.6000 3.3000
-5.2000 1.6000 3.4000
-5.2000 1.6000 3.5000
-5.2000 1.7000 0.0000
-5.2000 1.7000 0.1000
-5.2000 1.7000 0.2000
-5.2000 1.7000 0.3000
-5.2000 1.7000 0.4000
-5.2000 1.7000 0.5000
-5.2000 1.7000 0.6000
-5.2000 1.7000 0.7000
-5.2000 1.7000 0.8000
-5.2000 1.7000 0.9000
-5.2000 1.7000 1.0000
-5.2000 1.7000 1.1000
-5.2000 1.7000 1.2000
-5.2000 1.7000 1.3000
-5.2000 1.7000 1.4000
-5.2000 1.7000 1.5000
-5.2000 1.7000 1.6000
-5.2000 1.7000 1.7000
-5.2000 1.7000 1.8000
-5.2000 1.7000 1.9000
-5.2000 1.7000 2.0000
-5.2000 1.7000 2.1000
-5.2000 1.7000 2.2000
-5.2000 1.7000 2.3000
-5.2000 1.7000 2.4000
-5.2000 1.7000 2.5000
-5.2000 1.7000 2.6000
-5.2000 1.7000 2.7000
-5.2000 1.7000 2.8000
-5.2000 1.7000 2.9000
-5.2000 1.7000 3.0000
-5.2000 1.7000 3.1000
-5.2000 1.7000 3.2000
-5.2000 1.7000 3.3000
-5.2000 1.7000 3.4000
-5.2000 1.7000 3.5000
-5.2000 1.8000 0.0000
-5.2000 1.8000 0.1000
-5.2000 1.8000 0.2000
-5.2000 1.8000 0.3000
-5.2000 1.8000 0.4000
-5.2000 1.8000 0.5000
-5.2000 1.8000 0.6000
-5.2000 1.8000 0.7000
-5.2000 1.8000 0.8000
-5.2000 1.8000 0.9000
-5.2000 1.8000 1.0000
-5.2000 1.8000 1.1000
-5.2000 1.8000 1.2000
-5.2000 1.8000 1.3000
-5.2000 1.8000 1.4000
-5.2000 1.8000 1.5000
-5.2000 1.8000 1.6000
-5.2000 1.8000 1.7000
-5.2000 1.8000 1.8000
-5.2000 1.8000 1.9000
-5.2000 1.8000 2.0000
-5.2000 1.8000 2.1000
-5.2000 1.8000 2.2000
-5.2000 1.8000 2.3000
-5.2000 1.8000 2.4000
-5.2000 1.8000 2.5000
-5.2000 1.8000 2.6000
-5.2000 1.8000 2.7000
-5.2000 1.8000 2.8000
-5.2000 1.8000 2.9000
-5.2000 1.8000 3.0000
-5.2000 1.8000 3.1000
-5.2000 1.8000 3.2000
-5.2000 1.8000 3.3000
-5.2000 1.8000 3.4000
-5.2000 1.8000 3.5000
-5.2000 1.9000 0.0000
-5.2000 1.9000 0.1000
-5.2000 1.9000 0.2000
-5.2000 1.9000 0.3000
-5.2000 1.9000 0.4000
-5.2000 1.9000 0.5000
-5.2000 1.9000 0.6000
-5.2000 1.9000 0.7000
-5.2000 1.9000 0.8000
-5.2000 1.9000 0.9000
-5.2000 1.9000 1.0000
-5.2000 1.9000 1.1000
-5.2000 1.9000 1.2000
-5.2000 1.9000 1.3000
-5.2000 1.9000 1.4000
-5.2000 1.9000 1.5000
-5.2000 1.9000 1.6000
-5.2000 1.9000 1.7000
-5.2000 1.9000 1.8000
-5.2000 1.9000 1.9000
-5.2000 1.9000 2.0000
-5.2000 1.9000 2.1000
-5.2000 1.9000 2.2000
-5.2000 1.9000 2.3000
-5.2000 1.9000 2.4000
-5.2000 1.9000 2.5000
-5.2000 1.9000 2.6000
-5.2000 1.9000 2.7000
-5.2000 1.9000 2.8000
-5.2000 1.9000 2.9000
-5.2000 1.9000 3.0000
-5.2000 1.9000 3.1000
-5.2000 1.9000 3.2000
-5.2000 1.9000 3.3000
-5.2000 1.9000 3.4000
-5.2000 1.9000 3.5000
-5.2000 2.0000 0.0000
-5.2000 2.0000 0.1000
-5.2000 2.0000 0.2000
-5.2000 2.0000 0.3000
-5.2000 2.0000 0.4000
-5.2000 2.0000 0.5000
-5.2000 2.0000 0.6000
-5.2000 2.0000 0.7000
-5.2000 2.0000 0.8000
-5.2000 2.0000 0.9000
-5.2000 2.0000 1.0000
-5.2000 2.0000 1.1000
-5.2000 2.0000 1.2000
-5.2000 2.0000 1.3000
-5.2000 2.0000 1.4000
-5.2000 2.0000 1.5000
-5.2000 2.0000 1.6000
-5.2000 2.0000 1.7000
-5.2000 2.0000 1.8000
-5.2000 2.0000 1.9000
-5.2000 2.0000 2.0000
-5.2000 2.0000 2.1000
-5.2000 2.0000 2.2000
-5.2000 2.0000 2.3000
-5.2000 2.0000 2.4000
-5.2000 2.0000 2.5000
-5.2000 2.0000 2.6000
-5.2000 2.0000 2.7000
-5.2000 2.0000 2.8000
-5.2000 2.0000 2.9000
-5.2000 2.0000 3.0000
-5.2000 2.0000 3.1000
-5.2000 2.0000 3.2000
-5.2000 2.0000 3.3000
-5.2000 2.0000 3.4000
-5.2000 2.0000 3.5000
-5.2000 2.1000 0.0000
-5.2000 2.1000 0.1000
-5.2000 2.1000 0.2000
-5.2000 2.1000 0.3000
-5.2000 2.1000 0.4000
-5.2000 2.1000 0.5000
-5.2000 2.1000 0.6000
-5.2000 2.1000 0.7000
-5.2000 2.1000 0.8000
-5.2000 2.1000 0.9000
-5.2000 2.1000 1.0000
-5.2000 2.1000 1.1000
-5.2000 2.1000 1.2000
-5.2000 2.1000 1.3000
-5.2000 2.1000 1.4000
-5.2000 2.1000 1.5000
-5.2000 2.1000 1.6000
-5.2000 2.1000 1.7000
-5.2000 2.1000 1.8000
-5.2000 2.1000 1.9000
-5.2000 2.1000 2.0000
-5.2000 2.1000 2.1000
-5.2000 2.1000 2.2000
-5.2000 2.1000 2.3000
-5.2000 2.1000 2.4000
-5.2000 2.1000 2.5000
-5.2000 2.1000 2.6000
-5.2000 2.1000 2.7000
-5.2000 2.1000 2.8000
-5.2000 2.1000 2.9000
-5.2000 2.1000 3.0000
-5.2000 2.1000 3.1000
-5.2000 2.1000 3.2000
-5.2000 2.1000 3.3000
-5.2000 2.1000 3.4000
-5.2000 2.1000 3.5000
-5.2000 2.2000 0.0000
-5.2000 2.2000 0.1000
-5.2000 2.2000 0.2000
-5.2000 2.2000 0.3000
-5.2000 2.2000 0.4000
-5.2000 2.2000 0.5000
-5.2000 2.2000 0.6000
-5.2000 2.2000 0.7000
-5.2000 2.2000 0.8000
-5.2000 2.2000 0.9000
-5.2000 2.2000 1.0000
-5.2000 2.2000 1.1000
-5.2000 2.2000 1.2000
-5.2000 2.2000 1.3000
-5.2000 2.2000 1.4000
-5.2000 2.2000 1.5000
-5.2000 2.2000 1.6000
-5.2000 2.2000 1.7000
-5.2000 2.2000 1.8000
-5.2000 2.2000 1.9000
-5.2000 2.2000 2.0000
-5.2000 2.2000 2.1000
-5.2000 2.2000 2.2000
-5.2000 2.2000 2.3000
-5.2000 2.2000 2.4000
-5.2000 2.2000 2.5000
-5.2000 2.2000 2.6000
-5.2000 2.2000 2.7000
-5.2000 2.2000 2.8000
-5.2000 2.2000 2.9000
-5.2000 2.2000 3.0000
-5.2000 2.2000 3.1000
-5.2000 2.2000 3.2000
-5.2000 2.2000 3.3000
-5.2000 2.2000 3.4000
-5.2000 2.2000 3.5000
-5.2000 2.3000 0.0000
-5.2000 2.3000 0.1000
-5.2000 2.3000 0.2000
-5.2000 2.3000 0.3000
-5.2000 2.3000 0.4000
-5.2000 2.3000 0.5000
-5.2000 2.3000 0.6000
-5.2000 2.3000 0.7000
-5.2000 2.3000 0.8000
-5.2000 2.3000 0.9000
-5.2000 2.3000 1.0000
-5.2000 2.3000 1.1000
-5.2000 2.3000 1.2000
-5.2000 2.3000 1.3000
-5.2000 2.3000 1.4000
-5.2000 2.3000 1.5000
-5.2000 2.3000 1.6000
-5.2000 2.3000 1.7000
-5.2000 2.3000 1.8000
-5.2000 2.3000 1.9000
-5.2000 2.3000 2.0000
-5.2000 2.3000 2.1000
-5.2000 2.3000 2.2000
-5.2000 2.3000 2.3000
-5.2000 2.3000 2.4000
-5.2000 2.3000 2.5000
-5.2000 2.3000 2.6000
-5.2000 2.3000 2.7000
-5.2000 2.3000 2.8000
-5.2000 2.3000 2.9000
-5.2000 2.3000 3.0000
-5.2000 2.3000 3.1000
-5.2000 2.3000 3.2000
-5.2000 2.3000 3.3000
-5.2000 2.3000 3.4000
-5.2000 2.3000 3.5000
-5.2000 2.4000 0.0000
-5.2000 2.4000 0.1000
-5.2000 2.4000 0.2000
-5.2000 2.4000 0.3000
-5.2000 2.4000 0.4000
-5.2000 2.4000 0.5000
-5.2000 2.4000 0.6000
-5.2000 2.4000 0.7000
-5.2000 2.4000 0.8000
-5.2000 2.4000 0.9000
-5.2000 2.4000 1.0000
-5.2000 2.4000 1.1000
-5.2000 2.4000 1.2000
-5.2000 2.4000 1.3000
-5.2000 2.4000 1.4000
-5.2000 2.4000 1.5000
-5.2000 2.4000 1.6000
-5.2000 2.4000 1.7000
-5.2000 2.4000 1.8000
-5.2000 2.4000 1.9000
-5.2000 2.4000 2.0000
-5.2000 2.4000 2.1000
-5.2000 2.4000 2.2000
-5.2000 2.4000 2.3000
-5.2000 2.4000 2.4000
-5.2000 2.4000 2.5000
-5.2000 2.4000 2.6000
-5.2000 2.4000 2.7000
-5.2000 2.4000 2.8000
-5.2000 2.4000 2.9000
-5.2000 2.4000 3.0000
-5.2000 2.4000 3.1000
-5.2000 2.4000 3.2000
-5.2000 2.4000 3.3000
-5.2000 2.4000 3.4000
-5.2000 2.4000 3.5000
-5.2000 2.5000 0.0000
-5.2000 2.5000 0.1000
-5.2000 2.5000 0.2000
-5.2000 2.5000 0.3000
-5.2000 2.5000 0.4000
-5.2000 2.5000 0.5000
-5.2000 2.5000 0.6000
-5.2000 2.5000 0.7000
-5.2000 2.5000 0.8000
-5.2000 2.5000 0.9000
-5.2000 2.5000 1.0000
-5.2000 2.5000 1.1000
-5.2000 2.5000 1.2000
-5.2000 2.5000 1.3000
-5.2000 2.5000 1.4000
-5.2000 2.5000 1.5000
-5.2000 2.5000 1.6000
-5.2000 2.5000 1.7000
-5.2000 2.5000 1.8000
-5.2000 2.5000 1.9000
-5.2000 2.5000 2.0000
-5.2000 2.5000 2.1000
-5.2000 2.5000 2.2000
-5.2000 2.5000 2.3000
-5.2000 2.5000 2.4000
-5.2000 2.5000 2.5000
-5.2000 2.5000 2.6000
-5.2000 2.5000 2.7000
-5.2000 2.5000 2.8000
-5.2000 2.5000 2.9000
-5.2000 2.5000 3.0000
-5.2000 2.5000 3.1000
-5.2000 2.5000 3.2000
-5.2000 2.5000 3.3000
-5.2000 2.5000 3.4000
-5.2000 2.5000 3.5000
-5.2000 2.6000 0.0000
-5.2000 2.6000 0.1000
-5.2000 2.6000 0.2000
-5.2000 2.6000 0.3000
-5.2000 2.6000 0.4000
-5.2000 2.6000 0.5000
-5.2000 2.6000 0.6000
-5.2000 2.6000 0.7000
-5.2000 2.6000 0.8000
-5.2000 2.6000 0.9000
-5.2000 2.6000 1.0000
-5.2000 2.6000 1.1000
-5.2000 2.6000 1.2000
-5.2000 2.6000 1.3000
-5.2000 2.6000 1.4000
-5.2000 2.6000 1.5000
-5.2000 2.6000 1.6000
-5.2000 2.6000 1.7000
-5.2000 2.6000 1.8000
-5.2000 2.6000 1.9000
-5.2000 2.6000 2.0000
-5.2000 2.6000 2.1000
-5.2000 2.6000 2.2000
-5.2000 2.6000 2.3000
-5.2000 2.6000 2.4000
-5.2000 2.6000 2.5000
-5.2000 2.6000 2.6000
-5.2000 2.6000 2.7000
-5.2000 2.6000 2.8000
-5.2000 2.6000 2.9000
-5.2000 2.6000 3.0000
-5.2000 2.6000 3.1000
-5.2000 2.6000 3.2000
-5.2000 2.6000 3.3000
-5.2000 2.6000 3.4000
-5.2000 2.6000 3.5000
-5.2000 2.7000 0.0000
-5.2000 2.7000 0.1000
-5.2000 2.7000 0.2000
-5.2000 2.7000 0.3000
-5.2000 2.7000 0.4000
-5.2000 2.7000 0.5000
-5.2000 2.7000 0.6000
-5.2000 2.7000 0.7000
-5.2000 2.7000 0.8000
-5.2000 2.7000 0.9000
-5.2000 2.7000 1.0000
-5.2000 2.7000 1.1000
-5.2000 2.7000 1.2000
-5.2000 2.7000 1.3000
-5.2000 2.7000 1.4000
-5.2000 2.7000 1.5000
-5.2000 2.7000 1.6000
-5.2000 2.7000 1.7000
-5.2000 2.7000 1.8000
-5.2000 2.7000 1.9000
-5.2000 2.7000 2.0000
-5.2000 2.7000 2.1000
-5.2000 2.7000 2.2000
-5.2000 2.7000 2.3000
-5.2000 2.7000 2.4000
-5.2000 2.7000 2.5000
-5.2000 2.7000 2.6000
-5.2000 2.7000 2.7000
-5.2000 2.7000 2.8000
-5.2000 2.7000 2.9000
-5.2000 2.7000 3.0000
-5.2000 2.7000 3.1000
-5.2000 2.7000 3.2000
-5.2000 2.7000 3.3000
-5.2000 2.7000 3.4000
-5.2000 2.7000 3.5000
-5.1000 -2.7000 0.0000
-5.1000 -2.7000 0.1000
-5.1000 -2.7000 0.2000
-5.1000 -2.7000 0.3000
-5.1000 -2.7000 0.4000
-5.1000 -2.7000 0.5000
-5.1000 -2.7000 0.6000
-5.1000 -2.7000 0.7000
-5.1000 -2.7000 0.8000
-5.1000 -2.7000 0.9000
-5.1000 -2.7000 1.0000
-5.1000 -2.7000 1.1000
-5.1000 -2.7000 1.2000
-5.1000 -2.7000 1.3000
-5.1000 -2.7000 1.4000
-5.1000 -2.7000 1.5000
-5.1000 -2.7000 1.6000
-5.1000 -2.7000 1.7000
-5.1000 -2.7000 1.8000
-5.1000 -2.7000 1.9000
-5.1000 -2.7000 2.0000
-5.1000 -2.7000 2.1000
-5.1000 -2.7000 2.2000
-5.1000 -2.7000 2.3000
-5.1000 -2.7000 2.4000
-5.1000 -2.7000 2.5000
-5.1000 -2.7000 2.6000
-5.1000 -2.7000 2.7000
-5.1000 -2.7000 2.8000
-5.1000 -2.7000 2.9000
-5.1000 -2.7000 3.0000
-5.1000 -2.7000 3.1000
-5.1000 -2.7000 3.2000
-5.1000 -2.7000 3.3000
-5.1000 -2.7000 3.4000
-5.1000 -2.7000 3.5000
-5.1000 -2.6000 0.0000
-5.1000 -2.6000 3.5000
-5.1000 -2.5000 0.0000
-5.1000 -2.5000 3.5000
-5.1000 -2.4000 0.0000
-5.1000 -2.4000 3.5000
-5.1000 -2.3000 0.0000
-5.1000 -2.3000 3.5000
-5.1000 -2.2000 0.0000
-5.1000 -2.2000 3.5000
-5.1000 -2.1000 0.0000
-5.1000 -2.1000 3.5000
-5.1000 -2.0000 0.0000
-5.1000 -2.0000 3.5000
-5.1000 -1.9000 0.0000
-5.1000 -1.9000 3.5000
-5.1000 -1.8000 0.0000
-5.1000 -1.8000 3.5000
-5.1000 -1.7000 0.0000
-5.1000 -1.7000 3.5000
-5.1000 -1.6000 0.0000
-5.1000 -1.6000 3.5000
-5.1000 -1.5000 0.0000
-5.1000 -1.5000 3.5000
-5.1000 -1.4000 0.0000
-5.1000 -1.4000 3.5000
-5.1000 -1.3000 0.0000
-5.1000 -1.3000 3.5000
-5.1000 -1.2000 0.0000
-5.1000 -1.2000 3.5000
-5.1000 -1.1000 0.0000
-5.1000 -1.1000 3.5000
-5.1000 -1.0000 0.0000
-5.1000 -1.0000 3.5000
-5.1000 -0.9000 0.0000
-5.1000 -0.9000 3.5000
-5.1000 -0.8000 0.0000
-5.1000 -0.8000 3.5000
-5.1000 -0.7000 0.0000
-5.1000 -0.7000 3.5000
-5.1000 -0.6000 0.0000
-5.1000 -0.6000 3.5000
-5.1000 -0.5000 0.0000
-5.1000 -0.5000 3.5000
-5.1000 -0.4000 0.0000
-5.1000 -0.4000 3.5000
-5.1000 -0.3000 0.0000
-5.1000 -0.3000 3.5000
-5.1000 -0.2000 0.0000
-5.1000 -0.2000 3.5000
-5.1000 -0.1000 0.0000
-5.1000 -0.1000 3.5000
-5.1000 0.0000 0.0000
-5.1000 0.0000 3.5000
-5.1000 0.1000 0.0000
-5.1000 0.1000 3.5000
-5.1000 0.2000 0.0000
-5.1000 0.2000 3.5000
-5.1000 0.3000 0.0000
-5.1000 0.3000 3.5000
-5.1000 0.4000 0.0000
-5.1000 0.4000 3.5000
-5.1000 0.5000 0.0000
-5.1000 0.5000 3.5000
-5.1000 0.6000 0.0000
-5.1000 0.6000 3.5000
-5.1000 0.7000 0.0000
-5.1000 0.7000 3.5000
-5.1000 0.8000 0.0000
-5.1000 0.8000 3.5000
-5.1000 0.9000 0.0000
-5.1000 0.9000 3.5000
-5.1000 1.0000 0.0000
-5.1000 1.0000 3.5000
-5.1000 1.1000 0.0000
-5.1000 1.1000 3.5000
-5.1000 1.2000 0.0000
-5.1000 1.2000 3.5000
-5.1000 1.3000 0.0000
-5.1000 1.3000 3.5000
-5.1000 1.4000 0.0000
-5.1000 1.4000 3.5000
-5.1000 1.5000 0.0000
-5.1000 1.5000 3.5000
-5.1000 1.6000 0.0000
-5.1000 1.6000 3.5000
-5.1000 1.7000 0.0000
-5.1000 1.7000 3.5000
-5.1000 1.8000 0.0000
-5.1000 1.8000 3.5000
-5.1000 1.9000 0.0000
-5.1000 1.9000 3.5000
-5.1000 2.0000 0.0000
-5.1000 2.0000 3.5000
-5.1000 2.1000 0.0000
-5.1000 2.1000 3.5000
-5.1000 2.2000 0.0000
-5.1000 2.2000 3.5000
-5.1000 2.3000 0.0000
-5.1000 2.3000 3.5000
-5.1000 2.4000 0.0000
-5.1000 2.4000 3.5000
-5.1000 2.5000 0.0000
-5.1000 2.5000 3.5000
-5.1000 2.6000 0.0000
-5.1000 2.6000 3.5000
-5.1000 2.7000 0.0000
-5.1000 2.7000 0.1000
-5.1000 2.7000 0.2000
-5.1000 2.7000 0.3000
-5.1000 2.7000 0.4000
-5.1000 2.7000 0.5000
-5.1000 2.7000 0.6000
-5.1000 2.7000 0.7000
-5.1000 2.7000 0.8000
-5.1000 2.7000 0.9000
-5.1000 2.7000 1.0000
-5.1000 2.7000 1.1000
-5.1000 2.7000 1.2000
-5.1000 2.7000 1.3000
-5.1000 2.7000 1.4000
-5.1000 2.7000 1.5000
-5.1000 2.7000 1.6000
-5.1000 2.7000 1.7000
-5.1000 2.7000 1.8000
-5.1000 2.7000 1.9000
-5.1000 2.7000 2.0000
-5.1000 2.7000 2.1000
-5.1000 2.7000 2.2000
-5.1000 2.7000 2.3000
-5.1000 2.7000 2.4000
-5.1000 2.7000 2.5000
-5.1000 2.7000 2.6000
-5.1000 2.7000 2.7000
-5.1000 2.7000 2.8000
-5.1000 2.7000 2.9000
-5.1000 2.7000 3.0000
-5.1000 2.7000 3.1000
-5.1000 2.7000 3.2000
-5.1000 2.7000 3.3000
-5.1000 2.7000 3.4000
-5.1000 2.7000 3.5000
-5.0000 -2.7000 0.0000
-5.0000 -2.7000 0.1000
-5.0000 -2.7000 0.2000
-5.0000 -2.7000 0.3000
-5.0000 -2.7000 0.4000
-5.0000 -2.7000 0.5000
-5.0000 -2.7000 0.6000
-5.0000 -2.7000 0.7000
-5.0000 -2.7000 0.8000
-5.0000 -2.7000 0.9000
-5.0000 -2.7000 1.0000
-5.0000 -2.7000 1.1000
-5.0000 -2.7000 1.2000
-5.0000 -2.7000 1.3000
-5.0000 -2.7000 1.4000
-5.0000 -2.7000 1.5000
-5.0000 -2.7000 1.6000
-5.0000 -2.7000 1.7000
-5.0000 -2.7000 1.8000
-5.0000 -2.7000 1.9000
-5.0000 -2.7000 2.0000
-5.0000 -2.7000 2.1000
-5.0000 -2.7000 2.2000
-5.0000 -2.7000 2.3000
-5.0000 -2.7000 2.4000
-5.0000 -2.7000 2.5000
-5.0000 -2.7000 2.6000
-5.0000 -2.7000 2.7000
-5.0000 -2.7000 2.8000
-5.0000 -2.7000 2.9000
-5.0000 -2.7000 3.0000
-5.0000 -2.7000 3.1000
-5.0000 -2.7000 3.2000
-5.0000 -2.7000 3.3000
-5.0000 -2.7000 3.4000
-5.0000 -2.7000 3.5000
-5.0000 -2.6000 0.0000
-5.0000 -2.6000 0.1000
-5.0000 -2.6000 0.2000
-5.0000 -2.6000 0.3000
-5.0000 -2.6000 0.4000
-5.0000 -2.6000 0.5000
-5.0000 -2.6000 0.6000
-5.0000 -2.6000 0.7000
-5.0000 -2.6000 0.8000
-5.0000 -2.6000 0.9000
-5.0000 -2.6000 1.0000
-5.0000 -2.6000 1.1000
-5.0000 -2.6000 1.2000
-5.0000 -2.6000 1.3000
-5.0000 -2.6000 1.4000
-5.0000 -2.6000 1.5000
-5.0000 -2.6000 1.6000
-5.0000 -2.6000 1.7000
-5.0000 -2.6000 1.8000
-5.0000 -2.6000 1.9000
-5.0000 -2.6000 2.0000
-5.0000 -2.6000 2.1000
-5.0000 -2.6000 2.2000
-5.0000 -2.6000 2.3000
-5.0000 -2.6000 2.4000
-5.0000 -2.6000 2.5000
-5.0000 -2.6000 2.6000
-5.0000 -2.6000 2.7000
-5.0000 -2.6000 2.8000
-5.0000 -2.6000 2.9000
-5.0000 -2.6000 3.0000
-5.0000 -2.6000 3.1000
-5.0000 -2.6000 3.2000
-5.0000 -2.6000 3.3000
-5.0000 -2.6000 3.4000
-5.0000 -2.6000 3.5000
-5.0000 -2.5000 0.0000
-5.0000 -2.5000 0.1000
-5.0000 -2.5000 0.2000
-5.0000 -2.5000 0.3000
-5.0000 -2.5000 0.4000
-5.0000 -2.5000 0.5000
-5.0000 -2.5000 0.6000
-5.0000 -2.5000 0.7000
-5.0000 -2.5000 0.8000
-5.0000 -2.5000 0.9000
-5.0000 -2.5000 1.0000
-5.0000 -2.5000 1.1000
-5.0000 -2.5000 1.2000
-5.0000 -2.5000 1.3000
-5.0000 -2.5000 1.4000
-5.0000 -2.5000 1.5000
-5.0000 -2.5000 1.6000
-5.0000 -2.5000 1.7000
-5.0000 -2.5000 1.8000
-5.0000 -2.5000 1.9000
-5.0000 -2.5000 2.0000
-5.0000 -2.5000 2.1000
-5.0000 -2.5000 2.2000
-5.0000 -2.5000 2.3000
-5.0000 -2.5000 2.4000
-5.0000 -2.5000 2.5000
-5.0000 -2.5000 2.6000
-5.0000 -2.5000 2.7000
-5.0000 -2.5000 2.8000
-5.0000 -2.5000 2.9000
-5.0000 -2.5000 3.0000
-5.0000 -2.5000 3.1000
-5.0000 -2.5000 3.2000
-5.0000 -2.5000 3.3000
-5.0000 -2.5000 3.4000
-5.0000 -2.5000 3.5000
-5.0000 -2.4000 0.0000
-5.0000 -2.4000 0.1000
-5.0000 -2.4000 0.2000
-5.0000 -2.4000 0.3000
-5.0000 -2.4000 0.4000
-5.0000 -2.4000 0.5000
-5.0000 -2.4000 0.6000
-5.0000 -2.4000 0.7000
-5.0000 -2.4000 0.8000
-5.0000 -2.4000 0.9000
-5.0000 -2.4000 1.0000
-5.0000 -2.4000 1.1000
-5.0000 -2.4000 1.2000
-5.0000 -2.4000 1.3000
-5.0000 -2.4000 1.4000
-5.0000 -2.4000 1.5000
-5.0000 -2.4000 1.6000
-5.0000 -2.4000 1.7000
-5.0000 -2.4000 1.8000
-5.0000 -2.4000 1.9000
-5.0000 -2.4000 2.0000
-5.0000 -2.4000 2.1000
-5.0000 -2.4000 2.2000
-5.0000 -2.4000 2.3000
-5.0000 -2.4000 2.4000
-5.0000 -2.4000 2.5000
-5.0000 -2.4000 2.6000
-5.0000 -2.4000 2.7000
-5.0000 -2.4000 2.8000
-5.0000 -2.4000 2.9000
-5.0000 -2.4000 3.0000
-5.0000 -2.4000 3.1000
-5.0000 -2.4000 3.2000
-5.0000 -2.4000 3.3000
-5.0000 -2.4000 3.4000
-5.0000 -2.4000 3.5000
-5.0000 -2.3000 0.0000
-5.0000 -2.3000 0.1000
-5.0000 -2.3000 0.2000
-5.0000 -2.3000 0.3000
-5.0000 -2.3000 0.4000
-5.0000 -2.3000 0.5000
-5.0000 -2.3000 0.6000
-5.0000 -2.3000 0.7000
-5.0000 -2.3000 0.8000
-5.0000 -2.3000 0.9000
-5.0000 -2.3000 1.0000
-5.0000 -2.3000 1.1000
-5.0000 -2.3000 1.2000
-5.0000 -2.3000 1.3000
-5.0000 -2.3000 1.4000
-5.0000 -2.3000 1.5000
-5.0000 -2.3000 1.6000
-5.0000 -2.3000 1.7000
-5.0000 -2.3000 1.8000
-5.0000 -2.3000 1.9000
-5.0000 -2.3000 2.0000
-5.0000 -2.3000 2.1000
-5.0000 -2.3000 2.2000
-5.0000 -2.3000 2.3000
-5.0000 -2.3000 2.4000
-5.0000 -2.3000 2.5000
-5.0000 -2.3000 2.6000
-5.0000 -2.3000 2.7000
-5.0000 -2.3000 2.8000
-5.0000 -2.3000 2.9000
-5.0000 -2.3000 3.0000
-5.0000 -2.3000 3.1000
-5.0000 -2.3000 3.2000
-5.0000 -2.3000 3.3000
-5.0000 -2.3000 3.4000
-5.0000 -2.3000 3.5000
-5.0000 -2.2000 0.0000
-5.0000 -2.2000 0.1000
-5.0000 -2.2000 0.2000
-5.0000 -2.2000 0.3000
-5.0000 -2.2000 0.4000
-5.0000 -2.2000 0.5000
-5.0000 -2.2000 0.6000
-5.0000 -2.2000 0.7000
-5.0000 -2.2000 0.8000
-5.0000 -2.2000 0.9000
-5.0000 -2.2000 1.0000
-5.0000 -2.2000 1.1000
-5.0000 -2.2000 1.2000
-5.0000 -2.2000 1.3000
-5.0000 -2.2000 1.4000
-5.0000 -2.2000 1.5000
-5.0000 -2.2000 1.6000
-5.0000 -2.2000 1.7000
-5.0000 -2.2000 1.8000
-5.0000 -2.2000 1.9000
-5.0000 -2.2000 2.0000
-5.0000 -2.2000 2.1000
-5.0000 -2.2000 2.2000
-5.0000 -2.2000 2.3000
-5.0000 -2.2000 2.4000
-5.0000 -2.2000 2.5000
-5.0000 -2.2000 2.6000
-5.0000 -2.2000 2.7000
-5.0000 -2.2000 2.8000
-5.0000 -2.2000 2.9000
-5.0000 -2.2000 3.0000
-5.0000 -2.2000 3.1000
-5.0000 -2.2000 3.2000
-5.0000 -2.2000 3.3000
-5.0000 -2.2000 3.4000
-5.0000 -2.2000 3.5000
-5.0000 -2.1000 0.0000
-5.0000 -2.1000 0.1000
-5.0000 -2.1000 0.2000
-5.0000 -2.1000 0.3000
-5.0000 -2.1000 0.4000
-5.0000 -2.1000 0.5000
-5.0000 -2.1000 0.6000
-5.0000 -2.1000 0.7000
-5.0000 -2.1000 0.8000
-5.0000 -2.1000 0.9000
-5.0000 -2.1000 1.0000
-5.0000 -2.1000 1.1000
-5.0000 -2.1000 1.2000
-5.0000 -2.1000 1.3000
-5.0000 -2.1000 1.4000
-5.0000 -2.1000 1.5000
-5.0000 -2.1000 1.6000
-5.0000 -2.1000 1.7000
-5.0000 -2.1000 1.8000
-5.0000 -2.1000 1.9000
-5.0000 -2.1000 2.0000
-5.0000 -2.1000 2.1000
-5.0000 -2.1000 2.2000
-5.0000 -2.1000 2.3000
-5.0000 -2.1000 2.4000
-5.0000 -2.1000 2.5000
-5.0000 -2.1000 2.6000
-5.0000 -2.1000 2.7000
-5.0000 -2.1000 2.8000
-5.0000 -2.1000 2.9000
-5.0000 -2.1000 3.0000
-5.0000 -2.1000 3.1000
-5.0000 -2.1000 3.2000
-5.0000 -2.1000 3.3000
-5.0000 -2.1000 3.4000
-5.0000 -2.1000 3.5000
-5.0000 -2.0000 0.0000
-5.0000 -2.0000 0.1000
-5.0000 -2.0000 0.2000
-5.0000 -2.0000 0.3000
-5.0000 -2.0000 0.4000
-5.0000 -2.0000 0.5000
-5.0000 -2.0000 0.6000
-5.0000 -2.0000 0.7000
-5.0000 -2.0000 0.8000
-5.0000 -2.0000 0.9000
-5.0000 -2.0000 1.0000
-5.0000 -2.0000 1.1000
-5.0000 -2.0000 1.2000
-5.0000 -2.0000 1.3000
-5.0000 -2.0000 1.4000
-5.0000 -2.0000 1.5000
-5.0000 -2.0000 1.6000
-5.0000 -2.0000 1.7000
-5.0000 -2.0000 1.8000
-5.0000 -2.0000 1.9000
-5.0000 -2.0000 2.0000
-5.0000 -2.0000 2.1000
-5.0000 -2.0000 2.2000
-5.0000 -2.0000 2.3000
-5.0000 -2.0000 2.4000
-5.0000 -2.0000 2.5000
-5.0000 -2.0000 2.6000
-5.0000 -2.0000 2.7000
-5.0000 -2.0000 2.8000
-5.0000 -2.0000 2.9000
-5.0000 -2.0000 3.0000
-5.0000 -2.0000 3.1000
-5.0000 -2.0000 3.2000
-5.0000 -2.0000 3.3000
-5.0000 -2.0000 3.4000
-5.0000 -2.0000 3.5000
-5.0000 -1.9000 0.0000
-5.0000 -1.9000 0.1000
-5.0000 -1.9000 0.2000
-5.0000 -1.9000 0.3000
-5.0000 -1.9000 0.4000
-5.0000 -1.9000 0.5000
-5.0000 -1.9000 0.6000
-5.0000 -1.9000 0.7000
-5.0000 -1.9000 0.8000
-5.0000 -1.9000 0.9000
-5.0000 -1.9000 1.0000
-5.0000 -1.9000 1.1000
-5.0000 -1.9000 1.2000
-5.0000 -1.9000 1.3000
-5.0000 -1.9000 1.4000
-5.0000 -1.9000 1.5000
-5.0000 -1.9000 1.6000
-5.0000 -1.9000 1.7000
-5.0000 -1.9000 1.8000
-5.0000 -1.9000 1.9000
-5.0000 -1.9000 2.0000
-5.0000 -1.9000 2.1000
-5.0000 -1.9000 2.2000
-5.0000 -1.9000 2.3000
-5.0000 -1.9000 2.4000
-5.0000 -1.9000 2.5000
-5.0000 -1.9000 2.6000
-5.0000 -1.9000 2.7000
-5.0000 -1.9000 2.8000
-5.0000 -1.9000 2.9000
-5.0000 -1.9000 3.0000
-5.0000 -1.9000 3.1000
-5.0000 -1.9000 3.2000
-5.0000 -1.9000 3.3000
-5.0000 -1.9000 3.4000
-5.0000 -1.9000 3.5000
-5.0000 -1.8000 0.0000
-5.0000 -1.8000 0.1000
-5.0000 -1.8000 0.2000
-5.0000 -1.8000 0.3000
-5.0000 -1.8000 0.4000
-5.0000 -1.8000 0.5000
-5.0000 -1.8000 0.6000
-5.0000 -1.8000 0.7000
-5.0000 -1.8000 0.8000
-5.0000 -1.8000 0.9000
-5.0000 -1.8000 1.0000
-5.0000 -1.8000 1.1000
-5.0000 -1.8000 1.2000
-5.0000 -1.8000 1.3000
-5.0000 -1.8000 1.4000
-5.0000 -1.8000 1.5000
-5.0000 -1.8000 1.6000
-5.0000 -1.8000 1.7000
-5.0000 -1.8000 1.8000
-5.0000 -1.8000 1.9000
-5.0000 -1.8000 2.0000
-5.0000 -1.8000 2.1000
-5.0000 -1.8000 2.2000
-5.0000 -1.8000 2.3000
-5.0000 -1.8000 2.4000
-5.0000 -1.8000 2.5000
-5.0000 -1.8000 2.6000
-5.0000 -1.8000 2.7000
-5.0000 -1.8000 2.8000
-5.0000 -1.8000 2.9000
-5.0000 -1.8000 3.0000
-5.0000 -1.8000 3.1000
-5.0000 -1.8000 3.2000
-5.0000 -1.8000 3.3000
-5.0000 -1.8000 3.4000
-5.0000 -1.8000 3.5000
-5.0000 -1.7000 0.0000
-5.0000 -1.7000 0.1000
-5.0000 -1.7000 0.2000
-5.0000 -1.7000 0.3000
-5.0000 -1.7000 0.4000
-5.0000 -1.7000 0.5000
-5.0000 -1.7000 0.6000
-5.0000 -1.7000 0.7000
-5.0000 -1.7000 0.8000
-5.0000 -1.7000 0.9000
-5.0000 -1.7000 1.0000
-5.0000 -1.7000 1.1000
-5.0000 -1.7000 1.2000
-5.0000 -1.7000 1.3000
-5.0000 -1.7000 1.4000
-5.0000 -1.7000 1.5000
-5.0000 -1.7000 1.6000
-5.0000 -1.7000 1.7000
-5.0000 -1.7000 1.8000
-5.0000 -1.7000 1.9000
-5.0000 -1.7000 2.0000
-5.0000 -1.7000 2.1000
-5.0000 -1.7000 2.2000
-5.0000 -1.7000 2.3000
-5.0000 -1.7000 2.4000
-5.0000 -1.7000 2.5000
-5.0000 -1.7000 2.6000
-5.0000 -1.7000 2.7000
-5.0000 -1.7000 2.8000
-5.0000 -1.7000 2.9000
-5.0000 -1.7000 3.0000
-5.0000 -1.7000 3.1000
-5.0000 -1.7000 3.2000
-5.0000 -1.7000 3.3000
-5.0000 -1.7000 3.4000
-5.0000 -1.7000 3.5000
-5.0000 -1.6000 0.0000
-5.0000 -1.6000 0.1000
-5.0000 -1.6000 0.2000
-5.0000 -1.6000 0.3000
-5.0000 -1.6000 0.4000
-5.0000 -1.6000 0.5000
-5.0000 -1.6000 0.6000
-5.0000 -1.6000 0.7000
-5.0000 -1.6000 0.8000
-5.0000 -1.6000 0.9000
-5.0000 -1.6000 1.0000
-5.0000 -1.6000 1.1000
-5.0000 -1.6000 1.2000
-5.0000 -1.6000 1.3000
-5.0000 -1.6000 1.4000
-5.0000 -1.6000 1.5000
-5.0000 -1.6000 1.6000
-5.0000 -1.6000 1.7000
-5.0000 -1.6000 1.8000
-5.0000 -1.6000 1.9000
-5.0000 -1.6000 2.0000
-5.0000 -1.6000 2.1000
-5.0000 -1.6000 2.2000
-5.0000 -1.6000 2.3000
-5.0000 -1.6000 2.4000
-5.0000 -1.6000 2.5000
-5.0000 -1.6000 2.6000
-5.0000 -1.6000 2.7000
-5.0000 -1.6000 2.8000
-5.0000 -1.6000 2.9000
-5.0000 -1.6000 3.0000
-5.0000 -1.6000 3.1000
-5.0000 -1.6000 3.2000
-5.0000 -1.6000 3.3000
-5.0000 -1.6000 3.4000
-5.0000 -1.6000 3.5000
-5.0000 -1.5000 0.0000
-5.0000 -1.5000 0.1000
-5.0000 -1.5000 0.2000
-5.0000 -1.5000 0.3000
-5.0000 -1.5000 0.4000
-5.0000 -1.5000 0.5000
-5.0000 -1.5000 0.6000
-5.0000 -1.5000 0.7000
-5.0000 -1.5000 0.8000
-5.0000 -1.5000 0.9000
-5.0000 -1.5000 1.0000
-5.0000 -1.5000 1.1000
-5.0000 -1.5000 1.2000
-5.0000 -1.5000 1.3000
-5.0000 -1.5000 1.4000
-5.0000 -1.5000 1.5000
-5.0000 -1.5000 1.6000
-5.0000 -1.5000 1.7000
-5.0000 -1.5000 1.8000
-5.0000 -1.5000 1.9000
-5.0000 -1.5000 2.0000
-5.0000 -1.5000 2.1000
-5.0000 -1.5000 2.2000
-5.0000 -1.5000 2.3000
-5.0000 -1.5000 2.4000
-5.0000 -1.5000 2.5000
-5.0000 -1.5000 2.6000
-5.0000 -1.5000 2.7000
-5.0000 -1.5000 2.8000
-5.0000 -1.5000 2.9000
-5.0000 -1.5000 3.0000
-5.0000 -1.5000 3.1000
-5.0000 -1.5000 3.2000
-5.0000 -1.5000 3.3000
-5.0000 -1.5000 3.4000
-5.0000 -1.5000 3.5000
-5.0000 -1.4000 0.0000
-5.0000 -1.4000 0.1000
-5.0000 -1.4000 0.2000
-5.0000 -1.4000 0.3000
-5.0000 -1.4000 0.4000
-5.0000 -1.4000 0.5000
-5.0000 -1.4000 0.6000
-5.0000 -1.4000 0.7000
-5.0000 -1.4000 0.8000
-5.0000 -1.4000 0.9000
-5.0000 -1.4000 1.0000
-5.0000 -1.4000 1.1000
-5.0000 -1.4000 1.2000
-5.0000 -1.4000 1.3000
-5.0000 -1.4000 1.4000
-5.0000 -1.4000 1.5000
-5.0000 -1.4000 1.6000
-5.0000 -1.4000 1.7000
-5.0000 -1.4000 1.8000
-5.0000 -1.4000 1.9000
-5.0000 -1.4000 2.0000
-5.0000 -1.4000 2.1000
-5.0000 -1.4000 2.2000
-5.0000 -1.4000 2.3000
-5.0000 -1.4000 2.4000
-5.0000 -1.4000 2.5000
-5.0000 -1.4000 2.6000
-5.0000 -1.4000 2.7000
-5.0000 -1.4000 2.8000
-5.0000 -1.4000 2.9000
-5.0000 -1.4000 3.0000
-5.0000 -1.4000 3.1000
-5.0000 -1.4000 3.2000
-5.0000 -1.4000 3.3000
-5.0000 -1.4000 3.4000
-5.0000 -1.4000 3.5000
-5.0000 -1.3000 0.0000
-5.0000 -1.3000 0.1000
-5.0000 -1.3000 0.2000
-5.0000 -1.3000 0.3000
-5.0000 -1.3000 0.4000
-5.0000 -1.3000 0.5000
-5.0000 -1.3000 0.6000
-5.0000 -1.3000 0.7000
-5.0000 -1.3000 0.8000
-5.0000 -1.3000 0.9000
-5.0000 -1.3000 1.0000
-5.0000 -1.3000 1.1000
-5.0000 -1.3000 1.2000
-5.0000 -1.3000 1.3000
-5.0000 -1.3000 1.4000
-5.0000 -1.3000 1.5000
-5.0000 -1.3000 1.6000
-5.0000 -1.3000 1.7000
-5.0000 -1.3000 1.8000
-5.0000 -1.3000 1.9000
-5.0000 -1.3000 2.0000
-5.0000 -1.3000 2.1000
-5.0000 -1.3000 2.2000
-5.0000 -1.3000 2.3000
-5.0000 -1.3000 2.4000
-5.0000 -1.3000 2.5000
-5.0000 -1.3000 2.6000
-5.0000 -1.3000 2.7000
-5.0000 -1.3000 2.8000
-5.0000 -1.3000 2.9000
-5.0000 -1.3000 3.0000
-5.0000 -1.3000 3.1000
-5.0000 -1.3000 3.2000
-5.0000 -1.3000 3.3000
-5.0000 -1.3000 3.4000
-5.0000 -1.3000 3.5000
-5.0000 -1.2000 0.0000
-5.0000 -1.2000 0.1000
-5.0000 -1.2000 0.2000
-5.0000 -1.2000 0.3000
-5.0000 -1.2000 0.4000
-5.0000 -1.2000 0.5000
-5.0000 -1.2000 0.6000
-5.0000 -1.2000 0.7000
-5.0000 -1.2000 0.8000
-5.0000 -1.2000 0.9000
-5.0000 -1.2000 1.0000
-5.0000 -1.2000 1.1000
-5.0000 -1.2000 1.2000
-5.0000 -1.2000 1.3000
-5.0000 -1.2000 1.4000
-5.0000 -1.2000 1.5000
-5.0000 -1.2000 1.6000
-5.0000 -1.2000 1.7000
-5.0000 -1.2000 1.8000
-5.0000 -1.2000 1.9000
-5.0000 -1.2000 2.0000
-5.0000 -1.2000 2.1000
-5.0000 -1.2000 2.2000
-5.0000 -1.2000 2.3000
-5.0000 -1.2000 2.4000
-5.0000 -1.2000 2.5000
-5.0000 -1.2000 2.6000
-5.0000 -1.2000 2.7000
-5.0000 -1.2000 2.8000
-5.0000 -1.2000 2.9000
-5.0000 -1.2000 3.0000
-5.0000 -1.2000 3.1000
-5.0000 -1.2000 3.2000
-5.0000 -1.2000 3.3000
-5.0000 -1.2000 3.4000
-5.0000 -1.2000 3.5000
-5.0000 -1.1000 0.0000
-5.0000 -1.1000 0.1000
-5.0000 -1.1000 0.2000
-5.0000 -1.1000 0.3000
-5.0000 -1.1000 0.4000
-5.0000 -1.1000 0.5000
-5.0000 -1.1000 0.6000
-5.0000 -1.1000 0.7000
-5.0000 -1.1000 0.8000
-5.0000 -1.1000 0.9000
-5.0000 -1.1000 1.0000
-5.0000 -1.1000 1.1000
-5.0000 -1.1000 1.2000
-5.0000 -1.1000 1.3000
-5.0000 -1.1000 1.4000
-5.0000 -1.1000 1.5000
-5.0000 -1.1000 1.6000
-5.0000 -1.1000 1.7000
-5.0000 -1.1000 1.8000
-5.0000 -1.1000 1.9000
-5.0000 -1.1000 2.0000
-5.0000 -1.1000 2.1000
-5.0000 -1.1000 2.2000
-5.0000 -1.1000 2.3000
-5.0000 -1.1000 2.4000
-5.0000 -1.1000 2.5000
-5.0000 -1.1000 2.6000
-5.0000 -1.1000 2.7000
-5.0000 -1.1000 2.8000
-5.0000 -1.1000 2.9000
-5.0000 -1.1000 3.0000
-5.0000 -1.1000 3.1000
-5.0000 -1.1000 3.2000
-5.0000 -1.1000 3.3000
-5.0000 -1.1000 3.4000
-5.0000 -1.1000 3.5000
-5.0000 -1.0000 0.0000
-5.0000 -1.0000 0.1000
-5.0000 -1.0000 0.2000
-5.0000 -1.0000 0.3000
-5.0000 -1.0000 0.4000
-5.0000 -1.0000 0.5000
-5.0000 -1.0000 0.6000
-5.0000 -1.0000 0.7000
-5.0000 -1.0000 0.8000
-5.0000 -1.0000 0.9000
-5.0000 -1.0000 1.0000
-5.0000 -1.0000 1.1000
-5.0000 -1.0000 1.2000
-5.0000 -1.0000 1.3000
-5.0000 -1.0000 1.4000
-5.0000 -1.0000 1.5000
-5.0000 -1.0000 1.6000
-5.0000 -1.0000 1.7000
-5.0000 -1.0000 1.8000
-5.0000 -1.0000 1.9000
-5.0000 -1.0000 2.0000
-5.0000 -1.0000 2.1000
-5.0000 -1.0000 2.2000
-5.0000 -1.0000 2.3000
-5.0000 -1.0000 2.4000
-5.0000 -1.0000 2.5000
-5.0000 -1.0000 2.6000
-5.0000 -1.0000 2.7000
-5.0000 -1.0000 2.8000
-5.0000 -1.0000 2.9000
-5.0000 -1.0000 3.0000
-5.0000 -1.0000 3.1000
-5.0000 -1.0000 3.2000
-5.0000 -1.0000 3.3000
-5.0000 -1.0000 3.4000
-5.0000 -1.0000 3.5000
-5.0000 -0.9000 0.0000
-5.0000 -0.9000 0.1000
-5.0000 -0.9000 0.2000
-5.0000 -0.9000 0.3000
-5.0000 -0.9000 0.4000
-5.0000 -0.9000 0.5000
-5.0000 -0.9000 0.6000
-5.0000 -0.9000 0.7000
-5.0000 -0.9000 0.8000
-5.0000 -0.9000 0.9000
-5.0000 -0.9000 1.0000
-5.0000 -0.9000 1.1000
-5.0000 -0.9000 1.2000
-5.0000 -0.9000 1.3000
-5.0000 -0.9000 1.4000
-5.0000 -0.9000 1.5000
-5.0000 -0.9000 1.6000
-5.0000 -0.9000 1.7000
-5.0000 -0.9000 1.8000
-5.0000 -0.9000 1.9000
-5.0000 -0.9000 2.0000
-5.0000 -0.9000 2.1000
-5.0000 -0.9000 2.2000
-5.0000 -0.9000 2.3000
-5.0000 -0.9000 2.4000
-5.0000 -0.9000 2.5000
-5.0000 -0.9000 2.6000
-5.0000 -0.9000 2.7000
-5.0000 -0.9000 2.8000
-5.0000 -0.9000 2.9000
-5.0000 -0.9000 3.0000
-5.0000 -0.9000 3.1000
-5.0000 -0.9000 3.2000
-5.0000 -0.9000 3.3000
-5.0000 -0.9000 3.4000
-5.0000 -0.9000 3.5000
-5.0000 -0.8000 0.0000
-5.0000 -0.8000 0.1000
-5.0000 -0.8000 0.2000
-5.0000 -0.8000 0.3000
-5.0000 -0.8000 0.4000
-5.0000 -0.8000 0.5000
-5.0000 -0.8000 0.6000
-5.0000 -0.8000 0.7000
-5.0000 -0.8000 0.8000
-5.0000 -0.8000 0.9000
-5.0000 -0.8000 1.0000
-5.0000 -0.8000 1.1000
-5.0000 -0.8000 1.2000
-5.0000 -0.8000 1.3000
-5.0000 -0.8000 1.4000
-5.0000 -0.8000 1.5000
-5.0000 -0.8000 1.6000
-5.0000 -0.8000 1.7000
-5.0000 -0.8000 1.8000
-5.0000 -0.8000 1.9000
-5.0000 -0.8000 2.0000
-5.0000 -0.8000 2.1000
-5.0000 -0.8000 2.2000
-5.0000 -0.8000 2.3000
-5.0000 -0.8000 2.4000
-5.0000 -0.8000 2.5000
-5.0000 -0.8000 2.6000
-5.0000 -0.8000 2.7000
-5.0000 -0.8000 2.8000
-5.0000 -0.8000 2.9000
-5.0000 -0.8000 3.0000
-5.0000 -0.8000 3.1000
-5.0000 -0.8000 3.2000
-5.0000 -0.8000 3.3000
-5.0000 -0.8000 3.4000
-5.0000 -0.8000 3.5000
-5.0000 -0.7000 0.0000
-5.0000 -0.7000 0.1000
-5.0000 -0.7000 0.2000
-5.0000 -0.7000 0.3000
-5.0000 -0.7000 0.4000
-5.0000 -0.7000 0.5000
-5.0000 -0.7000 0.6000
-5.0000 -0.7000 0.7000
-5.0000 -0.7000 0.8000
-5.0000 -0.7000 0.9000
-5.0000 -0.7000 1.0000
-5.0000 -0.7000 1.1000
-5.0000 -0.7000 1.2000
-5.0000 -0.7000 1.3000
-5.0000 -0.7000 1.4000
-5.0000 -0.7000 1.5000
-5.0000 -0.7000 1.6000
-5.0000 -0.7000 1.7000
-5.0000 -0.7000 1.8000
-5.0000 -0.7000 1.9000
-5.0000 -0.7000 2.0000
-5.0000 -0.7000 2.1000
-5.0000 -0.7000 2.2000
-5.0000 -0.7000 2.3000
-5.0000 -0.7000 2.4000
-5.0000 -0.7000 2.5000
-5.0000 -0.7000 2.6000
-5.0000 -0.7000 2.7000
-5.0000 -0.7000 2.8000
-5.0000 -0.7000 2.9000
-5.0000 -0.7000 3.0000
-5.0000 -0.7000 3.1000
-5.0000 -0.7000 3.2000
-5.0000 -0.7000 3.3000
-5.0000 -0.7000 3.4000
-5.0000 -0.7000 3.5000
-5.0000 -0.6000 0.0000
-5.0000 -0.6000 0.1000
-5.0000 -0.6000 0.2000
-5.0000 -0.6000 0.3000
-5.0000 -0.6000 0.4000
-5.0000 -0.6000 0.5000
-5.0000 -0.6000 0.6000
-5.0000 -0.6000 0.7000
-5.0000 -0.6000 0.8000
-5.0000 -0.6000 0.9000
-5.0000 -0.6000 1.0000
-5.0000 -0.6000 1.1000
-5.0000 -0.6000 1.2000
-5.0000 -0.6000 1.3000
-5.0000 -0.6000 1.4000
-5.0000 -0.6000 1.5000
-5.0000 -0.6000 1.6000
-5.0000 -0.6000 1.7000
-5.0000 -0.6000 1.8000
-5.0000 -0.6000 1.9000
-5.0000 -0.6000 2.0000
-5.0000 -0.6000 2.1000
-5.0000 -0.6000 2.2000
-5.0000 -0.6000 2.3000
-5.0000 -0.6000 2.4000
-5.0000 -0.6000 2.5000
-5.0000 -0.6000 2.6000
-5.0000 -0.6000 2.7000
-5.0000 -0.6000 2.8000
-5.0000 -0.6000 2.9000
-5.0000 -0.6000 3.0000
-5.0000 -0.6000 3.1000
-5.0000 -0.6000 3.2000
-5.0000 -0.6000 3.3000
-5.0000 -0.6000 3.4000
-5.0000 -0.6000 3.5000
-5.0000 -0.5000 0.0000
-5.0000 -0.5000 0.1000
-5.0000 -0.5000 0.2000
-5.0000 -0.5000 0.3000
-5.0000 -0.5000 0.4000
-5.0000 -0.5000 0.5000
-5.0000 -0.5000 0.6000
-5.0000 -0.5000 0.7000
-5.0000 -0.5000 0.8000
-5.0000 -0.5000 0.9000
-5.0000 -0.5000 1.0000
-5.0000 -0.5000 1.1000
-5.0000 -0.5000 1.2000
-5.0000 -0.5000 1.3000
-5.0000 -0.5000 1.4000
-5.0000 -0.5000 1.5000
-5.0000 -0.5000 1.6000
-5.0000 -0.5000 1.7000
-5.0000 -0.5000 1.8000
-5.0000 -0.5000 1.9000
-5.0000 -0.5000 2.0000
-5.0000 -0.5000 2.1000
-5.0000 -0.5000 2.2000
-5.0000 -0.5000 2.3000
-5.0000 -0.5000 2.4000
-5.0000 -0.5000 2.5000
-5.0000 -0.5000 2.6000
-5.0000 -0.5000 2.7000
-5.0000 -0.5000 2.8000
-5.0000 -0.5000 2.9000
-5.0000 -0.5000 3.0000
-5.0000 -0.5000 3.1000
-5.0000 -0.5000 3.2000
-5.0000 -0.5000 3.3000
-5.0000 -0.5000 3.4000
-5.0000 -0.5000 3.5000
-5.0000 -0.4000 0.0000
-5.0000 -0.4000 0.1000
-5.0000 -0.4000 0.2000
-5.0000 -0.4000 0.3000
-5.0000 -0.4000 0.4000
-5.0000 -0.4000 0.5000
-5.0000 -0.4000 0.6000
-5.0000 -0.4000 0.7000
-5.0000 -0.4000 0.8000
-5.0000 -0.4000 0.9000
-5.0000 -0.4000 1.0000
-5.0000 -0.4000 1.1000
-5.0000 -0.4000 1.2000
-5.0000 -0.4000 1.3000
-5.0000 -0.4000 1.4000
-5.0000 -0.4000 1.5000
-5.0000 -0.4000 1.6000
-5.0000 -0.4000 1.7000
-5.0000 -0.4000 1.8000
-5.0000 -0.4000 1.9000
-5.0000 -0.4000 2.0000
-5.0000 -0.4000 2.1000
-5.0000 -0.4000 2.2000
-5.0000 -0.4000 2.3000
-5.0000 -0.4000 2.4000
-5.0000 -0.4000 2.5000
-5.0000 -0.4000 2.6000
-5.0000 -0.4000 2.7000
-5.0000 -0.4000 2.8000
-5.0000 -0.4000 2.9000
-5.0000 -0.4000 3.0000
-5.0000 -0.4000 3.1000
-5.0000 -0.4000 3.2000
-5.0000 -0.4000 3.3000
-5.0000 -0.4000 3.4000
-5.0000 -0.4000 3.5000
-5.0000 -0.3000 0.0000
-5.0000 -0.3000 0.1000
-5.0000 -0.3000 0.2000
-5.0000 -0.3000 0.3000
-5.0000 -0.3000 0.4000
-5.0000 -0.3000 0.5000
-5.0000 -0.3000 0.6000
-5.0000 -0.3000 0.7000
-5.0000 -0.3000 0.8000
-5.0000 -0.3000 0.9000
-5.0000 -0.3000 1.0000
-5.0000 -0.3000 1.1000
-5.0000 -0.3000 1.2000
-5.0000 -0.3000 1.3000
-5.0000 -0.3000 1.4000
-5.0000 -0.3000 1.5000
-5.0000 -0.3000 1.6000
-5.0000 -0.3000 1.7000
-5.0000 -0.3000 1.8000
-5.0000 -0.3000 1.9000
-5.0000 -0.3000 2.0000
-5.0000 -0.3000 2.1000
-5.0000 -0.3000 2.2000
-5.0000 -0.3000 2.3000
-5.0000 -0.3000 2.4000
-5.0000 -0.3000 2.5000
-5.0000 -0.3000 2.6000
-5.0000 -0.3000 2.7000
-5.0000 -0.3000 2.8000
-5.0000 -0.3000 2.9000
-5.0000 -0.3000 3.0000
-5.0000 -0.3000 3.1000
-5.0000 -0.3000 3.2000
-5.0000 -0.3000 3.3000
-5.0000 -0.3000 3.4000
-5.0000 -0.3000 3.5000
-5.0000 -0.2000 0.0000
-5.0000 -0.2000 0.1000
-5.0000 -0.2000 0.2000
-5.0000 -0.2000 0.3000
-5.0000 -0.2000 0.4000
-5.0000 -0.2000 0.5000
-5.0000 -0.2000 0.6000
-5.0000 -0.2000 0.7000
-5.0000 -0.2000 0.8000
-5.0000 -0.2000 0.9000
-5.0000 -0.2000 1.0000
-5.0000 -0.2000 1.1000
-5.0000 -0.2000 1.2000
-5.0000 -0.2000 1.3000
-5.0000 -0.2000 1.4000
-5.0000 -0.2000 1.5000
-5.0000 -0.2000 1.6000
-5.0000 -0.2000 1.7000
-5.0000 -0.2000 1.8000
-5.0000 -0.2000 1.9000
-5.0000 -0.2000 2.0000
-5.0000 -0.2000 2.1000
-5.0000 -0.2000 2.2000
-5.0000 -0.2000 2.3000
-5.0000 -0.2000 2.4000
-5.0000 -0.2000 2.5000
-5.0000 -0.2000 2.6000
-5.0000 -0.2000 2.7000
-5.0000 -0.2000 2.8000
-5.0000 -0.2000 2.9000
-5.0000 -0.2000 3.0000
-5.0000 -0.2000 3.1000
-5.0000 -0.2000 3.2000
-5.0000 -0.2000 3.3000
-5.0000 -0.2000 3.4000
-5.0000 -0.2000 3.5000
-5.0000 -0.1000 0.0000
-5.0000 -0.1000 0.1000
-5.0000 -0.1000 0.2000
-5.0000 -0.1000 0.3000
-5.0000 -0.1000 0.4000
-5.0000 -0.1000 0.5000
-5.0000 -0.1000 0.6000
-5.0000 -0.1000 0.7000
-5.0000 -0.1000 0.8000
-5.0000 -0.1000 0.9000
-5.0000 -0.1000 1.0000
-5.0000 -0.1000 1.1000
-5.0000 -0.1000 1.2000
-5.0000 -0.1000 1.3000
-5.0000 -0.1000 1.4000
-5.0000 -0.1000 1.5000
-5.0000 -0.1000 1.6000
-5.0000 -0.1000 1.7000
-5.0000 -0.1000 1.8000
-5.0000 -0.1000 1.9000
-5.0000 -0.1000 2.0000
-5.0000 -0.1000 2.1000
-5.0000 -0.1000 2.2000
-5.0000 -0.1000 2.3000
-5.0000 -0.1000 2.4000
-5.0000 -0.1000 2.5000
-5.0000 -0.1000 2.6000
-5.0000 -0.1000 2.7000
-5.0000 -0.1000 2.8000
-5.0000 -0.1000 2.9000
-5.0000 -0.1000 3.0000
-5.0000 -0.1000 3.1000
-5.0000 -0.1000 3.2000
-5.0000 -0.1000 3.3000
-5.0000 -0.1000 3.4000
-5.0000 -0.1000 3.5000
-5.0000 0.0000 0.0000
-5.0000 0.0000 0.1000
-5.0000 0.0000 0.2000
-5.0000 0.0000 0.3000
-5.0000 0.0000 0.4000
-5.0000 0.0000 0.5000
-5.0000 0.0000 0.6000
-5.0000 0.0000 0.7000
-5.0000 0.0000 0.8000
-5.0000 0.0000 0.9000
-5.0000 0.0000 1.0000
-5.0000 0.0000 1.1000
-5.0000 0.0000 1.2000
-5.0000 0.0000 1.3000
-5.0000 0.0000 1.4000
-5.0000 0.0000 1.5000
-5.0000 0.0000 1.6000
-5.0000 0.0000 1.7000
-5.0000 0.0000 1.8000
-5.0000 0.0000 1.9000
-5.0000 0.0000 2.0000
-5.0000 0.0000 2.1000
-5.0000 0.0000 2.2000
-5.0000 0.0000 2.3000
-5.0000 0.0000 2.4000
-5.0000 0.0000 2.5000
-5.0000 0.0000 2.6000
-5.0000 0.0000 2.7000
-5.0000 0.0000 2.8000
-5.0000 0.0000 2.9000
-5.0000 0.0000 3.0000
-5.0000 0.0000 3.1000
-5.0000 0.0000 3.2000
-5.0000 0.0000 3.3000
-5.0000 0.0000 3.4000
-5.0000 0.0000 3.5000
-5.0000 0.1000 0.0000
-5.0000 0.1000 0.1000
-5.0000 0.1000 0.2000
-5.0000 0.1000 0.3000
-5.0000 0.1000 0.4000
-5.0000 0.1000 0.5000
-5.0000 0.1000 0.6000
-5.0000 0.1000 0.7000
-5.0000 0.1000 0.8000
-5.0000 0.1000 0.9000
-5.0000 0.1000 1.0000
-5.0000 0.1000 1.1000
-5.0000 0.1000 1.2000
-5.0000 0.1000 1.3000
-5.0000 0.1000 1.4000
-5.0000 0.1000 1.5000
-5.0000 0.1000 1.6000
-5.0000 0.1000 1.7000
-5.0000 0.1000 1.8000
-5.0000 0.1000 1.9000
-5.0000 0.1000 2.0000
-5.0000 0.1000 2.1000
-5.0000 0.1000 2.2000
-5.0000 0.1000 2.3000
-5.0000 0.1000 2.4000
-5.0000 0.1000 2.5000
-5.0000 0.1000 2.6000
-5.0000 0.1000 2.7000
-5.0000 0.1000 2.8000
-5.0000 0.1000 2.9000
-5.0000 0.1000 3.0000
-5.0000 0.1000 3.1000
-5.0000 0.1000 3.2000
-5.0000 0.1000 3.3000
-5.0000 0.1000 3.4000
-5.0000 0.1000 3.5000
-5.0000 0.2000 0.0000
-5.0000 0.2000 0.1000
-5.0000 0.2000 0.2000
-5.0000 0.2000 0.3000
-5.0000 0.2000 0.4000
-5.0000 0.2000 0.5000
-5.0000 0.2000 0.6000
-5.0000 0.2000 0.7000
-5.0000 0.2000 0.8000
-5.0000 0.2000 0.9000
-5.0000 0.2000 1.0000
-5.0000 0.2000 1.1000
-5.0000 0.2000 1.2000
-5.0000 0.2000 1.3000
-5.0000 0.2000 1.4000
-5.0000 0.2000 1.5000
-5.0000 0.2000 1.6000
-5.0000 0.2000 1.7000
-5.0000 0.2000 1.8000
-5.0000 0.2000 1.9000
-5.0000 0.2000 2.0000
-5.0000 0.2000 2.1000
-5.0000 0.2000 2.2000
-5.0000 0.2000 2.3000
-5.0000 0.2000 2.4000
-5.0000 0.2000 2.5000
-5.0000 0.2000 2.6000
-5.0000 0.2000 2.7000
-5.0000 0.2000 2.8000
-5.0000 0.2000 2.9000
-5.0000 0.2000 3.0000
-5.0000 0.2000 3.1000
-5.0000 0.2000 3.2000
-5.0000 0.2000 3.3000
-5.0000 0.2000 3.4000
-5.0000 0.2000 3.5000
-5.0000 0.3000 0.0000
-5.0000 0.3000 0.1000
-5.0000 0.3000 0.2000
-5.0000 0.3000 0.3000
-5.0000 0.3000 0.4000
-5.0000 0.3000 0.5000
-5.0000 0.3000 0.6000
-5.0000 0.3000 0.7000
-5.0000 0.3000 0.8000
-5.0000 0.3000 0.9000
-5.0000 0.3000 1.0000
-5.0000 0.3000 1.1000
-5.0000 0.3000 1.2000
-5.0000 0.3000 1.3000
-5.0000 0.3000 1.4000
-5.0000 0.3000 1.5000
-5.0000 0.3000 1.6000
-5.0000 0.3000 1.7000
-5.0000 0.3000 1.8000
-5.0000 0.3000 1.9000
-5.0000 0.3000 2.0000
-5.0000 0.3000 2.1000
-5.0000 0.3000 2.2000
-5.0000 0.3000 2.3000
-5.0000 0.3000 2.4000
-5.0000 0.3000 2.5000
-5.0000 0.3000 2.6000
-5.0000 0.3000 2.7000
-5.0000 0.3000 2.8000
-5.0000 0.3000 2.9000
-5.0000 0.3000 3.0000
-5.0000 0.3000 3.1000
-5.0000 0.3000 3.2000
-5.0000 0.3000 3.3000
-5.0000 0.3000 3.4000
-5.0000 0.3000 3.5000
-5.0000 0.4000 0.0000
-5.0000 0.4000 0.1000
-5.0000 0.4000 0.2000
-5.0000 0.4000 0.3000
-5.0000 0.4000 0.4000
-5.0000 0.4000 0.5000
-5.0000 0.4000 0.6000
-5.0000 0.4000 0.7000
-5.0000 0.4000 0.8000
-5.0000 0.4000 0.9000
-5.0000 0.4000 1.0000
-5.0000 0.4000 1.1000
-5.0000 0.4000 1.2000
-5.0000 0.4000 1.3000
-5.0000 0.4000 1.4000
-5.0000 0.4000 1.5000
-5.0000 0.4000 1.6000
-5.0000 0.4000 1.7000
-5.0000 0.4000 1.8000
-5.0000 0.4000 1.9000
-5.0000 0.4000 2.0000
-5.0000 0.4000 2.1000
-5.0000 0.4000 2.2000
-5.0000 0.4000 2.3000
-5.0000 0.4000 2.4000
-5.0000 0.4000 2.5000
-5.0000 0.4000 2.6000
-5.0000 0.4000 2.7000
-5.0000 0.4000 2.8000
-5.0000 0.4000 2.9000
-5.0000 0.4000 3.0000
-5.0000 0.4000 3.1000
-5.0000 0.4000 3.2000
-5.0000 0.4000 3.3000
-5.0000 0.4000 3.4000
-5.0000 0.4000 3.5000
-5.0000 0.5000 0.0000
-5.0000 0.5000 0.1000
-5.0000 0.5000 0.2000
-5.0000 0.5000 0.3000
-5.0000 0.5000 0.4000
-5.0000 0.5000 0.5000
-5.0000 0.5000 0.6000
-5.0000 0.5000 0.7000
-5.0000 0.5000 0.8000
-5.0000 0.5000 0.9000
-5.0000 0.5000 1.0000
-5.0000 0.5000 1.1000
-5.0000 0.5000 1.2000
-5.0000 0.5000 1.3000
-5.0000 0.5000 1.4000
-5.0000 0.5000 1.5000
-5.0000 0.5000 1.6000
-5.0000 0.5000 1.7000
-5.0000 0.5000 1.8000
-5.0000 0.5000 1.9000
-5.0000 0.5000 2.0000
-5.0000 0.5000 2.1000
-5.0000 0.5000 2.2000
-5.0000 0.5000 2.3000
-5.0000 0.5000 2.4000
-5.0000 0.5000 2.5000
-5.0000 0.5000 2.6000
-5.0000 0.5000 2.7000
-5.0000 0.5000 2.8000
-5.0000 0.5000 2.9000
-5.0000 0.5000 3.0000
-5.0000 0.5000 3.1000
-5.0000 0.5000 3.2000
-5.0000 0.5000 3.3000
-5.0000 0.5000 3.4000
-5.0000 0.5000 3.5000
-5.0000 0.6000 0.0000
-5.0000 0.6000 0.1000
-5.0000 0.6000 0.2000
-5.0000 0.6000 0.3000
-5.0000 0.6000 0.4000
-5.0000 0.6000 0.5000
-5.0000 0.6000 0.6000
-5.0000 0.6000 0.7000
-5.0000 0.6000 0.8000
-5.0000 0.6000 0.9000
-5.0000 0.6000 1.0000
-5.0000 0.6000 1.1000
-5.0000 0.6000 1.2000
-5.0000 0.6000 1.3000
-5.0000 0.6000 1.4000
-5.0000 0.6000 1.5000
-5.0000 0.6000 1.6000
-5.0000 0.6000 1.7000
-5.0000 0.6000 1.8000
-5.0000 0.6000 1.9000
-5.0000 0.6000 2.0000
-5.0000 0.6000 2.1000
-5.0000 0.6000 2.2000
-5.0000 0.6000 2.3000
-5.0000 0.6000 2.4000
-5.0000 0.6000 2.5000
-5.0000 0.6000 2.6000
-5.0000 0.6000 2.7000
-5.0000 0.6000 2.8000
-5.0000 0.6000 2.9000
-5.0000 0.6000 3.0000
-5.0000 0.6000 3.1000
-5.0000 0.6000 3.2000
-5.0000 0.6000 3.3000
-5.0000 0.6000 3.4000
-5.0000 0.6000 3.5000
-5.0000 0.7000 0.0000
-5.0000 0.7000 0.1000
-5.0000 0.7000 0.2000
-5.0000 0.7000 0.3000
-5.0000 0.7000 0.4000
-5.0000 0.7000 0.5000
-5.0000 0.7000 0.6000
-5.0000 0.7000 0.7000
-5.0000 0.7000 0.8000
-5.0000 0.7000 0.9000
-5.0000 0.7000 1.0000
-5.0000 0.7000 1.1000
-5.0000 0.7000 1.2000
-5.0000 0.7000 1.3000
-5.0000 0.7000 1.4000
-5.0000 0.7000 1.5000
-5.0000 0.7000 1.6000
-5.0000 0.7000 1.7000
-5.0000 0.7000 1.8000
-5.0000 0.7000 1.9000
-5.0000 0.7000 2.0000
-5.0000 0.7000 2.1000
-5.0000 0.7000 2.2000
-5.0000 0.7000 2.3000
-5.0000 0.7000 2.4000
-5.0000 0.7000 2.5000
-5.0000 0.7000 2.6000
-5.0000 0.7000 2.7000
-5.0000 0.7000 2.8000
-5.0000 0.7000 2.9000
-5.0000 0.7000 3.0000
-5.0000 0.7000 3.1000
-5.0000 0.7000 3.2000
-5.0000 0.7000 3.3000
-5.0000 0.7000 3.4000
-5.0000 0.7000 3.5000
-5.0000 0.8000 0.0000
-5.0000 0.8000 0.1000
-5.0000 0.8000 0.2000
-5.0000 0.8000 0.3000
-5.0000 0.8000 0.4000
-5.0000 0.8000 0.5000
-5.0000 0.8000 0.6000
-5.0000 0.8000 0.7000
-5.0000 0.8000 0.8000
-5.0000 0.8000 0.9000
-5.0000 0.8000 1.0000
-5.0000 0.8000 1.1000
-5.0000 0.8000 1.2000
-5.0000 0.8000 1.3000
-5.0000 0.8000 1.4000
-5.0000 0.8000 1.5000
-5.0000 0.8000 1.6000
-5.0000 0.8000 1.7000
-5.0000 0.8000 1.8000
-5.0000 0.8000 1.9000
-5.0000 0.8000 2.0000
-5.0000 0.8000 2.1000
-5.0000 0.8000 2.2000
-5.0000 0.8000 2.3000
-5.0000 0.8000 2.4000
-5.0000 0.8000 2.5000
-5.0000 0.8000 2.6000
-5.0000 0.8000 2.7000
-5.0000 0.8000 2.8000
-5.0000 0.8000 2.9000
-5.0000 0.8000 3.0000
-5.0000 0.8000 3.1000
-5.0000 0.8000 3.2000
-5.0000 0.8000 3.3000
-5.0000 0.8000 3.4000
-5.0000 0.8000 3.5000
-5.0000 0.9000 0.0000
-5.0000 0.9000 0.1000
-5.0000 0.9000 0.2000
-5.0000 0.9000 0.3000
-5.0000 0.9000 0.4000
-5.0000 0.9000 0.5000
-5.0000 0.9000 0.6000
-5.0000 0.9000 0.7000
-5.0000 0.9000 0.8000
-5.0000 0.9000 0.9000
-5.0000 0.9000 1.0000
-5.0000 0.9000 1.1000
-5.0000 0.9000 1.2000
-5.0000 0.9000 1.3000
-5.0000 0.9000 1.4000
-5.0000 0.9000 1.5000
-5.0000 0.9000 1.6000
-5.0000 0.9000 1.7000
-5.0000 0.9000 1.8000
-5.0000 0.9000 1.9000
-5.0000 0.9000 2.0000
-5.0000 0.9000 2.1000
-5.0000 0.9000 2.2000
-5.0000 0.9000 2.3000
-5.0000 0.9000 2.4000
-5.0000 0.9000 2.5000
-5.0000 0.9000 2.6000
-5.0000 0.9000 2.7000
-5.0000 0.9000 2.8000
-5.0000 0.9000 2.9000
-5.0000 0.9000 3.0000
-5.0000 0.9000 3.1000
-5.0000 0.9000 3.2000
-5.0000 0.9000 3.3000
-5.0000 0.9000 3.4000
-5.0000 0.9000 3.5000
-5.0000 1.0000 0.0000
-5.0000 1.0000 0.1000
-5.0000 1.0000 0.2000
-5.0000 1.0000 0.3000
-5.0000 1.0000 0.4000
-5.0000 1.0000 0.5000
-5.0000 1.0000 0.6000
-5.0000 1.0000 0.7000
-5.0000 1.0000 0.8000
-5.0000 1.0000 0.9000
-5.0000 1.0000 1.0000
-5.0000 1.0000 1.1000
-5.0000 1.0000 1.2000
-5.0000 1.0000 1.3000
-5.0000 1.0000 1.4000
-5.0000 1.0000 1.5000
-5.0000 1.0000 1.6000
-5.0000 1.0000 1.7000
-5.0000 1.0000 1.8000
-5.0000 1.0000 1.9000
-5.0000 1.0000 2.0000
-5.0000 1.0000 2.1000
-5.0000 1.0000 2.2000
-5.0000 1.0000 2.3000
-5.0000 1.0000 2.4000
-5.0000 1.0000 2.5000
-5.0000 1.0000 2.6000
-5.0000 1.0000 2.7000
-5.0000 1.0000 2.8000
-5.0000 1.0000 2.9000
-5.0000 1.0000 3.0000
-5.0000 1.0000 3.1000
-5.0000 1.0000 3.2000
-5.0000 1.0000 3.3000
-5.0000 1.0000 3.4000
-5.0000 1.0000 3.5000
-5.0000 1.1000 0.0000
-5.0000 1.1000 0.1000
-5.0000 1.1000 0.2000
-5.0000 1.1000 0.3000
-5.0000 1.1000 0.4000
-5.0000 1.1000 0.5000
-5.0000 1.1000 0.6000
-5.0000 1.1000 0.7000
-5.0000 1.1000 0.8000
-5.0000 1.1000 0.9000
-5.0000 1.1000 1.0000
-5.0000 1.1000 1.1000
-5.0000 1.1000 1.2000
-5.0000 1.1000 1.3000
-5.0000 1.1000 1.4000
-5.0000 1.1000 1.5000
-5.0000 1.1000 1.6000
-5.0000 1.1000 1.7000
-5.0000 1.1000 1.8000
-5.0000 1.1000 1.9000
-5.0000 1.1000 2.0000
-5.0000 1.1000 2.1000
-5.0000 1.1000 2.2000
-5.0000 1.1000 2.3000
-5.0000 1.1000 2.4000
-5.0000 1.1000 2.5000
-5.0000 1.1000 2.6000
-5.0000 1.1000 2.7000
-5.0000 1.1000 2.8000
-5.0000 1.1000 2.9000
-5.0000 1.1000 3.0000
-5.0000 1.1000 3.1000
-5.0000 1.1000 3.2000
-5.0000 1.1000 3.3000
-5.0000 1.1000 3.4000
-5.0000 1.1000 3.5000
-5.0000 1.2000 0.0000
-5.0000 1.2000 0.1000
-5.0000 1.2000 0.2000
-5.0000 1.2000 0.3000
-5.0000 1.2000 0.4000
-5.0000 1.2000 0.5000
-5.0000 1.2000 0.6000
-5.0000 1.2000 0.7000
-5.0000 1.2000 0.8000
-5.0000 1.2000 0.9000
-5.0000 1.2000 1.0000
-5.0000 1.2000 1.1000
-5.0000 1.2000 1.2000
-5.0000 1.2000 1.3000
-5.0000 1.2000 1.4000
-5.0000 1.2000 1.5000
-5.0000 1.2000 1.6000
-5.0000 1.2000 1.7000
-5.0000 1.2000 1.8000
-5.0000 1.2000 1.9000
-5.0000 1.2000 2.0000
-5.0000 1.2000 2.1000
-5.0000 1.2000 2.2000
-5.0000 1.2000 2.3000
-5.0000 1.2000 2.4000
-5.0000 1.2000 2.5000
-5.0000 1.2000 2.6000
-5.0000 1.2000 2.7000
-5.0000 1.2000 2.8000
-5.0000 1.2000 2.9000
-5.0000 1.2000 3.0000
-5.0000 1.2000 3.1000
-5.0000 1.2000 3.2000
-5.0000 1.2000 3.3000
-5.0000 1.2000 3.4000
-5.0000 1.2000 3.5000
-5.0000 1.3000 0.0000
-5.0000 1.3000 0.1000
-5.0000 1.3000 0.2000
-5.0000 1.3000 0.3000
-5.0000 1.3000 0.4000
-5.0000 1.3000 0.5000
-5.0000 1.3000 0.6000
-5.0000 1.3000 0.7000
-5.0000 1.3000 0.8000
-5.0000 1.3000 0.9000
-5.0000 1.3000 1.0000
-5.0000 1.3000 1.1000
-5.0000 1.3000 1.2000
-5.0000 1.3000 1.3000
-5.0000 1.3000 1.4000
-5.0000 1.3000 1.5000
-5.0000 1.3000 1.6000
-5.0000 1.3000 1.7000
-5.0000 1.3000 1.8000
-5.0000 1.3000 1.9000
-5.0000 1.3000 2.0000
-5.0000 1.3000 2.1000
-5.0000 1.3000 2.2000
-5.0000 1.3000 2.3000
-5.0000 1.3000 2.4000
-5.0000 1.3000 2.5000
-5.0000 1.3000 2.6000
-5.0000 1.3000 2.7000
-5.0000 1.3000 2.8000
-5.0000 1.3000 2.9000
-5.0000 1.3000 3.0000
-5.0000 1.3000 3.1000
-5.0000 1.3000 3.2000
-5.0000 1.3000 3.3000
-5.0000 1.3000 3.4000
-5.0000 1.3000 3.5000
-5.0000 1.4000 0.0000
-5.0000 1.4000 0.1000
-5.0000 1.4000 0.2000
-5.0000 1.4000 0.3000
-5.0000 1.4000 0.4000
-5.0000 1.4000 0.5000
-5.0000 1.4000 0.6000
-5.0000 1.4000 0.7000
-5.0000 1.4000 0.8000
-5.0000 1.4000 0.9000
-5.0000 1.4000 1.0000
-5.0000 1.4000 1.1000
-5.0000 1.4000 1.2000
-5.0000 1.4000 1.3000
-5.0000 1.4000 1.4000
-5.0000 1.4000 1.5000
-5.0000 1.4000 1.6000
-5.0000 1.4000 1.7000
-5.0000 1.4000 1.8000
-5.0000 1.4000 1.9000
-5.0000 1.4000 2.0000
-5.0000 1.4000 2.1000
-5.0000 1.4000 2.2000
-5.0000 1.4000 2.3000
-5.0000 1.4000 2.4000
-5.0000 1.4000 2.5000
-5.0000 1.4000 2.6000
-5.0000 1.4000 2.7000
-5.0000 1.4000 2.8000
-5.0000 1.4000 2.9000
-5.0000 1.4000 3.0000
-5.0000 1.4000 3.1000
-5.0000 1.4000 3.2000
-5.0000 1.4000 3.3000
-5.0000 1.4000 3.4000
-5.0000 1.4000 3.5000
-5.0000 1.5000 0.0000
-5.0000 1.5000 0.1000
-5.0000 1.5000 0.2000
-5.0000 1.5000 0.3000
-5.0000 1.5000 0.4000
-5.0000 1.5000 0.5000
-5.0000 1.5000 0.6000
-5.0000 1.5000 0.7000
-5.0000 1.5000 0.8000
-5.0000 1.5000 0.9000
-5.0000 1.5000 1.0000
-5.0000 1.5000 1.1000
-5.0000 1.5000 1.2000
-5.0000 1.5000 1.3000
-5.0000 1.5000 1.4000
-5.0000 1.5000 1.5000
-5.0000 1.5000 1.6000
-5.0000 1.5000 1.7000
-5.0000 1.5000 1.8000
-5.0000 1.5000 1.9000
-5.0000 1.5000 2.0000
-5.0000 1.5000 2.1000
-5.0000 1.5000 2.2000
-5.0000 1.5000 2.3000
-5.0000 1.5000 2.4000
-5.0000 1.5000 2.5000
-5.0000 1.5000 2.6000
-5.0000 1.5000 2.7000
-5.0000 1.5000 2.8000
-5.0000 1.5000 2.9000
-5.0000 1.5000 3.0000
-5.0000 1.5000 3.1000
-5.0000 1.5000 3.2000
-5.0000 1.5000 3.3000
-5.0000 1.5000 3.4000
-5.0000 1.5000 3.5000
-5.0000 1.6000 0.0000
-5.0000 1.6000 0.1000
-5.0000 1.6000 0.2000
-5.0000 1.6000 0.3000
-5.0000 1.6000 0.4000
-5.0000 1.6000 0.5000
-5.0000 1.6000 0.6000
-5.0000 1.6000 0.7000
-5.0000 1.6000 0.8000
-5.0000 1.6000 0.9000
-5.0000 1.6000 1.0000
-5.0000 1.6000 1.1000
-5.0000 1.6000 1.2000
-5.0000 1.6000 1.3000
-5.0000 1.6000 1.4000
-5.0000 1.6000 1.5000
-5.0000 1.6000 1.6000
-5.0000 1.6000 1.7000
-5.0000 1.6000 1.8000
-5.0000 1.6000 1.9000
-5.0000 1.6000 2.0000
-5.0000 1.6000 2.1000
-5.0000 1.6000 2.2000
-5.0000 1.6000 2.3000
-5.0000 1.6000 2.4000
-5.0000 1.6000 2.5000
-5.0000 1.6000 2.6000
-5.0000 1.6000 2.7000
-5.0000 1.6000 2.8000
-5.0000 1.6000 2.9000
-5.0000 1.6000 3.0000
-5.0000 1.6000 3.1000
-5.0000 1.6000 3.2000
-5.0000 1.6000 3.3000
-5.0000 1.6000 3.4000
-5.0000 1.6000 3.5000
-5.0000 1.7000 0.0000
-5.0000 1.7000 0.1000
-5.0000 1.7000 0.2000
-5.0000 1.7000 0.3000
-5.0000 1.7000 0.4000
-5.0000 1.7000 0.5000
-5.0000 1.7000 0.6000
-5.0000 1.7000 0.7000
-5.0000 1.7000 0.8000
-5.0000 1.7000 0.9000
-5.0000 1.7000 1.0000
-5.0000 1.7000 1.1000
-5.0000 1.7000 1.2000
-5.0000 1.7000 1.3000
-5.0000 1.7000 1.4000
-5.0000 1.7000 1.5000
-5.0000 1.7000 1.6000
-5.0000 1.7000 1.7000
-5.0000 1.7000 1.8000
-5.0000 1.7000 1.9000
-5.0000 1.7000 2.0000
-5.0000 1.7000 2.1000
-5.0000 1.7000 2.2000
-5.0000 1.7000 2.3000
-5.0000 1.7000 2.4000
-5.0000 1.7000 2.5000
-5.0000 1.7000 2.6000
-5.0000 1.7000 2.7000
-5.0000 1.7000 2.8000
-5.0000 1.7000 2.9000
-5.0000 1.7000 3.0000
-5.0000 1.7000 3.1000
-5.0000 1.7000 3.2000
-5.0000 1.7000 3.3000
-5.0000 1.7000 3.4000
-5.0000 1.7000 3.5000
-5.0000 1.8000 0.0000
-5.0000 1.8000 0.1000
-5.0000 1.8000 0.2000
-5.0000 1.8000 0.3000
-5.0000 1.8000 0.4000
-5.0000 1.8000 0.5000
-5.0000 1.8000 0.6000
-5.0000 1.8000 0.7000
-5.0000 1.8000 0.8000
-5.0000 1.8000 0.9000
-5.0000 1.8000 1.0000
-5.0000 1.8000 1.1000
-5.0000 1.8000 1.2000
-5.0000 1.8000 1.3000
-5.0000 1.8000 1.4000
-5.0000 1.8000 1.5000
-5.0000 1.8000 1.6000
-5.0000 1.8000 1.7000
-5.0000 1.8000 1.8000
-5.0000 1.8000 1.9000
-5.0000 1.8000 2.0000
-5.0000 1.8000 2.1000
-5.0000 1.8000 2.2000
-5.0000 1.8000 2.3000
-5.0000 1.8000 2.4000
-5.0000 1.8000 2.5000
-5.0000 1.8000 2.6000
-5.0000 1.8000 2.7000
-5.0000 1.8000 2.8000
-5.0000 1.8000 2.9000
-5.0000 1.8000 3.0000
-5.0000 1.8000 3.1000
-5.0000 1.8000 3.2000
-5.0000 1.8000 3.3000
-5.0000 1.8000 3.4000
-5.0000 1.8000 3.5000
-5.0000 1.9000 0.0000
-5.0000 1.9000 0.1000
-5.0000 1.9000 0.2000
-5.0000 1.9000 0.3000
-5.0000 1.9000 0.4000
-5.0000 1.9000 0.5000
-5.0000 1.9000 0.6000
-5.0000 1.9000 0.7000
-5.0000 1.9000 0.8000
-5.0000 1.9000 0.9000
-5.0000 1.9000 1.0000
-5.0000 1.9000 1.1000
-5.0000 1.9000 1.2000
-5.0000 1.9000 1.3000
-5.0000 1.9000 1.4000
-5.0000 1.9000 1.5000
-5.0000 1.9000 1.6000
-5.0000 1.9000 1.7000
-5.0000 1.9000 1.8000
-5.0000 1.9000 1.9000
-5.0000 1.9000 2.0000
-5.0000 1.9000 2.1000
-5.0000 1.9000 2.2000
-5.0000 1.9000 2.3000
-5.0000 1.9000 2.4000
-5.0000 1.9000 2.5000
-5.0000 1.9000 2.6000
-5.0000 1.9000 2.7000
-5.0000 1.9000 2.8000
-5.0000 1.9000 2.9000
-5.0000 1.9000 3.0000
-5.0000 1.9000 3.1000
-5.0000 1.9000 3.2000
-5.0000 1.9000 3.3000
-5.0000 1.9000 3.4000
-5.0000 1.9000 3.5000
-5.0000 2.0000 0.0000
-5.0000 2.0000 0.1000
-5.0000 2.0000 0.2000
-5.0000 2.0000 0.3000
-5.0000 2.0000 0.4000
-5.0000 2.0000 0.5000
-5.0000 2.0000 0.6000
-5.0000 2.0000 0.7000
-5.0000 2.0000 0.8000
-5.0000 2.0000 0.9000
-5.0000 2.0000 1.0000
-5.0000 2.0000 1.1000
-5.0000 2.0000 1.2000
-5.0000 2.0000 1.3000
-5.0000 2.0000 1.4000
-5.0000 2.0000 1.5000
-5.0000 2.0000 1.6000
-5.0000 2.0000 1.7000
-5.0000 2.0000 1.8000
-5.0000 2.0000 1.9000
-5.0000 2.0000 2.0000
-5.0000 2.0000 2.1000
-5.0000 2.0000 2.2000
-5.0000 2.0000 2.3000
-5.0000 2.0000 2.4000
-5.0000 2.0000 2.5000
-5.0000 2.0000 2.6000
-5.0000 2.0000 2.7000
-5.0000 2.0000 2.8000
-5.0000 2.0000 2.9000
-5.0000 2.0000 3.0000
-5.0000 2.0000 3.1000
-5.0000 2.0000 3.2000
-5.0000 2.0000 3.3000
-5.0000 2.0000 3.4000
-5.0000 2.0000 3.5000
-5.0000 2.1000 0.0000
-5.0000 2.1000 0.1000
-5.0000 2.1000 0.2000
-5.0000 2.1000 0.3000
-5.0000 2.1000 0.4000
-5.0000 2.1000 0.5000
-5.0000 2.1000 0.6000
-5.0000 2.1000 0.7000
-5.0000 2.1000 0.8000
-5.0000 2.1000 0.9000
-5.0000 2.1000 1.0000
-5.0000 2.1000 1.1000
-5.0000 2.1000 1.2000
-5.0000 2.1000 1.3000
-5.0000 2.1000 1.4000
-5.0000 2.1000 1.5000
-5.0000 2.1000 1.6000
-5.0000 2.1000 1.7000
-5.0000 2.1000 1.8000
-5.0000 2.1000 1.9000
-5.0000 2.1000 2.0000
-5.0000 2.1000 2.1000
-5.0000 2.1000 2.2000
-5.0000 2.1000 2.3000
-5.0000 2.1000 2.4000
-5.0000 2.1000 2.5000
-5.0000 2.1000 2.6000
-5.0000 2.1000 2.7000
-5.0000 2.1000 2.8000
-5.0000 2.1000 2.9000
-5.0000 2.1000 3.0000
-5.0000 2.1000 3.1000
-5.0000 2.1000 3.2000
-5.0000 2.1000 3.3000
-5.0000 2.1000 3.4000
-5.0000 2.1000 3.5000
-5.0000 2.2000 0.0000
-5.0000 2.2000 0.1000
-5.0000 2.2000 0.2000
-5.0000 2.2000 0.3000
-5.0000 2.2000 0.4000
-5.0000 2.2000 0.5000
-5.0000 2.2000 0.6000
-5.0000 2.2000 0.7000
-5.0000 2.2000 0.8000
-5.0000 2.2000 0.9000
-5.0000 2.2000 1.0000
-5.0000 2.2000 1.1000
-5.0000 2.2000 1.2000
-5.0000 2.2000 1.3000
-5.0000 2.2000 1.4000
-5.0000 2.2000 1.5000
-5.0000 2.2000 1.6000
-5.0000 2.2000 1.7000
-5.0000 2.2000 1.8000
-5.0000 2.2000 1.9000
-5.0000 2.2000 2.0000
-5.0000 2.2000 2.1000
-5.0000 2.2000 2.2000
-5.0000 2.2000 2.3000
-5.0000 2.2000 2.4000
-5.0000 2.2000 2.5000
-5.0000 2.2000 2.6000
-5.0000 2.2000 2.7000
-5.0000 2.2000 2.8000
-5.0000 2.2000 2.9000
-5.0000 2.2000 3.0000
-5.0000 2.2000 3.1000
-5.0000 2.2000 3.2000
-5.0000 2.2000 3.3000
-5.0000 2.2000 3.4000
-5.0000 2.2000 3.5000
-5.0000 2.3000 0.0000
-5.0000 2.3000 0.1000
-5.0000 2.3000 0.2000
-5.0000 2.3000 0.3000
-5.0000 2.3000 0.4000
-5.0000 2.3000 0.5000
-5.0000 2.3000 0.6000
-5.0000 2.3000 0.7000
-5.0000 2.3000 0.8000
-5.0000 2.3000 0.9000
-5.0000 2.3000 1.0000
-5.0000 2.3000 1.1000
-5.0000 2.3000 1.2000
-5.0000 2.3000 1.3000
-5.0000 2.3000 1.4000
-5.0000 2.3000 1.5000
-5.0000 2.3000 1.6000
-5.0000 2.3000 1.7000
-5.0000 2.3000 1.8000
-5.0000 2.3000 1.9000
-5.0000 2.3000 2.0000
-5.0000 2.3000 2.1000
-5.0000 2.3000 2.2000
-5.0000 2.3000 2.3000
-5.0000 2.3000 2.4000
-5.0000 2.3000 2.5000
-5.0000 2.3000 2.6000
-5.0000 2.3000 2.7000
-5.0000 2.3000 2.8000
-5.0000 2.3000 2.9000
-5.0000 2.3000 3.0000
-5.0000 2.3000 3.1000
-5.0000 2.3000 3.2000
-5.0000 2.3000 3.3000
-5.0000 2.3000 3.4000
-5.0000 2.3000 3.5000
-5.0000 2.4000 0.0000
-5.0000 2.4000 0.1000
-5.0000 2.4000 0.2000
-5.0000 2.4000 0.3000
-5.0000 2.4000 0.4000
-5.0000 2.4000 0.5000
-5.0000 2.4000 0.6000
-5.0000 2.4000 0.7000
-5.0000 2.4000 0.8000
-5.0000 2.4000 0.9000
-5.0000 2.4000 1.0000
-5.0000 2.4000 1.1000
-5.0000 2.4000 1.2000
-5.0000 2.4000 1.3000
-5.0000 2.4000 1.4000
-5.0000 2.4000 1.5000
-5.0000 2.4000 1.6000
-5.0000 2.4000 1.7000
-5.0000 2.4000 1.8000
-5.0000 2.4000 1.9000
-5.0000 2.4000 2.0000
-5.0000 2.4000 2.1000
-5.0000 2.4000 2.2000
-5.0000 2.4000 2.3000
-5.0000 2.4000 2.4000
-5.0000 2.4000 2.5000
-5.0000 2.4000 2.6000
-5.0000 2.4000 2.7000
-5.0000 2.4000 2.8000
-5.0000 2.4000 2.9000
-5.0000 2.4000 3.0000
-5.0000 2.4000 3.1000
-5.0000 2.4000 3.2000
-5.0000 2.4000 3.3000
-5.0000 2.4000 3.4000
-5.0000 2.4000 3.5000
-5.0000 2.5000 0.0000
-5.0000 2.5000 0.1000
-5.0000 2.5000 0.2000
-5.0000 2.5000 0.3000
-5.0000 2.5000 0.4000
-5.0000 2.5000 0.5000
-5.0000 2.5000 0.6000
-5.0000 2.5000 0.7000
-5.0000 2.5000 0.8000
-5.0000 2.5000 0.9000
-5.0000 2.5000 1.0000
-5.0000 2.5000 1.1000
-5.0000 2.5000 1.2000
-5.0000 2.5000 1.3000
-5.0000 2.5000 1.4000
-5.0000 2.5000 1.5000
-5.0000 2.5000 1.6000
-5.0000 2.5000 1.7000
-5.0000 2.5000 1.8000
-5.0000 2.5000 1.9000
-5.0000 2.5000 2.0000
-5.0000 2.5000 2.1000
-5.0000 2.5000 2.2000
-5.0000 2.5000 2.3000
-5.0000 2.5000 2.4000
-5.0000 2.5000 2.5000
-5.0000 2.5000 2.6000
-5.0000 2.5000 2.7000
-5.0000 2.5000 2.8000
-5.0000 2.5000 2.9000
-5.0000 2.5000 3.0000
-5.0000 2.5000 3.1000
-5.0000 2.5000 3.2000
-5.0000 2.5000 3.3000
-5.0000 2.5000 3.4000
-5.0000 2.5000 3.5000
-5.0000 2.6000 0.0000
-5.0000 2.6000 0.1000
-5.0000 2.6000 0.2000
-5.0000 2.6000 0.3000
-5.0000 2.6000 0.4000
-5.0000 2.6000 0.5000
-5.0000 2.6000 0.6000
-5.0000 2.6000 0.7000
-5.0000 2.6000 0.8000
-5.0000 2.6000 0.9000
-5.0000 2.6000 1.0000
-5.0000 2.6000 1.1000
-5.0000 2.6000 1.2000
-5.0000 2.6000 1.3000
-5.0000 2.6000 1.4000
-5.0000 2.6000 1.5000
-5.0000 2.6000 1.6000
-5.0000 2.6000 1.7000
-5.0000 2.6000 1.8000
-5.0000 2.6000 1.9000
-5.0000 2.6000 2.0000
-5.0000 2.6000 2.1000
-5.0000 2.6000 2.2000
-5.0000 2.6000 2.3000
-5.0000 2.6000 2.4000
-5.0000 2.6000 2.5000
-5.0000 2.6000 2.6000
-5.0000 2.6000 2.7000
-5.0000 2.6000 2.8000
-5.0000 2.6000 2.9000
-5.0000 2.6000 3.0000
-5.0000 2.6000 3.1000
-5.0000 2.6000 3.2000
-5.0000 2.6000 3.3000
-5.0000 2.6000 3.4000
-5.0000 2.6000 3.5000
-5.0000 2.7000 0.0000
-5.0000 2.7000 0.1000
-5.0000 2.7000 0.2000
-5.0000 2.7000 0.3000
-5.0000 2.7000 0.4000
-5.0000 2.7000 0.5000
-5.0000 2.7000 0.6000
-5.0000 2.7000 0.7000
-5.0000 2.7000 0.8000
-5.0000 2.7000 0.9000
-5.0000 2.7000 1.0000
-5.0000 2.7000 1.1000
-5.0000 2.7000 1.2000
-5.0000 2.7000 1.3000
-5.0000 2.7000 1.4000
-5.0000 2.7000 1.5000
-5.0000 2.7000 1.6000
-5.0000 2.7000 1.7000
-5.0000 2.7000 1.8000
-5.0000 2.7000 1.9000
-5.0000 2.7000 2.0000
-5.0000 2.7000 2.1000
-5.0000 2.7000 2.2000
-5.0000 2.7000 2.3000
-5.0000 2.7000 2.4000
-5.0000 2.7000 2.5000
-5.0000 2.7000 2.6000
-5.0000 2.7000 2.7000
-5.0000 2.7000 2.8000
-5.0000 2.7000 2.9000
-5.0000 2.7000 3.0000
-5.0000 2.7000 3.1000
-5.0000 2.7000 3.2000
-5.0000 2.7000 3.3000
-5.0000 2.7000 3.4000
-5.0000 2.7000 3.5000
-4.9000 -2.7000 0.0000
-4.9000 -2.7000 0.1000
-4.9000 -2.7000 0.2000
-4.9000 -2.7000 0.3000
-4.9000 -2.7000 0.4000
-4.9000 -2.7000 0.5000
-4.9000 -2.7000 0.6000
-4.9000 -2.7000 0.7000
-4.9000 -2.7000 0.8000
-4.9000 -2.7000 0.9000
-4.9000 -2.7000 1.0000
-4.9000 -2.7000 1.1000
-4.9000 -2.7000 1.2000
-4.9000 -2.7000 1.3000
-4.9000 -2.7000 1.4000
-4.9000 -2.7000 1.5000
-4.9000 -2.7000 1.6000
-4.9000 -2.7000 1.7000
-4.9000 -2.7000 1.8000
-4.9000 -2.7000 1.9000
-4.9000 -2.7000 2.0000
-4.9000 -2.7000 2.1000
-4.9000 -2.7000 2.2000
-4.9000 -2.7000 2.3000
-4.9000 -2.7000 2.4000
-4.9000 -2.7000 2.5000
-4.9000 -2.7000 2.6000
-4.9000 -2.7000 2.7000
-4.9000 -2.7000 2.8000
-4.9000 -2.7000 2.9000
-4.9000 -2.7000 3.0000
-4.9000 -2.7000 3.1000
-4.9000 -2.7000 3.2000
-4.9000 -2.7000 3.3000
-4.9000 -2.7000 3.4000
-4.9000 -2.7000 3.5000
-4.9000 -2.6000 0.0000
-4.9000 -2.6000 3.5000
-4.9000 -2.5000 0.0000
-4.9000 -2.5000 0.1000
-4.9000 -2.5000 0.2000
-4.9000 -2.5000 0.3000
-4.9000 -2.5000 0.4000
-4.9000 -2.5000 0.5000
-4.9000 -2.5000 0.6000
-4.9000 -2.5000 0.7000
-4.9000 -2.5000 0.8000
-4.9000 -2.5000 0.9000
-4.9000 -2.5000 1.0000
-4.9000 -2.5000 1.1000
-4.9000 -2.5000 1.2000
-4.9000 -2.5000 1.3000
-4.9000 -2.5000 1.4000
-4.9000 -2.5000 1.5000
-4.9000 -2.5000 1.6000
-4.9000 -2.5000 1.7000
-4.9000 -2.5000 1.8000
-4.9000 -2.5000 1.9000
-4.9000 -2.5000 2.0000
-4.9000 -2.5000 2.1000
-4.9000 -2.5000 2.2000
-4.9000 -2.5000 2.3000
-4.9000 -2.5000 2.4000
-4.9000 -2.5000 2.5000
-4.9000 -2.5000 2.6000
-4.9000 -2.5000 2.7000
-4.9000 -2.5000 2.8000
-4.9000 -2.5000 2.9000
-4.9000 -2.5000 3.0000
-4.9000 -2.5000 3.1000
-4.9000 -2.5000 3.2000
-4.9000 -2.5000 3.3000
-4.9000 -2.5000 3.4000
-4.9000 -2.5000 3.5000
-4.9000 2.5000 0.0000
-4.9000 2.5000 0.1000
-4.9000 2.5000 0.2000
-4.9000 2.5000 0.3000
-4.9000 2.5000 0.4000
-4.9000 2.5000 0.5000
-4.9000 2.5000 0.6000
-4.9000 2.5000 0.7000
-4.9000 2.5000 0.8000
-4.9000 2.5000 0.9000
-4.9000 2.5000 1.0000
-4.9000 2.5000 1.1000
-4.9000 2.5000 1.2000
-4.9000 2.5000 1.3000
-4.9000 2.5000 1.4000
-4.9000 2.5000 1.5000
-4.9000 2.5000 1.6000
-4.9000 2.5000 1.7000
-4.9000 2.5000 1.8000
-4.9000 2.5000 1.9000
-4.9000 2.5000 2.0000
-4.9000 2.5000 2.1000
-4.9000 2.5000 2.2000
-4.9000 2.5000 2.3000
-4.9000 2.5000 2.4000
-4.9000 2.5000 2.5000
-4.9000 2.5000 2.6000
-4.9000 2.5000 2.7000
-4.9000 2.5000 2.8000
-4.9000 2.5000 2.9000
-4.9000 2.5000 3.0000
-4.9000 2.5000 3.1000
-4.9000 2.5000 3.2000
-4.9000 2.5000 3.3000
-4.9000 2.5000 3.4000
-4.9000 2.5000 3.5000
-4.9000 2.6000 0.0000
-4.9000 2.6000 3.5000
-4.9000 2.7000 0.0000
-4.9000 2.7000 0.1000
-4.9000 2.7000 0.2000
-4.9000 2.7000 0.3000
-4.9000 2.7000 0.4000
-4.9000 2.7000 0.5000
-4.9000 2.7000 0.6000
-4.9000 2.7000 0.7000
-4.9000 2.7000 0.8000
-4.9000 2.7000 0.9000
-4.9000 2.7000 1.0000
-4.9000 2.7000 1.1000
-4.9000 2.7000 1.2000
-4.9000 2.7000 1.3000
-4.9000 2.7000 1.4000
-4.9000 2.7000 1.5000
-4.9000 2.7000 1.6000
-4.9000 2.7000 1.7000
-4.9000 2.7000 1.8000
-4.9000 2.7000 1.9000
-4.9000 2.7000 2.0000
-4.9000 2.7000 2.1000
-4.9000 2.7000 2.2000
-4.9000 2.7000 2.3000
-4.9000 2.7000 2.4000
-4.9000 2.7000 2.5000
-4.9000 2.7000 2.6000
-4.9000 2.7000 2.7000
-4.9000 2.7000 2.8000
-4.9000 2.7000 2.9000
-4.9000 2.7000 3.0000
-4.9000 2.7000 3.1000
-4.9000 2.7000 3.2000
-4.9000 2.7000 3.3000
-4.9000 2.7000 3.4000
-4.9000 2.7000 3.5000
-4.8000 -2.7000 0.0000
-4.8000 -2.7000 0.1000
-4.8000 -2.7000 0.2000
-4.8000 -2.7000 0.3000
-4.8000 -2.7000 0.4000
-4.8000 -2.7000 0.5000
-4.8000 -2.7000 0.6000
-4.8000 -2.7000 0.7000
-4.8000 -2.7000 0.8000
-4.8000 -2.7000 0.9000
-4.8000 -2.7000 1.0000
-4.8000 -2.7000 1.1000
-4.8000 -2.7000 1.2000
-4.8000 -2.7000 1.3000
-4.8000 -2.7000 1.4000
-4.8000 -2.7000 1.5000
-4.8000 -2.7000 1.6000
-4.8000 -2.7000 1.7000
-4.8000 -2.7000 1.8000
-4.8000 -2.7000 1.9000
-4.8000 -2.7000 2.0000
-4.8000 -2.7000 2.1000
-4.8000 -2.7000 2.2000
-4.8000 -2.7000 2.3000
-4.8000 -2.7000 2.4000
-4.8000 -2.7000 2.5000
-4.8000 -2.7000 2.6000
-4.8000 -2.7000 2.7000
-4.8000 -2.7000 2.8000
-4.8000 -2.7000 2.9000
-4.8000 -2.7000 3.0000
-4.8000 -2.7000 3.1000
-4.8000 -2.7000 3.2000
-4.8000 -2.7000 3.3000
-4.8000 -2.7000 3.4000
-4.8000 -2.7000 3.5000
-4.8000 -2.6000 0.0000
-4.8000 -2.6000 3.5000
-4.8000 -2.5000 0.0000
-4.8000 -2.5000 0.1000
-4.8000 -2.5000 0.2000
-4.8000 -2.5000 0.3000
-4.8000 -2.5000 0.4000
-4.8000 -2.5000 0.5000
-4.8000 -2.5000 0.6000
-4.8000 -2.5000 0.7000
-4.8000 -2.5000 0.8000
-4.8000 -2.5000 0.9000
-4.8000 -2.5000 1.0000
-4.8000 -2.5000 1.1000
-4.8000 -2.5000 1.2000
-4.8000 -2.5000 1.3000
-4.8000 -2.5000 1.4000
-4.8000 -2.5000 1.5000
-4.8000 -2.5000 1.6000
-4.8000 -2.5000 1.7000
-4.8000 -2.5000 1.8000
-4.8000 -2.5000 1.9000
-4.8000 -2.5000 2.0000
-4.8000 -2.5000 2.1000
-4.8000 -2.5000 2.2000
-4.8000 -2.5000 2.3000
-4.8000 -2.5000 2.4000
-4.8000 -2.5000 2.5000
-4.8000 -2.5000 2.6000
-4.8000 -2.5000 2.7000
-4.8000 -2.5000 2.8000
-4.8000 -2.5000 2.9000
-4.8000 -2.5000 3.0000
-4.8000 -2.5000 3.1000
-4.8000 -2.5000 3.2000
-4.8000 -2.5000 3.3000
-4.8000 -2.5000 3.4000
-4.8000 -2.5000 3.5000
-4.8000 2.5000 0.0000
-4.8000 2.5000 0.1000
-4.8000 2.5000 0.2000
-4.8000 2.5000 0.3000
-4.8000 2.5000 0.4000
-4.8000 2.5000 0.5000
-4.8000 2.5000 0.6000
-4.8000 2.5000 0.7000
-4.8000 2.5000 0.8000
-4.8000 2.5000 0.9000
-4.8000 2.5000 1.0000
-4.8000 2.5000 1.1000
-4.8000 2.5000 1.2000
-4.8000 2.5000 1.3000
-4.8000 2.5000 1.4000
-4.8000 2.5000 1.5000
-4.8000 2.5000 1.6000
-4.8000 2.5000 1.7000
-4.8000 2.5000 1.8000
-4.8000 2.5000 1.9000
-4.8000 2.5000 2.0000
-4.8000 2.5000 2.1000
-4.8000 2.5000 2.2000
-4.8000 2.5000 2.3000
-4.8000 2.5000 2.4000
-4.8000 2.5000 2.5000
-4.8000 2.5000 2.6000
-4.8000 2.5000 2.7000
-4.8000 2.5000 2.8000
-4.8000 2.5000 2.9000
-4.8000 2.5000 3.0000
-4.8000 2.5000 3.1000
-4.8000 2.5000 3.2000
-4.8000 2.5000 3.3000
-4.8000 2.5000 3.4000
-4.8000 2.5000 3.5000
-4.8000 2.6000 0.0000
-4.8000 2.6000 3.5000
-4.8000 2.7000 0.0000
-4.8000 2.7000 0.1000
-4.8000 2.7000 0.2000
-4.8000 2.7000 0.3000
-4.8000 2.7000 0.4000
-4.8000 2.7000 0.5000
-4.8000 2.7000 0.6000
-4.8000 2.7000 0.7000
-4.8000 2.7000 0.8000
-4.8000 2.7000 0.9000
-4.8000 2.7000 1.0000
-4.8000 2.7000 1.1000
-4.8000 2.7000 1.2000
-4.8000 2.7000 1.3000
-4.8000 2.7000 1.4000
-4.8000 2.7000 1.5000
-4.8000 2.7000 1.6000
-4.8000 2.7000 1.7000
-4.8000 2.7000 1.8000
-4.8000 2.7000 1.9000
-4.8000 2.7000 2.0000
-4.8000 2.7000 2.1000
-4.8000 2.7000 2.2000
-4.8000 2.7000 2.3000
-4.8000 2.7000 2.4000
-4.8000 2.7000 2.5000
-4.8000 2.7000 2.6000
-4.8000 2.7000 2.7000
-4.8000 2.7000 2.8000
-4.8000 2.7000 2.9000
-4.8000 2.7000 3.0000
-4.8000 2.7000 3.1000
-4.8000 2.7000 3.2000
-4.8000 2.7000 3.3000
-4.8000 2.7000 3.4000
-4.8000 2.7000 3.5000
-4.7000 -2.7000 0.0000
-4.7000 -2.7000 0.1000
-4.7000 -2.7000 0.2000
-4.7000 -2.7000 0.3000
-4.7000 -2.7000 0.4000
-4.7000 -2.7000 0.5000
-4.7000 -2.7000 0.6000
-4.7000 -2.7000 0.7000
-4.7000 -2.7000 0.8000
-4.7000 -2.7000 0.9000
-4.7000 -2.7000 1.0000
-4.7000 -2.7000 1.1000
-4.7000 -2.7000 1.2000
-4.7000 -2.7000 1.3000
-4.7000 -2.7000 1.4000
-4.7000 -2.7000 1.5000
-4.7000 -2.7000 1.6000
-4.7000 -2.7000 1.7000
-4.7000 -2.7000 1.8000
-4.7000 -2.7000 1.9000
-4.7000 -2.7000 2.0000
-4.7000 -2.7000 2.1000
-4.7000 -2.7000 2.2000
-4.7000 -2.7000 2.3000
-4.7000 -2.7000 2.4000
-4.7000 -2.7000 2.5000
-4.7000 -2.7000 2.6000
-4.7000 -2.7000 2.7000
-4.7000 -2.7000 2.8000
-4.7000 -2.7000 2.9000
-4.7000 -2.7000 3.0000
-4.7000 -2.7000 3.1000
-4.7000 -2.7000 3.2000
-4.7000 -2.7000 3.3000
-4.7000 -2.7000 3.4000
-4.7000 -2.7000 3.5000
-4.7000 -2.6000 0.0000
-4.7000 -2.6000 3.5000
-4.7000 -2.5000 0.0000
-4.7000 -2.5000 0.1000
-4.7000 -2.5000 0.2000
-4.7000 -2.5000 0.3000
-4.7000 -2.5000 0.4000
-4.7000 -2.5000 0.5000
-4.7000 -2.5000 0.6000
-4.7000 -2.5000 0.7000
-4.7000 -2.5000 0.8000
-4.7000 -2.5000 0.9000
-4.7000 -2.5000 1.0000
-4.7000 -2.5000 1.1000
-4.7000 -2.5000 1.2000
-4.7000 -2.5000 1.3000
-4.7000 -2.5000 1.4000
-4.7000 -2.5000 1.5000
-4.7000 -2.5000 1.6000
-4.7000 -2.5000 1.7000
-4.7000 -2.5000 1.8000
-4.7000 -2.5000 1.9000
-4.7000 -2.5000 2.0000
-4.7000 -2.5000 2.1000
-4.7000 -2.5000 2.2000
-4.7000 -2.5000 2.3000
-4.7000 -2.5000 2.4000
-4.7000 -2.5000 2.5000
-4.7000 -2.5000 2.6000
-4.7000 -2.5000 2.7000
-4.7000 -2.5000 2.8000
-4.7000 -2.5000 2.9000
-4.7000 -2.5000 3.0000
-4.7000 -2.5000 3.1000
-4.7000 -2.5000 3.2000
-4.7000 -2.5000 3.3000
-4.7000 -2.5000 3.4000
-4.7000 -2.5000 3.5000
-4.7000 2.5000 0.0000
-4.7000 2.5000 0.1000
-4.7000 2.5000 0.2000
-4.7000 2.5000 0.3000
-4.7000 2.5000 0.4000
-4.7000 2.5000 0.5000
-4.7000 2.5000 0.6000
-4.7000 2.5000 0.7000
-4.7000 2.5000 0.8000
-4.7000 2.5000 0.9000
-4.7000 2.5000 1.0000
-4.7000 2.5000 1.1000
-4.7000 2.5000 1.2000
-4.7000 2.5000 1.3000
-4.7000 2.5000 1.4000
-4.7000 2.5000 1.5000
-4.7000 2.5000 1.6000
-4.7000 2.5000 1.7000
-4.7000 2.5000 1.8000
-4.7000 2.5000 1.9000
-4.7000 2.5000 2.0000
-4.7000 2.5000 2.1000
-4.7000 2.5000 2.2000
-4.7000 2.5000 2.3000
-4.7000 2.5000 2.4000
-4.7000 2.5000 2.5000
-4.7000 2.5000 2.6000
-4.7000 2.5000 2.7000
-4.7000 2.5000 2.8000
-4.7000 2.5000 2.9000
-4.7000 2.5000 3.0000
-4.7000 2.5000 3.1000
-4.7000 2.5000 3.2000
-4.7000 2.5000 3.3000
-4.7000 2.5000 3.4000
-4.7000 2.5000 3.5000
-4.7000 2.6000 0.0000
-4.7000 2.6000 3.5000
-4.7000 2.7000 0.0000
-4.7000 2.7000 0.1000
-4.7000 2.7000 0.2000
-4.7000 2.7000 0.3000
-4.7000 2.7000 0.4000
-4.7000 2.7000 0.5000
-4.7000 2.7000 0.6000
-4.7000 2.7000 0.7000
-4.7000 2.7000 0.8000
-4.7000 2.7000 0.9000
-4.7000 2.7000 1.0000
-4.7000 2.7000 1.1000
-4.7000 2.7000 1.2000
-4.7000 2.7000 1.3000
-4.7000 2.7000 1.4000
-4.7000 2.7000 1.5000
-4.7000 2.7000 1.6000
-4.7000 2.7000 1.7000
-4.7000 2.7000 1.8000
-4.7000 2.7000 1.9000
-4.7000 2.7000 2.0000
-4.7000 2.7000 2.1000
-4.7000 2.7000 2.2000
-4.7000 2.7000 2.3000
-4.7000 2.7000 2.4000
-4.7000 2.7000 2.5000
-4.7000 2.7000 2.6000
-4.7000 2.7000 2.7000
-4.7000 2.7000 2.8000
-4.7000 2.7000 2.9000
-4.7000 2.7000 3.0000
-4.7000 2.7000 3.1000
-4.7000 2.7000 3.2000
-4.7000 2.7000 3.3000
-4.7000 2.7000 3.4000
-4.7000 2.7000 3.5000
-4.6000 -2.7000 0.0000
-4.6000 -2.7000 0.1000
-4.6000 -2.7000 0.2000
-4.6000 -2.7000 0.3000
-4.6000 -2.7000 0.4000
-4.6000 -2.7000 0.5000
-4.6000 -2.7000 0.6000
-4.6000 -2.7000 0.7000
-4.6000 -2.7000 0.8000
-4.6000 -2.7000 0.9000
-4.6000 -2.7000 1.0000
-4.6000 -2.7000 1.1000
-4.6000 -2.7000 1.2000
-4.6000 -2.7000 1.3000
-4.6000 -2.7000 1.4000
-4.6000 -2.7000 1.5000
-4.6000 -2.7000 1.6000
-4.6000 -2.7000 1.7000
-4.6000 -2.7000 1.8000
-4.6000 -2.7000 1.9000
-4.6000 -2.7000 2.0000
-4.6000 -2.7000 2.1000
-4.6000 -2.7000 2.2000
-4.6000 -2.7000 2.3000
-4.6000 -2.7000 2.4000
-4.6000 -2.7000 2.5000
-4.6000 -2.7000 2.6000
-4.6000 -2.7000 2.7000
-4.6000 -2.7000 2.8000
-4.6000 -2.7000 2.9000
-4.6000 -2.7000 3.0000
-4.6000 -2.7000 3.1000
-4.6000 -2.7000 3.2000
-4.6000 -2.7000 3.3000
-4.6000 -2.7000 3.4000
-4.6000 -2.7000 3.5000
-4.6000 -2.6000 0.0000
-4.6000 -2.6000 3.5000
-4.6000 -2.5000 0.0000
-4.6000 -2.5000 0.1000
-4.6000 -2.5000 0.2000
-4.6000 -2.5000 0.3000
-4.6000 -2.5000 0.4000
-4.6000 -2.5000 0.5000
-4.6000 -2.5000 0.6000
-4.6000 -2.5000 0.7000
-4.6000 -2.5000 0.8000
-4.6000 -2.5000 0.9000
-4.6000 -2.5000 1.0000
-4.6000 -2.5000 1.1000
-4.6000 -2.5000 1.2000
-4.6000 -2.5000 1.3000
-4.6000 -2.5000 1.4000
-4.6000 -2.5000 1.5000
-4.6000 -2.5000 1.6000
-4.6000 -2.5000 1.7000
-4.6000 -2.5000 1.8000
-4.6000 -2.5000 1.9000
-4.6000 -2.5000 2.0000
-4.6000 -2.5000 2.1000
-4.6000 -2.5000 2.2000
-4.6000 -2.5000 2.3000
-4.6000 -2.5000 2.4000
-4.6000 -2.5000 2.5000
-4.6000 -2.5000 2.6000
-4.6000 -2.5000 2.7000
-4.6000 -2.5000 2.8000
-4.6000 -2.5000 2.9000
-4.6000 -2.5000 3.0000
-4.6000 -2.5000 3.1000
-4.6000 -2.5000 3.2000
-4.6000 -2.5000 3.3000
-4.6000 -2.5000 3.4000
-4.6000 -2.5000 3.5000
-4.6000 2.5000 0.0000
-4.6000 2.5000 0.1000
-4.6000 2.5000 0.2000
-4.6000 2.5000 0.3000
-4.6000 2.5000 0.4000
-4.6000 2.5000 0.5000
-4.6000 2.5000 0.6000
-4.6000 2.5000 0.7000
-4.6000 2.5000 0.8000
-4.6000 2.5000 0.9000
-4.6000 2.5000 1.0000
-4.6000 2.5000 1.1000
-4.6000 2.5000 1.2000
-4.6000 2.5000 1.3000
-4.6000 2.5000 1.4000
-4.6000 2.5000 1.5000
-4.6000 2.5000 1.6000
-4.6000 2.5000 1.7000
-4.6000 2.5000 1.8000
-4.6000 2.5000 1.9000
-4.6000 2.5000 2.0000
-4.6000 2.5000 2.1000
-4.6000 2.5000 2.2000
-4.6000 2.5000 2.3000
-4.6000 2.5000 2.4000
-4.6000 2.5000 2.5000
-4.6000 2.5000 2.6000
-4.6000 2.5000 2.7000
-4.6000 2.5000 2.8000
-4.6000 2.5000 2.9000
-4.6000 2.5000 3.0000
-4.6000 2.5000 3.1000
-4.6000 2.5000 3.2000
-4.6000 2.5000 3.3000
-4.6000 2.5000 3.4000
-4.6000 2.5000 3.5000
-4.6000 2.6000 0.0000
-4.6000 2.6000 3.5000
-4.6000 2.7000 0.0000
-4.6000 2.7000 0.1000
-4.6000 2.7000 0.2000
-4.6000 2.7000 0.3000
-4.6000 2.7000 0.4000
-4.6000 2.7000 0.5000
-4.6000 2.7000 0.6000
-4.6000 2.7000 0.7000
-4.6000 2.7000 0.8000
-4.6000 2.7000 0.9000
-4.6000 2.7000 1.0000
-4.6000 2.7000 1.1000
-4.6000 2.7000 1.2000
-4.6000 2.7000 1.3000
-4.6000 2.7000 1.4000
-4.6000 2.7000 1.5000
-4.6000 2.7000 1.6000
-4.6000 2.7000 1.7000
-4.6000 2.7000 1.8000
-4.6000 2.7000 1.9000
-4.6000 2.7000 2.0000
-4.6000 2.7000 2.1000
-4.6000 2.7000 2.2000
-4.6000 2.7000 2.3000
-4.6000 2.7000 2.4000
-4.6000 2.7000 2.5000
-4.6000 2.7000 2.6000
-4.6000 2.7000 2.7000
-4.6000 2.7000 2.8000
-4.6000 2.7000 2.9000
-4.6000 2.7000 3.0000
-4.6000 2.7000 3.1000
-4.6000 2.7000 3.2000
-4.6000 2.7000 3.3000
-4.6000 2.7000 3.4000
-4.6000 2.7000 3.5000
-4.5000 -2.7000 0.0000
-4.5000 -2.7000 0.1000
-4.5000 -2.7000 0.2000
-4.5000 -2.7000 0.3000
-4.5000 -2.7000 0.4000
-4.5000 -2.7000 0.5000
-4.5000 -2.7000 0.6000
-4.5000 -2.7000 0.7000
-4.5000 -2.7000 0.8000
-4.5000 -2.7000 0.9000
-4.5000 -2.7000 1.0000
-4.5000 -2.7000 1.1000
-4.5000 -2.7000 1.2000
-4.5000 -2.7000 1.3000
-4.5000 -2.7000 1.4000
-4.5000 -2.7000 1.5000
-4.5000 -2.7000 1.6000
-4.5000 -2.7000 1.7000
-4.5000 -2.7000 1.8000
-4.5000 -2.7000 1.9000
-4.5000 -2.7000 2.0000
-4.5000 -2.7000 2.1000
-4.5000 -2.7000 2.2000
-4.5000 -2.7000 2.3000
-4.5000 -2.7000 2.4000
-4.5000 -2.7000 2.5000
-4.5000 -2.7000 2.6000
-4.5000 -2.7000 2.7000
-4.5000 -2.7000 2.8000
-4.5000 -2.7000 2.9000
-4.5000 -2.7000 3.0000
-4.5000 -2.7000 3.1000
-4.5000 -2.7000 3.2000
-4.5000 -2.7000 3.3000
-4.5000 -2.7000 3.4000
-4.5000 -2.7000 3.5000
-4.5000 -2.6000 0.0000
-4.5000 -2.6000 3.5000
-4.5000 -2.5000 0.0000
-4.5000 -2.5000 0.1000
-4.5000 -2.5000 0.2000
-4.5000 -2.5000 0.3000
-4.5000 -2.5000 0.4000
-4.5000 -2.5000 0.5000
-4.5000 -2.5000 0.6000
-4.5000 -2.5000 0.7000
-4.5000 -2.5000 0.8000
-4.5000 -2.5000 0.9000
-4.5000 -2.5000 1.0000
-4.5000 -2.5000 1.1000
-4.5000 -2.5000 1.2000
-4.5000 -2.5000 1.3000
-4.5000 -2.5000 1.4000
-4.5000 -2.5000 1.5000
-4.5000 -2.5000 1.6000
-4.5000 -2.5000 1.7000
-4.5000 -2.5000 1.8000
-4.5000 -2.5000 1.9000
-4.5000 -2.5000 2.0000
-4.5000 -2.5000 2.1000
-4.5000 -2.5000 2.2000
-4.5000 -2.5000 2.3000
-4.5000 -2.5000 2.4000
-4.5000 -2.5000 2.5000
-4.5000 -2.5000 2.6000
-4.5000 -2.5000 2.7000
-4.5000 -2.5000 2.8000
-4.5000 -2.5000 2.9000
-4.5000 -2.5000 3.0000
-4.5000 -2.5000 3.1000
-4.5000 -2.5000 3.2000
-4.5000 -2.5000 3.3000
-4.5000 -2.5000 3.4000
-4.5000 -2.5000 3.5000
-4.5000 2.5000 0.0000
-4.5000 2.5000 0.1000
-4.5000 2.5000 0.2000
-4.5000 2.5000 0.3000
-4.5000 2.5000 0.4000
-4.5000 2.5000 0.5000
-4.5000 2.5000 0.6000
-4.5000 2.5000 0.7000
-4.5000 2.5000 0.8000
-4.5000 2.5000 0.9000
-4.5000 2.5000 1.0000
-4.5000 2.5000 1.1000
-4.5000 2.5000 1.2000
-4.5000 2.5000 1.3000
-4.5000 2.5000 1.4000
-4.5000 2.5000 1.5000
-4.5000 2.5000 1.6000
-4.5000 2.5000 1.7000
-4.5000 2.5000 1.8000
-4.5000 2.5000 1.9000
-4.5000 2.5000 2.0000
-4.5000 2.5000 2.1000
-4.5000 2.5000 2.2000
-4.5000 2.5000 2.3000
-4.5000 2.5000 2.4000
-4.5000 2.5000 2.5000
-4.5000 2.5000 2.6000
-4.5000 2.5000 2.7000
-4.5000 2.5000 2.8000
-4.5000 2.5000 2.9000
-4.5000 2.5000 3.0000
-4.5000 2.5000 3.1000
-4.5000 2.5000 3.2000
-4.5000 2.5000 3.3000
-4.5000 2.5000 3.4000
-4.5000 2.5000 3.5000
-4.5000 2.6000 0.0000
-4.5000 2.6000 3.5000
-4.5000 2.7000 0.0000
-4.5000 2.7000 0.1000
-4.5000 2.7000 0.2000
-4.5000 2.7000 0.3000
-4.5000 2.7000 0.4000
-4.5000 2.7000 0.5000
-4.5000 2.7000 0.6000
-4.5000 2.7000 0.7000
-4.5000 2.7000 0.8000
-4.5000 2.7000 0.9000
-4.5000 2.7000 1.0000
-4.5000 2.7000 1.1000
-4.5000 2.7000 1.2000
-4.5000 2.7000 1.3000
-4.5000 2.7000 1.4000
-4.5000 2.7000 1.5000
-4.5000 2.7000 1.6000
-4.5000 2.7000 1.7000
-4.5000 2.7000 1.8000
-4.5000 2.7000 1.9000
-4.5000 2.7000 2.0000
-4.5000 2.7000 2.1000
-4.5000 2.7000 2.2000
-4.5000 2.7000 2.3000
-4.5000 2.7000 2.4000
-4.5000 2.7000 2.5000
-4.5000 2.7000 2.6000
-4.5000 2.7000 2.7000
-4.5000 2.7000 2.8000
-4.5000 2.7000 2.9000
-4.5000 2.7000 3.0000
-4.5000 2.7000 3.1000
-4.5000 2.7000 3.2000
-4.5000 2.7000 3.3000
-4.5000 2.7000 3.4000
-4.5000 2.7000 3.5000
-4.4000 -2.7000 0.0000
-4.4000 -2.7000 0.1000
-4.4000 -2.7000 0.2000
-4.4000 -2.7000 0.3000
-4.4000 -2.7000 0.4000
-4.4000 -2.7000 0.5000
-4.4000 -2.7000 0.6000
-4.4000 -2.7000 0.7000
-4.4000 -2.7000 0.8000
-4.4000 -2.7000 0.9000
-4.4000 -2.7000 1.0000
-4.4000 -2.7000 1.1000
-4.4000 -2.7000 1.2000
-4.4000 -2.7000 1.3000
-4.4000 -2.7000 1.4000
-4.4000 -2.7000 1.5000
-4.4000 -2.7000 1.6000
-4.4000 -2.7000 1.7000
-4.4000 -2.7000 1.8000
-4.4000 -2.7000 1.9000
-4.4000 -2.7000 2.0000
-4.4000 -2.7000 2.1000
-4.4000 -2.7000 2.2000
-4.4000 -2.7000 2.3000
-4.4000 -2.7000 2.4000
-4.4000 -2.7000 2.5000
-4.4000 -2.7000 2.6000
-4.4000 -2.7000 2.7000
-4.4000 -2.7000 2.8000
-4.4000 -2.7000 2.9000
-4.4000 -2.7000 3.0000
-4.4000 -2.7000 3.1000
-4.4000 -2.7000 3.2000
-4.4000 -2.7000 3.3000
-4.4000 -2.7000 3.4000
-4.4000 -2.7000 3.5000
-4.4000 -2.6000 0.0000
-4.4000 -2.6000 3.5000
-4.4000 -2.5000 0.0000
-4.4000 -2.5000 0.1000
-4.4000 -2.5000 0.2000
-4.4000 -2.5000 0.3000
-4.4000 -2.5000 0.4000
-4.4000 -2.5000 0.5000
-4.4000 -2.5000 0.6000
-4.4000 -2.5000 0.7000
-4.4000 -2.5000 0.8000
-4.4000 -2.5000 0.9000
-4.4000 -2.5000 1.0000
-4.4000 -2.5000 1.1000
-4.4000 -2.5000 1.2000
-4.4000 -2.5000 1.3000
-4.4000 -2.5000 1.4000
-4.4000 -2.5000 1.5000
-4.4000 -2.5000 1.6000
-4.4000 -2.5000 1.7000
-4.4000 -2.5000 1.8000
-4.4000 -2.5000 1.9000
-4.4000 -2.5000 2.0000
-4.4000 -2.5000 2.1000
-4.4000 -2.5000 2.2000
-4.4000 -2.5000 2.3000
-4.4000 -2.5000 2.4000
-4.4000 -2.5000 2.5000
-4.4000 -2.5000 2.6000
-4.4000 -2.5000 2.7000
-4.4000 -2.5000 2.8000
-4.4000 -2.5000 2.9000
-4.4000 -2.5000 3.0000
-4.4000 -2.5000 3.1000
-4.4000 -2.5000 3.2000
-4.4000 -2.5000 3.3000
-4.4000 -2.5000 3.4000
-4.4000 -2.5000 3.5000
-4.4000 2.5000 0.0000
-4.4000 2.5000 0.1000
-4.4000 2.5000 0.2000
-4.4000 2.5000 0.3000
-4.4000 2.5000 0.4000
-4.4000 2.5000 0.5000
-4.4000 2.5000 0.6000
-4.4000 2.5000 0.7000
-4.4000 2.5000 0.8000
-4.4000 2.5000 0.9000
-4.4000 2.5000 1.0000
-4.4000 2.5000 1.1000
-4.4000 2.5000 1.2000
-4.4000 2.5000 1.3000
-4.4000 2.5000 1.4000
-4.4000 2.5000 1.5000
-4.4000 2.5000 1.6000
-4.4000 2.5000 1.7000
-4.4000 2.5000 1.8000
-4.4000 2.5000 1.9000
-4.4000 2.5000 2.0000
-4.4000 2.5000 2.1000
-4.4000 2.5000 2.2000
-4.4000 2.5000 2.3000
-4.4000 2.5000 2.4000
-4.4000 2.5000 2.5000
-4.4000 2.5000 2.6000
-4.4000 2.5000 2.7000
-4.4000 2.5000 2.8000
-4.4000 2.5000 2.9000
-4.4000 2.5000 3.0000
-4.4000 2.5000 3.1000
-4.4000 2.5000 3.2000
-4.4000 2.5000 3.3000
-4.4000 2.5000 3.4000
-4.4000 2.5000 3.5000
-4.4000 2.6000 0.0000
-4.4000 2.6000 3.5000
-4.4000 2.7000 0.0000
-4.4000 2.7000 0.1000
-4.4000 2.7000 0.2000
-4.4000 2.7000 0.3000
-4.4000 2.7000 0.4000
-4.4000 2.7000 0.5000
-4.4000 2.7000 0.6000
-4.4000 2.7000 0.7000
-4.4000 2.7000 0.8000
-4.4000 2.7000 0.9000
-4.4000 2.7000 1.0000
-4.4000 2.7000 1.1000
-4.4000 2.7000 1.2000
-4.4000 2.7000 1.3000
-4.4000 2.7000 1.4000
-4.4000 2.7000 1.5000
-4.4000 2.7000 1.6000
-4.4000 2.7000 1.7000
-4.4000 2.7000 1.8000
-4.4000 2.7000 1.9000
-4.4000 2.7000 2.0000
-4.4000 2.7000 2.1000
-4.4000 2.7000 2.2000
-4.4000 2.7000 2.3000
-4.4000 2.7000 2.4000
-4.4000 2.7000 2.5000
-4.4000 2.7000 2.6000
-4.4000 2.7000 2.7000
-4.4000 2.7000 2.8000
-4.4000 2.7000 2.9000
-4.4000 2.7000 3.0000
-4.4000 2.7000 3.1000
-4.4000 2.7000 3.2000
-4.4000 2.7000 3.3000
-4.4000 2.7000 3.4000
-4.4000 2.7000 3.5000
-4.3000 -2.7000 0.0000
-4.3000 -2.7000 0.1000
-4.3000 -2.7000 0.2000
-4.3000 -2.7000 0.3000
-4.3000 -2.7000 0.4000
-4.3000 -2.7000 0.5000
-4.3000 -2.7000 0.6000
-4.3000 -2.7000 0.7000
-4.3000 -2.7000 0.8000
-4.3000 -2.7000 0.9000
-4.3000 -2.7000 1.0000
-4.3000 -2.7000 1.1000
-4.3000 -2.7000 1.2000
-4.3000 -2.7000 1.3000
-4.3000 -2.7000 1.4000
-4.3000 -2.7000 1.5000
-4.3000 -2.7000 1.6000
-4.3000 -2.7000 1.7000
-4.3000 -2.7000 1.8000
-4.3000 -2.7000 1.9000
-4.3000 -2.7000 2.0000
-4.3000 -2.7000 2.1000
-4.3000 -2.7000 2.2000
-4.3000 -2.7000 2.3000
-4.3000 -2.7000 2.4000
-4.3000 -2.7000 2.5000
-4.3000 -2.7000 2.6000
-4.3000 -2.7000 2.7000
-4.3000 -2.7000 2.8000
-4.3000 -2.7000 2.9000
-4.3000 -2.7000 3.0000
-4.3000 -2.7000 3.1000
-4.3000 -2.7000 3.2000
-4.3000 -2.7000 3.3000
-4.3000 -2.7000 3.4000
-4.3000 -2.7000 3.5000
-4.3000 -2.6000 0.0000
-4.3000 -2.6000 3.5000
-4.3000 -2.5000 0.0000
-4.3000 -2.5000 0.1000
-4.3000 -2.5000 0.2000
-4.3000 -2.5000 0.3000
-4.3000 -2.5000 0.4000
-4.3000 -2.5000 0.5000
-4.3000 -2.5000 0.6000
-4.3000 -2.5000 0.7000
-4.3000 -2.5000 0.8000
-4.3000 -2.5000 0.9000
-4.3000 -2.5000 1.0000
-4.3000 -2.5000 1.1000
-4.3000 -2.5000 1.2000
-4.3000 -2.5000 1.3000
-4.3000 -2.5000 1.4000
-4.3000 -2.5000 1.5000
-4.3000 -2.5000 1.6000
-4.3000 -2.5000 1.7000
-4.3000 -2.5000 1.8000
-4.3000 -2.5000 1.9000
-4.3000 -2.5000 2.0000
-4.3000 -2.5000 2.1000
-4.3000 -2.5000 2.2000
-4.3000 -2.5000 2.3000
-4.3000 -2.5000 2.4000
-4.3000 -2.5000 2.5000
-4.3000 -2.5000 2.6000
-4.3000 -2.5000 2.7000
-4.3000 -2.5000 2.8000
-4.3000 -2.5000 2.9000
-4.3000 -2.5000 3.0000
-4.3000 -2.5000 3.1000
-4.3000 -2.5000 3.2000
-4.3000 -2.5000 3.3000
-4.3000 -2.5000 3.4000
-4.3000 -2.5000 3.5000
-4.3000 2.5000 0.0000
-4.3000 2.5000 0.1000
-4.3000 2.5000 0.2000
-4.3000 2.5000 0.3000
-4.3000 2.5000 0.4000
-4.3000 2.5000 0.5000
-4.3000 2.5000 0.6000
-4.3000 2.5000 0.7000
-4.3000 2.5000 0.8000
-4.3000 2.5000 0.9000
-4.3000 2.5000 1.0000
-4.3000 2.5000 1.1000
-4.3000 2.5000 1.2000
-4.3000 2.5000 1.3000
-4.3000 2.5000 1.4000
-4.3000 2.5000 1.5000
-4.3000 2.5000 1.6000
-4.3000 2.5000 1.7000
-4.3000 2.5000 1.8000
-4.3000 2.5000 1.9000
-4.3000 2.5000 2.0000
-4.3000 2.5000 2.1000
-4.3000 2.5000 2.2000
-4.3000 2.5000 2.3000
-4.3000 2.5000 2.4000
-4.3000 2.5000 2.5000
-4.3000 2.5000 2.6000
-4.3000 2.5000 2.7000
-4.3000 2.5000 2.8000
-4.3000 2.5000 2.9000
-4.3000 2.5000 3.0000
-4.3000 2.5000 3.1000
-4.3000 2.5000 3.2000
-4.3000 2.5000 3.3000
-4.3000 2.5000 3.4000
-4.3000 2.5000 3.5000
-4.3000 2.6000 0.0000
-4.3000 2.6000 3.5000
-4.3000 2.7000 0.0000
-4.3000 2.7000 0.1000
-4.3000 2.7000 0.2000
-4.3000 2.7000 0.3000
-4.3000 2.7000 0.4000
-4.3000 2.7000 0.5000
-4.3000 2.7000 0.6000
-4.3000 2.7000 0.7000
-4.3000 2.7000 0.8000
-4.3000 2.7000 0.9000
-4.3000 2.7000 1.0000
-4.3000 2.7000 1.1000
-4.3000 2.7000 1.2000
-4.3000 2.7000 1.3000
-4.3000 2.7000 1.4000
-4.3000 2.7000 1.5000
-4.3000 2.7000 1.6000
-4.3000 2.7000 1.7000
-4.3000 2.7000 1.8000
-4.3000 2.7000 1.9000
-4.3000 2.7000 2.0000
-4.3000 2.7000 2.1000
-4.3000 2.7000 2.2000
-4.3000 2.7000 2.3000
-4.3000 2.7000 2.4000
-4.3000 2.7000 2.5000
-4.3000 2.7000 2.6000
-4.3000 2.7000 2.7000
-4.3000 2.7000 2.8000
-4.3000 2.7000 2.9000
-4.3000 2.7000 3.0000
-4.3000 2.7000 3.1000
-4.3000 2.7000 3.2000
-4.3000 2.7000 3.3000
-4.3000 2.7000 3.4000
-4.3000 2.7000 3.5000
-4.2000 -2.7000 0.0000
-4.2000 -2.7000 0.1000
-4.2000 -2.7000 0.2000
-4.2000 -2.7000 0.3000
-4.2000 -2.7000 0.4000
-4.2000 -2.7000 0.5000
-4.2000 -2.7000 0.6000
-4.2000 -2.7000 0.7000
-4.2000 -2.7000 0.8000
-4.2000 -2.7000 0.9000
-4.2000 -2.7000 1.0000
-4.2000 -2.7000 1.1000
-4.2000 -2.7000 1.2000
-4.2000 -2.7000 1.3000
-4.2000 -2.7000 1.4000
-4.2000 -2.7000 1.5000
-4.2000 -2.7000 1.6000
-4.2000 -2.7000 1.7000
-4.2000 -2.7000 1.8000
-4.2000 -2.7000 1.9000
-4.2000 -2.7000 2.0000
-4.2000 -2.7000 2.1000
-4.2000 -2.7000 2.2000
-4.2000 -2.7000 2.3000
-4.2000 -2.7000 2.4000
-4.2000 -2.7000 2.5000
-4.2000 -2.7000 2.6000
-4.2000 -2.7000 2.7000
-4.2000 -2.7000 2.8000
-4.2000 -2.7000 2.9000
-4.2000 -2.7000 3.0000
-4.2000 -2.7000 3.1000
-4.2000 -2.7000 3.2000
-4.2000 -2.7000 3.3000
-4.2000 -2.7000 3.4000
-4.2000 -2.7000 3.5000
-4.2000 -2.6000 0.0000
-4.2000 -2.6000 3.5000
-4.2000 -2.5000 0.0000
-4.2000 -2.5000 0.1000
-4.2000 -2.5000 0.2000
-4.2000 -2.5000 0.3000
-4.2000 -2.5000 0.4000
-4.2000 -2.5000 0.5000
-4.2000 -2.5000 0.6000
-4.2000 -2.5000 0.7000
-4.2000 -2.5000 0.8000
-4.2000 -2.5000 0.9000
-4.2000 -2.5000 1.0000
-4.2000 -2.5000 1.1000
-4.2000 -2.5000 1.2000
-4.2000 -2.5000 1.3000
-4.2000 -2.5000 1.4000
-4.2000 -2.5000 1.5000
-4.2000 -2.5000 1.6000
-4.2000 -2.5000 1.7000
-4.2000 -2.5000 1.8000
-4.2000 -2.5000 1.9000
-4.2000 -2.5000 2.0000
-4.2000 -2.5000 2.1000
-4.2000 -2.5000 2.2000
-4.2000 -2.5000 2.3000
-4.2000 -2.5000 2.4000
-4.2000 -2.5000 2.5000
-4.2000 -2.5000 2.6000
-4.2000 -2.5000 2.7000
-4.2000 -2.5000 2.8000
-4.2000 -2.5000 2.9000
-4.2000 -2.5000 3.0000
-4.2000 -2.5000 3.1000
-4.2000 -2.5000 3.2000
-4.2000 -2.5000 3.3000
-4.2000 -2.5000 3.4000
-4.2000 -2.5000 3.5000
-4.2000 2.5000 0.0000
-4.2000 2.5000 0.1000
-4.2000 2.5000 0.2000
-4.2000 2.5000 0.3000
-4.2000 2.5000 0.4000
-4.2000 2.5000 0.5000
-4.2000 2.5000 0.6000
-4.2000 2.5000 0.7000
-4.2000 2.5000 0.8000
-4.2000 2.5000 0.9000
-4.2000 2.5000 1.0000
-4.2000 2.5000 1.1000
-4.2000 2.5000 1.2000
-4.2000 2.5000 1.3000
-4.2000 2.5000 1.4000
-4.2000 2.5000 1.5000
-4.2000 2.5000 1.6000
-4.2000 2.5000 1.7000
-4.2000 2.5000 1.8000
-4.2000 2.5000 1.9000
-4.2000 2.5000 2.0000
-4.2000 2.5000 2.1000
-4.2000 2.5000 2.2000
-4.2000 2.5000 2.3000
-4.2000 2.5000 2.4000
-4.2000 2.5000 2.5000
-4.2000 2.5000 2.6000
-4.2000 2.5000 2.7000
-4.2000 2.5000 2.8000
-4.2000 2.5000 2.9000
-4.2000 2.5000 3.0000
-4.2000 2.5000 3.1000
-4.2000 2.5000 3.2000
-4.2000 2.5000 3.3000
-4.2000 2.5000 3.4000
-4.2000 2.5000 3.5000
-4.2000 2.6000 0.0000
-4.2000 2.6000 3.5000
-4.2000 2.7000 0.0000
-4.2000 2.7000 0.1000
-4.2000 2.7000 0.2000
-4.2000 2.7000 0.3000
-4.2000 2.7000 0.4000
-4.2000 2.7000 0.5000
-4.2000 2.7000 0.6000
-4.2000 2.7000 0.7000
-4.2000 2.7000 0.8000
-4.2000 2.7000 0.9000
-4.2000 2.7000 1.0000
-4.2000 2.7000 1.1000
-4.2000 2.7000 1.2000
-4.2000 2.7000 1.3000
-4.2000 2.7000 1.4000
-4.2000 2.7000 1.5000
-4.2000 2.7000 1.6000
-4.2000 2.7000 1.7000
-4.2000 2.7000 1.8000
-4.2000 2.7000 1.9000
-4.2000 2.7000 2.0000
-4.2000 2.7000 2.1000
-4.2000 2.7000 2.2000
-4.2000 2.7000 2.3000
-4.2000 2.7000 2.4000
-4.2000 2.7000 2.5000
-4.2000 2.7000 2.6000
-4.2000 2.7000 2.7000
-4.2000 2.7000 2.8000
-4.2000 2.7000 2.9000
-4.2000 2.7000 3.0000
-4.2000 2.7000 3.1000
-4.2000 2.7000 3.2000
-4.2000 2.7000 3.3000
-4.2000 2.7000 3.4000
-4.2000 2.7000 3.5000
-4.1000 -2.7000 0.0000
-4.1000 -2.7000 0.1000
-4.1000 -2.7000 0.2000
-4.1000 -2.7000 0.3000
-4.1000 -2.7000 0.4000
-4.1000 -2.7000 0.5000
-4.1000 -2.7000 0.6000
-4.1000 -2.7000 0.7000
-4.1000 -2.7000 0.8000
-4.1000 -2.7000 0.9000
-4.1000 -2.7000 1.0000
-4.1000 -2.7000 1.1000
-4.1000 -2.7000 1.2000
-4.1000 -2.7000 1.3000
-4.1000 -2.7000 1.4000
-4.1000 -2.7000 1.5000
-4.1000 -2.7000 1.6000
-4.1000 -2.7000 1.7000
-4.1000 -2.7000 1.8000
-4.1000 -2.7000 1.9000
-4.1000 -2.7000 2.0000
-4.1000 -2.7000 2.1000
-4.1000 -2.7000 2.2000
-4.1000 -2.7000 2.3000
-4.1000 -2.7000 2.4000
-4.1000 -2.7000 2.5000
-4.1000 -2.7000 2.6000
-4.1000 -2.7000 2.7000
-4.1000 -2.7000 2.8000
-4.1000 -2.7000 2.9000
-4.1000 -2.7000 3.0000
-4.1000 -2.7000 3.1000
-4.1000 -2.7000 3.2000
-4.1000 -2.7000 3.3000
-4.1000 -2.7000 3.4000
-4.1000 -2.7000 3.5000
-4.1000 -2.6000 0.0000
-4.1000 -2.6000 3.5000
-4.1000 -2.5000 0.0000
-4.1000 -2.5000 0.1000
-4.1000 -2.5000 0.2000
-4.1000 -2.5000 0.3000
-4.1000 -2.5000 0.4000
-4.1000 -2.5000 0.5000
-4.1000 -2.5000 0.6000
-4.1000 -2.5000 0.7000
-4.1000 -2.5000 0.8000
-4.1000 -2.5000 0.9000
-4.1000 -2.5000 1.0000
-4.1000 -2.5000 1.1000
-4.1000 -2.5000 1.2000
-4.1000 -2.5000 1.3000
-4.1000 -2.5000 1.4000
-4.1000 -2.5000 1.5000
-4.1000 -2.5000 1.6000
-4.1000 -2.5000 1.7000
-4.1000 -2.5000 1.8000
-4.1000 -2.5000 1.9000
-4.1000 -2.5000 2.0000
-4.1000 -2.5000 2.1000
-4.1000 -2.5000 2.2000
-4.1000 -2.5000 2.3000
-4.1000 -2.5000 2.4000
-4.1000 -2.5000 2.5000
-4.1000 -2.5000 2.6000
-4.1000 -2.5000 2.7000
-4.1000 -2.5000 2.8000
-4.1000 -2.5000 2.9000
-4.1000 -2.5000 3.0000
-4.1000 -2.5000 3.1000
-4.1000 -2.5000 3.2000
-4.1000 -2.5000 3.3000
-4.1000 -2.5000 3.4000
-4.1000 -2.5000 3.5000
-4.1000 2.5000 0.0000
-4.1000 2.5000 0.1000
-4.1000 2.5000 0.2000
-4.1000 2.5000 0.3000
-4.1000 2.5000 0.4000
-4.1000 2.5000 0.5000
-4.1000 2.5000 0.6000
-4.1000 2.5000 0.7000
-4.1000 2.5000 0.8000
-4.1000 2.5000 0.9000
-4.1000 2.5000 1.0000
-4.1000 2.5000 1.1000
-4.1000 2.5000 1.2000
-4.1000 2.5000 1.3000
-4.1000 2.5000 1.4000
-4.1000 2.5000 1.5000
-4.1000 2.5000 1.6000
-4.1000 2.5000 1.7000
-4.1000 2.5000 1.8000
-4.1000 2.5000 1.9000
-4.1000 2.5000 2.0000
-4.1000 2.5000 2.1000
-4.1000 2.5000 2.2000
-4.1000 2.5000 2.3000
-4.1000 2.5000 2.4000
-4.1000 2.5000 2.5000
-4.1000 2.5000 2.6000
-4.1000 2.5000 2.7000
-4.1000 2.5000 2.8000
-4.1000 2.5000 2.9000
-4.1000 2.5000 3.0000
-4.1000 2.5000 3.1000
-4.1000 2.5000 3.2000
-4.1000 2.5000 3.3000
-4.1000 2.5000 3.4000
-4.1000 2.5000 3.5000
-4.1000 2.6000 0.0000
-4.1000 2.6000 3.5000
-4.1000 2.7000 0.0000
-4.1000 2.7000 0.1000
-4.1000 2.7000 0.2000
-4.1000 2.7000 0.3000
-4.1000 2.7000 0.4000
-4.1000 2.7000 0.5000
-4.1000 2.7000 0.6000
-4.1000 2.7000 0.7000
-4.1000 2.7000 0.8000
-4.1000 2.7000 0.9000
-4.1000 2.7000 1.0000
-4.1000 2.7000 1.1000
-4.1000 2.7000 1.2000
-4.1000 2.7000 1.3000
-4.1000 2.7000 1.4000
-4.1000 2.7000 1.5000
-4.1000 2.7000 1.6000
-4.1000 2.7000 1.7000
-4.1000 2.7000 1.8000
-4.1000 2.7000 1.9000
-4.1000 2.7000 2.0000
-4.1000 2.7000 2.1000
-4.1000 2.7000 2.2000
-4.1000 2.7000 2.3000
-4.1000 2.7000 2.4000
-4.1000 2.7000 2.5000
-4.1000 2.7000 2.6000
-4.1000 2.7000 2.7000
-4.1000 2.7000 2.8000
-4.1000 2.7000 2.9000
-4.1000 2.7000 3.0000
-4.1000 2.7000 3.1000
-4.1000 2.7000 3.2000
-4.1000 2.7000 3.3000
-4.1000 2.7000 3.4000
-4.1000 2.7000 3.5000
-4.0000 -2.7000 0.0000
-4.0000 -2.7000 0.1000
-4.0000 -2.7000 0.2000
-4.0000 -2.7000 0.3000
-4.0000 -2.7000 0.4000
-4.0000 -2.7000 0.5000
-4.0000 -2.7000 0.6000
-4.0000 -2.7000 0.7000
-4.0000 -2.7000 0.8000
-4.0000 -2.7000 0.9000
-4.0000 -2.7000 1.0000
-4.0000 -2.7000 1.1000
-4.0000 -2.7000 1.2000
-4.0000 -2.7000 1.3000
-4.0000 -2.7000 1.4000
-4.0000 -2.7000 1.5000
-4.0000 -2.7000 1.6000
-4.0000 -2.7000 1.7000
-4.0000 -2.7000 1.8000
-4.0000 -2.7000 1.9000
-4.0000 -2.7000 2.0000
-4.0000 -2.7000 2.1000
-4.0000 -2.7000 2.2000
-4.0000 -2.7000 2.3000
-4.0000 -2.7000 2.4000
-4.0000 -2.7000 2.5000
-4.0000 -2.7000 2.6000
-4.0000 -2.7000 2.7000
-4.0000 -2.7000 2.8000
-4.0000 -2.7000 2.9000
-4.0000 -2.7000 3.0000
-4.0000 -2.7000 3.1000
-4.0000 -2.7000 3.2000
-4.0000 -2.7000 3.3000
-4.0000 -2.7000 3.4000
-4.0000 -2.7000 3.5000
-4.0000 -2.6000 0.0000
-4.0000 -2.6000 3.5000
-4.0000 -2.5000 0.0000
-4.0000 -2.5000 0.1000
-4.0000 -2.5000 0.2000
-4.0000 -2.5000 0.3000
-4.0000 -2.5000 0.4000
-4.0000 -2.5000 0.5000
-4.0000 -2.5000 0.6000
-4.0000 -2.5000 0.7000
-4.0000 -2.5000 0.8000
-4.0000 -2.5000 0.9000
-4.0000 -2.5000 1.0000
-4.0000 -2.5000 1.1000
-4.0000 -2.5000 1.2000
-4.0000 -2.5000 1.3000
-4.0000 -2.5000 1.4000
-4.0000 -2.5000 1.5000
-4.0000 -2.5000 1.6000
-4.0000 -2.5000 1.7000
-4.0000 -2.5000 1.8000
-4.0000 -2.5000 1.9000
-4.0000 -2.5000 2.0000
-4.0000 -2.5000 2.1000
-4.0000 -2.5000 2.2000
-4.0000 -2.5000 2.3000
-4.0000 -2.5000 2.4000
-4.0000 -2.5000 2.5000
-4.0000 -2.5000 2.6000
-4.0000 -2.5000 2.7000
-4.0000 -2.5000 2.8000
-4.0000 -2.5000 2.9000
-4.0000 -2.5000 3.0000
-4.0000 -2.5000 3.1000
-4.0000 -2.5000 3.2000
-4.0000 -2.5000 3.3000
-4.0000 -2.5000 3.4000
-4.0000 -2.5000 3.5000
-4.0000 2.5000 0.0000
-4.0000 2.5000 0.1000
-4.0000 2.5000 0.2000
-4.0000 2.5000 0.3000
-4.0000 2.5000 0.4000
-4.0000 2.5000 0.5000
-4.0000 2.5000 0.6000
-4.0000 2.5000 0.7000
-4.0000 2.5000 0.8000
-4.0000 2.5000 0.9000
-4.0000 2.5000 1.0000
-4.0000 2.5000 1.1000
-4.0000 2.5000 1.2000
-4.0000 2.5000 1.3000
-4.0000 2.5000 1.4000
-4.0000 2.5000 1.5000
-4.0000 2.5000 1.6000
-4.0000 2.5000 1.7000
-4.0000 2.5000 1.8000
-4.0000 2.5000 1.9000
-4.0000 2.5000 2.0000
-4.0000 2.5000 2.1000
-4.0000 2.5000 2.2000
-4.0000 2.5000 2.3000
-4.0000 2.5000 2.4000
-4.0000 2.5000 2.5000
-4.0000 2.5000 2.6000
-4.0000 2.5000 2.7000
-4.0000 2.5000 2.8000
-4.0000 2.5000 2.9000
-4.0000 2.5000 3.0000
-4.0000 2.5000 3.1000
-4.0000 2.5000 3.2000
-4.0000 2.5000 3.3000
-4.0000 2.5000 3.4000
-4.0000 2.5000 3.5000
-4.0000 2.6000 0.0000
-4.0000 2.6000 3.5000
-4.0000 2.7000 0.0000
-4.0000 2.7000 0.1000
-4.0000 2.7000 0.2000
-4.0000 2.7000 0.3000
-4.0000 2.7000 0.4000
-4.0000 2.7000 0.5000
-4.0000 2.7000 0.6000
-4.0000 2.7000 0.7000
-4.0000 2.7000 0.8000
-4.0000 2.7000 0.9000
-4.0000 2.7000 1.0000
-4.0000 2.7000 1.1000
-4.0000 2.7000 1.2000
-4.0000 2.7000 1.3000
-4.0000 2.7000 1.4000
-4.0000 2.7000 1.5000
-4.0000 2.7000 1.6000
-4.0000 2.7000 1.7000
-4.0000 2.7000 1.8000
-4.0000 2.7000 1.9000
-4.0000 2.7000 2.0000
-4.0000 2.7000 2.1000
-4.0000 2.7000 2.2000
-4.0000 2.7000 2.3000
-4.0000 2.7000 2.4000
-4.0000 2.7000 2.5000
-4.0000 2.7000 2.6000
-4.0000 2.7000 2.7000
-4.0000 2.7000 2.8000
-4.0000 2.7000 2.9000
-4.0000 2.7000 3.0000
-4.0000 2.7000 3.1000
-4.0000 2.7000 3.2000
-4.0000 2.7000 3.3000
-4.0000 2.7000 3.4000
-4.0000 2.7000 3.5000
-3.9000 -2.7000 0.0000
-3.9000 -2.7000 0.1000
-3.9000 -2.7000 0.2000
-3.9000 -2.7000 0.3000
-3.9000 -2.7000 0.4000
-3.9000 -2.7000 0.5000
-3.9000 -2.7000 0.6000
-3.9000 -2.7000 0.7000
-3.9000 -2.7000 0.8000
-3.9000 -2.7000 0.9000
-3.9000 -2.7000 1.0000
-3.9000 -2.7000 1.1000
-3.9000 -2.7000 1.2000
-3.9000 -2.7000 1.3000
-3.9000 -2.7000 1.4000
-3.9000 -2.7000 1.5000
-3.9000 -2.7000 1.6000
-3.9000 -2.7000 1.7000
-3.9000 -2.7000 1.8000
-3.9000 -2.7000 1.9000
-3.9000 -2.7000 2.0000
-3.9000 -2.7000 2.1000
-3.9000 -2.7000 2.2000
-3.9000 -2.7000 2.3000
-3.9000 -2.7000 2.4000
-3.9000 -2.7000 2.5000
-3.9000 -2.7000 2.6000
-3.9000 -2.7000 2.7000
-3.9000 -2.7000 2.8000
-3.9000 -2.7000 2.9000
-3.9000 -2.7000 3.0000
-3.9000 -2.7000 3.1000
-3.9000 -2.7000 3.2000
-3.9000 -2.7000 3.3000
-3.9000 -2.7000 3.4000
-3.9000 -2.7000 3.5000
-3.9000 -2.6000 0.0000
-3.9000 -2.6000 3.5000
-3.9000 -2.5000 0.0000
-3.9000 -2.5000 0.1000
-3.9000 -2.5000 0.2000
-3.9000 -2.5000 0.3000
-3.9000 -2.5000 0.4000
-3.9000 -2.5000 0.5000
-3.9000 -2.5000 0.6000
-3.9000 -2.5000 0.7000
-3.9000 -2.5000 0.8000
-3.9000 -2.5000 0.9000
-3.9000 -2.5000 1.0000
-3.9000 -2.5000 1.1000
-3.9000 -2.5000 1.2000
-3.9000 -2.5000 1.3000
-3.9000 -2.5000 1.4000
-3.9000 -2.5000 1.5000
-3.9000 -2.5000 1.6000
-3.9000 -2.5000 1.7000
-3.9000 -2.5000 1.8000
-3.9000 -2.5000 1.9000
-3.9000 -2.5000 2.0000
-3.9000 -2.5000 2.1000
-3.9000 -2.5000 2.2000
-3.9000 -2.5000 2.3000
-3.9000 -2.5000 2.4000
-3.9000 -2.5000 2.5000
-3.9000 -2.5000 2.6000
-3.9000 -2.5000 2.7000
-3.9000 -2.5000 2.8000
-3.9000 -2.5000 2.9000
-3.9000 -2.5000 3.0000
-3.9000 -2.5000 3.1000
-3.9000 -2.5000 3.2000
-3.9000 -2.5000 3.3000
-3.9000 -2.5000 3.4000
-3.9000 -2.5000 3.5000
-3.9000 2.5000 0.0000
-3.9000 2.5000 0.1000
-3.9000 2.5000 0.2000
-3.9000 2.5000 0.3000
-3.9000 2.5000 0.4000
-3.9000 2.5000 0.5000
-3.9000 2.5000 0.6000
-3.9000 2.5000 0.7000
-3.9000 2.5000 0.8000
-3.9000 2.5000 0.9000
-3.9000 2.5000 1.0000
-3.9000 2.5000 1.1000
-3.9000 2.5000 1.2000
-3.9000 2.5000 1.3000
-3.9000 2.5000 1.4000
-3.9000 2.5000 1.5000
-3.9000 2.5000 1.6000
-3.9000 2.5000 1.7000
-3.9000 2.5000 1.8000
-3.9000 2.5000 1.9000
-3.9000 2.5000 2.0000
-3.9000 2.5000 2.1000
-3.9000 2.5000 2.2000
-3.9000 2.5000 2.3000
-3.9000 2.5000 2.4000
-3.9000 2.5000 2.5000
-3.9000 2.5000 2.6000
-3.9000 2.5000 2.7000
-3.9000 2.5000 2.8000
-3.9000 2.5000 2.9000
-3.9000 2.5000 3.0000
-3.9000 2.5000 3.1000
-3.9000 2.5000 3.2000
-3.9000 2.5000 3.3000
-3.9000 2.5000 3.4000
-3.9000 2.5000 3.5000
-3.9000 2.6000 0.0000
-3.9000 2.6000 3.5000
-3.9000 2.7000 0.0000
-3.9000 2.7000 0.1000
-3.9000 2.7000 0.2000
-3.9000 2.7000 0.3000
-3.9000 2.7000 0.4000
-3.9000 2.7000 0.5000
-3.9000 2.7000 0.6000
-3.9000 2.7000 0.7000
-3.9000 2.7000 0.8000
-3.9000 2.7000 0.9000
-3.9000 2.7000 1.0000
-3.9000 2.7000 1.1000
-3.9000 2.7000 1.2000
-3.9000 2.7000 1.3000
-3.9000 2.7000 1.4000
-3.9000 2.7000 1.5000
-3.9000 2.7000 1.6000
-3.9000 2.7000 1.7000
-3.9000 2.7000 1.8000
-3.9000 2.7000 1.9000
-3.9000 2.7000 2.0000
-3.9000 2.7000 2.1000
-3.9000 2.7000 2.2000
-3.9000 2.7000 2.3000
-3.9000 2.7000 2.4000
-3.9000 2.7000 2.5000
-3.9000 2.7000 2.6000
-3.9000 2.7000 2.7000
-3.9000 2.7000 2.8000
-3.9000 2.7000 2.9000
-3.9000 2.7000 3.0000
-3.9000 2.7000 3.1000
-3.9000 2.7000 3.2000
-3.9000 2.7000 3.3000
-3.9000 2.7000 3.4000
-3.9000 2.7000 3.5000
-3.8000 -2.7000 0.0000
-3.8000 -2.7000 0.1000
-3.8000 -2.7000 0.2000
-3.8000 -2.7000 0.3000
-3.8000 -2.7000 0.4000
-3.8000 -2.7000 0.5000
-3.8000 -2.7000 0.6000
-3.8000 -2.7000 0.7000
-3.8000 -2.7000 0.8000
-3.8000 -2.7000 0.9000
-3.8000 -2.7000 1.0000
-3.8000 -2.7000 1.1000
-3.8000 -2.7000 1.2000
-3.8000 -2.7000 1.3000
-3.8000 -2.7000 1.4000
-3.8000 -2.7000 1.5000
-3.8000 -2.7000 1.6000
-3.8000 -2.7000 1.7000
-3.8000 -2.7000 1.8000
-3.8000 -2.7000 1.9000
-3.8000 -2.7000 2.0000
-3.8000 -2.7000 2.1000
-3.8000 -2.7000 2.2000
-3.8000 -2.7000 2.3000
-3.8000 -2.7000 2.4000
-3.8000 -2.7000 2.5000
-3.8000 -2.7000 2.6000
-3.8000 -2.7000 2.7000
-3.8000 -2.7000 2.8000
-3.8000 -2.7000 2.9000
-3.8000 -2.7000 3.0000
-3.8000 -2.7000 3.1000
-3.8000 -2.7000 3.2000
-3.8000 -2.7000 3.3000
-3.8000 -2.7000 3.4000
-3.8000 -2.7000 3.5000
-3.8000 -2.6000 0.0000
-3.8000 -2.6000 3.5000
-3.8000 -2.5000 0.0000
-3.8000 -2.5000 0.1000
-3.8000 -2.5000 0.2000
-3.8000 -2.5000 0.3000
-3.8000 -2.5000 0.4000
-3.8000 -2.5000 0.5000
-3.8000 -2.5000 0.6000
-3.8000 -2.5000 0.7000
-3.8000 -2.5000 0.8000
-3.8000 -2.5000 0.9000
-3.8000 -2.5000 1.0000
-3.8000 -2.5000 1.1000
-3.8000 -2.5000 1.2000
-3.8000 -2.5000 1.3000
-3.8000 -2.5000 1.4000
-3.8000 -2.5000 1.5000
-3.8000 -2.5000 1.6000
-3.8000 -2.5000 1.7000
-3.8000 -2.5000 1.8000
-3.8000 -2.5000 1.9000
-3.8000 -2.5000 2.0000
-3.8000 -2.5000 2.1000
-3.8000 -2.5000 2.2000
-3.8000 -2.5000 2.3000
-3.8000 -2.5000 2.4000
-3.8000 -2.5000 2.5000
-3.8000 -2.5000 2.6000
-3.8000 -2.5000 2.7000
-3.8000 -2.5000 2.8000
-3.8000 -2.5000 2.9000
-3.8000 -2.5000 3.0000
-3.8000 -2.5000 3.1000
-3.8000 -2.5000 3.2000
-3.8000 -2.5000 3.3000
-3.8000 -2.5000 3.4000
-3.8000 -2.5000 3.5000
-3.8000 2.5000 0.0000
-3.8000 2.5000 0.1000
-3.8000 2.5000 0.2000
-3.8000 2.5000 0.3000
-3.8000 2.5000 0.4000
-3.8000 2.5000 0.5000
-3.8000 2.5000 0.6000
-3.8000 2.5000 0.7000
-3.8000 2.5000 0.8000
-3.8000 2.5000 0.9000
-3.8000 2.5000 1.0000
-3.8000 2.5000 1.1000
-3.8000 2.5000 1.2000
-3.8000 2.5000 1.3000
-3.8000 2.5000 1.4000
-3.8000 2.5000 1.5000
-3.8000 2.5000 1.6000
-3.8000 2.5000 1.7000
-3.8000 2.5000 1.8000
-3.8000 2.5000 1.9000
-3.8000 2.5000 2.0000
-3.8000 2.5000 2.1000
-3.8000 2.5000 2.2000
-3.8000 2.5000 2.3000
-3.8000 2.5000 2.4000
-3.8000 2.5000 2.5000
-3.8000 2.5000 2.6000
-3.8000 2.5000 2.7000
-3.8000 2.5000 2.8000
-3.8000 2.5000 2.9000
-3.8000 2.5000 3.0000
-3.8000 2.5000 3.1000
-3.8000 2.5000 3.2000
-3.8000 2.5000 3.3000
-3.8000 2.5000 3.4000
-3.8000 2.5000 3.5000
-3.8000 2.6000 0.0000
-3.8000 2.6000 3.5000
-3.8000 2.7000 0.0000
-3.8000 2.7000 0.1000
-3.8000 2.7000 0.2000
-3.8000 2.7000 0.3000
-3.8000 2.7000 0.4000
-3.8000 2.7000 0.5000
-3.8000 2.7000 0.6000
-3.8000 2.7000 0.7000
-3.8000 2.7000 0.8000
-3.8000 2.7000 0.9000
-3.8000 2.7000 1.0000
-3.8000 2.7000 1.1000
-3.8000 2.7000 1.2000
-3.8000 2.7000 1.3000
-3.8000 2.7000 1.4000
-3.8000 2.7000 1.5000
-3.8000 2.7000 1.6000
-3.8000 2.7000 1.7000
-3.8000 2.7000 1.8000
-3.8000 2.7000 1.9000
-3.8000 2.7000 2.0000
-3.8000 2.7000 2.1000
-3.8000 2.7000 2.2000
-3.8000 2.7000 2.3000
-3.8000 2.7000 2.4000
-3.8000 2.7000 2.5000
-3.8000 2.7000 2.6000
-3.8000 2.7000 2.7000
-3.8000 2.7000 2.8000
-3.8000 2.7000 2.9000
-3.8000 2.7000 3.0000
-3.8000 2.7000 3.1000
-3.8000 2.7000 3.2000
-3.8000 2.7000 3.3000
-3.8000 2.7000 3.4000
-3.8000 2.7000 3.5000
-3.7000 -2.7000 0.0000
-3.7000 -2.7000 0.1000
-3.7000 -2.7000 0.2000
-3.7000 -2.7000 0.3000
-3.7000 -2.7000 0.4000
-3.7000 -2.7000 0.5000
-3.7000 -2.7000 0.6000
-3.7000 -2.7000 0.7000
-3.7000 -2.7000 0.8000
-3.7000 -2.7000 0.9000
-3.7000 -2.7000 1.0000
-3.7000 -2.7000 1.1000
-3.7000 -2.7000 1.2000
-3.7000 -2.7000 1.3000
-3.7000 -2.7000 1.4000
-3.7000 -2.7000 1.5000
-3.7000 -2.7000 1.6000
-3.7000 -2.7000 1.7000
-3.7000 -2.7000 1.8000
-3.7000 -2.7000 1.9000
-3.7000 -2.7000 2.0000
-3.7000 -2.7000 2.1000
-3.7000 -2.7000 2.2000
-3.7000 -2.7000 2.3000
-3.7000 -2.7000 2.4000
-3.7000 -2.7000 2.5000
-3.7000 -2.7000 2.6000
-3.7000 -2.7000 2.7000
-3.7000 -2.7000 2.8000
-3.7000 -2.7000 2.9000
-3.7000 -2.7000 3.0000
-3.7000 -2.7000 3.1000
-3.7000 -2.7000 3.2000
-3.7000 -2.7000 3.3000
-3.7000 -2.7000 3.4000
-3.7000 -2.7000 3.5000
-3.7000 -2.6000 0.0000
-3.7000 -2.6000 3.5000
-3.7000 -2.5000 0.0000
-3.7000 -2.5000 0.1000
-3.7000 -2.5000 0.2000
-3.7000 -2.5000 0.3000
-3.7000 -2.5000 0.4000
-3.7000 -2.5000 0.5000
-3.7000 -2.5000 0.6000
-3.7000 -2.5000 0.7000
-3.7000 -2.5000 0.8000
-3.7000 -2.5000 0.9000
-3.7000 -2.5000 1.0000
-3.7000 -2.5000 1.1000
-3.7000 -2.5000 1.2000
-3.7000 -2.5000 1.3000
-3.7000 -2.5000 1.4000
-3.7000 -2.5000 1.5000
-3.7000 -2.5000 1.6000
-3.7000 -2.5000 1.7000
-3.7000 -2.5000 1.8000
-3.7000 -2.5000 1.9000
-3.7000 -2.5000 2.0000
-3.7000 -2.5000 2.1000
-3.7000 -2.5000 2.2000
-3.7000 -2.5000 2.3000
-3.7000 -2.5000 2.4000
-3.7000 -2.5000 2.5000
-3.7000 -2.5000 2.6000
-3.7000 -2.5000 2.7000
-3.7000 -2.5000 2.8000
-3.7000 -2.5000 2.9000
-3.7000 -2.5000 3.0000
-3.7000 -2.5000 3.1000
-3.7000 -2.5000 3.2000
-3.7000 -2.5000 3.3000
-3.7000 -2.5000 3.4000
-3.7000 -2.5000 3.5000
-3.7000 2.5000 0.0000
-3.7000 2.5000 0.1000
-3.7000 2.5000 0.2000
-3.7000 2.5000 0.3000
-3.7000 2.5000 0.4000
-3.7000 2.5000 0.5000
-3.7000 2.5000 0.6000
-3.7000 2.5000 0.7000
-3.7000 2.5000 0.8000
-3.7000 2.5000 0.9000
-3.7000 2.5000 1.0000
-3.7000 2.5000 1.1000
-3.7000 2.5000 1.2000
-3.7000 2.5000 1.3000
-3.7000 2.5000 1.4000
-3.7000 2.5000 1.5000
-3.7000 2.5000 1.6000
-3.7000 2.5000 1.7000
-3.7000 2.5000 1.8000
-3.7000 2.5000 1.9000
-3.7000 2.5000 2.0000
-3.7000 2.5000 2.1000
-3.7000 2.5000 2.2000
-3.7000 2.5000 2.3000
-3.7000 2.5000 2.4000
-3.7000 2.5000 2.5000
-3.7000 2.5000 2.6000
-3.7000 2.5000 2.7000
-3.7000 2.5000 2.8000
-3.7000 2.5000 2.9000
-3.7000 2.5000 3.0000
-3.7000 2.5000 3.1000
-3.7000 2.5000 3.2000
-3.7000 2.5000 3.3000
-3.7000 2.5000 3.4000
-3.7000 2.5000 3.5000
-3.7000 2.6000 0.0000
-3.7000 2.6000 3.5000
-3.7000 2.7000 0.0000
-3.7000 2.7000 0.1000
-3.7000 2.7000 0.2000
-3.7000 2.7000 0.3000
-3.7000 2.7000 0.4000
-3.7000 2.7000 0.5000
-3.7000 2.7000 0.6000
-3.7000 2.7000 0.7000
-3.7000 2.7000 0.8000
-3.7000 2.7000 0.9000
-3.7000 2.7000 1.0000
-3.7000 2.7000 1.1000
-3.7000 2.7000 1.2000
-3.7000 2.7000 1.3000
-3.7000 2.7000 1.4000
-3.7000 2.7000 1.5000
-3.7000 2.7000 1.6000
-3.7000 2.7000 1.7000
-3.7000 2.7000 1.8000
-3.7000 2.7000 1.9000
-3.7000 2.7000 2.0000
-3.7000 2.7000 2.1000
-3.7000 2.7000 2.2000
-3.7000 2.7000 2.3000
-3.7000 2.7000 2.4000
-3.7000 2.7000 2.5000
-3.7000 2.7000 2.6000
-3.7000 2.7000 2.7000
-3.7000 2.7000 2.8000
-3.7000 2.7000 2.9000
-3.7000 2.7000 3.0000
-3.7000 2.7000 3.1000
-3.7000 2.7000 3.2000
-3.7000 2.7000 3.3000
-3.7000 2.7000 3.4000
-3.7000 2.7000 3.5000
-3.6000 -2.7000 0.0000
-3.6000 -2.7000 0.1000
-3.6000 -2.7000 0.2000
-3.6000 -2.7000 0.3000
-3.6000 -2.7000 0.4000
-3.6000 -2.7000 0.5000
-3.6000 -2.7000 0.6000
-3.6000 -2.7000 0.7000
-3.6000 -2.7000 0.8000
-3.6000 -2.7000 0.9000
-3.6000 -2.7000 1.0000
-3.6000 -2.7000 1.1000
-3.6000 -2.7000 1.2000
-3.6000 -2.7000 1.3000
-3.6000 -2.7000 1.4000
-3.6000 -2.7000 1.5000
-3.6000 -2.7000 1.6000
-3.6000 -2.7000 1.7000
-3.6000 -2.7000 1.8000
-3.6000 -2.7000 1.9000
-3.6000 -2.7000 2.0000
-3.6000 -2.7000 2.1000
-3.6000 -2.7000 2.2000
-3.6000 -2.7000 2.3000
-3.6000 -2.7000 2.4000
-3.6000 -2.7000 2.5000
-3.6000 -2.7000 2.6000
-3.6000 -2.7000 2.7000
-3.6000 -2.7000 2.8000
-3.6000 -2.7000 2.9000
-3.6000 -2.7000 3.0000
-3.6000 -2.7000 3.1000
-3.6000 -2.7000 3.2000
-3.6000 -2.7000 3.3000
-3.6000 -2.7000 3.4000
-3.6000 -2.7000 3.5000
-3.6000 -2.6000 0.0000
-3.6000 -2.6000 3.5000
-3.6000 -2.5000 0.0000
-3.6000 -2.5000 0.1000
-3.6000 -2.5000 0.2000
-3.6000 -2.5000 0.3000
-3.6000 -2.5000 0.4000
-3.6000 -2.5000 0.5000
-3.6000 -2.5000 0.6000
-3.6000 -2.5000 0.7000
-3.6000 -2.5000 0.8000
-3.6000 -2.5000 0.9000
-3.6000 -2.5000 1.0000
-3.6000 -2.5000 1.1000
-3.6000 -2.5000 1.2000
-3.6000 -2.5000 1.3000
-3.6000 -2.5000 1.4000
-3.6000 -2.5000 1.5000
-3.6000 -2.5000 1.6000
-3.6000 -2.5000 1.7000
-3.6000 -2.5000 1.8000
-3.6000 -2.5000 1.9000
-3.6000 -2.5000 2.0000
-3.6000 -2.5000 2.1000
-3.6000 -2.5000 2.2000
-3.6000 -2.5000 2.3000
-3.6000 -2.5000 2.4000
-3.6000 -2.5000 2.5000
-3.6000 -2.5000 2.6000
-3.6000 -2.5000 2.7000
-3.6000 -2.5000 2.8000
-3.6000 -2.5000 2.9000
-3.6000 -2.5000 3.0000
-3.6000 -2.5000 3.1000
-3.6000 -2.5000 3.2000
-3.6000 -2.5000 3.3000
-3.6000 -2.5000 3.4000
-3.6000 -2.5000 3.5000
-3.6000 2.5000 0.0000
-3.6000 2.5000 0.1000
-3.6000 2.5000 0.2000
-3.6000 2.5000 0.3000
-3.6000 2.5000 0.4000
-3.6000 2.5000 0.5000
-3.6000 2.5000 0.6000
-3.6000 2.5000 0.7000
-3.6000 2.5000 0.8000
-3.6000 2.5000 0.9000
-3.6000 2.5000 1.0000
-3.6000 2.5000 1.1000
-3.6000 2.5000 1.2000
-3.6000 2.5000 1.3000
-3.6000 2.5000 1.4000
-3.6000 2.5000 1.5000
-3.6000 2.5000 1.6000
-3.6000 2.5000 1.7000
-3.6000 2.5000 1.8000
-3.6000 2.5000 1.9000
-3.6000 2.5000 2.0000
-3.6000 2.5000 2.1000
-3.6000 2.5000 2.2000
-3.6000 2.5000 2.3000
-3.6000 2.5000 2.4000
-3.6000 2.5000 2.5000
-3.6000 2.5000 2.6000
-3.6000 2.5000 2.7000
-3.6000 2.5000 2.8000
-3.6000 2.5000 2.9000
-3.6000 2.5000 3.0000
-3.6000 2.5000 3.1000
-3.6000 2.5000 3.2000
-3.6000 2.5000 3.3000
-3.6000 2.5000 3.4000
-3.6000 2.5000 3.5000
-3.6000 2.6000 0.0000
-3.6000 2.6000 3.5000
-3.6000 2.7000 0.0000
-3.6000 2.7000 0.1000
-3.6000 2.7000 0.2000
-3.6000 2.7000 0.3000
-3.6000 2.7000 0.4000
-3.6000 2.7000 0.5000
-3.6000 2.7000 0.6000
-3.6000 2.7000 0.7000
-3.6000 2.7000 0.8000
-3.6000 2.7000 0.9000
-3.6000 2.7000 1.0000
-3.6000 2.7000 1.1000
-3.6000 2.7000 1.2000
-3.6000 2.7000 1.3000
-3.6000 2.7000 1.4000
-3.6000 2.7000 1.5000
-3.6000 2.7000 1.6000
-3.6000 2.7000 1.7000
-3.6000 2.7000 1.8000
-3.6000 2.7000 1.9000
-3.6000 2.7000 2.0000
-3.6000 2.7000 2.1000
-3.6000 2.7000 2.2000
-3.6000 2.7000 2.3000
-3.6000 2.7000 2.4000
-3.6000 2.7000 2.5000
-3.6000 2.7000 2.6000
-3.6000 2.7000 2.7000
-3.6000 2.7000 2.8000
-3.6000 2.7000 2.9000
-3.6000 2.7000 3.0000
-3.6000 2.7000 3.1000
-3.6000 2.7000 3.2000
-3.6000 2.7000 3.3000
-3.6000 2.7000 3.4000
-3.6000 2.7000 3.5000
-3.5000 -2.7000 0.0000
-3.5000 -2.7000 0.1000
-3.5000 -2.7000 0.2000
-3.5000 -2.7000 0.3000
-3.5000 -2.7000 0.4000
-3.5000 -2.7000 0.5000
-3.5000 -2.7000 0.6000
-3.5000 -2.7000 0.7000
-3.5000 -2.7000 0.8000
-3.5000 -2.7000 0.9000
-3.5000 -2.7000 1.0000
-3.5000 -2.7000 1.1000
-3.5000 -2.7000 1.2000
-3.5000 -2.7000 1.3000
-3.5000 -2.7000 1.4000
-3.5000 -2.7000 1.5000
-3.5000 -2.7000 1.6000
-3.5000 -2.7000 1.7000
-3.5000 -2.7000 1.8000
-3.5000 -2.7000 1.9000
-3.5000 -2.7000 2.0000
-3.5000 -2.7000 2.1000
-3.5000 -2.7000 2.2000
-3.5000 -2.7000 2.3000
-3.5000 -2.7000 2.4000
-3.5000 -2.7000 2.5000
-3.5000 -2.7000 2.6000
-3.5000 -2.7000 2.7000
-3.5000 -2.7000 2.8000
-3.5000 -2.7000 2.9000
-3.5000 -2.7000 3.0000
-3.5000 -2.7000 3.1000
-3.5000 -2.7000 3.2000
-3.5000 -2.7000 3.3000
-3.5000 -2.7000 3.4000
-3.5000 -2.7000 3.5000
-3.5000 -2.6000 0.0000
-3.5000 -2.6000 3.5000
-3.5000 -2.5000 0.0000
-3.5000 -2.5000 0.1000
-3.5000 -2.5000 0.2000
-3.5000 -2.5000 0.3000
-3.5000 -2.5000 0.4000
-3.5000 -2.5000 0.5000
-3.5000 -2.5000 0.6000
-3.5000 -2.5000 0.7000
-3.5000 -2.5000 0.8000
-3.5000 -2.5000 0.9000
-3.5000 -2.5000 1.0000
-3.5000 -2.5000 1.1000
-3.5000 -2.5000 1.2000
-3.5000 -2.5000 1.3000
-3.5000 -2.5000 1.4000
-3.5000 -2.5000 1.5000
-3.5000 -2.5000 1.6000
-3.5000 -2.5000 1.7000
-3.5000 -2.5000 1.8000
-3.5000 -2.5000 1.9000
-3.5000 -2.5000 2.0000
-3.5000 -2.5000 2.1000
-3.5000 -2.5000 2.2000
-3.5000 -2.5000 2.3000
-3.5000 -2.5000 2.4000
-3.5000 -2.5000 2.5000
-3.5000 -2.5000 2.6000
-3.5000 -2.5000 2.7000
-3.5000 -2.5000 2.8000
-3.5000 -2.5000 2.9000
-3.5000 -2.5000 3.0000
-3.5000 -2.5000 3.1000
-3.5000 -2.5000 3.2000
-3.5000 -2.5000 3.3000
-3.5000 -2.5000 3.4000
-3.5000 -2.5000 3.5000
-3.5000 2.5000 0.0000
-3.5000 2.5000 0.1000
-3.5000 2.5000 0.2000
-3.5000 2.5000 0.3000
-3.5000 2.5000 0.4000
-3.5000 2.5000 0.5000
-3.5000 2.5000 0.6000
-3.5000 2.5000 0.7000
-3.5000 2.5000 0.8000
-3.5000 2.5000 0.9000
-3.5000 2.5000 1.0000
-3.5000 2.5000 1.1000
-3.5000 2.5000 1.2000
-3.5000 2.5000 1.3000
-3.5000 2.5000 1.4000
-3.5000 2.5000 1.5000
-3.5000 2.5000 1.6000
-3.5000 2.5000 1.7000
-3.5000 2.5000 1.8000
-3.5000 2.5000 1.9000
-3.5000 2.5000 2.0000
-3.5000 2.5000 2.1000
-3.5000 2.5000 2.2000
-3.5000 2.5000 2.3000
-3.5000 2.5000 2.4000
-3.5000 2.5000 2.5000
-3.5000 2.5000 2.6000
-3.5000 2.5000 2.7000
-3.5000 2.5000 2.8000
-3.5000 2.5000 2.9000
-3.5000 2.5000 3.0000
-3.5000 2.5000 3.1000
-3.5000 2.5000 3.2000
-3.5000 2.5000 3.3000
-3.5000 2.5000 3.4000
-3.5000 2.5000 3.5000
-3.5000 2.6000 0.0000
-3.5000 2.6000 3.5000
-3.5000 2.7000 0.0000
-3.5000 2.7000 0.1000
-3.5000 2.7000 0.2000
-3.5000 2.7000 0.3000
-3.5000 2.7000 0.4000
-3.5000 2.7000 0.5000
-3.5000 2.7000 0.6000
-3.5000 2.7000 0.7000
-3.5000 2.7000 0.8000
-3.5000 2.7000 0.9000
-3.5000 2.7000 1.0000
-3.5000 2.7000 1.1000
-3.5000 2.7000 1.2000
-3.5000 2.7000 1.3000
-3.5000 2.7000 1.4000
-3.5000 2.7000 1.5000
-3.5000 2.7000 1.6000
-3.5000 2.7000 1.7000
-3.5000 2.7000 1.8000
-3.5000 2.7000 1.9000
-3.5000 2.7000 2.0000
-3.5000 2.7000 2.1000
-3.5000 2.7000 2.2000
-3.5000 2.7000 2.3000
-3.5000 2.7000 2.4000
-3.5000 2.7000 2.5000
-3.5000 2.7000 2.6000
-3.5000 2.7000 2.7000
-3.5000 2.7000 2.8000
-3.5000 2.7000 2.9000
-3.5000 2.7000 3.0000
-3.5000 2.7000 3.1000
-3.5000 2.7000 3.2000
-3.5000 2.7000 3.3000
-3.5000 2.7000 3.4000
-3.5000 2.7000 3.5000
-3.4000 -2.7000 0.0000
-3.4000 -2.7000 0.1000
-3.4000 -2.7000 0.2000
-3.4000 -2.7000 0.3000
-3.4000 -2.7000 0.4000
-3.4000 -2.7000 0.5000
-3.4000 -2.7000 0.6000
-3.4000 -2.7000 0.7000
-3.4000 -2.7000 0.8000
-3.4000 -2.7000 0.9000
-3.4000 -2.7000 1.0000
-3.4000 -2.7000 1.1000
-3.4000 -2.7000 1.2000
-3.4000 -2.7000 1.3000
-3.4000 -2.7000 1.4000
-3.4000 -2.7000 1.5000
-3.4000 -2.7000 1.6000
-3.4000 -2.7000 1.7000
-3.4000 -2.7000 1.8000
-3.4000 -2.7000 1.9000
-3.4000 -2.7000 2.0000
-3.4000 -2.7000 2.1000
-3.4000 -2.7000 2.2000
-3.4000 -2.7000 2.3000
-3.4000 -2.7000 2.4000
-3.4000 -2.7000 2.5000
-3.4000 -2.7000 2.6000
-3.4000 -2.7000 2.7000
-3.4000 -2.7000 2.8000
-3.4000 -2.7000 2.9000
-3.4000 -2.7000 3.0000
-3.4000 -2.7000 3.1000
-3.4000 -2.7000 3.2000
-3.4000 -2.7000 3.3000
-3.4000 -2.7000 3.4000
-3.4000 -2.7000 3.5000
-3.4000 -2.6000 0.0000
-3.4000 -2.6000 3.5000
-3.4000 -2.5000 0.0000
-3.4000 -2.5000 0.1000
-3.4000 -2.5000 0.2000
-3.4000 -2.5000 0.3000
-3.4000 -2.5000 0.4000
-3.4000 -2.5000 0.5000
-3.4000 -2.5000 0.6000
-3.4000 -2.5000 0.7000
-3.4000 -2.5000 0.8000
-3.4000 -2.5000 0.9000
-3.4000 -2.5000 1.0000
-3.4000 -2.5000 1.1000
-3.4000 -2.5000 1.2000
-3.4000 -2.5000 1.3000
-3.4000 -2.5000 1.4000
-3.4000 -2.5000 1.5000
-3.4000 -2.5000 1.6000
-3.4000 -2.5000 1.7000
-3.4000 -2.5000 1.8000
-3.4000 -2.5000 1.9000
-3.4000 -2.5000 2.0000
-3.4000 -2.5000 2.1000
-3.4000 -2.5000 2.2000
-3.4000 -2.5000 2.3000
-3.4000 -2.5000 2.4000
-3.4000 -2.5000 2.5000
-3.4000 -2.5000 2.6000
-3.4000 -2.5000 2.7000
-3.4000 -2.5000 2.8000
-3.4000 -2.5000 2.9000
-3.4000 -2.5000 3.0000
-3.4000 -2.5000 3.1000
-3.4000 -2.5000 3.2000
-3.4000 -2.5000 3.3000
-3.4000 -2.5000 3.4000
-3.4000 -2.5000 3.5000
-3.4000 2.5000 0.0000
-3.4000 2.5000 0.1000
-3.4000 2.5000 0.2000
-3.4000 2.5000 0.3000
-3.4000 2.5000 0.4000
-3.4000 2.5000 0.5000
-3.4000 2.5000 0.6000
-3.4000 2.5000 0.7000
-3.4000 2.5000 0.8000
-3.4000 2.5000 0.9000
-3.4000 2.5000 1.0000
-3.4000 2.5000 1.1000
-3.4000 2.5000 1.2000
-3.4000 2.5000 1.3000
-3.4000 2.5000 1.4000
-3.4000 2.5000 1.5000
-3.4000 2.5000 1.6000
-3.4000 2.5000 1.7000
-3.4000 2.5000 1.8000
-3.4000 2.5000 1.9000
-3.4000 2.5000 2.0000
-3.4000 2.5000 2.1000
-3.4000 2.5000 2.2000
-3.4000 2.5000 2.3000
-3.4000 2.5000 2.4000
-3.4000 2.5000 2.5000
-3.4000 2.5000 2.6000
-3.4000 2.5000 2.7000
-3.4000 2.5000 2.8000
-3.4000 2.5000 2.9000
-3.4000 2.5000 3.0000
-3.4000 2.5000 3.1000
-3.4000 2.5000 3.2000
-3.4000 2.5000 3.3000
-3.4000 2.5000 3.4000
-3.4000 2.5000 3.5000
-3.4000 2.6000 0.0000
-3.4000 2.6000 3.5000
-3.4000 2.7000 0.0000
-3.4000 2.7000 0.1000
-3.4000 2.7000 0.2000
-3.4000 2.7000 0.3000
-3.4000 2.7000 0.4000
-3.4000 2.7000 0.5000
-3.4000 2.7000 0.6000
-3.4000 2.7000 0.7000
-3.4000 2.7000 0.8000
-3.4000 2.7000 0.9000
-3.4000 2.7000 1.0000
-3.4000 2.7000 1.1000
-3.4000 2.7000 1.2000
-3.4000 2.7000 1.3000
-3.4000 2.7000 1.4000
-3.4000 2.7000 1.5000
-3.4000 2.7000 1.6000
-3.4000 2.7000 1.7000
-3.4000 2.7000 1.8000
-3.4000 2.7000 1.9000
-3.4000 2.7000 2.0000
-3.4000 2.7000 2.1000
-3.4000 2.7000 2.2000
-3.4000 2.7000 2.3000
-3.4000 2.7000 2.4000
-3.4000 2.7000 2.5000
-3.4000 2.7000 2.6000
-3.4000 2.7000 2.7000
-3.4000 2.7000 2.8000
-3.4000 2.7000 2.9000
-3.4000 2.7000 3.0000
-3.4000 2.7000 3.1000
-3.4000 2.7000 3.2000
-3.4000 2.7000 3.3000
-3.4000 2.7000 3.4000
-3.4000 2.7000 3.5000
-3.3368 -0.3698 0.0000
-3.3368 -0.3698 0.0979
-3.3368 -0.3698 0.1958
-3.3368 -0.3698 0.2936
-3.3368 -0.3698 0.3915
-3.3368 -0.3698 0.4893
-3.3368 -0.3698 0.5872
-3.3368 -0.3698 0.6850
-3.3368 -0.3698 0.7829
-3.3368 -0.3698 0.8808
-3.3368 -0.3698 0.9786
-3.3368 -0.3698 1.0765
-3.3368 -0.3698 1.1743
-3.3368 -0.3698 1.2722
-3.3368 -0.3698 1.3700
-3.3368 -0.3698 1.4679
-3.3368 -0.3698 1.5657
-3.3368 -0.3698 1.6636
-3.3368 -0.3698 1.7615
-3.3368 -0.3698 1.8593
-3.3368 -0.3698 1.9572
-3.3368 -0.3698 2.0550
-3.3368 -0.3698 2.1529
-3.3368 -0.3698 2.2507
-3.3368 -0.3698 2.3486
-3.3368 -0.3698 2.4464
-3.3368 -0.3698 2.5443
-3.3368 -0.3698 2.6422
-3.3368 -0.3698 2.7400
-3.3368 -0.3698 2.8379
-3.3368 -0.3698 2.9357
-3.3368 -0.3698 3.0336
-3.3368 -0.3698 3.1314
-3.3368 -0.3698 3.2293
-3.3368 -0.3698 3.3272
-3.3368 -0.2756 0.0000
-3.3368 -0.2756 0.0979
-3.3368 -0.2756 0.1958
-3.3368 -0.2756 0.2936
-3.3368 -0.2756 0.3915
-3.3368 -0.2756 0.4893
-3.3368 -0.2756 0.5872
-3.3368 -0.2756 0.6850
-3.3368 -0.2756 0.7829
-3.3368 -0.2756 0.8808
-3.3368 -0.2756 0.9786
-3.3368 -0.2756 1.0765
-3.3368 -0.2756 1.1743
-3.3368 -0.2756 1.2722
-3.3368 -0.2756 1.3700
-3.3368 -0.2756 1.4679
-3.3368 -0.2756 1.5657
-3.3368 -0.2756 1.6636
-3.3368 -0.2756 1.7615
-3.3368 -0.2756 1.8593
-3.3368 -0.2756 1.9572
-3.3368 -0.2756 2.0550
-3.3368 -0.2756 2.1529
-3.3368 -0.2756 2.2507
-3.3368 -0.2756 2.3486
-3.3368 -0.2756 2.4464
-3.3368 -0.2756 2.5443
-3.3368 -0.2756 2.6422
-3.3368 -0.2756 2.7400
-3.3368 -0.2756 2.8379
-3.3368 -0.2756 2.9357
-3.3368 -0.2756 3.0336
-3.3368 -0.2756 3.1314
-3.3368 -0.2756 3.2293
-3.3368 -0.2756 3.3272
-3.3368 -0.1814 0.0000
-3.3368 -0.1814 0.0979
-3.3368 -0.1814 0.1958
-3.3368 -0.1814 0.2936
-3.3368 -0.1814 0.3915
-3.3368 -0.1814 0.4893
-3.3368 -0.1814 0.5872
-3.3368 -0.1814 0.6850
-3.3368 -0.1814 0.7829
-3.3368 -0.1814 0.8808
-3.3368 -0.1814 0.9786
-3.3368 -0.1814 1.0765
-3.3368 -0.1814 1.1743
-3.3368 -0.1814 1.2722
-3.3368 -0.1814 1.3700
-3.3368 -0.1814 1.4679
-3.3368 -0.1814 1.5657
-3.3368 -0.1814 1.6636
-3.3368 -0.1814 1.7615
-3.3368 -0.1814 1.8593
-3.3368 -0.1814 1.9572
-3.3368 -0.1814 2.0550
-3.3368 -0.1814 2.1529
-3.3368 -0.1814 2.2507
-3.3368 -0.1814 2.3486
-3.3368 -0.1814 2.4464
-3.3368 -0.1814 2.5443
-3.3368 -0.1814 2.6422
-3.3368 -0.1814 2.7400
-3.3368 -0.1814 2.8379
-3.3368 -0.1814 2.9357
-3.3368 -0.1814 3.0336
-3.3368 -0.1814 3.1314
-3.3368 -0.1814 3.2293
-3.3368 -0.1814 3.3272
-3.3368 -0.0873 0.0000
-3.3368 -0.0873 0.0979
-3.3368 -0.0873 0.1958
-3.3368 -0.0873 0.2936
-3.3368 -0.0873 0.3915
-3.3368 -0.0873 0.4893
-3.3368 -0.0873 0.5872
-3.3368 -0.0873 0.6850
-3.3368 -0.0873 0.7829
-3.3368 -0.0873 0.8808
-3.3368 -0.0873 0.9786
-3.3368 -0.0873 1.0765
-3.3368 -0.0873 1.1743
-3.3368 -0.0873 1.2722
-3.3368 -0.0873 1.3700
-3.3368 -0.0873 1.4679
-3.3368 -0.0873 1.5657
-3.3368 -0.0873 1.6636
-3.3368 -0.0873 1.7615
-3.3368 -0.0873 1.8593
-3.3368 -0.0873 1.9572
-3.3368 -0.0873 2.0550
-3.3368 -0.0873 2.1529
-3.3368 -0.0873 2.2507
-3.3368 -0.0873 2.3486
-3.3368 -0.0873 2.4464
-3.3368 -0.0873 2.5443
-3.3368 -0.0873 2.6422
-3.3368 -0.0873 2.7400
-3.3368 -0.0873 2.8379
-3.3368 -0.0873 2.9357
-3.3368 -0.0873 3.0336
-3.3368 -0.0873 3.1314
-3.3368 -0.0873 3.2293
-3.3368 -0.0873 3.3272
-3.3368 0.0069 0.0000
-3.3368 0.0069 0.0979
-3.3368 0.0069 0.1958
-3.3368 0.0069 0.2936
-3.3368 0.0069 0.3915
-3.3368 0.0069 0.4893
-3.3368 0.0069 0.5872
-3.3368 0.0069 0.6850
-3.3368 0.0069 0.7829
-3.3368 0.0069 0.8808
-3.3368 0.0069 0.9786
-3.3368 0.0069 1.0765
-3.3368 0.0069 1.1743
-3.3368 0.0069 1.2722
-3.3368 0.0069 1.3700
-3.3368 0.0069 1.4679
-3.3368 0.0069 1.5657
-3.3368 0.0069 1.6636
-3.3368 0.0069 1.7615
-3.3368 0.0069 1.8593
-3.3368 0.0069 1.9572
-3.3368 0.0069 2.0550
-3.3368 0.0069 2.1529
-3.3368 0.0069 2.2507
-3.3368 0.0069 2.3486
-3.3368 0.0069 2.4464
-3.3368 0.0069 2.5443
-3.3368 0.0069 2.6422
-3.3368 0.0069 2.7400
-3.3368 0.0069 2.8379
-3.3368 0.0069 2.9357
-3.3368 0.0069 3.0336
-3.3368 0.0069 3.1314
-3.3368 0.0069 3.2293
-3.3368 0.0069 3.3272
-3.3368 0.1010 0.0000
-3.3368 0.1010 0.0979
-3.3368 0.1010 0.1958
-3.3368 0.1010 0.2936
-3.3368 0.1010 0.3915
-3.3368 0.1010 0.4893
-3.3368 0.1010 0.5872
-3.3368 0.1010 0.6850
-3.3368 0.1010 0.7829
-3.3368 0.1010 0.8808
-3.3368 0.1010 0.9786
-3.3368 0.1010 1.0765
-3.3368 0.1010 1.1743
-3.3368 0.1010 1.2722
-3.3368 0.1010 1.3700
-3.3368 0.1010 1.4679
-3.3368 0.1010 1.5657
-3.3368 0.1010 1.6636
-3.3368 0.1010 1.7615
-3.3368 0.1010 1.8593
-3.3368 0.1010 1.9572
-3.3368 0.1010 2.0550
-3.3368 0.1010 2.1529
-3.3368 0.1010 2.2507
-3.3368 0.1010 2.3486
-3.3368 0.1010 2.4464
-3.3368 0.1010 2.5443
-3.3368 0.1010 2.6422
-3.3368 0.1010 2.7400
-3.3368 0.1010 2.8379
-3.3368 0.1010 2.9357
-3.3368 0.1010 3.0336
-3.3368 0.1010 3.1314
-3.3368 0.1010 3.2293
-3.3368 0.1010 3.3272
-3.3368 0.1952 0.0000
-3.3368 0.1952 0.0979
-3.3368 0.1952 0.1958
-3.3368 0.1952 0.2936
-3.3368 0.1952 0.3915
-3.3368 0.1952 0.4893
-3.3368 0.1952 0.5872
-3.3368 0.1952 0.6850
-3.3368 0.1952 0.7829
-3.3368 0.1952 0.8808
-3.3368 0.1952 0.9786
-3.3368 0.1952 1.0765
-3.3368 0.1952 1.1743
-3.3368 0.1952 1.2722
-3.3368 0.1952 1.3700
-3.3368 0.1952 1.4679
-3.3368 0.1952 1.5657
-3.3368 0.1952 1.6636
-3.3368 0.1952 1.7615
-3.3368 0.1952 1.8593
-3.3368 0.1952 1.9572
-3.3368 0.1952 2.0550
-3.3368 0.1952 2.1529
-3.3368 0.1952 2.2507
-3.3368 0.1952 2.3486
-3.3368 0.1952 2.4464
-3.3368 0.1952 2.5443
-3.3368 0.1952 2.6422
-3.3368 0.1952 2.7400
-3.3368 0.1952 2.8379
-3.3368 0.1952 2.9357
-3.3368 0.1952 3.0336
-3.3368 0.1952 3.1314
-3.3368 0.1952 3.2293
-3.3368 0.1952 3.3272
-3.3368 0.2893 0.0000
-3.3368 0.2893 0.0979
-3.3368 0.2893 0.1958
-3.3368 0.2893 0.2936
-3.3368 0.2893 0.3915
-3.3368 0.2893 0.4893
-3.3368 0.2893 0.5872
-3.3368 0.2893 0.6850
-3.3368 0.2893 0.7829
-3.3368 0.2893 0.8808
-3.3368 0.2893 0.9786
-3.3368 0.2893 1.0765
-3.3368 0.2893 1.1743
-3.3368 0.2893 1.2722
-3.3368 0.2893 1.3700
-3.3368 0.2893 1.4679
-3.3368 0.2893 1.5657
-3.3368 0.2893 1.6636
-3.3368 0.2893 1.7615
-3.3368 0.2893 1.8593
-3.3368 0.2893 1.9572
-3.3368 0.2893 2.0550
-3.3368 0.2893 2.1529
-3.3368 0.2893 2.2507
-3.3368 0.2893 2.3486
-3.3368 0.2893 2.4464
-3.3368 0.2893 2.5443
-3.3368 0.2893 2.6422
-3.3368 0.2893 2.7400
-3.3368 0.2893 2.8379
-3.3368 0.2893 2.9357
-3.3368 0.2893 3.0336
-3.3368 0.2893 3.1314
-3.3368 0.2893 3.2293
-3.3368 0.2893 3.3272
-3.3000 -2.7000 0.0000
-3.3000 -2.7000 0.1000
-3.3000 -2.7000 0.2000
-3.3000 -2.7000 0.3000
-3.3000 -2.7000 0.4000
-3.3000 -2.7000 0.5000
-3.3000 -2.7000 0.6000
-3.3000 -2.7000 0.7000
-3.3000 -2.7000 0.8000
-3.3000 -2.7000 0.9000
-3.3000 -2.7000 1.0000
-3.3000 -2.7000 1.1000
-3.3000 -2.7000 1.2000
-3.3000 -2.7000 1.3000
-3.3000 -2.7000 1.4000
-3.3000 -2.7000 1.5000
-3.3000 -2.7000 1.6000
-3.3000 -2.7000 1.7000
-3.3000 -2.7000 1.8000
-3.3000 -2.7000 1.9000
-3.3000 -2.7000 2.0000
-3.3000 -2.7000 2.1000
-3.3000 -2.7000 2.2000
-3.3000 -2.7000 2.3000
-3.3000 -2.7000 2.4000
-3.3000 -2.7000 2.5000
-3.3000 -2.7000 2.6000
-3.3000 -2.7000 2.7000
-3.3000 -2.7000 2.8000
-3.3000 -2.7000 2.9000
-3.3000 -2.7000 3.0000
-3.3000 -2.7000 3.1000
-3.3000 -2.7000 3.2000
-3.3000 -2.7000 3.3000
-3.3000 -2.7000 3.4000
-3.3000 -2.7000 3.5000
-3.3000 -2.6000 0.0000
-3.3000 -2.6000 3.5000
-3.3000 -2.5000 0.0000
-3.3000 -2.5000 0.1000
-3.3000 -2.5000 0.2000
-3.3000 -2.5000 0.3000
-3.3000 -2.5000 0.4000
-3.3000 -2.5000 0.5000
-3.3000 -2.5000 0.6000
-3.3000 -2.5000 0.7000
-3.3000 -2.5000 0.8000
-3.3000 -2.5000 0.9000
-3.3000 -2.5000 1.0000
-3.3000 -2.5000 1.1000
-3.3000 -2.5000 1.2000
-3.3000 -2.5000 1.3000
-3.3000 -2.5000 1.4000
-3.3000 -2.5000 1.5000
-3.3000 -2.5000 1.6000
-3.3000 -2.5000 1.7000
-3.3000 -2.5000 1.8000
-3.3000 -2.5000 1.9000
-3.3000 -2.5000 2.0000
-3.3000 -2.5000 2.1000
-3.3000 -2.5000 2.2000
-3.3000 -2.5000 2.3000
-3.3000 -2.5000 2.4000
-3.3000 -2.5000 2.5000
-3.3000 -2.5000 2.6000
-3.3000 -2.5000 2.7000
-3.3000 -2.5000 2.8000
-3.3000 -2.5000 2.9000
-3.3000 -2.5000 3.0000
-3.3000 -2.5000 3.1000
-3.3000 -2.5000 3.2000
-3.3000 -2.5000 3.3000
-3.3000 -2.5000 3.4000
-3.3000 -2.5000 3.5000
-3.3000 2.5000 0.0000
-3.3000 2.5000 0.1000
-3.3000 2.5000 0.2000
-3.3000 2.5000 0.3000
-3.3000 2.5000 0.4000
-3.3000 2.5000 0.5000
-3.3000 2.5000 0.6000
-3.3000 2.5000 0.7000
-3.3000 2.5000 0.8000
-3.3000 2.5000 0.9000
-3.3000 2.5000 1.0000
-3.3000 2.5000 1.1000
-3.3000 2.5000 1.2000
-3.3000 2.5000 1.3000
-3.3000 2.5000 1.4000
-3.3000 2.5000 1.5000
-3.3000 2.5000 1.6000
-3.3000 2.5000 1.7000
-3.3000 2.5000 1.8000
-3.3000 2.5000 1.9000
-3.3000 2.5000 2.0000
-3.3000 2.5000 2.1000
-3.3000 2.5000 2.2000
-3.3000 2.5000 2.3000
-3.3000 2.5000 2.4000
-3.3000 2.5000 2.5000
-3.3000 2.5000 2.6000
-3.3000 2.5000 2.7000
-3.3000 2.5000 2.8000
-3.3000 2.5000 2.9000
-3.3000 2.5000 3.0000
-3.3000 2.5000 3.1000
-3.3000 2.5000 3.2000
-3.3000 2.5000 3.3000
-3.3000 2.5000 3.4000
-3.3000 2.5000 3.5000
-3.3000 2.6000 0.0000
-3.3000 2.6000 3.5000
-3.3000 2.7000 0.0000
-3.3000 2.7000 0.1000
-3.3000 2.7000 0.2000
-3.3000 2.7000 0.3000
-3.3000 2.7000 0.4000
-3.3000 2.7000 0.5000
-3.3000 2.7000 0.6000
-3.3000 2.7000 0.7000
-3.3000 2.7000 0.8000
-3.3000 2.7000 0.9000
-3.3000 2.7000 1.0000
-3.3000 2.7000 1.1000
-3.3000 2.7000 1.2000
-3.3000 2.7000 1.3000
-3.3000 2.7000 1.4000
-3.3000 2.7000 1.5000
-3.3000 2.7000 1.6000
-3.3000 2.7000 1.7000
-3.3000 2.7000 1.8000
-3.3000 2.7000 1.9000
-3.3000 2.7000 2.0000
-3.3000 2.7000 2.1000
-3.3000 2.7000 2.2000
-3.3000 2.7000 2.3000
-3.3000 2.7000 2.4000
-3.3000 2.7000 2.5000
-3.3000 2.7000 2.6000
-3.3000 2.7000 2.7000
-3.3000 2.7000 2.8000
-3.3000 2.7000 2.9000
-3.3000 2.7000 3.0000
-3.3000 2.7000 3.1000
-3.3000 2.7000 3.2000
-3.3000 2.7000 3.3000
-3.3000 2.7000 3.4000
-3.3000 2.7000 3.5000
-3.2426 -0.3698 0.0000
-3.2426 -0.3698 0.0979
-3.2426 -0.3698 0.1958
-3.2426 -0.3698 0.2936
-3.2426 -0.3698 0.3915
-3.2426 -0.3698 0.4893
-3.2426 -0.3698 0.5872
-3.2426 -0.3698 0.6850
-3.2426 -0.3698 0.7829
-3.2426 -0.3698 0.8808
-3.2426 -0.3698 0.9786
-3.2426 -0.3698 1.0765
-3.2426 -0.3698 1.1743
-3.2426 -0.3698 1.2722
-3.2426 -0.3698 1.3700
-3.2426 -0.3698 1.4679
-3.2426 -0.3698 1.5657
-3.2426 -0.3698 1.6636
-3.2426 -0.3698 1.7615
-3.2426 -0.3698 1.8593
-3.2426 -0.3698 1.9572
-3.2426 -0.3698 2.0550
-3.2426 -0.3698 2.1529
-3.2426 -0.3698 2.2507
-3.2426 -0.3698 2.3486
-3.2426 -0.3698 2.4464
-3.2426 -0.3698 2.5443
-3.2426 -0.3698 2.6422
-3.2426 -0.3698 2.7400
-3.2426 -0.3698 2.8379
-3.2426 -0.3698 2.9357
-3.2426 -0.3698 3.0336
-3.2426 -0.3698 3.1314
-3.2426 -0.3698 3.2293
-3.2426 -0.3698 3.3272
-3.2426 -0.2756 0.0000
-3.2426 -0.2756 3.3272
-3.2426 -0.1814 0.0000
-3.2426 -0.1814 3.3272
-3.2426 -0.0873 0.0000
-3.2426 -0.0873 3.3272
-3.2426 0.0069 0.0000
-3.2426 0.0069 3.3272
-3.2426 0.1010 0.0000
-3.2426 0.1010 3.3272
-3.2426 0.1952 0.0000
-3.2426 0.1952 3.3272
-3.2426 0.2893 0.0000
-3.2426 0.2893 0.0979
-3.2426 0.2893 0.1958
-3.2426 0.2893 0.2936
-3.2426 0.2893 0.3915
-3.2426 0.2893 0.4893
-3.2426 0.2893 0.5872
-3.2426 0.2893 0.6850
-3.2426 0.2893 0.7829
-3.2426 0.2893 0.8808
-3.2426 0.2893 0.9786
-3.2426 0.2893 1.0765
-3.2426 0.2893 1.1743
-3.2426 0.2893 1.2722
-3.2426 0.2893 1.3700
-3.2426 0.2893 1.4679
-3.2426 0.2893 1.5657
-3.2426 0.2893 1.6636
-3.2426 0.2893 1.7615
-3.2426 0.2893 1.8593
-3.2426 0.2893 1.9572
-3.2426 0.2893 2.0550
-3.2426 0.2893 2.1529
-3.2426 0.2893 2.2507
-3.2426 0.2893 2.3486
-3.2426 0.2893 2.4464
-3.2426 0.2893 2.5443
-3.2426 0.2893 2.6422
-3.2426 0.2893 2.7400
-3.2426 0.2893 2.8379
-3.2426 0.2893 2.9357
-3.2426 0.2893 3.0336
-3.2426 0.2893 3.1314
-3.2426 0.2893 3.2293
-3.2426 0.2893 3.3272
-3.2000 -2.7000 0.0000
-3.2000 -2.7000 0.1000
-3.2000 -2.7000 0.2000
-3.2000 -2.7000 0.3000
-3.2000 -2.7000 0.4000
-3.2000 -2.7000 0.5000
-3.2000 -2.7000 0.6000
-3.2000 -2.7000 0.7000
-3.2000 -2.7000 0.8000
-3.2000 -2.7000 0.9000
-3.2000 -2.7000 1.0000
-3.2000 -2.7000 1.1000
-3.2000 -2.7000 1.2000
-3.2000 -2.7000 1.3000
-3.2000 -2.7000 1.4000
-3.2000 -2.7000 1.5000
-3.2000 -2.7000 1.6000
-3.2000 -2.7000 1.7000
-3.2000 -2.7000 1.8000
-3.2000 -2.7000 1.9000
-3.2000 -2.7000 2.0000
-3.2000 -2.7000 2.1000
-3.2000 -2.7000 2.2000
-3.2000 -2.7000 2.3000
-3.2000 -2.7000 2.4000
-3.2000 -2.7000 2.5000
-3.2000 -2.7000 2.6000
-3.2000 -2.7000 2.7000
-3.2000 -2.7000 2.8000
-3.2000 -2.7000 2.9000
-3.2000 -2.7000 3.0000
-3.2000 -2.7000 3.1000
-3.2000 -2.7000 3.2000
-3.2000 -2.7000 3.3000
-3.2000 -2.7000 3.4000
-3.2000 -2.7000 3.5000
-3.2000 -2.6000 0.0000
-3.2000 -2.6000 3.5000
-3.2000 -2.5000 0.0000
-3.2000 -2.5000 0.1000
-3.2000 -2.5000 0.2000
-3.2000 -2.5000 0.3000
-3.2000 -2.5000 0.4000
-3.2000 -2.5000 0.5000
-3.2000 -2.5000 0.6000
-3.2000 -2.5000 0.7000
-3.2000 -2.5000 0.8000
-3.2000 -2.5000 0.9000
-3.2000 -2.5000 1.0000
-3.2000 -2.5000 1.1000
-3.2000 -2.5000 1.2000
-3.2000 -2.5000 1.3000
-3.2000 -2.5000 1.4000
-3.2000 -2.5000 1.5000
-3.2000 -2.5000 1.6000
-3.2000 -2.5000 1.7000
-3.2000 -2.5000 1.8000
-3.2000 -2.5000 1.9000
-3.2000 -2.5000 2.0000
-3.2000 -2.5000 2.1000
-3.2000 -2.5000 2.2000
-3.2000 -2.5000 2.3000
-3.2000 -2.5000 2.4000
-3.2000 -2.5000 2.5000
-3.2000 -2.5000 2.6000
-3.2000 -2.5000 2.7000
-3.2000 -2.5000 2.8000
-3.2000 -2.5000 2.9000
-3.2000 -2.5000 3.0000
-3.2000 -2.5000 3.1000
-3.2000 -2.5000 3.2000
-3.2000 -2.5000 3.3000
-3.2000 -2.5000 3.4000
-3.2000 -2.5000 3.5000
-3.2000 2.5000 0.0000
-3.2000 2.5000 0.1000
-3.2000 2.5000 0.2000
-3.2000 2.5000 0.3000
-3.2000 2.5000 0.4000
-3.2000 2.5000 0.5000
-3.2000 2.5000 0.6000
-3.2000 2.5000 0.7000
-3.2000 2.5000 0.8000
-3.2000 2.5000 0.9000
-3.2000 2.5000 1.0000
-3.2000 2.5000 1.1000
-3.2000 2.5000 1.2000
-3.2000 2.5000 1.3000
-3.2000 2.5000 1.4000
-3.2000 2.5000 1.5000
-3.2000 2.5000 1.6000
-3.2000 2.5000 1.7000
-3.2000 2.5000 1.8000
-3.2000 2.5000 1.9000
-3.2000 2.5000 2.0000
-3.2000 2.5000 2.1000
-3.2000 2.5000 2.2000
-3.2000 2.5000 2.3000
-3.2000 2.5000 2.4000
-3.2000 2.5000 2.5000
-3.2000 2.5000 2.6000
-3.2000 2.5000 2.7000
-3.2000 2.5000 2.8000
-3.2000 2.5000 2.9000
-3.2000 2.5000 3.0000
-3.2000 2.5000 3.1000
-3.2000 2.5000 3.2000
-3.2000 2.5000 3.3000
-3.2000 2.5000 3.4000
-3.2000 2.5000 3.5000
-3.2000 2.6000 0.0000
-3.2000 2.6000 3.5000
-3.2000 2.7000 0.0000
-3.2000 2.7000 0.1000
-3.2000 2.7000 0.2000
-3.2000 2.7000 0.3000
-3.2000 2.7000 0.4000
-3.2000 2.7000 0.5000
-3.2000 2.7000 0.6000
-3.2000 2.7000 0.7000
-3.2000 2.7000 0.8000
-3.2000 2.7000 0.9000
-3.2000 2.7000 1.0000
-3.2000 2.7000 1.1000
-3.2000 2.7000 1.2000
-3.2000 2.7000 1.3000
-3.2000 2.7000 1.4000
-3.2000 2.7000 1.5000
-3.2000 2.7000 1.6000
-3.2000 2.7000 1.7000
-3.2000 2.7000 1.8000
-3.2000 2.7000 1.9000
-3.2000 2.7000 2.0000
-3.2000 2.7000 2.1000
-3.2000 2.7000 2.2000
-3.2000 2.7000 2.3000
-3.2000 2.7000 2.4000
-3.2000 2.7000 2.5000
-3.2000 2.7000 2.6000
-3.2000 2.7000 2.7000
-3.2000 2.7000 2.8000
-3.2000 2.7000 2.9000
-3.2000 2.7000 3.0000
-3.2000 2.7000 3.1000
-3.2000 2.7000 3.2000
-3.2000 2.7000 3.3000
-3.2000 2.7000 3.4000
-3.2000 2.7000 3.5000
-3.1484 -0.3698 0.0000
-3.1484 -0.3698 0.0979
-3.1484 -0.3698 0.1958
-3.1484 -0.3698 0.2936
-3.1484 -0.3698 0.3915
-3.1484 -0.3698 0.4893
-3.1484 -0.3698 0.5872
-3.1484 -0.3698 0.6850
-3.1484 -0.3698 0.7829
-3.1484 -0.3698 0.8808
-3.1484 -0.3698 0.9786
-3.1484 -0.3698 1.0765
-3.1484 -0.3698 1.1743
-3.1484 -0.3698 1.2722
-3.1484 -0.3698 1.3700
-3.1484 -0.3698 1.4679
-3.1484 -0.3698 1.5657
-3.1484 -0.3698 1.6636
-3.1484 -0.3698 1.7615
-3.1484 -0.3698 1.8593
-3.1484 -0.3698 1.9572
-3.1484 -0.3698 2.0550
-3.1484 -0.3698 2.1529
-3.1484 -0.3698 2.2507
-3.1484 -0.3698 2.3486
-3.1484 -0.3698 2.4464
-3.1484 -0.3698 2.5443
-3.1484 -0.3698 2.6422
-3.1484 -0.3698 2.7400
-3.1484 -0.3698 2.8379
-3.1484 -0.3698 2.9357
-3.1484 -0.3698 3.0336
-3.1484 -0.3698 3.1314
-3.1484 -0.3698 3.2293
-3.1484 -0.3698 3.3272
-3.1484 -0.2756 0.0000
-3.1484 -0.2756 3.3272
-3.1484 -0.1814 0.0000
-3.1484 -0.1814 3.3272
-3.1484 -0.0873 0.0000
-3.1484 -0.0873 3.3272
-3.1484 0.0069 0.0000
-3.1484 0.0069 3.3272
-3.1484 0.1010 0.0000
-3.1484 0.1010 3.3272
-3.1484 0.1952 0.0000
-3.1484 0.1952 3.3272
-3.1484 0.2893 0.0000
-3.1484 0.2893 0.0979
-3.1484 0.2893 0.1958
-3.1484 0.2893 0.2936
-3.1484 0.2893 0.3915
-3.1484 0.2893 0.4893
-3.1484 0.2893 0.5872
-3.1484 0.2893 0.6850
-3.1484 0.2893 0.7829
-3.1484 0.2893 0.8808
-3.1484 0.2893 0.9786
-3.1484 0.2893 1.0765
-3.1484 0.2893 1.1743
-3.1484 0.2893 1.2722
-3.1484 0.2893 1.3700
-3.1484 0.2893 1.4679
-3.1484 0.2893 1.5657
-3.1484 0.2893 1.6636
-3.1484 0.2893 1.7615
-3.1484 0.2893 1.8593
-3.1484 0.2893 1.9572
-3.1484 0.2893 2.0550
-3.1484 0.2893 2.1529
-3.1484 0.2893 2.2507
-3.1484 0.2893 2.3486
-3.1484 0.2893 2.4464
-3.1484 0.2893 2.5443
-3.1484 0.2893 2.6422
-3.1484 0.2893 2.7400
-3.1484 0.2893 2.8379
-3.1484 0.2893 2.9357
-3.1484 0.2893 3.0336
-3.1484 0.2893 3.1314
-3.1484 0.2893 3.2293
-3.1484 0.2893 3.3272
-3.1000 -2.7000 0.0000
-3.1000 -2.7000 0.1000
-3.1000 -2.7000 0.2000
-3.1000 -2.7000 0.3000
-3.1000 -2.7000 0.4000
-3.1000 -2.7000 0.5000
-3.1000 -2.7000 0.6000
-3.1000 -2.7000 0.7000
-3.1000 -2.7000 0.8000
-3.1000 -2.7000 0.9000
-3.1000 -2.7000 1.0000
-3.1000 -2.7000 1.1000
-3.1000 -2.7000 1.2000
-3.1000 -2.7000 1.3000
-3.1000 -2.7000 1.4000
-3.1000 -2.7000 1.5000
-3.1000 -2.7000 1.6000
-3.1000 -2.7000 1.7000
-3.1000 -2.7000 1.8000
-3.1000 -2.7000 1.9000
-3.1000 -2.7000 2.0000
-3.1000 -2.7000 2.1000
-3.1000 -2.7000 2.2000
-3.1000 -2.7000 2.3000
-3.1000 -2.7000 2.4000
-3.1000 -2.7000 2.5000
-3.1000 -2.7000 2.6000
-3.1000 -2.7000 2.7000
-3.1000 -2.7000 2.8000
-3.1000 -2.7000 2.9000
-3.1000 -2.7000 3.0000
-3.1000 -2.7000 3.1000
-3.1000 -2.7000 3.2000
-3.1000 -2.7000 3.3000
-3.1000 -2.7000 3.4000
-3.1000 -2.7000 3.5000
-3.1000 -2.6000 0.0000
-3.1000 -2.6000 3.5000
-3.1000 -2.5000 0.0000
-3.1000 -2.5000 0.1000
-3.1000 -2.5000 0.2000
-3.1000 -2.5000 0.3000
-3.1000 -2.5000 0.4000
-3.1000 -2.5000 0.5000
-3.1000 -2.5000 0.6000
-3.1000 -2.5000 0.7000
-3.1000 -2.5000 0.8000
-3.1000 -2.5000 0.9000
-3.1000 -2.5000 1.0000
-3.1000 -2.5000 1.1000
-3.1000 -2.5000 1.2000
-3.1000 -2.5000 1.3000
-3.1000 -2.5000 1.4000
-3.1000 -2.5000 1.5000
-3.1000 -2.5000 1.6000
-3.1000 -2.5000 1.7000
-3.1000 -2.5000 1.8000
-3.1000 -2.5000 1.9000
-3.1000 -2.5000 2.0000
-3.1000 -2.5000 2.1000
-3.1000 -2.5000 2.2000
-3.1000 -2.5000 2.3000
-3.1000 -2.5000 2.4000
-3.1000 -2.5000 2.5000
-3.1000 -2.5000 2.6000
-3.1000 -2.5000 2.7000
-3.1000 -2.5000 2.8000
-3.1000 -2.5000 2.9000
-3.1000 -2.5000 3.0000
-3.1000 -2.5000 3.1000
-3.1000 -2.5000 3.2000
-3.1000 -2.5000 3.3000
-3.1000 -2.5000 3.4000
-3.1000 -2.5000 3.5000
-3.1000 2.5000 0.0000
-3.1000 2.5000 0.1000
-3.1000 2.5000 0.2000
-3.1000 2.5000 0.3000
-3.1000 2.5000 0.4000
-3.1000 2.5000 0.5000
-3.1000 2.5000 0.6000
-3.1000 2.5000 0.7000
-3.1000 2.5000 0.8000
-3.1000 2.5000 0.9000
-3.1000 2.5000 1.0000
-3.1000 2.5000 1.1000
-3.1000 2.5000 1.2000
-3.1000 2.5000 1.3000
-3.1000 2.5000 1.4000
-3.1000 2.5000 1.5000
-3.1000 2.5000 1.6000
-3.1000 2.5000 1.7000
-3.1000 2.5000 1.8000
-3.1000 2.5000 1.9000
-3.1000 2.5000 2.0000
-3.1000 2.5000 2.1000
-3.1000 2.5000 2.2000
-3.1000 2.5000 2.3000
-3.1000 2.5000 2.4000
-3.1000 2.5000 2.5000
-3.1000 2.5000 2.6000
-3.1000 2.5000 2.7000
-3.1000 2.5000 2.8000
-3.1000 2.5000 2.9000
-3.1000 2.5000 3.0000
-3.1000 2.5000 3.1000
-3.1000 2.5000 3.2000
-3.1000 2.5000 3.3000
-3.1000 2.5000 3.4000
-3.1000 2.5000 3.5000
-3.1000 2.6000 0.0000
-3.1000 2.6000 3.5000
-3.1000 2.7000 0.0000
-3.1000 2.7000 0.1000
-3.1000 2.7000 0.2000
-3.1000 2.7000 0.3000
-3.1000 2.7000 0.4000
-3.1000 2.7000 0.5000
-3.1000 2.7000 0.6000
-3.1000 2.7000 0.7000
-3.1000 2.7000 0.8000
-3.1000 2.7000 0.9000
-3.1000 2.7000 1.0000
-3.1000 2.7000 1.1000
-3.1000 2.7000 1.2000
-3.1000 2.7000 1.3000
-3.1000 2.7000 1.4000
-3.1000 2.7000 1.5000
-3.1000 2.7000 1.6000
-3.1000 2.7000 1.7000
-3.1000 2.7000 1.8000
-3.1000 2.7000 1.9000
-3.1000 2.7000 2.0000
-3.1000 2.7000 2.1000
-3.1000 2.7000 2.2000
-3.1000 2.7000 2.3000
-3.1000 2.7000 2.4000
-3.1000 2.7000 2.5000
-3.1000 2.7000 2.6000
-3.1000 2.7000 2.7000
-3.1000 2.7000 2.8000
-3.1000 2.7000 2.9000
-3.1000 2.7000 3.0000
-3.1000 2.7000 3.1000
-3.1000 2.7000 3.2000
-3.1000 2.7000 3.3000
-3.1000 2.7000 3.4000
-3.1000 2.7000 3.5000
-3.0543 -0.3698 0.0000
-3.0543 -0.3698 0.0979
-3.0543 -0.3698 0.1958
-3.0543 -0.3698 0.2936
-3.0543 -0.3698 0.3915
-3.0543 -0.3698 0.4893
-3.0543 -0.3698 0.5872
-3.0543 -0.3698 0.6850
-3.0543 -0.3698 0.7829
-3.0543 -0.3698 0.8808
-3.0543 -0.3698 0.9786
-3.0543 -0.3698 1.0765
-3.0543 -0.3698 1.1743
-3.0543 -0.3698 1.2722
-3.0543 -0.3698 1.3700
-3.0543 -0.3698 1.4679
-3.0543 -0.3698 1.5657
-3.0543 -0.3698 1.6636
-3.0543 -0.3698 1.7615
-3.0543 -0.3698 1.8593
-3.0543 -0.3698 1.9572
-3.0543 -0.3698 2.0550
-3.0543 -0.3698 2.1529
-3.0543 -0.3698 2.2507
-3.0543 -0.3698 2.3486
-3.0543 -0.3698 2.4464
-3.0543 -0.3698 2.5443
-3.0543 -0.3698 2.6422
-3.0543 -0.3698 2.7400
-3.0543 -0.3698 2.8379
-3.0543 -0.3698 2.9357
-3.0543 -0.3698 3.0336
-3.0543 -0.3698 3.1314
-3.0543 -0.3698 3.2293
-3.0543 -0.3698 3.3272
-3.0543 -0.2756 0.0000
-3.0543 -0.2756 3.3272
-3.0543 -0.1814 0.0000
-3.0543 -0.1814 3.3272
-3.0543 -0.0873 0.0000
-3.0543 -0.0873 3.3272
-3.0543 0.0069 0.0000
-3.0543 0.0069 3.3272
-3.0543 0.1010 0.0000
-3.0543 0.1010 3.3272
-3.0543 0.1952 0.0000
-3.0543 0.1952 3.3272
-3.0543 0.2893 0.0000
-3.0543 0.2893 0.0979
-3.0543 0.2893 0.1958
-3.0543 0.2893 0.2936
-3.0543 0.2893 0.3915
-3.0543 0.2893 0.4893
-3.0543 0.2893 0.5872
-3.0543 0.2893 0.6850
-3.0543 0.2893 0.7829
-3.0543 0.2893 0.8808
-3.0543 0.2893 0.9786
-3.0543 0.2893 1.0765
-3.0543 0.2893 1.1743
-3.0543 0.2893 1.2722
-3.0543 0.2893 1.3700
-3.0543 0.2893 1.4679
-3.0543 0.2893 1.5657
-3.0543 0.2893 1.6636
-3.0543 0.2893 1.7615
-3.0543 0.2893 1.8593
-3.0543 0.2893 1.9572
-3.0543 0.2893 2.0550
-3.0543 0.2893 2.1529
-3.0543 0.2893 2.2507
-3.0543 0.2893 2.3486
-3.0543 0.2893 2.4464
-3.0543 0.2893 2.5443
-3.0543 0.2893 2.6422
-3.0543 0.2893 2.7400
-3.0543 0.2893 2.8379
-3.0543 0.2893 2.9357
-3.0543 0.2893 3.0336
-3.0543 0.2893 3.1314
-3.0543 0.2893 3.2293
-3.0543 0.2893 3.3272
-3.0000 -2.7000 0.0000
-3.0000 -2.7000 0.1000
-3.0000 -2.7000 0.2000
-3.0000 -2.7000 0.3000
-3.0000 -2.7000 0.4000
-3.0000 -2.7000 0.5000
-3.0000 -2.7000 0.6000
-3.0000 -2.7000 0.7000
-3.0000 -2.7000 0.8000
-3.0000 -2.7000 0.9000
-3.0000 -2.7000 1.0000
-3.0000 -2.7000 1.1000
-3.0000 -2.7000 1.2000
-3.0000 -2.7000 1.3000
-3.0000 -2.7000 1.4000
-3.0000 -2.7000 1.5000
-3.0000 -2.7000 1.6000
-3.0000 -2.7000 1.7000
-3.0000 -2.7000 1.8000
-3.0000 -2.7000 1.9000
-3.0000 -2.7000 2.0000
-3.0000 -2.7000 2.1000
-3.0000 -2.7000 2.2000
-3.0000 -2.7000 2.3000
-3.0000 -2.7000 2.4000
-3.0000 -2.7000 2.5000
-3.0000 -2.7000 2.6000
-3.0000 -2.7000 2.7000
-3.0000 -2.7000 2.8000
-3.0000 -2.7000 2.9000
-3.0000 -2.7000 3.0000
-3.0000 -2.7000 3.1000
-3.0000 -2.7000 3.2000
-3.0000 -2.7000 3.3000
-3.0000 -2.7000 3.4000
-3.0000 -2.7000 3.5000
-3.0000 -2.6000 0.0000
-3.0000 -2.6000 3.5000
-3.0000 -2.5000 0.0000
-3.0000 -2.5000 0.1000
-3.0000 -2.5000 0.2000
-3.0000 -2.5000 0.3000
-3.0000 -2.5000 0.4000
-3.0000 -2.5000 0.5000
-3.0000 -2.5000 0.6000
-3.0000 -2.5000 0.7000
-3.0000 -2.5000 0.8000
-3.0000 -2.5000 0.9000
-3.0000 -2.5000 1.0000
-3.0000 -2.5000 1.1000
-3.0000 -2.5000 1.2000
-3.0000 -2.5000 1.3000
-3.0000 -2.5000 1.4000
-3.0000 -2.5000 1.5000
-3.0000 -2.5000 1.6000
-3.0000 -2.5000 1.7000
-3.0000 -2.5000 1.8000
-3.0000 -2.5000 1.9000
-3.0000 -2.5000 2.0000
-3.0000 -2.5000 2.1000
-3.0000 -2.5000 2.2000
-3.0000 -2.5000 2.3000
-3.0000 -2.5000 2.4000
-3.0000 -2.5000 2.5000
-3.0000 -2.5000 2.6000
-3.0000 -2.5000 2.7000
-3.0000 -2.5000 2.8000
-3.0000 -2.5000 2.9000
-3.0000 -2.5000 3.0000
-3.0000 -2.5000 3.1000
-3.0000 -2.5000 3.2000
-3.0000 -2.5000 3.3000
-3.0000 -2.5000 3.4000
-3.0000 -2.5000 3.5000
-3.0000 2.5000 0.0000
-3.0000 2.5000 0.1000
-3.0000 2.5000 0.2000
-3.0000 2.5000 0.3000
-3.0000 2.5000 0.4000
-3.0000 2.5000 0.5000
-3.0000 2.5000 0.6000
-3.0000 2.5000 0.7000
-3.0000 2.5000 0.8000
-3.0000 2.5000 0.9000
-3.0000 2.5000 1.0000
-3.0000 2.5000 1.1000
-3.0000 2.5000 1.2000
-3.0000 2.5000 1.3000
-3.0000 2.5000 1.4000
-3.0000 2.5000 1.5000
-3.0000 2.5000 1.6000
-3.0000 2.5000 1.7000
-3.0000 2.5000 1.8000
-3.0000 2.5000 1.9000
-3.0000 2.5000 2.0000
-3.0000 2.5000 2.1000
-3.0000 2.5000 2.2000
-3.0000 2.5000 2.3000
-3.0000 2.5000 2.4000
-3.0000 2.5000 2.5000
-3.0000 2.5000 2.6000
-3.0000 2.5000 2.7000
-3.0000 2.5000 2.8000
-3.0000 2.5000 2.9000
-3.0000 2.5000 3.0000
-3.0000 2.5000 3.1000
-3.0000 2.5000 3.2000
-3.0000 2.5000 3.3000
-3.0000 2.5000 3.4000
-3.0000 2.5000 3.5000
-3.0000 2.6000 0.0000
-3.0000 2.6000 3.5000
-3.0000 2.7000 0.0000
-3.0000 2.7000 0.1000
-3.0000 2.7000 0.2000
-3.0000 2.7000 0.3000
-3.0000 2.7000 0.4000
-3.0000 2.7000 0.5000
-3.0000 2.7000 0.6000
-3.0000 2.7000 0.7000
-3.0000 2.7000 0.8000
-3.0000 2.7000 0.9000
-3.0000 2.7000 1.0000
-3.0000 2.7000 1.1000
-3.0000 2.7000 1.2000
-3.0000 2.7000 1.3000
-3.0000 2.7000 1.4000
-3.0000 2.7000 1.5000
-3.0000 2.7000 1.6000
-3.0000 2.7000 1.7000
-3.0000 2.7000 1.8000
-3.0000 2.7000 1.9000
-3.0000 2.7000 2.0000
-3.0000 2.7000 2.1000
-3.0000 2.7000 2.2000
-3.0000 2.7000 2.3000
-3.0000 2.7000 2.4000
-3.0000 2.7000 2.5000
-3.0000 2.7000 2.6000
-3.0000 2.7000 2.7000
-3.0000 2.7000 2.8000
-3.0000 2.7000 2.9000
-3.0000 2.7000 3.0000
-3.0000 2.7000 3.1000
-3.0000 2.7000 3.2000
-3.0000 2.7000 3.3000
-3.0000 2.7000 3.4000
-3.0000 2.7000 3.5000
-2.9601 -0.3698 0.0000
-2.9601 -0.3698 0.0979
-2.9601 -0.3698 0.1958
-2.9601 -0.3698 0.2936
-2.9601 -0.3698 0.3915
-2.9601 -0.3698 0.4893
-2.9601 -0.3698 0.5872
-2.9601 -0.3698 0.6850
-2.9601 -0.3698 0.7829
-2.9601 -0.3698 0.8808
-2.9601 -0.3698 0.9786
-2.9601 -0.3698 1.0765
-2.9601 -0.3698 1.1743
-2.9601 -0.3698 1.2722
-2.9601 -0.3698 1.3700
-2.9601 -0.3698 1.4679
-2.9601 -0.3698 1.5657
-2.9601 -0.3698 1.6636
-2.9601 -0.3698 1.7615
-2.9601 -0.3698 1.8593
-2.9601 -0.3698 1.9572
-2.9601 -0.3698 2.0550
-2.9601 -0.3698 2.1529
-2.9601 -0.3698 2.2507
-2.9601 -0.3698 2.3486
-2.9601 -0.3698 2.4464
-2.9601 -0.3698 2.5443
-2.9601 -0.3698 2.6422
-2.9601 -0.3698 2.7400
-2.9601 -0.3698 2.8379
-2.9601 -0.3698 2.9357
-2.9601 -0.3698 3.0336
-2.9601 -0.3698 3.1314
-2.9601 -0.3698 3.2293
-2.9601 -0.3698 3.3272
-2.9601 -0.2756 0.0000
-2.9601 -0.2756 3.3272
-2.9601 -0.1814 0.0000
-2.9601 -0.1814 3.3272
-2.9601 -0.0873 0.0000
-2.9601 -0.0873 3.3272
-2.9601 0.0069 0.0000
-2.9601 0.0069 3.3272
-2.9601 0.1010 0.0000
-2.9601 0.1010 3.3272
-2.9601 0.1952 0.0000
-2.9601 0.1952 3.3272
-2.9601 0.2893 0.0000
-2.9601 0.2893 0.0979
-2.9601 0.2893 0.1958
-2.9601 0.2893 0.2936
-2.9601 0.2893 0.3915
-2.9601 0.2893 0.4893
-2.9601 0.2893 0.5872
-2.9601 0.2893 0.6850
-2.9601 0.2893 0.7829
-2.9601 0.2893 0.8808
-2.9601 0.2893 0.9786
-2.9601 0.2893 1.0765
-2.9601 0.2893 1.1743
-2.9601 0.2893 1.2722
-2.9601 0.2893 1.3700
-2.9601 0.2893 1.4679
-2.9601 0.2893 1.5657
-2.9601 0.2893 1.6636
-2.9601 0.2893 1.7615
-2.9601 0.2893 1.8593
-2.9601 0.2893 1.9572
-2.9601 0.2893 2.0550
-2.9601 0.2893 2.1529
-2.9601 0.2893 2.2507
-2.9601 0.2893 2.3486
-2.9601 0.2893 2.4464
-2.9601 0.2893 2.5443
-2.9601 0.2893 2.6422
-2.9601 0.2893 2.7400
-2.9601 0.2893 2.8379
-2.9601 0.2893 2.9357
-2.9601 0.2893 3.0336
-2.9601 0.2893 3.1314
-2.9601 0.2893 3.2293
-2.9601 0.2893 3.3272
-2.9000 -2.7000 0.0000
-2.9000 -2.7000 0.1000
-2.9000 -2.7000 0.2000
-2.9000 -2.7000 0.3000
-2.9000 -2.7000 0.4000
-2.9000 -2.7000 0.5000
-2.9000 -2.7000 0.6000
-2.9000 -2.7000 0.7000
-2.9000 -2.7000 0.8000
-2.9000 -2.7000 0.9000
-2.9000 -2.7000 1.0000
-2.9000 -2.7000 1.1000
-2.9000 -2.7000 1.2000
-2.9000 -2.7000 1.3000
-2.9000 -2.7000 1.4000
-2.9000 -2.7000 1.5000
-2.9000 -2.7000 1.6000
-2.9000 -2.7000 1.7000
-2.9000 -2.7000 1.8000
-2.9000 -2.7000 1.9000
-2.9000 -2.7000 2.0000
-2.9000 -2.7000 2.1000
-2.9000 -2.7000 2.2000
-2.9000 -2.7000 2.3000
-2.9000 -2.7000 2.4000
-2.9000 -2.7000 2.5000
-2.9000 -2.7000 2.6000
-2.9000 -2.7000 2.7000
-2.9000 -2.7000 2.8000
-2.9000 -2.7000 2.9000
-2.9000 -2.7000 3.0000
-2.9000 -2.7000 3.1000
-2.9000 -2.7000 3.2000
-2.9000 -2.7000 3.3000
-2.9000 -2.7000 3.4000
-2.9000 -2.7000 3.5000
-2.9000 -2.6000 0.0000
-2.9000 -2.6000 3.5000
-2.9000 -2.5000 0.0000
-2.9000 -2.5000 0.1000
-2.9000 -2.5000 0.2000
-2.9000 -2.5000 0.3000
-2.9000 -2.5000 0.4000
-2.9000 -2.5000 0.5000
-2.9000 -2.5000 0.6000
-2.9000 -2.5000 0.7000
-2.9000 -2.5000 0.8000
-2.9000 -2.5000 0.9000
-2.9000 -2.5000 1.0000
-2.9000 -2.5000 1.1000
-2.9000 -2.5000 1.2000
-2.9000 -2.5000 1.3000
-2.9000 -2.5000 1.4000
-2.9000 -2.5000 1.5000
-2.9000 -2.5000 1.6000
-2.9000 -2.5000 1.7000
-2.9000 -2.5000 1.8000
-2.9000 -2.5000 1.9000
-2.9000 -2.5000 2.0000
-2.9000 -2.5000 2.1000
-2.9000 -2.5000 2.2000
-2.9000 -2.5000 2.3000
-2.9000 -2.5000 2.4000
-2.9000 -2.5000 2.5000
-2.9000 -2.5000 2.6000
-2.9000 -2.5000 2.7000
-2.9000 -2.5000 2.8000
-2.9000 -2.5000 2.9000
-2.9000 -2.5000 3.0000
-2.9000 -2.5000 3.1000
-2.9000 -2.5000 3.2000
-2.9000 -2.5000 3.3000
-2.9000 -2.5000 3.4000
-2.9000 -2.5000 3.5000
-2.9000 2.5000 0.0000
-2.9000 2.5000 0.1000
-2.9000 2.5000 0.2000
-2.9000 2.5000 0.3000
-2.9000 2.5000 0.4000
-2.9000 2.5000 0.5000
-2.9000 2.5000 0.6000
-2.9000 2.5000 0.7000
-2.9000 2.5000 0.8000
-2.9000 2.5000 0.9000
-2.9000 2.5000 1.0000
-2.9000 2.5000 1.1000
-2.9000 2.5000 1.2000
-2.9000 2.5000 1.3000
-2.9000 2.5000 1.4000
-2.9000 2.5000 1.5000
-2.9000 2.5000 1.6000
-2.9000 2.5000 1.7000
-2.9000 2.5000 1.8000
-2.9000 2.5000 1.9000
-2.9000 2.5000 2.0000
-2.9000 2.5000 2.1000
-2.9000 2.5000 2.2000
-2.9000 2.5000 2.3000
-2.9000 2.5000 2.4000
-2.9000 2.5000 2.5000
-2.9000 2.5000 2.6000
-2.9000 2.5000 2.7000
-2.9000 2.5000 2.8000
-2.9000 2.5000 2.9000
-2.9000 2.5000 3.0000
-2.9000 2.5000 3.1000
-2.9000 2.5000 3.2000
-2.9000 2.5000 3.3000
-2.9000 2.5000 3.4000
-2.9000 2.5000 3.5000
-2.9000 2.6000 0.0000
-2.9000 2.6000 3.5000
-2.9000 2.7000 0.0000
-2.9000 2.7000 0.1000
-2.9000 2.7000 0.2000
-2.9000 2.7000 0.3000
-2.9000 2.7000 0.4000
-2.9000 2.7000 0.5000
-2.9000 2.7000 0.6000
-2.9000 2.7000 0.7000
-2.9000 2.7000 0.8000
-2.9000 2.7000 0.9000
-2.9000 2.7000 1.0000
-2.9000 2.7000 1.1000
-2.9000 2.7000 1.2000
-2.9000 2.7000 1.3000
-2.9000 2.7000 1.4000
-2.9000 2.7000 1.5000
-2.9000 2.7000 1.6000
-2.9000 2.7000 1.7000
-2.9000 2.7000 1.8000
-2.9000 2.7000 1.9000
-2.9000 2.7000 2.0000
-2.9000 2.7000 2.1000
-2.9000 2.7000 2.2000
-2.9000 2.7000 2.3000
-2.9000 2.7000 2.4000
-2.9000 2.7000 2.5000
-2.9000 2.7000 2.6000
-2.9000 2.7000 2.7000
-2.9000 2.7000 2.8000
-2.9000 2.7000 2.9000
-2.9000 2.7000 3.0000
-2.9000 2.7000 3.1000
-2.9000 2.7000 3.2000
-2.9000 2.7000 3.3000
-2.9000 2.7000 3.4000
-2.9000 2.7000 3.5000
-2.8660 -0.3698 0.0000
-2.8660 -0.3698 0.0979
-2.8660 -0.3698 0.1958
-2.8660 -0.3698 0.2936
-2.8660 -0.3698 0.3915
-2.8660 -0.3698 0.4893
-2.8660 -0.3698 0.5872
-2.8660 -0.3698 0.6850
-2.8660 -0.3698 0.7829
-2.8660 -0.3698 0.8808
-2.8660 -0.3698 0.9786
-2.8660 -0.3698 1.0765
-2.8660 -0.3698 1.1743
-2.8660 -0.3698 1.2722
-2.8660 -0.3698 1.3700
-2.8660 -0.3698 1.4679
-2.8660 -0.3698 1.5657
-2.8660 -0.3698 1.6636
-2.8660 -0.3698 1.7615
-2.8660 -0.3698 1.8593
-2.8660 -0.3698 1.9572
-2.8660 -0.3698 2.0550
-2.8660 -0.3698 2.1529
-2.8660 -0.3698 2.2507
-2.8660 -0.3698 2.3486
-2.8660 -0.3698 2.4464
-2.8660 -0.3698 2.5443
-2.8660 -0.3698 2.6422
-2.8660 -0.3698 2.7400
-2.8660 -0.3698 2.8379
-2.8660 -0.3698 2.9357
-2.8660 -0.3698 3.0336
-2.8660 -0.3698 3.1314
-2.8660 -0.3698 3.2293
-2.8660 -0.3698 3.3272
-2.8660 -0.2756 0.0000
-2.8660 -0.2756 3.3272
-2.8660 -0.1814 0.0000
-2.8660 -0.1814 3.3272
-2.8660 -0.0873 0.0000
-2.8660 -0.0873 3.3272
-2.8660 0.0069 0.0000
-2.8660 0.0069 3.3272
-2.8660 0.1010 0.0000
-2.8660 0.1010 3.3272
-2.8660 0.1952 0.0000
-2.8660 0.1952 3.3272
-2.8660 0.2893 0.0000
-2.8660 0.2893 0.0979
-2.8660 0.2893 0.1958
-2.8660 0.2893 0.2936
-2.8660 0.2893 0.3915
-2.8660 0.2893 0.4893
-2.8660 0.2893 0.5872
-2.8660 0.2893 0.6850
-2.8660 0.2893 0.7829
-2.8660 0.2893 0.8808
-2.8660 0.2893 0.9786
-2.8660 0.2893 1.0765
-2.8660 0.2893 1.1743
-2.8660 0.2893 1.2722
-2.8660 0.2893 1.3700
-2.8660 0.2893 1.4679
-2.8660 0.2893 1.5657
-2.8660 0.2893 1.6636
-2.8660 0.2893 1.7615
-2.8660 0.2893 1.8593
-2.8660 0.2893 1.9572
-2.8660 0.2893 2.0550
-2.8660 0.2893 2.1529
-2.8660 0.2893 2.2507
-2.8660 0.2893 2.3486
-2.8660 0.2893 2.4464
-2.8660 0.2893 2.5443
-2.8660 0.2893 2.6422
-2.8660 0.2893 2.7400
-2.8660 0.2893 2.8379
-2.8660 0.2893 2.9357
-2.8660 0.2893 3.0336
-2.8660 0.2893 3.1314
-2.8660 0.2893 3.2293
-2.8660 0.2893 3.3272
-2.8089 -1.5302 0.0000
-2.8089 -1.5302 0.0975
-2.8089 -1.5302 0.1950
-2.8089 -1.5302 0.2925
-2.8089 -1.5302 0.3900
-2.8089 -1.5302 0.4875
-2.8089 -1.5302 0.5850
-2.8089 -1.5302 0.6825
-2.8089 -1.5302 0.7801
-2.8089 -1.5302 0.8776
-2.8089 -1.5302 0.9751
-2.8089 -1.5302 1.0726
-2.8089 -1.5302 1.1701
-2.8089 -1.5302 1.2676
-2.8089 -1.5302 1.3651
-2.8089 -1.5302 1.4626
-2.8089 -1.5302 1.5601
-2.8089 -1.5302 1.6576
-2.8089 -1.5302 1.7551
-2.8089 -1.5302 1.8526
-2.8089 -1.5302 1.9501
-2.8089 -1.5302 2.0476
-2.8089 -1.5302 2.1451
-2.8089 -1.5302 2.2426
-2.8089 -1.5302 2.3401
-2.8089 -1.5302 2.4377
-2.8089 -1.5302 2.5352
-2.8089 -1.5302 2.6327
-2.8089 -1.5302 2.7302
-2.8089 -1.5302 2.8277
-2.8089 -1.5302 2.9252
-2.8089 -1.5302 3.0227
-2.8089 -1.5302 3.1202
-2.8089 -1.4339 0.0000
-2.8089 -1.4339 0.0975
-2.8089 -1.4339 0.1950
-2.8089 -1.4339 0.2925
-2.8089 -1.4339 0.3900
-2.8089 -1.4339 0.4875
-2.8089 -1.4339 0.5850
-2.8089 -1.4339 0.6825
-2.8089 -1.4339 0.7801
-2.8089 -1.4339 0.8776
-2.8089 -1.4339 0.9751
-2.8089 -1.4339 1.0726
-2.8089 -1.4339 1.1701
-2.8089 -1.4339 1.2676
-2.8089 -1.4339 1.3651
-2.8089 -1.4339 1.4626
-2.8089 -1.4339 1.5601
-2.8089 -1.4339 1.6576
-2.8089 -1.4339 1.7551
-2.8089 -1.4339 1.8526
-2.8089 -1.4339 1.9501
-2.8089 -1.4339 2.0476
-2.8089 -1.4339 2.1451
-2.8089 -1.4339 2.2426
-2.8089 -1.4339 2.3401
-2.8089 -1.4339 2.4377
-2.8089 -1.4339 2.5352
-2.8089 -1.4339 2.6327
-2.8089 -1.4339 2.7302
-2.8089 -1.4339 2.8277
-2.8089 -1.4339 2.9252
-2.8089 -1.4339 3.0227
-2.8089 -1.4339 3.1202
-2.8089 -1.3377 0.0000
-2.8089 -1.3377 0.0975
-2.8089 -1.3377 0.1950
-2.8089 -1.3377 0.2925
-2.8089 -1.3377 0.3900
-2.8089 -1.3377 0.4875
-2.8089 -1.3377 0.5850
-2.8089 -1.3377 0.6825
-2.8089 -1.3377 0.7801
-2.8089 -1.3377 0.8776
-2.8089 -1.3377 0.9751
-2.8089 -1.3377 1.0726
-2.8089 -1.3377 1.1701
-2.8089 -1.3377 1.2676
-2.8089 -1.3377 1.3651
-2.8089 -1.3377 1.4626
-2.8089 -1.3377 1.5601
-2.8089 -1.3377 1.6576
-2.8089 -1.3377 1.7551
-2.8089 -1.3377 1.8526
-2.8089 -1.3377 1.9501
-2.8089 -1.3377 2.0476
-2.8089 -1.3377 2.1451
-2.8089 -1.3377 2.2426
-2.8089 -1.3377 2.3401
-2.8089 -1.3377 2.4377
-2.8089 -1.3377 2.5352
-2.8089 -1.3377 2.6327
-2.8089 -1.3377 2.7302
-2.8089 -1.3377 2.8277
-2.8089 -1.3377 2.9252
-2.8089 -1.3377 3.0227
-2.8089 -1.3377 3.1202
-2.8089 -1.2415 0.0000
-2.8089 -1.2415 0.0975
-2.8089 -1.2415 0.1950
-2.8089 -1.2415 0.2925
-2.8089 -1.2415 0.3900
-2.8089 -1.2415 0.4875
-2.8089 -1.2415 0.5850
-2.8089 -1.2415 0.6825
-2.8089 -1.2415 0.7801
-2.8089 -1.2415 0.8776
-2.8089 -1.2415 0.9751
-2.8089 -1.2415 1.0726
-2.8089 -1.2415 1.1701
-2.8089 -1.2415 1.2676
-2.8089 -1.2415 1.3651
-2.8089 -1.2415 1.4626
-2.8089 -1.2415 1.5601
-2.8089 -1.2415 1.6576
-2.8089 -1.2415 1.7551
-2.8089 -1.2415 1.8526
-2.8089 -1.2415 1.9501
-2.8089 -1.2415 2.0476
-2.8089 -1.2415 2.1451
-2.8089 -1.2415 2.2426
-2.8089 -1.2415 2.3401
-2.8089 -1.2415 2.4377
-2.8089 -1.2415 2.5352
-2.8089 -1.2415 2.6327
-2.8089 -1.2415 2.7302
-2.8089 -1.2415 2.8277
-2.8089 -1.2415 2.9252
-2.8089 -1.2415 3.0227
-2.8089 -1.2415 3.1202
-2.8089 -1.1453 0.0000
-2.8089 -1.1453 0.0975
-2.8089 -1.1453 0.1950
-2.8089 -1.1453 0.2925
-2.8089 -1.1453 0.3900
-2.8089 -1.1453 0.4875
-2.8089 -1.1453 0.5850
-2.8089 -1.1453 0.6825
-2.8089 -1.1453 0.7801
-2.8089 -1.1453 0.8776
-2.8089 -1.1453 0.9751
-2.8089 -1.1453 1.0726
-2.8089 -1.1453 1.1701
-2.8089 -1.1453 1.2676
-2.8089 -1.1453 1.3651
-2.8089 -1.1453 1.4626
-2.8089 -1.1453 1.5601
-2.8089 -1.1453 1.6576
-2.8089 -1.1453 1.7551
-2.8089 -1.1453 1.8526
-2.8089 -1.1453 1.9501
-2.8089 -1.1453 2.0476
-2.8089 -1.1453 2.1451
-2.8089 -1.1453 2.2426
-2.8089 -1.1453 2.3401
-2.8089 -1.1453 2.4377
-2.8089 -1.1453 2.5352
-2.8089 -1.1453 2.6327
-2.8089 -1.1453 2.7302
-2.8089 -1.1453 2.8277
-2.8089 -1.1453 2.9252
-2.8089 -1.1453 3.0227
-2.8089 -1.1453 3.1202
-2.8089 -1.0491 0.0000
-2.8089 -1.0491 0.0975
-2.8089 -1.0491 0.1950
-2.8089 -1.0491 0.2925
-2.8089 -1.0491 0.3900
-2.8089 -1.0491 0.4875
-2.8089 -1.0491 0.5850
-2.8089 -1.0491 0.6825
-2.8089 -1.0491 0.7801
-2.8089 -1.0491 0.8776
-2.8089 -1.0491 0.9751
-2.8089 -1.0491 1.0726
-2.8089 -1.0491 1.1701
-2.8089 -1.0491 1.2676
-2.8089 -1.0491 1.3651
-2.8089 -1.0491 1.4626
-2.8089 -1.0491 1.5601
-2.8089 -1.0491 1.6576
-2.8089 -1.0491 1.7551
-2.8089 -1.0491 1.8526
-2.8089 -1.0491 1.9501
-2.8089 -1.0491 2.0476
-2.8089 -1.0491 2.1451
-2.8089 -1.0491 2.2426
-2.8089 -1.0491 2.3401
-2.8089 -1.0491 2.4377
-2.8089 -1.0491 2.5352
-2.8089 -1.0491 2.6327
-2.8089 -1.0491 2.7302
-2.8089 -1.0491 2.8277
-2.8089 -1.0491 2.9252
-2.8089 -1.0491 3.0227
-2.8089 -1.0491 3.1202
-2.8000 -2.7000 0.0000
-2.8000 -2.7000 0.1000
-2.8000 -2.7000 0.2000
-2.8000 -2.7000 0.3000
-2.8000 -2.7000 0.4000
-2.8000 -2.7000 0.5000
-2.8000 -2.7000 0.6000
-2.8000 -2.7000 0.7000
-2.8000 -2.7000 0.8000
-2.8000 -2.7000 0.9000
-2.8000 -2.7000 1.0000
-2.8000 -2.7000 1.1000
-2.8000 -2.7000 1.2000
-2.8000 -2.7000 1.3000
-2.8000 -2.7000 1.4000
-2.8000 -2.7000 1.5000
-2.8000 -2.7000 1.6000
-2.8000 -2.7000 1.7000
-2.8000 -2.7000 1.8000
-2.8000 -2.7000 1.9000
-2.8000 -2.7000 2.0000
-2.8000 -2.7000 2.1000
-2.8000 -2.7000 2.2000
-2.8000 -2.7000 2.3000
-2.8000 -2.7000 2.4000
-2.8000 -2.7000 2.5000
-2.8000 -2.7000 2.6000
-2.8000 -2.7000 2.7000
-2.8000 -2.7000 2.8000
-2.8000 -2.7000 2.9000
-2.8000 -2.7000 3.0000
-2.8000 -2.7000 3.1000
-2.8000 -2.7000 3.2000
-2.8000 -2.7000 3.3000
-2.8000 -2.7000 3.4000
-2.8000 -2.7000 3.5000
-2.8000 -2.6000 0.0000
-2.8000 -2.6000 3.5000
-2.8000 -2.5000 0.0000
-2.8000 -2.5000 0.1000
-2.8000 -2.5000 0.2000
-2.8000 -2.5000 0.3000
-2.8000 -2.5000 0.4000
-2.8000 -2.5000 0.5000
-2.8000 -2.5000 0.6000
-2.8000 -2.5000 0.7000
-2.8000 -2.5000 0.8000
-2.8000 -2.5000 0.9000
-2.8000 -2.5000 1.0000
-2.8000 -2.5000 1.1000
-2.8000 -2.5000 1.2000
-2.8000 -2.5000 1.3000
-2.8000 -2.5000 1.4000
-2.8000 -2.5000 1.5000
-2.8000 -2.5000 1.6000
-2.8000 -2.5000 1.7000
-2.8000 -2.5000 1.8000
-2.8000 -2.5000 1.9000
-2.8000 -2.5000 2.0000
-2.8000 -2.5000 2.1000
-2.8000 -2.5000 2.2000
-2.8000 -2.5000 2.3000
-2.8000 -2.5000 2.4000
-2.8000 -2.5000 2.5000
-2.8000 -2.5000 2.6000
-2.8000 -2.5000 2.7000
-2.8000 -2.5000 2.8000
-2.8000 -2.5000 2.9000
-2.8000 -2.5000 3.0000
-2.8000 -2.5000 3.1000
-2.8000 -2.5000 3.2000
-2.8000 -2.5000 3.3000
-2.8000 -2.5000 3.4000
-2.8000 -2.5000 3.5000
-2.8000 2.5000 0.0000
-2.8000 2.5000 0.1000
-2.8000 2.5000 0.2000
-2.8000 2.5000 0.3000
-2.8000 2.5000 0.4000
-2.8000 2.5000 0.5000
-2.8000 2.5000 0.6000
-2.8000 2.5000 0.7000
-2.8000 2.5000 0.8000
-2.8000 2.5000 0.9000
-2.8000 2.5000 1.0000
-2.8000 2.5000 1.1000
-2.8000 2.5000 1.2000
-2.8000 2.5000 1.3000
-2.8000 2.5000 1.4000
-2.8000 2.5000 1.5000
-2.8000 2.5000 1.6000
-2.8000 2.5000 1.7000
-2.8000 2.5000 1.8000
-2.8000 2.5000 1.9000
-2.8000 2.5000 2.0000
-2.8000 2.5000 2.1000
-2.8000 2.5000 2.2000
-2.8000 2.5000 2.3000
-2.8000 2.5000 2.4000
-2.8000 2.5000 2.5000
-2.8000 2.5000 2.6000
-2.8000 2.5000 2.7000
-2.8000 2.5000 2.8000
-2.8000 2.5000 2.9000
-2.8000 2.5000 3.0000
-2.8000 2.5000 3.1000
-2.8000 2.5000 3.2000
-2.8000 2.5000 3.3000
-2.8000 2.5000 3.4000
-2.8000 2.5000 3.5000
-2.8000 2.6000 0.0000
-2.8000 2.6000 3.5000
-2.8000 2.7000 0.0000
-2.8000 2.7000 0.1000
-2.8000 2.7000 0.2000
-2.8000 2.7000 0.3000
-2.8000 2.7000 0.4000
-2.8000 2.7000 0.5000
-2.8000 2.7000 0.6000
-2.8000 2.7000 0.7000
-2.8000 2.7000 0.8000
-2.8000 2.7000 0.9000
-2.8000 2.7000 1.0000
-2.8000 2.7000 1.1000
-2.8000 2.7000 1.2000
-2.8000 2.7000 1.3000
-2.8000 2.7000 1.4000
-2.8000 2.7000 1.5000
-2.8000 2.7000 1.6000
-2.8000 2.7000 1.7000
-2.8000 2.7000 1.8000
-2.8000 2.7000 1.9000
-2.8000 2.7000 2.0000
-2.8000 2.7000 2.1000
-2.8000 2.7000 2.2000
-2.8000 2.7000 2.3000
-2.8000 2.7000 2.4000
-2.8000 2.7000 2.5000
-2.8000 2.7000 2.6000
-2.8000 2.7000 2.7000
-2.8000 2.7000 2.8000
-2.8000 2.7000 2.9000
-2.8000 2.7000 3.0000
-2.8000 2.7000 3.1000
-2.8000 2.7000 3.2000
-2.8000 2.7000 3.3000
-2.8000 2.7000 3.4000
-2.8000 2.7000 3.5000
-2.7718 -0.3698 0.0000
-2.7718 -0.3698 0.0979
-2.7718 -0.3698 0.1958
-2.7718 -0.3698 0.2936
-2.7718 -0.3698 0.3915
-2.7718 -0.3698 0.4893
-2.7718 -0.3698 0.5872
-2.7718 -0.3698 0.6850
-2.7718 -0.3698 0.7829
-2.7718 -0.3698 0.8808
-2.7718 -0.3698 0.9786
-2.7718 -0.3698 1.0765
-2.7718 -0.3698 1.1743
-2.7718 -0.3698 1.2722
-2.7718 -0.3698 1.3700
-2.7718 -0.3698 1.4679
-2.7718 -0.3698 1.5657
-2.7718 -0.3698 1.6636
-2.7718 -0.3698 1.7615
-2.7718 -0.3698 1.8593
-2.7718 -0.3698 1.9572
-2.7718 -0.3698 2.0550
-2.7718 -0.3698 2.1529
-2.7718 -0.3698 2.2507
-2.7718 -0.3698 2.3486
-2.7718 -0.3698 2.4464
-2.7718 -0.3698 2.5443
-2.7718 -0.3698 2.6422
-2.7718 -0.3698 2.7400
-2.7718 -0.3698 2.8379
-2.7718 -0.3698 2.9357
-2.7718 -0.3698 3.0336
-2.7718 -0.3698 3.1314
-2.7718 -0.3698 3.2293
-2.7718 -0.3698 3.3272
-2.7718 -0.2756 0.0000
-2.7718 -0.2756 3.3272
-2.7718 -0.1814 0.0000
-2.7718 -0.1814 3.3272
-2.7718 -0.0873 0.0000
-2.7718 -0.0873 3.3272
-2.7718 0.0069 0.0000
-2.7718 0.0069 3.3272
-2.7718 0.1010 0.0000
-2.7718 0.1010 3.3272
-2.7718 0.1952 0.0000
-2.7718 0.1952 3.3272
-2.7718 0.2893 0.0000
-2.7718 0.2893 0.0979
-2.7718 0.2893 0.1958
-2.7718 0.2893 0.2936
-2.7718 0.2893 0.3915
-2.7718 0.2893 0.4893
-2.7718 0.2893 0.5872
-2.7718 0.2893 0.6850
-2.7718 0.2893 0.7829
-2.7718 0.2893 0.8808
-2.7718 0.2893 0.9786
-2.7718 0.2893 1.0765
-2.7718 0.2893 1.1743
-2.7718 0.2893 1.2722
-2.7718 0.2893 1.3700
-2.7718 0.2893 1.4679
-2.7718 0.2893 1.5657
-2.7718 0.2893 1.6636
-2.7718 0.2893 1.7615
-2.7718 0.2893 1.8593
-2.7718 0.2893 1.9572
-2.7718 0.2893 2.0550
-2.7718 0.2893 2.1529
-2.7718 0.2893 2.2507
-2.7718 0.2893 2.3486
-2.7718 0.2893 2.4464
-2.7718 0.2893 2.5443
-2.7718 0.2893 2.6422
-2.7718 0.2893 2.7400
-2.7718 0.2893 2.8379
-2.7718 0.2893 2.9357
-2.7718 0.2893 3.0336
-2.7718 0.2893 3.1314
-2.7718 0.2893 3.2293
-2.7718 0.2893 3.3272
-2.7127 -1.5302 0.0000
-2.7127 -1.5302 0.0975
-2.7127 -1.5302 0.1950
-2.7127 -1.5302 0.2925
-2.7127 -1.5302 0.3900
-2.7127 -1.5302 0.4875
-2.7127 -1.5302 0.5850
-2.7127 -1.5302 0.6825
-2.7127 -1.5302 0.7801
-2.7127 -1.5302 0.8776
-2.7127 -1.5302 0.9751
-2.7127 -1.5302 1.0726
-2.7127 -1.5302 1.1701
-2.7127 -1.5302 1.2676
-2.7127 -1.5302 1.3651
-2.7127 -1.5302 1.4626
-2.7127 -1.5302 1.5601
-2.7127 -1.5302 1.6576
-2.7127 -1.5302 1.7551
-2.7127 -1.5302 1.8526
-2.7127 -1.5302 1.9501
-2.7127 -1.5302 2.0476
-2.7127 -1.5302 2.1451
-2.7127 -1.5302 2.2426
-2.7127 -1.5302 2.3401
-2.7127 -1.5302 2.4377
-2.7127 -1.5302 2.5352
-2.7127 -1.5302 2.6327
-2.7127 -1.5302 2.7302
-2.7127 -1.5302 2.8277
-2.7127 -1.5302 2.9252
-2.7127 -1.5302 3.0227
-2.7127 -1.5302 3.1202
-2.7127 -1.4339 0.0000
-2.7127 -1.4339 3.1202
-2.7127 -1.3377 0.0000
-2.7127 -1.3377 3.1202
-2.7127 -1.2415 0.0000
-2.7127 -1.2415 3.1202
-2.7127 -1.1453 0.0000
-2.7127 -1.1453 3.1202
-2.7127 -1.0491 0.0000
-2.7127 -1.0491 0.0975
-2.7127 -1.0491 0.1950
-2.7127 -1.0491 0.2925
-2.7127 -1.0491 0.3900
-2.7127 -1.0491 0.4875
-2.7127 -1.0491 0.5850
-2.7127 -1.0491 0.6825
-2.7127 -1.0491 0.7801
-2.7127 -1.0491 0.8776
-2.7127 -1.0491 0.9751
-2.7127 -1.0491 1.0726
-2.7127 -1.0491 1.1701
-2.7127 -1.0491 1.2676
-2.7127 -1.0491 1.3651
-2.7127 -1.0491 1.4626
-2.7127 -1.0491 1.5601
-2.7127 -1.0491 1.6576
-2.7127 -1.0491 1.7551
-2.7127 -1.0491 1.8526
-2.7127 -1.0491 1.9501
-2.7127 -1.0491 2.0476
-2.7127 -1.0491 2.1451
-2.7127 -1.0491 2.2426
-2.7127 -1.0491 2.3401
-2.7127 -1.0491 2.4377
-2.7127 -1.0491 2.5352
-2.7127 -1.0491 2.6327
-2.7127 -1.0491 2.7302
-2.7127 -1.0491 2.8277
-2.7127 -1.0491 2.9252
-2.7127 -1.0491 3.0227
-2.7127 -1.0491 3.1202
-2.7000 -2.7000 0.0000
-2.7000 -2.7000 0.1000
-2.7000 -2.7000 0.2000
-2.7000 -2.7000 0.3000
-2.7000 -2.7000 0.4000
-2.7000 -2.7000 0.5000
-2.7000 -2.7000 0.6000
-2.7000 -2.7000 0.7000
-2.7000 -2.7000 0.8000
-2.7000 -2.7000 0.9000
-2.7000 -2.7000 1.0000
-2.7000 -2.7000 1.1000
-2.7000 -2.7000 1.2000
-2.7000 -2.7000 1.3000
-2.7000 -2.7000 1.4000
-2.7000 -2.7000 1.5000
-2.7000 -2.7000 1.6000
-2.7000 -2.7000 1.7000
-2.7000 -2.7000 1.8000
-2.7000 -2.7000 1.9000
-2.7000 -2.7000 2.0000
-2.7000 -2.7000 2.1000
-2.7000 -2.7000 2.2000
-2.7000 -2.7000 2.3000
-2.7000 -2.7000 2.4000
-2.7000 -2.7000 2.5000
-2.7000 -2.7000 2.6000
-2.7000 -2.7000 2.7000
-2.7000 -2.7000 2.8000
-2.7000 -2.7000 2.9000
-2.7000 -2.7000 3.0000
-2.7000 -2.7000 3.1000
-2.7000 -2.7000 3.2000
-2.7000 -2.7000 3.3000
-2.7000 -2.7000 3.4000
-2.7000 -2.7000 3.5000
-2.7000 -2.6000 0.0000
-2.7000 -2.6000 3.5000
-2.7000 -2.5000 0.0000
-2.7000 -2.5000 0.1000
-2.7000 -2.5000 0.2000
-2.7000 -2.5000 0.3000
-2.7000 -2.5000 0.4000
-2.7000 -2.5000 0.5000
-2.7000 -2.5000 0.6000
-2.7000 -2.5000 0.7000
-2.7000 -2.5000 0.8000
-2.7000 -2.5000 0.9000
-2.7000 -2.5000 1.0000
-2.7000 -2.5000 1.1000
-2.7000 -2.5000 1.2000
-2.7000 -2.5000 1.3000
-2.7000 -2.5000 1.4000
-2.7000 -2.5000 1.5000
-2.7000 -2.5000 1.6000
-2.7000 -2.5000 1.7000
-2.7000 -2.5000 1.8000
-2.7000 -2.5000 1.9000
-2.7000 -2.5000 2.0000
-2.7000 -2.5000 2.1000
-2.7000 -2.5000 2.2000
-2.7000 -2.5000 2.3000
-2.7000 -2.5000 2.4000
-2.7000 -2.5000 2.5000
-2.7000 -2.5000 2.6000
-2.7000 -2.5000 2.7000
-2.7000 -2.5000 2.8000
-2.7000 -2.5000 2.9000
-2.7000 -2.5000 3.0000
-2.7000 -2.5000 3.1000
-2.7000 -2.5000 3.2000
-2.7000 -2.5000 3.3000
-2.7000 -2.5000 3.4000
-2.7000 -2.5000 3.5000
-2.7000 2.5000 0.0000
-2.7000 2.5000 0.1000
-2.7000 2.5000 0.2000
-2.7000 2.5000 0.3000
-2.7000 2.5000 0.4000
-2.7000 2.5000 0.5000
-2.7000 2.5000 0.6000
-2.7000 2.5000 0.7000
-2.7000 2.5000 0.8000
-2.7000 2.5000 0.9000
-2.7000 2.5000 1.0000
-2.7000 2.5000 1.1000
-2.7000 2.5000 1.2000
-2.7000 2.5000 1.3000
-2.7000 2.5000 1.4000
-2.7000 2.5000 1.5000
-2.7000 2.5000 1.6000
-2.7000 2.5000 1.7000
-2.7000 2.5000 1.8000
-2.7000 2.5000 1.9000
-2.7000 2.5000 2.0000
-2.7000 2.5000 2.1000
-2.7000 2.5000 2.2000
-2.7000 2.5000 2.3000
-2.7000 2.5000 2.4000
-2.7000 2.5000 2.5000
-2.7000 2.5000 2.6000
-2.7000 2.5000 2.7000
-2.7000 2.5000 2.8000
-2.7000 2.5000 2.9000
-2.7000 2.5000 3.0000
-2.7000 2.5000 3.1000
-2.7000 2.5000 3.2000
-2.7000 2.5000 3.3000
-2.7000 2.5000 3.4000
-2.7000 2.5000 3.5000
-2.7000 2.6000 0.0000
-2.7000 2.6000 3.5000
-2.7000 2.7000 0.0000
-2.7000 2.7000 0.1000
-2.7000 2.7000 0.2000
-2.7000 2.7000 0.3000
-2.7000 2.7000 0.4000
-2.7000 2.7000 0.5000
-2.7000 2.7000 0.6000
-2.7000 2.7000 0.7000
-2.7000 2.7000 0.8000
-2.7000 2.7000 0.9000
-2.7000 2.7000 1.0000
-2.7000 2.7000 1.1000
-2.7000 2.7000 1.2000
-2.7000 2.7000 1.3000
-2.7000 2.7000 1.4000
-2.7000 2.7000 1.5000
-2.7000 2.7000 1.6000
-2.7000 2.7000 1.7000
-2.7000 2.7000 1.8000
-2.7000 2.7000 1.9000
-2.7000 2.7000 2.0000
-2.7000 2.7000 2.1000
-2.7000 2.7000 2.2000
-2.7000 2.7000 2.3000
-2.7000 2.7000 2.4000
-2.7000 2.7000 2.5000
-2.7000 2.7000 2.6000
-2.7000 2.7000 2.7000
-2.7000 2.7000 2.8000
-2.7000 2.7000 2.9000
-2.7000 2.7000 3.0000
-2.7000 2.7000 3.1000
-2.7000 2.7000 3.2000
-2.7000 2.7000 3.3000
-2.7000 2.7000 3.4000
-2.7000 2.7000 3.5000
-2.6777 -0.3698 0.0000
-2.6777 -0.3698 0.0979
-2.6777 -0.3698 0.1958
-2.6777 -0.3698 0.2936
-2.6777 -0.3698 0.3915
-2.6777 -0.3698 0.4893
-2.6777 -0.3698 0.5872
-2.6777 -0.3698 0.6850
-2.6777 -0.3698 0.7829
-2.6777 -0.3698 0.8808
-2.6777 -0.3698 0.9786
-2.6777 -0.3698 1.0765
-2.6777 -0.3698 1.1743
-2.6777 -0.3698 1.2722
-2.6777 -0.3698 1.3700
-2.6777 -0.3698 1.4679
-2.6777 -0.3698 1.5657
-2.6777 -0.3698 1.6636
-2.6777 -0.3698 1.7615
-2.6777 -0.3698 1.8593
-2.6777 -0.3698 1.9572
-2.6777 -0.3698 2.0550
-2.6777 -0.3698 2.1529
-2.6777 -0.3698 2.2507
-2.6777 -0.3698 2.3486
-2.6777 -0.3698 2.4464
-2.6777 -0.3698 2.5443
-2.6777 -0.3698 2.6422
-2.6777 -0.3698 2.7400
-2.6777 -0.3698 2.8379
-2.6777 -0.3698 2.9357
-2.6777 -0.3698 3.0336
-2.6777 -0.3698 3.1314
-2.6777 -0.3698 3.2293
-2.6777 -0.3698 3.3272
-2.6777 -0.2756 0.0000
-2.6777 -0.2756 0.0979
-2.6777 -0.2756 0.1958
-2.6777 -0.2756 0.2936
-2.6777 -0.2756 0.3915
-2.6777 -0.2756 0.4893
-2.6777 -0.2756 0.5872
-2.6777 -0.2756 0.6850
-2.6777 -0.2756 0.7829
-2.6777 -0.2756 0.8808
-2.6777 -0.2756 0.9786
-2.6777 -0.2756 1.0765
-2.6777 -0.2756 1.1743
-2.6777 -0.2756 1.2722
-2.6777 -0.2756 1.3700
-2.6777 -0.2756 1.4679
-2.6777 -0.2756 1.5657
-2.6777 -0.2756 1.6636
-2.6777 -0.2756 1.7615
-2.6777 -0.2756 1.8593
-2.6777 -0.2756 1.9572
-2.6777 -0.2756 2.0550
-2.6777 -0.2756 2.1529
-2.6777 -0.2756 2.2507
-2.6777 -0.2756 2.3486
-2.6777 -0.2756 2.4464
-2.6777 -0.2756 2.5443
-2.6777 -0.2756 2.6422
-2.6777 -0.2756 2.7400
-2.6777 -0.2756 2.8379
-2.6777 -0.2756 2.9357
-2.6777 -0.2756 3.0336
-2.6777 -0.2756 3.1314
-2.6777 -0.2756 3.2293
-2.6777 -0.2756 3.3272
-2.6777 -0.1814 0.0000
-2.6777 -0.1814 0.0979
-2.6777 -0.1814 0.1958
-2.6777 -0.1814 0.2936
-2.6777 -0.1814 0.3915
-2.6777 -0.1814 0.4893
-2.6777 -0.1814 0.5872
-2.6777 -0.1814 0.6850
-2.6777 -0.1814 0.7829
-2.6777 -0.1814 0.8808
-2.6777 -0.1814 0.9786
-2.6777 -0.1814 1.0765
-2.6777 -0.1814 1.1743
-2.6777 -0.1814 1.2722
-2.6777 -0.1814 1.3700
-2.6777 -0.1814 1.4679
-2.6777 -0.1814 1.5657
-2.6777 -0.1814 1.6636
-2.6777 -0.1814 1.7615
-2.6777 -0.1814 1.8593
-2.6777 -0.1814 1.9572
-2.6777 -0.1814 2.0550
-2.6777 -0.1814 2.1529
-2.6777 -0.1814 2.2507
-2.6777 -0.1814 2.3486
-2.6777 -0.1814 2.4464
-2.6777 -0.1814 2.5443
-2.6777 -0.1814 2.6422
-2.6777 -0.1814 2.7400
-2.6777 -0.1814 2.8379
-2.6777 -0.1814 2.9357
-2.6777 -0.1814 3.0336
-2.6777 -0.1814 3.1314
-2.6777 -0.1814 3.2293
-2.6777 -0.1814 3.3272
-2.6777 -0.0873 0.0000
-2.6777 -0.0873 0.0979
-2.6777 -0.0873 0.1958
-2.6777 -0.0873 0.2936
-2.6777 -0.0873 0.3915
-2.6777 -0.0873 0.4893
-2.6777 -0.0873 0.5872
-2.6777 -0.0873 0.6850
-2.6777 -0.0873 0.7829
-2.6777 -0.0873 0.8808
-2.6777 -0.0873 0.9786
-2.6777 -0.0873 1.0765
-2.6777 -0.0873 1.1743
-2.6777 -0.0873 1.2722
-2.6777 -0.0873 1.3700
-2.6777 -0.0873 1.4679
-2.6777 -0.0873 1.5657
-2.6777 -0.0873 1.6636
-2.6777 -0.0873 1.7615
-2.6777 -0.0873 1.8593
-2.6777 -0.0873 1.9572
-2.6777 -0.0873 2.0550
-2.6777 -0.0873 2.1529
-2.6777 -0.0873 2.2507
-2.6777 -0.0873 2.3486
-2.6777 -0.0873 2.4464
-2.6777 -0.0873 2.5443
-2.6777 -0.0873 2.6422
-2.6777 -0.0873 2.7400
-2.6777 -0.0873 2.8379
-2.6777 -0.0873 2.9357
-2.6777 -0.0873 3.0336
-2.6777 -0.0873 3.1314
-2.6777 -0.0873 3.2293
-2.6777 -0.0873 3.3272
-2.6777 0.0069 0.0000
-2.6777 0.0069 0.0979
-2.6777 0.0069 0.1958
-2.6777 0.0069 0.2936
-2.6777 0.0069 0.3915
-2.6777 0.0069 0.4893
-2.6777 0.0069 0.5872
-2.6777 0.0069 0.6850
-2.6777 0.0069 0.7829
-2.6777 0.0069 0.8808
-2.6777 0.0069 0.9786
-2.6777 0.0069 1.0765
-2.6777 0.0069 1.1743
-2.6777 0.0069 1.2722
-2.6777 0.0069 1.3700
-2.6777 0.0069 1.4679
-2.6777 0.0069 1.5657
-2.6777 0.0069 1.6636
-2.6777 0.0069 1.7615
-2.6777 0.0069 1.8593
-2.6777 0.0069 1.9572
-2.6777 0.0069 2.0550
-2.6777 0.0069 2.1529
-2.6777 0.0069 2.2507
-2.6777 0.0069 2.3486
-2.6777 0.0069 2.4464
-2.6777 0.0069 2.5443
-2.6777 0.0069 2.6422
-2.6777 0.0069 2.7400
-2.6777 0.0069 2.8379
-2.6777 0.0069 2.9357
-2.6777 0.0069 3.0336
-2.6777 0.0069 3.1314
-2.6777 0.0069 3.2293
-2.6777 0.0069 3.3272
-2.6777 0.1010 0.0000
-2.6777 0.1010 0.0979
-2.6777 0.1010 0.1958
-2.6777 0.1010 0.2936
-2.6777 0.1010 0.3915
-2.6777 0.1010 0.4893
-2.6777 0.1010 0.5872
-2.6777 0.1010 0.6850
-2.6777 0.1010 0.7829
-2.6777 0.1010 0.8808
-2.6777 0.1010 0.9786
-2.6777 0.1010 1.0765
-2.6777 0.1010 1.1743
-2.6777 0.1010 1.2722
-2.6777 0.1010 1.3700
-2.6777 0.1010 1.4679
-2.6777 0.1010 1.5657
-2.6777 0.1010 1.6636
-2.6777 0.1010 1.7615
-2.6777 0.1010 1.8593
-2.6777 0.1010 1.9572
-2.6777 0.1010 2.0550
-2.6777 0.1010 2.1529
-2.6777 0.1010 2.2507
-2.6777 0.1010 2.3486
-2.6777 0.1010 2.4464
-2.6777 0.1010 2.5443
-2.6777 0.1010 2.6422
-2.6777 0.1010 2.7400
-2.6777 0.1010 2.8379
-2.6777 0.1010 2.9357
-2.6777 0.1010 3.0336
-2.6777 0.1010 3.1314
-2.6777 0.1010 3.2293
-2.6777 0.1010 3.3272
-2.6777 0.1952 0.0000
-2.6777 0.1952 0.0979
-2.6777 0.1952 0.1958
-2.6777 0.1952 0.2936
-2.6777 0.1952 0.3915
-2.6777 0.1952 0.4893
-2.6777 0.1952 0.5872
-2.6777 0.1952 0.6850
-2.6777 0.1952 0.7829
-2.6777 0.1952 0.8808
-2.6777 0.1952 0.9786
-2.6777 0.1952 1.0765
-2.6777 0.1952 1.1743
-2.6777 0.1952 1.2722
-2.6777 0.1952 1.3700
-2.6777 0.1952 1.4679
-2.6777 0.1952 1.5657
-2.6777 0.1952 1.6636
-2.6777 0.1952 1.7615
-2.6777 0.1952 1.8593
-2.6777 0.1952 1.9572
-2.6777 0.1952 2.0550
-2.6777 0.1952 2.1529
-2.6777 0.1952 2.2507
-2.6777 0.1952 2.3486
-2.6777 0.1952 2.4464
-2.6777 0.1952 2.5443
-2.6777 0.1952 2.6422
-2.6777 0.1952 2.7400
-2.6777 0.1952 2.8379
-2.6777 0.1952 2.9357
-2.6777 0.1952 3.0336
-2.6777 0.1952 3.1314
-2.6777 0.1952 3.2293
-2.6777 0.1952 3.3272
-2.6777 0.2893 0.0000
-2.6777 0.2893 0.0979
-2.6777 0.2893 0.1958
-2.6777 0.2893 0.2936
-2.6777 0.2893 0.3915
-2.6777 0.2893 0.4893
-2.6777 0.2893 0.5872
-2.6777 0.2893 0.6850
-2.6777 0.2893 0.7829
-2.6777 0.2893 0.8808
-2.6777 0.2893 0.9786
-2.6777 0.2893 1.0765
-2.6777 0.2893 1.1743
-2.6777 0.2893 1.2722
-2.6777 0.2893 1.3700
-2.6777 0.2893 1.4679
-2.6777 0.2893 1.5657
-2.6777 0.2893 1.6636
-2.6777 0.2893 1.7615
-2.6777 0.2893 1.8593
-2.6777 0.2893 1.9572
-2.6777 0.2893 2.0550
-2.6777 0.2893 2.1529
-2.6777 0.2893 2.2507
-2.6777 0.2893 2.3486
-2.6777 0.2893 2.4464
-2.6777 0.2893 2.5443
-2.6777 0.2893 2.6422
-2.6777 0.2893 2.7400
-2.6777 0.2893 2.8379
-2.6777 0.2893 2.9357
-2.6777 0.2893 3.0336
-2.6777 0.2893 3.1314
-2.6777 0.2893 3.2293
-2.6777 0.2893 3.3272
-2.6165 -1.5302 0.0000
-2.6165 -1.5302 0.0975
-2.6165 -1.5302 0.1950
-2.6165 -1.5302 0.2925
-2.6165 -1.5302 0.3900
-2.6165 -1.5302 0.4875
-2.6165 -1.5302 0.5850
-2.6165 -1.5302 0.6825
-2.6165 -1.5302 0.7801
-2.6165 -1.5302 0.8776
-2.6165 -1.5302 0.9751
-2.6165 -1.5302 1.0726
-2.6165 -1.5302 1.1701
-2.6165 -1.5302 1.2676
-2.6165 -1.5302 1.3651
-2.6165 -1.5302 1.4626
-2.6165 -1.5302 1.5601
-2.6165 -1.5302 1.6576
-2.6165 -1.5302 1.7551
-2.6165 -1.5302 1.8526
-2.6165 -1.5302 1.9501
-2.6165 -1.5302 2.0476
-2.6165 -1.5302 2.1451
-2.6165 -1.5302 2.2426
-2.6165 -1.5302 2.3401
-2.6165 -1.5302 2.4377
-2.6165 -1.5302 2.5352
-2.6165 -1.5302 2.6327
-2.6165 -1.5302 2.7302
-2.6165 -1.5302 2.8277
-2.6165 -1.5302 2.9252
-2.6165 -1.5302 3.0227
-2.6165 -1.5302 3.1202
-2.6165 -1.4339 0.0000
-2.6165 -1.4339 3.1202
-2.6165 -1.3377 0.0000
-2.6165 -1.3377 3.1202
-2.6165 -1.2415 0.0000
-2.6165 -1.2415 3.1202
-2.6165 -1.1453 0.0000
-2.6165 -1.1453 3.1202
-2.6165 -1.0491 0.0000
-2.6165 -1.0491 0.0975
-2.6165 -1.0491 0.1950
-2.6165 -1.0491 0.2925
-2.6165 -1.0491 0.3900
-2.6165 -1.0491 0.4875
-2.6165 -1.0491 0.5850
-2.6165 -1.0491 0.6825
-2.6165 -1.0491 0.7801
-2.6165 -1.0491 0.8776
-2.6165 -1.0491 0.9751
-2.6165 -1.0491 1.0726
-2.6165 -1.0491 1.1701
-2.6165 -1.0491 1.2676
-2.6165 -1.0491 1.3651
-2.6165 -1.0491 1.4626
-2.6165 -1.0491 1.5601
-2.6165 -1.0491 1.6576
-2.6165 -1.0491 1.7551
-2.6165 -1.0491 1.8526
-2.6165 -1.0491 1.9501
-2.6165 -1.0491 2.0476
-2.6165 -1.0491 2.1451
-2.6165 -1.0491 2.2426
-2.6165 -1.0491 2.3401
-2.6165 -1.0491 2.4377
-2.6165 -1.0491 2.5352
-2.6165 -1.0491 2.6327
-2.6165 -1.0491 2.7302
-2.6165 -1.0491 2.8277
-2.6165 -1.0491 2.9252
-2.6165 -1.0491 3.0227
-2.6165 -1.0491 3.1202
-2.6000 -2.7000 0.0000
-2.6000 -2.7000 0.1000
-2.6000 -2.7000 0.2000
-2.6000 -2.7000 0.3000
-2.6000 -2.7000 0.4000
-2.6000 -2.7000 0.5000
-2.6000 -2.7000 0.6000
-2.6000 -2.7000 0.7000
-2.6000 -2.7000 0.8000
-2.6000 -2.7000 0.9000
-2.6000 -2.7000 1.0000
-2.6000 -2.7000 1.1000
-2.6000 -2.7000 1.2000
-2.6000 -2.7000 1.3000
-2.6000 -2.7000 1.4000
-2.6000 -2.7000 1.5000
-2.6000 -2.7000 1.6000
-2.6000 -2.7000 1.7000
-2.6000 -2.7000 1.8000
-2.6000 -2.7000 1.9000
-2.6000 -2.7000 2.0000
-2.6000 -2.7000 2.1000
-2.6000 -2.7000 2.2000
-2.6000 -2.7000 2.3000
-2.6000 -2.7000 2.4000
-2.6000 -2.7000 2.5000
-2.6000 -2.7000 2.6000
-2.6000 -2.7000 2.7000
-2.6000 -2.7000 2.8000
-2.6000 -2.7000 2.9000
-2.6000 -2.7000 3.0000
-2.6000 -2.7000 3.1000
-2.6000 -2.7000 3.2000
-2.6000 -2.7000 3.3000
-2.6000 -2.7000 3.4000
-2.6000 -2.7000 3.5000
-2.6000 -2.6000 0.0000
-2.6000 -2.6000 3.5000
-2.6000 -2.5000 0.0000
-2.6000 -2.5000 0.1000
-2.6000 -2.5000 0.2000
-2.6000 -2.5000 0.3000
-2.6000 -2.5000 0.4000
-2.6000 -2.5000 0.5000
-2.6000 -2.5000 0.6000
-2.6000 -2.5000 0.7000
-2.6000 -2.5000 0.8000
-2.6000 -2.5000 0.9000
-2.6000 -2.5000 1.0000
-2.6000 -2.5000 1.1000
-2.6000 -2.5000 1.2000
-2.6000 -2.5000 1.3000
-2.6000 -2.5000 1.4000
-2.6000 -2.5000 1.5000
-2.6000 -2.5000 1.6000
-2.6000 -2.5000 1.7000
-2.6000 -2.5000 1.8000
-2.6000 -2.5000 1.9000
-2.6000 -2.5000 2.0000
-2.6000 -2.5000 2.1000
-2.6000 -2.5000 2.2000
-2.6000 -2.5000 2.3000
-2.6000 -2.5000 2.4000
-2.6000 -2.5000 2.5000
-2.6000 -2.5000 2.6000
-2.6000 -2.5000 2.7000
-2.6000 -2.5000 2.8000
-2.6000 -2.5000 2.9000
-2.6000 -2.5000 3.0000
-2.6000 -2.5000 3.1000
-2.6000 -2.5000 3.2000
-2.6000 -2.5000 3.3000
-2.6000 -2.5000 3.4000
-2.6000 -2.5000 3.5000
-2.6000 2.5000 0.0000
-2.6000 2.5000 0.1000
-2.6000 2.5000 0.2000
-2.6000 2.5000 0.3000
-2.6000 2.5000 0.4000
-2.6000 2.5000 0.5000
-2.6000 2.5000 0.6000
-2.6000 2.5000 0.7000
-2.6000 2.5000 0.8000
-2.6000 2.5000 0.9000
-2.6000 2.5000 1.0000
-2.6000 2.5000 1.1000
-2.6000 2.5000 1.2000
-2.6000 2.5000 1.3000
-2.6000 2.5000 1.4000
-2.6000 2.5000 1.5000
-2.6000 2.5000 1.6000
-2.6000 2.5000 1.7000
-2.6000 2.5000 1.8000
-2.6000 2.5000 1.9000
-2.6000 2.5000 2.0000
-2.6000 2.5000 2.1000
-2.6000 2.5000 2.2000
-2.6000 2.5000 2.3000
-2.6000 2.5000 2.4000
-2.6000 2.5000 2.5000
-2.6000 2.5000 2.6000
-2.6000 2.5000 2.7000
-2.6000 2.5000 2.8000
-2.6000 2.5000 2.9000
-2.6000 2.5000 3.0000
-2.6000 2.5000 3.1000
-2.6000 2.5000 3.2000
-2.6000 2.5000 3.3000
-2.6000 2.5000 3.4000
-2.6000 2.5000 3.5000
-2.6000 2.6000 0.0000
-2.6000 2.6000 3.5000
-2.6000 2.7000 0.0000
-2.6000 2.7000 0.1000
-2.6000 2.7000 0.2000
-2.6000 2.7000 0.3000
-2.6000 2.7000 0.4000
-2.6000 2.7000 0.5000
-2.6000 2.7000 0.6000
-2.6000 2.7000 0.7000
-2.6000 2.7000 0.8000
-2.6000 2.7000 0.9000
-2.6000 2.7000 1.0000
-2.6000 2.7000 1.1000
-2.6000 2.7000 1.2000
-2.6000 2.7000 1.3000
-2.6000 2.7000 1.4000
-2.6000 2.7000 1.5000
-2.6000 2.7000 1.6000
-2.6000 2.7000 1.7000
-2.6000 2.7000 1.8000
-2.6000 2.7000 1.9000
-2.6000 2.7000 2.0000
-2.6000 2.7000 2.1000
-2.6000 2.7000 2.2000
-2.6000 2.7000 2.3000
-2.6000 2.7000 2.4000
-2.6000 2.7000 2.5000
-2.6000 2.7000 2.6000
-2.6000 2.7000 2.7000
-2.6000 2.7000 2.8000
-2.6000 2.7000 2.9000
-2.6000 2.7000 3.0000
-2.6000 2.7000 3.1000
-2.6000 2.7000 3.2000
-2.6000 2.7000 3.3000
-2.6000 2.7000 3.4000
-2.6000 2.7000 3.5000
-2.5203 -1.5302 0.0000
-2.5203 -1.5302 0.0975
-2.5203 -1.5302 0.1950
-2.5203 -1.5302 0.2925
-2.5203 -1.5302 0.3900
-2.5203 -1.5302 0.4875
-2.5203 -1.5302 0.5850
-2.5203 -1.5302 0.6825
-2.5203 -1.5302 0.7801
-2.5203 -1.5302 0.8776
-2.5203 -1.5302 0.9751
-2.5203 -1.5302 1.0726
-2.5203 -1.5302 1.1701
-2.5203 -1.5302 1.2676
-2.5203 -1.5302 1.3651
-2.5203 -1.5302 1.4626
-2.5203 -1.5302 1.5601
-2.5203 -1.5302 1.6576
-2.5203 -1.5302 1.7551
-2.5203 -1.5302 1.8526
-2.5203 -1.5302 1.9501
-2.5203 -1.5302 2.0476
-2.5203 -1.5302 2.1451
-2.5203 -1.5302 2.2426
-2.5203 -1.5302 2.3401
-2.5203 -1.5302 2.4377
-2.5203 -1.5302 2.5352
-2.5203 -1.5302 2.6327
-2.5203 -1.5302 2.7302
-2.5203 -1.5302 2.8277
-2.5203 -1.5302 2.9252
-2.5203 -1.5302 3.0227
-2.5203 -1.5302 3.1202
-2.5203 -1.4339 0.0000
-2.5203 -1.4339 3.1202
-2.5203 -1.3377 0.0000
-2.5203 -1.3377 3.1202
-2.5203 -1.2415 0.0000
-2.5203 -1.2415 3.1202
-2.5203 -1.1453 0.0000
-2.5203 -1.1453 3.1202
-2.5203 -1.0491 0.0000
-2.5203 -1.0491 0.0975
-2.5203 -1.0491 0.1950
-2.5203 -1.0491 0.2925
-2.5203 -1.0491 0.3900
-2.5203 -1.0491 0.4875
-2.5203 -1.0491 0.5850
-2.5203 -1.0491 0.6825
-2.5203 -1.0491 0.7801
-2.5203 -1.0491 0.8776
-2.5203 -1.0491 0.9751
-2.5203 -1.0491 1.0726
-2.5203 -1.0491 1.1701
-2.5203 -1.0491 1.2676
-2.5203 -1.0491 1.3651
-2.5203 -1.0491 1.4626
-2.5203 -1.0491 1.5601
-2.5203 -1.0491 1.6576
-2.5203 -1.0491 1.7551
-2.5203 -1.0491 1.8526
-2.5203 -1.0491 1.9501
-2.5203 -1.0491 2.0476
-2.5203 -1.0491 2.1451
-2.5203 -1.0491 2.2426
-2.5203 -1.0491 2.3401
-2.5203 -1.0491 2.4377
-2.5203 -1.0491 2.5352
-2.5203 -1.0491 2.6327
-2.5203 -1.0491 2.7302
-2.5203 -1.0491 2.8277
-2.5203 -1.0491 2.9252
-2.5203 -1.0491 3.0227
-2.5203 -1.0491 3.1202
-2.5000 -2.7000 0.0000
-2.5000 -2.7000 0.1000
-2.5000 -2.7000 0.2000
-2.5000 -2.7000 0.3000
-2.5000 -2.7000 0.4000
-2.5000 -2.7000 0.5000
-2.5000 -2.7000 0.6000
-2.5000 -2.7000 0.7000
-2.5000 -2.7000 0.8000
-2.5000 -2.7000 0.9000
-2.5000 -2.7000 1.0000
-2.5000 -2.7000 1.1000
-2.5000 -2.7000 1.2000
-2.5000 -2.7000 1.3000
-2.5000 -2.7000 1.4000
-2.5000 -2.7000 1.5000
-2.5000 -2.7000 1.6000
-2.5000 -2.7000 1.7000
-2.5000 -2.7000 1.8000
-2.5000 -2.7000 1.9000
-2.5000 -2.7000 2.0000
-2.5000 -2.7000 2.1000
-2.5000 -2.7000 2.2000
-2.5000 -2.7000 2.3000
-2.5000 -2.7000 2.4000
-2.5000 -2.7000 2.5000
-2.5000 -2.7000 2.6000
-2.5000 -2.7000 2.7000
-2.5000 -2.7000 2.8000
-2.5000 -2.7000 2.9000
-2.5000 -2.7000 3.0000
-2.5000 -2.7000 3.1000
-2.5000 -2.7000 3.2000
-2.5000 -2.7000 3.3000
-2.5000 -2.7000 3.4000
-2.5000 -2.7000 3.5000
-2.5000 -2.6000 0.0000
-2.5000 -2.6000 3.5000
-2.5000 -2.5000 0.0000
-2.5000 -2.5000 0.1000
-2.5000 -2.5000 0.2000
-2.5000 -2.5000 0.3000
-2.5000 -2.5000 0.4000
-2.5000 -2.5000 0.5000
-2.5000 -2.5000 0.6000
-2.5000 -2.5000 0.7000
-2.5000 -2.5000 0.8000
-2.5000 -2.5000 0.9000
-2.5000 -2.5000 1.0000
-2.5000 -2.5000 1.1000
-2.5000 -2.5000 1.2000
-2.5000 -2.5000 1.3000
-2.5000 -2.5000 1.4000
-2.5000 -2.5000 1.5000
-2.5000 -2.5000 1.6000
-2.5000 -2.5000 1.7000
-2.5000 -2.5000 1.8000
-2.5000 -2.5000 1.9000
-2.5000 -2.5000 2.0000
-2.5000 -2.5000 2.1000
-2.5000 -2.5000 2.2000
-2.5000 -2.5000 2.3000
-2.5000 -2.5000 2.4000
-2.5000 -2.5000 2.5000
-2.5000 -2.5000 2.6000
-2.5000 -2.5000 2.7000
-2.5000 -2.5000 2.8000
-2.5000 -2.5000 2.9000
-2.5000 -2.5000 3.0000
-2.5000 -2.5000 3.1000
-2.5000 -2.5000 3.2000
-2.5000 -2.5000 3.3000
-2.5000 -2.5000 3.4000
-2.5000 -2.5000 3.5000
-2.5000 2.5000 0.0000
-2.5000 2.5000 0.1000
-2.5000 2.5000 0.2000
-2.5000 2.5000 0.3000
-2.5000 2.5000 0.4000
-2.5000 2.5000 0.5000
-2.5000 2.5000 0.6000
-2.5000 2.5000 0.7000
-2.5000 2.5000 0.8000
-2.5000 2.5000 0.9000
-2.5000 2.5000 1.0000
-2.5000 2.5000 1.1000
-2.5000 2.5000 1.2000
-2.5000 2.5000 1.3000
-2.5000 2.5000 1.4000
-2.5000 2.5000 1.5000
-2.5000 2.5000 1.6000
-2.5000 2.5000 1.7000
-2.5000 2.5000 1.8000
-2.5000 2.5000 1.9000
-2.5000 2.5000 2.0000
-2.5000 2.5000 2.1000
-2.5000 2.5000 2.2000
-2.5000 2.5000 2.3000
-2.5000 2.5000 2.4000
-2.5000 2.5000 2.5000
-2.5000 2.5000 2.6000
-2.5000 2.5000 2.7000
-2.5000 2.5000 2.8000
-2.5000 2.5000 2.9000
-2.5000 2.5000 3.0000
-2.5000 2.5000 3.1000
-2.5000 2.5000 3.2000
-2.5000 2.5000 3.3000
-2.5000 2.5000 3.4000
-2.5000 2.5000 3.5000
-2.5000 2.6000 0.0000
-2.5000 2.6000 3.5000
-2.5000 2.7000 0.0000
-2.5000 2.7000 0.1000
-2.5000 2.7000 0.2000
-2.5000 2.7000 0.3000
-2.5000 2.7000 0.4000
-2.5000 2.7000 0.5000
-2.5000 2.7000 0.6000
-2.5000 2.7000 0.7000
-2.5000 2.7000 0.8000
-2.5000 2.7000 0.9000
-2.5000 2.7000 1.0000
-2.5000 2.7000 1.1000
-2.5000 2.7000 1.2000
-2.5000 2.7000 1.3000
-2.5000 2.7000 1.4000
-2.5000 2.7000 1.5000
-2.5000 2.7000 1.6000
-2.5000 2.7000 1.7000
-2.5000 2.7000 1.8000
-2.5000 2.7000 1.9000
-2.5000 2.7000 2.0000
-2.5000 2.7000 2.1000
-2.5000 2.7000 2.2000
-2.5000 2.7000 2.3000
-2.5000 2.7000 2.4000
-2.5000 2.7000 2.5000
-2.5000 2.7000 2.6000
-2.5000 2.7000 2.7000
-2.5000 2.7000 2.8000
-2.5000 2.7000 2.9000
-2.5000 2.7000 3.0000
-2.5000 2.7000 3.1000
-2.5000 2.7000 3.2000
-2.5000 2.7000 3.3000
-2.5000 2.7000 3.4000
-2.5000 2.7000 3.5000
-2.4241 -1.5302 0.0000
-2.4241 -1.5302 0.0975
-2.4241 -1.5302 0.1950
-2.4241 -1.5302 0.2925
-2.4241 -1.5302 0.3900
-2.4241 -1.5302 0.4875
-2.4241 -1.5302 0.5850
-2.4241 -1.5302 0.6825
-2.4241 -1.5302 0.7801
-2.4241 -1.5302 0.8776
-2.4241 -1.5302 0.9751
-2.4241 -1.5302 1.0726
-2.4241 -1.5302 1.1701
-2.4241 -1.5302 1.2676
-2.4241 -1.5302 1.3651
-2.4241 -1.5302 1.4626
-2.4241 -1.5302 1.5601
-2.4241 -1.5302 1.6576
-2.4241 -1.5302 1.7551
-2.4241 -1.5302 1.8526
-2.4241 -1.5302 1.9501
-2.4241 -1.5302 2.0476
-2.4241 -1.5302 2.1451
-2.4241 -1.5302 2.2426
-2.4241 -1.5302 2.3401
-2.4241 -1.5302 2.4377
-2.4241 -1.5302 2.5352
-2.4241 -1.5302 2.6327
-2.4241 -1.5302 2.7302
-2.4241 -1.5302 2.8277
-2.4241 -1.5302 2.9252
-2.4241 -1.5302 3.0227
-2.4241 -1.5302 3.1202
-2.4241 -1.4339 0.0000
-2.4241 -1.4339 3.1202
-2.4241 -1.3377 0.0000
-2.4241 -1.3377 3.1202
-2.4241 -1.2415 0.0000
-2.4241 -1.2415 3.1202
-2.4241 -1.1453 0.0000
-2.4241 -1.1453 3.1202
-2.4241 -1.0491 0.0000
-2.4241 -1.0491 0.0975
-2.4241 -1.0491 0.1950
-2.4241 -1.0491 0.2925
-2.4241 -1.0491 0.3900
-2.4241 -1.0491 0.4875
-2.4241 -1.0491 0.5850
-2.4241 -1.0491 0.6825
-2.4241 -1.0491 0.7801
-2.4241 -1.0491 0.8776
-2.4241 -1.0491 0.9751
-2.4241 -1.0491 1.0726
-2.4241 -1.0491 1.1701
-2.4241 -1.0491 1.2676
-2.4241 -1.0491 1.3651
-2.4241 -1.0491 1.4626
-2.4241 -1.0491 1.5601
-2.4241 -1.0491 1.6576
-2.4241 -1.0491 1.7551
-2.4241 -1.0491 1.8526
-2.4241 -1.0491 1.9501
-2.4241 -1.0491 2.0476
-2.4241 -1.0491 2.1451
-2.4241 -1.0491 2.2426
-2.4241 -1.0491 2.3401
-2.4241 -1.0491 2.4377
-2.4241 -1.0491 2.5352
-2.4241 -1.0491 2.6327
-2.4241 -1.0491 2.7302
-2.4241 -1.0491 2.8277
-2.4241 -1.0491 2.9252
-2.4241 -1.0491 3.0227
-2.4241 -1.0491 3.1202
-2.4000 -2.7000 0.0000
-2.4000 -2.7000 0.1000
-2.4000 -2.7000 0.2000
-2.4000 -2.7000 0.3000
-2.4000 -2.7000 0.4000
-2.4000 -2.7000 0.5000
-2.4000 -2.7000 0.6000
-2.4000 -2.7000 0.7000
-2.4000 -2.7000 0.8000
-2.4000 -2.7000 0.9000
-2.4000 -2.7000 1.0000
-2.4000 -2.7000 1.1000
-2.4000 -2.7000 1.2000
-2.4000 -2.7000 1.3000
-2.4000 -2.7000 1.4000
-2.4000 -2.7000 1.5000
-2.4000 -2.7000 1.6000
-2.4000 -2.7000 1.7000
-2.4000 -2.7000 1.8000
-2.4000 -2.7000 1.9000
-2.4000 -2.7000 2.0000
-2.4000 -2.7000 2.1000
-2.4000 -2.7000 2.2000
-2.4000 -2.7000 2.3000
-2.4000 -2.7000 2.4000
-2.4000 -2.7000 2.5000
-2.4000 -2.7000 2.6000
-2.4000 -2.7000 2.7000
-2.4000 -2.7000 2.8000
-2.4000 -2.7000 2.9000
-2.4000 -2.7000 3.0000
-2.4000 -2.7000 3.1000
-2.4000 -2.7000 3.2000
-2.4000 -2.7000 3.3000
-2.4000 -2.7000 3.4000
-2.4000 -2.7000 3.5000
-2.4000 -2.6000 0.0000
-2.4000 -2.6000 3.5000
-2.4000 -2.5000 0.0000
-2.4000 -2.5000 0.1000
-2.4000 -2.5000 0.2000
-2.4000 -2.5000 0.3000
-2.4000 -2.5000 0.4000
-2.4000 -2.5000 0.5000
-2.4000 -2.5000 0.6000
-2.4000 -2.5000 0.7000
-2.4000 -2.5000 0.8000
-2.4000 -2.5000 0.9000
-2.4000 -2.5000 1.0000
-2.4000 -2.5000 1.1000
-2.4000 -2.5000 1.2000
-2.4000 -2.5000 1.3000
-2.4000 -2.5000 1.4000
-2.4000 -2.5000 1.5000
-2.4000 -2.5000 1.6000
-2.4000 -2.5000 1.7000
-2.4000 -2.5000 1.8000
-2.4000 -2.5000 1.9000
-2.4000 -2.5000 2.0000
-2.4000 -2.5000 2.1000
-2.4000 -2.5000 2.2000
-2.4000 -2.5000 2.3000
-2.4000 -2.5000 2.4000
-2.4000 -2.5000 2.5000
-2.4000 -2.5000 2.6000
-2.4000 -2.5000 2.7000
-2.4000 -2.5000 2.8000
-2.4000 -2.5000 2.9000
-2.4000 -2.5000 3.0000
-2.4000 -2.5000 3.1000
-2.4000 -2.5000 3.2000
-2.4000 -2.5000 3.3000
-2.4000 -2.5000 3.4000
-2.4000 -2.5000 3.5000
-2.4000 2.5000 0.0000
-2.4000 2.5000 0.1000
-2.4000 2.5000 0.2000
-2.4000 2.5000 0.3000
-2.4000 2.5000 0.4000
-2.4000 2.5000 0.5000
-2.4000 2.5000 0.6000
-2.4000 2.5000 0.7000
-2.4000 2.5000 0.8000
-2.4000 2.5000 0.9000
-2.4000 2.5000 1.0000
-2.4000 2.5000 1.1000
-2.4000 2.5000 1.2000
-2.4000 2.5000 1.3000
-2.4000 2.5000 1.4000
-2.4000 2.5000 1.5000
-2.4000 2.5000 1.6000
-2.4000 2.5000 1.7000
-2.4000 2.5000 1.8000
-2.4000 2.5000 1.9000
-2.4000 2.5000 2.0000
-2.4000 2.5000 2.1000
-2.4000 2.5000 2.2000
-2.4000 2.5000 2.3000
-2.4000 2.5000 2.4000
-2.4000 2.5000 2.5000
-2.4000 2.5000 2.6000
-2.4000 2.5000 2.7000
-2.4000 2.5000 2.8000
-2.4000 2.5000 2.9000
-2.4000 2.5000 3.0000
-2.4000 2.5000 3.1000
-2.4000 2.5000 3.2000
-2.4000 2.5000 3.3000
-2.4000 2.5000 3.4000
-2.4000 2.5000 3.5000
-2.4000 2.6000 0.0000
-2.4000 2.6000 3.5000
-2.4000 2.7000 0.0000
-2.4000 2.7000 0.1000
-2.4000 2.7000 0.2000
-2.4000 2.7000 0.3000
-2.4000 2.7000 0.4000
-2.4000 2.7000 0.5000
-2.4000 2.7000 0.6000
-2.4000 2.7000 0.7000
-2.4000 2.7000 0.8000
-2.4000 2.7000 0.9000
-2.4000 2.7000 1.0000
-2.4000 2.7000 1.1000
-2.4000 2.7000 1.2000
-2.4000 2.7000 1.3000
-2.4000 2.7000 1.4000
-2.4000 2.7000 1.5000
-2.4000 2.7000 1.6000
-2.4000 2.7000 1.7000
-2.4000 2.7000 1.8000
-2.4000 2.7000 1.9000
-2.4000 2.7000 2.0000
-2.4000 2.7000 2.1000
-2.4000 2.7000 2.2000
-2.4000 2.7000 2.3000
-2.4000 2.7000 2.4000
-2.4000 2.7000 2.5000
-2.4000 2.7000 2.6000
-2.4000 2.7000 2.7000
-2.4000 2.7000 2.8000
-2.4000 2.7000 2.9000
-2.4000 2.7000 3.0000
-2.4000 2.7000 3.1000
-2.4000 2.7000 3.2000
-2.4000 2.7000 3.3000
-2.4000 2.7000 3.4000
-2.4000 2.7000 3.5000
-2.3278 -1.5302 0.0000
-2.3278 -1.5302 0.0975
-2.3278 -1.5302 0.1950
-2.3278 -1.5302 0.2925
-2.3278 -1.5302 0.3900
-2.3278 -1.5302 0.4875
-2.3278 -1.5302 0.5850
-2.3278 -1.5302 0.6825
-2.3278 -1.5302 0.7801
-2.3278 -1.5302 0.8776
-2.3278 -1.5302 0.9751
-2.3278 -1.5302 1.0726
-2.3278 -1.5302 1.1701
-2.3278 -1.5302 1.2676
-2.3278 -1.5302 1.3651
-2.3278 -1.5302 1.4626
-2.3278 -1.5302 1.5601
-2.3278 -1.5302 1.6576
-2.3278 -1.5302 1.7551
-2.3278 -1.5302 1.8526
-2.3278 -1.5302 1.9501
-2.3278 -1.5302 2.0476
-2.3278 -1.5302 2.1451
-2.3278 -1.5302 2.2426
-2.3278 -1.5302 2.3401
-2.3278 -1.5302 2.4377
-2.3278 -1.5302 2.5352
-2.3278 -1.5302 2.6327
-2.3278 -1.5302 2.7302
-2.3278 -1.5302 2.8277
-2.3278 -1.5302 2.9252
-2.3278 -1.5302 3.0227
-2.3278 -1.5302 3.1202
-2.3278 -1.4339 0.0000
-2.3278 -1.4339 0.0975
-2.3278 -1.4339 0.1950
-2.3278 -1.4339 0.2925
-2.3278 -1.4339 0.3900
-2.3278 -1.4339 0.4875
-2.3278 -1.4339 0.5850
-2.3278 -1.4339 0.6825
-2.3278 -1.4339 0.7801
-2.3278 -1.4339 0.8776
-2.3278 -1.4339 0.9751
-2.3278 -1.4339 1.0726
-2.3278 -1.4339 1.1701
-2.3278 -1.4339 1.2676
-2.3278 -1.4339 1.3651
-2.3278 -1.4339 1.4626
-2.3278 -1.4339 1.5601
-2.3278 -1.4339 1.6576
-2.3278 -1.4339 1.7551
-2.3278 -1.4339 1.8526
-2.3278 -1.4339 1.9501
-2.3278 -1.4339 2.0476
-2.3278 -1.4339 2.1451
-2.3278 -1.4339 2.2426
-2.3278 -1.4339 2.3401
-2.3278 -1.4339 2.4377
-2.3278 -1.4339 2.5352
-2.3278 -1.4339 2.6327
-2.3278 -1.4339 2.7302
-2.3278 -1.4339 2.8277
-2.3278 -1.4339 2.9252
-2.3278 -1.4339 3.0227
-2.3278 -1.4339 3.1202
-2.3278 -1.3377 0.0000
-2.3278 -1.3377 0.0975
-2.3278 -1.3377 0.1950
-2.3278 -1.3377 0.2925
-2.3278 -1.3377 0.3900
-2.3278 -1.3377 0.4875
-2.3278 -1.3377 0.5850
-2.3278 -1.3377 0.6825
-2.3278 -1.3377 0.7801
-2.3278 -1.3377 0.8776
-2.3278 -1.3377 0.9751
-2.3278 -1.3377 1.0726
-2.3278 -1.3377 1.1701
-2.3278 -1.3377 1.2676
-2.3278 -1.3377 1.3651
-2.3278 -1.3377 1.4626
-2.3278 -1.3377 1.5601
-2.3278 -1.3377 1.6576
-2.3278 -1.3377 1.7551
-2.3278 -1.3377 1.8526
-2.3278 -1.3377 1.9501
-2.3278 -1.3377 2.0476
-2.3278 -1.3377 2.1451
-2.3278 -1.3377 2.2426
-2.3278 -1.3377 2.3401
-2.3278 -1.3377 2.4377
-2.3278 -1.3377 2.5352
-2.3278 -1.3377 2.6327
-2.3278 -1.3377 2.7302
-2.3278 -1.3377 2.8277
-2.3278 -1.3377 2.9252
-2.3278 -1.3377 3.0227
-2.3278 -1.3377 3.1202
-2.3278 -1.2415 0.0000
-2.3278 -1.2415 0.0975
-2.3278 -1.2415 0.1950
-2.3278 -1.2415 0.2925
-2.3278 -1.2415 0.3900
-2.3278 -1.2415 0.4875
-2.3278 -1.2415 0.5850
-2.3278 -1.2415 0.6825
-2.3278 -1.2415 0.7801
-2.3278 -1.2415 0.8776
-2.3278 -1.2415 0.9751
-2.3278 -1.2415 1.0726
-2.3278 -1.2415 1.1701
-2.3278 -1.2415 1.2676
-2.3278 -1.2415 1.3651
-2.3278 -1.2415 1.4626
-2.3278 -1.2415 1.5601
-2.3278 -1.2415 1.6576
-2.3278 -1.2415 1.7551
-2.3278 -1.2415 1.8526
-2.3278 -1.2415 1.9501
-2.3278 -1.2415 2.0476
-2.3278 -1.2415 2.1451
-2.3278 -1.2415 2.2426
-2.3278 -1.2415 2.3401
-2.3278 -1.2415 2.4377
-2.3278 -1.2415 2.5352
-2.3278 -1.2415 2.6327
-2.3278 -1.2415 2.7302
-2.3278 -1.2415 2.8277
-2.3278 -1.2415 2.9252
-2.3278 -1.2415 3.0227
-2.3278 -1.2415 3.1202
-2.3278 -1.1453 0.0000
-2.3278 -1.1453 0.0975
-2.3278 -1.1453 0.1950
-2.3278 -1.1453 0.2925
-2.3278 -1.1453 0.3900
-2.3278 -1.1453 0.4875
-2.3278 -1.1453 0.5850
-2.3278 -1.1453 0.6825
-2.3278 -1.1453 0.7801
-2.3278 -1.1453 0.8776
-2.3278 -1.1453 0.9751
-2.3278 -1.1453 1.0726
-2.3278 -1.1453 1.1701
-2.3278 -1.1453 1.2676
-2.3278 -1.1453 1.3651
-2.3278 -1.1453 1.4626
-2.3278 -1.1453 1.5601
-2.3278 -1.1453 1.6576
-2.3278 -1.1453 1.7551
-2.3278 -1.1453 1.8526
-2.3278 -1.1453 1.9501
-2.3278 -1.1453 2.0476
-2.3278 -1.1453 2.1451
-2.3278 -1.1453 2.2426
-2.3278 -1.1453 2.3401
-2.3278 -1.1453 2.4377
-2.3278 -1.1453 2.5352
-2.3278 -1.1453 2.6327
-2.3278 -1.1453 2.7302
-2.3278 -1.1453 2.8277
-2.3278 -1.1453 2.9252
-2.3278 -1.1453 3.0227
-2.3278 -1.1453 3.1202
-2.3278 -1.0491 0.0000
-2.3278 -1.0491 0.0975
-2.3278 -1.0491 0.1950
-2.3278 -1.0491 0.2925
-2.3278 -1.0491 0.3900
-2.3278 -1.0491 0.4875
-2.3278 -1.0491 0.5850
-2.3278 -1.0491 0.6825
-2.3278 -1.0491 0.7801
-2.3278 -1.0491 0.8776
-2.3278 -1.0491 0.9751
-2.3278 -1.0491 1.0726
-2.3278 -1.0491 1.1701
-2.3278 -1.0491 1.2676
-2.3278 -1.0491 1.3651
-2.3278 -1.0491 1.4626
-2.3278 -1.0491 1.5601
-2.3278 -1.0491 1.6576
-2.3278 -1.0491 1.7551
-2.3278 -1.0491 1.8526
-2.3278 -1.0491 1.9501
-2.3278 -1.0491 2.0476
-2.3278 -1.0491 2.1451
-2.3278 -1.0491 2.2426
-2.3278 -1.0491 2.3401
-2.3278 -1.0491 2.4377
-2.3278 -1.0491 2.5352
-2.3278 -1.0491 2.6327
-2.3278 -1.0491 2.7302
-2.3278 -1.0491 2.8277
-2.3278 -1.0491 2.9252
-2.3278 -1.0491 3.0227
-2.3278 -1.0491 3.1202
-2.3000 -2.7000 0.0000
-2.3000 -2.7000 0.1000
-2.3000 -2.7000 0.2000
-2.3000 -2.7000 0.3000
-2.3000 -2.7000 0.4000
-2.3000 -2.7000 0.5000
-2.3000 -2.7000 0.6000
-2.3000 -2.7000 0.7000
-2.3000 -2.7000 0.8000
-2.3000 -2.7000 0.9000
-2.3000 -2.7000 1.0000
-2.3000 -2.7000 1.1000
-2.3000 -2.7000 1.2000
-2.3000 -2.7000 1.3000
-2.3000 -2.7000 1.4000
-2.3000 -2.7000 1.5000
-2.3000 -2.7000 1.6000
-2.3000 -2.7000 1.7000
-2.3000 -2.7000 1.8000
-2.3000 -2.7000 1.9000
-2.3000 -2.7000 2.0000
-2.3000 -2.7000 2.1000
-2.3000 -2.7000 2.2000
-2.3000 -2.7000 2.3000
-2.3000 -2.7000 2.4000
-2.3000 -2.7000 2.5000
-2.3000 -2.7000 2.6000
-2.3000 -2.7000 2.7000
-2.3000 -2.7000 2.8000
-2.3000 -2.7000 2.9000
-2.3000 -2.7000 3.0000
-2.3000 -2.7000 3.1000
-2.3000 -2.7000 3.2000
-2.3000 -2.7000 3.3000
-2.3000 -2.7000 3.4000
-2.3000 -2.7000 3.5000
-2.3000 -2.6000 0.0000
-2.3000 -2.6000 3.5000
-2.3000 -2.5000 0.0000
-2.3000 -2.5000 0.1000
-2.3000 -2.5000 0.2000
-2.3000 -2.5000 0.3000
-2.3000 -2.5000 0.4000
-2.3000 -2.5000 0.5000
-2.3000 -2.5000 0.6000
-2.3000 -2.5000 0.7000
-2.3000 -2.5000 0.8000
-2.3000 -2.5000 0.9000
-2.3000 -2.5000 1.0000
-2.3000 -2.5000 1.1000
-2.3000 -2.5000 1.2000
-2.3000 -2.5000 1.3000
-2.3000 -2.5000 1.4000
-2.3000 -2.5000 1.5000
-2.3000 -2.5000 1.6000
-2.3000 -2.5000 1.7000
-2.3000 -2.5000 1.8000
-2.3000 -2.5000 1.9000
-2.3000 -2.5000 2.0000
-2.3000 -2.5000 2.1000
-2.3000 -2.5000 2.2000
-2.3000 -2.5000 2.3000
-2.3000 -2.5000 2.4000
-2.3000 -2.5000 2.5000
-2.3000 -2.5000 2.6000
-2.3000 -2.5000 2.7000
-2.3000 -2.5000 2.8000
-2.3000 -2.5000 2.9000
-2.3000 -2.5000 3.0000
-2.3000 -2.5000 3.1000
-2.3000 -2.5000 3.2000
-2.3000 -2.5000 3.3000
-2.3000 -2.5000 3.4000
-2.3000 -2.5000 3.5000
-2.3000 2.5000 0.0000
-2.3000 2.5000 0.1000
-2.3000 2.5000 0.2000
-2.3000 2.5000 0.3000
-2.3000 2.5000 0.4000
-2.3000 2.5000 0.5000
-2.3000 2.5000 0.6000
-2.3000 2.5000 0.7000
-2.3000 2.5000 0.8000
-2.3000 2.5000 0.9000
-2.3000 2.5000 1.0000
-2.3000 2.5000 1.1000
-2.3000 2.5000 1.2000
-2.3000 2.5000 1.3000
-2.3000 2.5000 1.4000
-2.3000 2.5000 1.5000
-2.3000 2.5000 1.6000
-2.3000 2.5000 1.7000
-2.3000 2.5000 1.8000
-2.3000 2.5000 1.9000
-2.3000 2.5000 2.0000
-2.3000 2.5000 2.1000
-2.3000 2.5000 2.2000
-2.3000 2.5000 2.3000
-2.3000 2.5000 2.4000
-2.3000 2.5000 2.5000
-2.3000 2.5000 2.6000
-2.3000 2.5000 2.7000
-2.3000 2.5000 2.8000
-2.3000 2.5000 2.9000
-2.3000 2.5000 3.0000
-2.3000 2.5000 3.1000
-2.3000 2.5000 3.2000
-2.3000 2.5000 3.3000
-2.3000 2.5000 3.4000
-2.3000 2.5000 3.5000
-2.3000 2.6000 0.0000
-2.3000 2.6000 3.5000
-2.3000 2.7000 0.0000
-2.3000 2.7000 0.1000
-2.3000 2.7000 0.2000
-2.3000 2.7000 0.3000
-2.3000 2.7000 0.4000
-2.3000 2.7000 0.5000
-2.3000 2.7000 0.6000
-2.3000 2.7000 0.7000
-2.3000 2.7000 0.8000
-2.3000 2.7000 0.9000
-2.3000 2.7000 1.0000
-2.3000 2.7000 1.1000
-2.3000 2.7000 1.2000
-2.3000 2.7000 1.3000
-2.3000 2.7000 1.4000
-2.3000 2.7000 1.5000
-2.3000 2.7000 1.6000
-2.3000 2.7000 1.7000
-2.3000 2.7000 1.8000
-2.3000 2.7000 1.9000
-2.3000 2.7000 2.0000
-2.3000 2.7000 2.1000
-2.3000 2.7000 2.2000
-2.3000 2.7000 2.3000
-2.3000 2.7000 2.4000
-2.3000 2.7000 2.5000
-2.3000 2.7000 2.6000
-2.3000 2.7000 2.7000
-2.3000 2.7000 2.8000
-2.3000 2.7000 2.9000
-2.3000 2.7000 3.0000
-2.3000 2.7000 3.1000
-2.3000 2.7000 3.2000
-2.3000 2.7000 3.3000
-2.3000 2.7000 3.4000
-2.3000 2.7000 3.5000
-2.2000 -2.7000 0.0000
-2.2000 -2.7000 0.1000
-2.2000 -2.7000 0.2000
-2.2000 -2.7000 0.3000
-2.2000 -2.7000 0.4000
-2.2000 -2.7000 0.5000
-2.2000 -2.7000 0.6000
-2.2000 -2.7000 0.7000
-2.2000 -2.7000 0.8000
-2.2000 -2.7000 0.9000
-2.2000 -2.7000 1.0000
-2.2000 -2.7000 1.1000
-2.2000 -2.7000 1.2000
-2.2000 -2.7000 1.3000
-2.2000 -2.7000 1.4000
-2.2000 -2.7000 1.5000
-2.2000 -2.7000 1.6000
-2.2000 -2.7000 1.7000
-2.2000 -2.7000 1.8000
-2.2000 -2.7000 1.9000
-2.2000 -2.7000 2.0000
-2.2000 -2.7000 2.1000
-2.2000 -2.7000 2.2000
-2.2000 -2.7000 2.3000
-2.2000 -2.7000 2.4000
-2.2000 -2.7000 2.5000
-2.2000 -2.7000 2.6000
-2.2000 -2.7000 2.7000
-2.2000 -2.7000 2.8000
-2.2000 -2.7000 2.9000
-2.2000 -2.7000 3.0000
-2.2000 -2.7000 3.1000
-2.2000 -2.7000 3.2000
-2.2000 -2.7000 3.3000
-2.2000 -2.7000 3.4000
-2.2000 -2.7000 3.5000
-2.2000 -2.6000 0.0000
-2.2000 -2.6000 3.5000
-2.2000 -2.5000 0.0000
-2.2000 -2.5000 0.1000
-2.2000 -2.5000 0.2000
-2.2000 -2.5000 0.3000
-2.2000 -2.5000 0.4000
-2.2000 -2.5000 0.5000
-2.2000 -2.5000 0.6000
-2.2000 -2.5000 0.7000
-2.2000 -2.5000 0.8000
-2.2000 -2.5000 0.9000
-2.2000 -2.5000 1.0000
-2.2000 -2.5000 1.1000
-2.2000 -2.5000 1.2000
-2.2000 -2.5000 1.3000
-2.2000 -2.5000 1.4000
-2.2000 -2.5000 1.5000
-2.2000 -2.5000 1.6000
-2.2000 -2.5000 1.7000
-2.2000 -2.5000 1.8000
-2.2000 -2.5000 1.9000
-2.2000 -2.5000 2.0000
-2.2000 -2.5000 2.1000
-2.2000 -2.5000 2.2000
-2.2000 -2.5000 2.3000
-2.2000 -2.5000 2.4000
-2.2000 -2.5000 2.5000
-2.2000 -2.5000 2.6000
-2.2000 -2.5000 2.7000
-2.2000 -2.5000 2.8000
-2.2000 -2.5000 2.9000
-2.2000 -2.5000 3.0000
-2.2000 -2.5000 3.1000
-2.2000 -2.5000 3.2000
-2.2000 -2.5000 3.3000
-2.2000 -2.5000 3.4000
-2.2000 -2.5000 3.5000
-2.2000 2.5000 0.0000
-2.2000 2.5000 0.1000
-2.2000 2.5000 0.2000
-2.2000 2.5000 0.3000
-2.2000 2.5000 0.4000
-2.2000 2.5000 0.5000
-2.2000 2.5000 0.6000
-2.2000 2.5000 0.7000
-2.2000 2.5000 0.8000
-2.2000 2.5000 0.9000
-2.2000 2.5000 1.0000
-2.2000 2.5000 1.1000
-2.2000 2.5000 1.2000
-2.2000 2.5000 1.3000
-2.2000 2.5000 1.4000
-2.2000 2.5000 1.5000
-2.2000 2.5000 1.6000
-2.2000 2.5000 1.7000
-2.2000 2.5000 1.8000
-2.2000 2.5000 1.9000
-2.2000 2.5000 2.0000
-2.2000 2.5000 2.1000
-2.2000 2.5000 2.2000
-2.2000 2.5000 2.3000
-2.2000 2.5000 2.4000
-2.2000 2.5000 2.5000
-2.2000 2.5000 2.6000
-2.2000 2.5000 2.7000
-2.2000 2.5000 2.8000
-2.2000 2.5000 2.9000
-2.2000 2.5000 3.0000
-2.2000 2.5000 3.1000
-2.2000 2.5000 3.2000
-2.2000 2.5000 3.3000
-2.2000 2.5000 3.4000
-2.2000 2.5000 3.5000
-2.2000 2.6000 0.0000
-2.2000 2.6000 3.5000
-2.2000 2.7000 0.0000
-2.2000 2.7000 0.1000
-2.2000 2.7000 0.2000
-2.2000 2.7000 0.3000
-2.2000 2.7000 0.4000
-2.2000 2.7000 0.5000
-2.2000 2.7000 0.6000
-2.2000 2.7000 0.7000
-2.2000 2.7000 0.8000
-2.2000 2.7000 0.9000
-2.2000 2.7000 1.0000
-2.2000 2.7000 1.1000
-2.2000 2.7000 1.2000
-2.2000 2.7000 1.3000
-2.2000 2.7000 1.4000
-2.2000 2.7000 1.5000
-2.2000 2.7000 1.6000
-2.2000 2.7000 1.7000
-2.2000 2.7000 1.8000
-2.2000 2.7000 1.9000
-2.2000 2.7000 2.0000
-2.2000 2.7000 2.1000
-2.2000 2.7000 2.2000
-2.2000 2.7000 2.3000
-2.2000 2.7000 2.4000
-2.2000 2.7000 2.5000
-2.2000 2.7000 2.6000
-2.2000 2.7000 2.7000
-2.2000 2.7000 2.8000
-2.2000 2.7000 2.9000
-2.2000 2.7000 3.0000
-2.2000 2.7000 3.1000
-2.2000 2.7000 3.2000
-2.2000 2.7000 3.3000
-2.2000 2.7000 3.4000
-2.2000 2.7000 3.5000
-2.1000 -2.7000 0.0000
-2.1000 -2.7000 0.1000
-2.1000 -2.7000 0.2000
-2.1000 -2.7000 0.3000
-2.1000 -2.7000 0.4000
-2.1000 -2.7000 0.5000
-2.1000 -2.7000 0.6000
-2.1000 -2.7000 0.7000
-2.1000 -2.7000 0.8000
-2.1000 -2.7000 0.9000
-2.1000 -2.7000 1.0000
-2.1000 -2.7000 1.1000
-2.1000 -2.7000 1.2000
-2.1000 -2.7000 1.3000
-2.1000 -2.7000 1.4000
-2.1000 -2.7000 1.5000
-2.1000 -2.7000 1.6000
-2.1000 -2.7000 1.7000
-2.1000 -2.7000 1.8000
-2.1000 -2.7000 1.9000
-2.1000 -2.7000 2.0000
-2.1000 -2.7000 2.1000
-2.1000 -2.7000 2.2000
-2.1000 -2.7000 2.3000
-2.1000 -2.7000 2.4000
-2.1000 -2.7000 2.5000
-2.1000 -2.7000 2.6000
-2.1000 -2.7000 2.7000
-2.1000 -2.7000 2.8000
-2.1000 -2.7000 2.9000
-2.1000 -2.7000 3.0000
-2.1000 -2.7000 3.1000
-2.1000 -2.7000 3.2000
-2.1000 -2.7000 3.3000
-2.1000 -2.7000 3.4000
-2.1000 -2.7000 3.5000
-2.1000 -2.6000 0.0000
-2.1000 -2.6000 3.5000
-2.1000 -2.5000 0.0000
-2.1000 -2.5000 0.1000
-2.1000 -2.5000 0.2000
-2.1000 -2.5000 0.3000
-2.1000 -2.5000 0.4000
-2.1000 -2.5000 0.5000
-2.1000 -2.5000 0.6000
-2.1000 -2.5000 0.7000
-2.1000 -2.5000 0.8000
-2.1000 -2.5000 0.9000
-2.1000 -2.5000 1.0000
-2.1000 -2.5000 1.1000
-2.1000 -2.5000 1.2000
-2.1000 -2.5000 1.3000
-2.1000 -2.5000 1.4000
-2.1000 -2.5000 1.5000
-2.1000 -2.5000 1.6000
-2.1000 -2.5000 1.7000
-2.1000 -2.5000 1.8000
-2.1000 -2.5000 1.9000
-2.1000 -2.5000 2.0000
-2.1000 -2.5000 2.1000
-2.1000 -2.5000 2.2000
-2.1000 -2.5000 2.3000
-2.1000 -2.5000 2.4000
-2.1000 -2.5000 2.5000
-2.1000 -2.5000 2.6000
-2.1000 -2.5000 2.7000
-2.1000 -2.5000 2.8000
-2.1000 -2.5000 2.9000
-2.1000 -2.5000 3.0000
-2.1000 -2.5000 3.1000
-2.1000 -2.5000 3.2000
-2.1000 -2.5000 3.3000
-2.1000 -2.5000 3.4000
-2.1000 -2.5000 3.5000
-2.1000 2.5000 0.0000
-2.1000 2.5000 0.1000
-2.1000 2.5000 0.2000
-2.1000 2.5000 0.3000
-2.1000 2.5000 0.4000
-2.1000 2.5000 0.5000
-2.1000 2.5000 0.6000
-2.1000 2.5000 0.7000
-2.1000 2.5000 0.8000
-2.1000 2.5000 0.9000
-2.1000 2.5000 1.0000
-2.1000 2.5000 1.1000
-2.1000 2.5000 1.2000
-2.1000 2.5000 1.3000
-2.1000 2.5000 1.4000
-2.1000 2.5000 1.5000
-2.1000 2.5000 1.6000
-2.1000 2.5000 1.7000
-2.1000 2.5000 1.8000
-2.1000 2.5000 1.9000
-2.1000 2.5000 2.0000
-2.1000 2.5000 2.1000
-2.1000 2.5000 2.2000
-2.1000 2.5000 2.3000
-2.1000 2.5000 2.4000
-2.1000 2.5000 2.5000
-2.1000 2.5000 2.6000
-2.1000 2.5000 2.7000
-2.1000 2.5000 2.8000
-2.1000 2.5000 2.9000
-2.1000 2.5000 3.0000
-2.1000 2.5000 3.1000
-2.1000 2.5000 3.2000
-2.1000 2.5000 3.3000
-2.1000 2.5000 3.4000
-2.1000 2.5000 3.5000
-2.1000 2.6000 0.0000
-2.1000 2.6000 3.5000
-2.1000 2.7000 0.0000
-2.1000 2.7000 0.1000
-2.1000 2.7000 0.2000
-2.1000 2.7000 0.3000
-2.1000 2.7000 0.4000
-2.1000 2.7000 0.5000
-2.1000 2.7000 0.6000
-2.1000 2.7000 0.7000
-2.1000 2.7000 0.8000
-2.1000 2.7000 0.9000
-2.1000 2.7000 1.0000
-2.1000 2.7000 1.1000
-2.1000 2.7000 1.2000
-2.1000 2.7000 1.3000
-2.1000 2.7000 1.4000
-2.1000 2.7000 1.5000
-2.1000 2.7000 1.6000
-2.1000 2.7000 1.7000
-2.1000 2.7000 1.8000
-2.1000 2.7000 1.9000
-2.1000 2.7000 2.0000
-2.1000 2.7000 2.1000
-2.1000 2.7000 2.2000
-2.1000 2.7000 2.3000
-2.1000 2.7000 2.4000
-2.1000 2.7000 2.5000
-2.1000 2.7000 2.6000
-2.1000 2.7000 2.7000
-2.1000 2.7000 2.8000
-2.1000 2.7000 2.9000
-2.1000 2.7000 3.0000
-2.1000 2.7000 3.1000
-2.1000 2.7000 3.2000
-2.1000 2.7000 3.3000
-2.1000 2.7000 3.4000
-2.1000 2.7000 3.5000
-2.0000 -2.7000 0.0000
-2.0000 -2.7000 0.1000
-2.0000 -2.7000 0.2000
-2.0000 -2.7000 0.3000
-2.0000 -2.7000 0.4000
-2.0000 -2.7000 0.5000
-2.0000 -2.7000 0.6000
-2.0000 -2.7000 0.7000
-2.0000 -2.7000 0.8000
-2.0000 -2.7000 0.9000
-2.0000 -2.7000 1.0000
-2.0000 -2.7000 1.1000
-2.0000 -2.7000 1.2000
-2.0000 -2.7000 1.3000
-2.0000 -2.7000 1.4000
-2.0000 -2.7000 1.5000
-2.0000 -2.7000 1.6000
-2.0000 -2.7000 1.7000
-2.0000 -2.7000 1.8000
-2.0000 -2.7000 1.9000
-2.0000 -2.7000 2.0000
-2.0000 -2.7000 2.1000
-2.0000 -2.7000 2.2000
-2.0000 -2.7000 2.3000
-2.0000 -2.7000 2.4000
-2.0000 -2.7000 2.5000
-2.0000 -2.7000 2.6000
-2.0000 -2.7000 2.7000
-2.0000 -2.7000 2.8000
-2.0000 -2.7000 2.9000
-2.0000 -2.7000 3.0000
-2.0000 -2.7000 3.1000
-2.0000 -2.7000 3.2000
-2.0000 -2.7000 3.3000
-2.0000 -2.7000 3.4000
-2.0000 -2.7000 3.5000
-2.0000 -2.6000 0.0000
-2.0000 -2.6000 3.5000
-2.0000 -2.5000 0.0000
-2.0000 -2.5000 0.1000
-2.0000 -2.5000 0.2000
-2.0000 -2.5000 0.3000
-2.0000 -2.5000 0.4000
-2.0000 -2.5000 0.5000
-2.0000 -2.5000 0.6000
-2.0000 -2.5000 0.7000
-2.0000 -2.5000 0.8000
-2.0000 -2.5000 0.9000
-2.0000 -2.5000 1.0000
-2.0000 -2.5000 1.1000
-2.0000 -2.5000 1.2000
-2.0000 -2.5000 1.3000
-2.0000 -2.5000 1.4000
-2.0000 -2.5000 1.5000
-2.0000 -2.5000 1.6000
-2.0000 -2.5000 1.7000
-2.0000 -2.5000 1.8000
-2.0000 -2.5000 1.9000
-2.0000 -2.5000 2.0000
-2.0000 -2.5000 2.1000
-2.0000 -2.5000 2.2000
-2.0000 -2.5000 2.3000
-2.0000 -2.5000 2.4000
-2.0000 -2.5000 2.5000
-2.0000 -2.5000 2.6000
-2.0000 -2.5000 2.7000
-2.0000 -2.5000 2.8000
-2.0000 -2.5000 2.9000
-2.0000 -2.5000 3.0000
-2.0000 -2.5000 3.1000
-2.0000 -2.5000 3.2000
-2.0000 -2.5000 3.3000
-2.0000 -2.5000 3.4000
-2.0000 -2.5000 3.5000
-2.0000 2.5000 0.0000
-2.0000 2.5000 0.1000
-2.0000 2.5000 0.2000
-2.0000 2.5000 0.3000
-2.0000 2.5000 0.4000
-2.0000 2.5000 0.5000
-2.0000 2.5000 0.6000
-2.0000 2.5000 0.7000
-2.0000 2.5000 0.8000
-2.0000 2.5000 0.9000
-2.0000 2.5000 1.0000
-2.0000 2.5000 1.1000
-2.0000 2.5000 1.2000
-2.0000 2.5000 1.3000
-2.0000 2.5000 1.4000
-2.0000 2.5000 1.5000
-2.0000 2.5000 1.6000
-2.0000 2.5000 1.7000
-2.0000 2.5000 1.8000
-2.0000 2.5000 1.9000
-2.0000 2.5000 2.0000
-2.0000 2.5000 2.1000
-2.0000 2.5000 2.2000
-2.0000 2.5000 2.3000
-2.0000 2.5000 2.4000
-2.0000 2.5000 2.5000
-2.0000 2.5000 2.6000
-2.0000 2.5000 2.7000
-2.0000 2.5000 2.8000
-2.0000 2.5000 2.9000
-2.0000 2.5000 3.0000
-2.0000 2.5000 3.1000
-2.0000 2.5000 3.2000
-2.0000 2.5000 3.3000
-2.0000 2.5000 3.4000
-2.0000 2.5000 3.5000
-2.0000 2.6000 0.0000
-2.0000 2.6000 3.5000
-2.0000 2.7000 0.0000
-2.0000 2.7000 0.1000
-2.0000 2.7000 0.2000
-2.0000 2.7000 0.3000
-2.0000 2.7000 0.4000
-2.0000 2.7000 0.5000
-2.0000 2.7000 0.6000
-2.0000 2.7000 0.7000
-2.0000 2.7000 0.8000
-2.0000 2.7000 0.9000
-2.0000 2.7000 1.0000
-2.0000 2.7000 1.1000
-2.0000 2.7000 1.2000
-2.0000 2.7000 1.3000
-2.0000 2.7000 1.4000
-2.0000 2.7000 1.5000
-2.0000 2.7000 1.6000
-2.0000 2.7000 1.7000
-2.0000 2.7000 1.8000
-2.0000 2.7000 1.9000
-2.0000 2.7000 2.0000
-2.0000 2.7000 2.1000
-2.0000 2.7000 2.2000
-2.0000 2.7000 2.3000
-2.0000 2.7000 2.4000
-2.0000 2.7000 2.5000
-2.0000 2.7000 2.6000
-2.0000 2.7000 2.7000
-2.0000 2.7000 2.8000
-2.0000 2.7000 2.9000
-2.0000 2.7000 3.0000
-2.0000 2.7000 3.1000
-2.0000 2.7000 3.2000
-2.0000 2.7000 3.3000
-2.0000 2.7000 3.4000
-2.0000 2.7000 3.5000
-1.9422 0.9332 0.0001
-1.9422 0.9332 0.0980
-1.9422 0.9332 0.1960
-1.9422 0.9332 0.2940
-1.9422 0.9332 0.3920
-1.9422 0.9332 0.4899
-1.9422 0.9332 0.5879
-1.9422 0.9332 0.6859
-1.9422 0.9332 0.7839
-1.9422 0.9332 0.8819
-1.9422 0.9332 0.9798
-1.9422 0.9332 1.0778
-1.9422 0.9332 1.1758
-1.9422 0.9332 1.2738
-1.9422 0.9332 1.3717
-1.9422 0.9332 1.4697
-1.9422 0.9332 1.5677
-1.9422 0.9332 1.6657
-1.9422 0.9332 1.7637
-1.9422 0.9332 1.8616
-1.9422 0.9332 1.9596
-1.9422 0.9332 2.0576
-1.9422 0.9332 2.1556
-1.9422 0.9332 2.2535
-1.9422 0.9332 2.3515
-1.9422 0.9332 2.4495
-1.9422 0.9332 2.5475
-1.9422 0.9332 2.6455
-1.9422 0.9332 2.7434
-1.9422 0.9332 2.8414
-1.9422 0.9332 2.9394
-1.9422 0.9332 3.0374
-1.9422 0.9332 3.1353
-1.9422 1.0203 0.0001
-1.9422 1.0203 0.0980
-1.9422 1.0203 0.1960
-1.9422 1.0203 0.2940
-1.9422 1.0203 0.3920
-1.9422 1.0203 0.4899
-1.9422 1.0203 0.5879
-1.9422 1.0203 0.6859
-1.9422 1.0203 0.7839
-1.9422 1.0203 0.8819
-1.9422 1.0203 0.9798
-1.9422 1.0203 1.0778
-1.9422 1.0203 1.1758
-1.9422 1.0203 1.2738
-1.9422 1.0203 1.3717
-1.9422 1.0203 1.4697
-1.9422 1.0203 1.5677
-1.9422 1.0203 1.6657
-1.9422 1.0203 1.7637
-1.9422 1.0203 1.8616
-1.9422 1.0203 1.9596
-1.9422 1.0203 2.0576
-1.9422 1.0203 2.1556
-1.9422 1.0203 2.2535
-1.9422 1.0203 2.3515
-1.9422 1.0203 2.4495
-1.9422 1.0203 2.5475
-1.9422 1.0203 2.6455
-1.9422 1.0203 2.7434
-1.9422 1.0203 2.8414
-1.9422 1.0203 2.9394
-1.9422 1.0203 3.0374
-1.9422 1.0203 3.1353
-1.9422 1.1073 0.0001
-1.9422 1.1073 0.0980
-1.9422 1.1073 0.1960
-1.9422 1.1073 0.2940
-1.9422 1.1073 0.3920
-1.9422 1.1073 0.4899
-1.9422 1.1073 0.5879
-1.9422 1.1073 0.6859
-1.9422 1.1073 0.7839
-1.9422 1.1073 0.8819
-1.9422 1.1073 0.9798
-1.9422 1.1073 1.0778
-1.9422 1.1073 1.1758
-1.9422 1.1073 1.2738
-1.9422 1.1073 1.3717
-1.9422 1.1073 1.4697
-1.9422 1.1073 1.5677
-1.9422 1.1073 1.6657
-1.9422 1.1073 1.7637
-1.9422 1.1073 1.8616
-1.9422 1.1073 1.9596
-1.9422 1.1073 2.0576
-1.9422 1.1073 2.1556
-1.9422 1.1073 2.2535
-1.9422 1.1073 2.3515
-1.9422 1.1073 2.4495
-1.9422 1.1073 2.5475
-1.9422 1.1073 2.6455
-1.9422 1.1073 2.7434
-1.9422 1.1073 2.8414
-1.9422 1.1073 2.9394
-1.9422 1.1073 3.0374
-1.9422 1.1073 3.1353
-1.9422 1.1943 0.0001
-1.9422 1.1943 0.0980
-1.9422 1.1943 0.1960
-1.9422 1.1943 0.2940
-1.9422 1.1943 0.3920
-1.9422 1.1943 0.4899
-1.9422 1.1943 0.5879
-1.9422 1.1943 0.6859
-1.9422 1.1943 0.7839
-1.9422 1.1943 0.8819
-1.9422 1.1943 0.9798
-1.9422 1.1943 1.0778
-1.9422 1.1943 1.1758
-1.9422 1.1943 1.2738
-1.9422 1.1943 1.3717
-1.9422 1.1943 1.4697
-1.9422 1.1943 1.5677
-1.9422 1.1943 1.6657
-1.9422 1.1943 1.7637
-1.9422 1.1943 1.8616
-1.9422 1.1943 1.9596
-1.9422 1.1943 2.0576
-1.9422 1.1943 2.1556
-1.9422 1.1943 2.2535
-1.9422 1.1943 2.3515
-1.9422 1.1943 2.4495
-1.9422 1.1943 2.5475
-1.9422 1.1943 2.6455
-1.9422 1.1943 2.7434
-1.9422 1.1943 2.8414
-1.9422 1.1943 2.9394
-1.9422 1.1943 3.0374
-1.9422 1.1943 3.1353
-1.9422 1.2813 0.0001
-1.9422 1.2813 0.0980
-1.9422 1.2813 0.1960
-1.9422 1.2813 0.2940
-1.9422 1.2813 0.3920
-1.9422 1.2813 0.4899
-1.9422 1.2813 0.5879
-1.9422 1.2813 0.6859
-1.9422 1.2813 0.7839
-1.9422 1.2813 0.8819
-1.9422 1.2813 0.9798
-1.9422 1.2813 1.0778
-1.9422 1.2813 1.1758
-1.9422 1.2813 1.2738
-1.9422 1.2813 1.3717
-1.9422 1.2813 1.4697
-1.9422 1.2813 1.5677
-1.9422 1.2813 1.6657
-1.9422 1.2813 1.7637
-1.9422 1.2813 1.8616
-1.9422 1.2813 1.9596
-1.9422 1.2813 2.0576
-1.9422 1.2813 2.1556
-1.9422 1.2813 2.2535
-1.9422 1.2813 2.3515
-1.9422 1.2813 2.4495
-1.9422 1.2813 2.5475
-1.9422 1.2813 2.6455
-1.9422 1.2813 2.7434
-1.9422 1.2813 2.8414
-1.9422 1.2813 2.9394
-1.9422 1.2813 3.0374
-1.9422 1.2813 3.1353
-1.9422 1.3683 0.0001
-1.9422 1.3683 0.0980
-1.9422 1.3683 0.1960
-1.9422 1.3683 0.2940
-1.9422 1.3683 0.3920
-1.9422 1.3683 0.4899
-1.9422 1.3683 0.5879
-1.9422 1.3683 0.6859
-1.9422 1.3683 0.7839
-1.9422 1.3683 0.8819
-1.9422 1.3683 0.9798
-1.9422 1.3683 1.0778
-1.9422 1.3683 1.1758
-1.9422 1.3683 1.2738
-1.9422 1.3683 1.3717
-1.9422 1.3683 1.4697
-1.9422 1.3683 1.5677
-1.9422 1.3683 1.6657
-1.9422 1.3683 1.7637
-1.9422 1.3683 1.8616
-1.9422 1.3683 1.9596
-1.9422 1.3683 2.0576
-1.9422 1.3683 2.1556
-1.9422 1.3683 2.2535
-1.9422 1.3683 2.3515
-1.9422 1.3683 2.4495
-1.9422 1.3683 2.5475
-1.9422 1.3683 2.6455
-1.9422 1.3683 2.7434
-1.9422 1.3683 2.8414
-1.9422 1.3683 2.9394
-1.9422 1.3683 3.0374
-1.9422 1.3683 3.1353
-1.9422 1.4553 0.0001
-1.9422 1.4553 0.0980
-1.9422 1.4553 0.1960
-1.9422 1.4553 0.2940
-1.9422 1.4553 0.3920
-1.9422 1.4553 0.4899
-1.9422 1.4553 0.5879
-1.9422 1.4553 0.6859
-1.9422 1.4553 0.7839
-1.9422 1.4553 0.8819
-1.9422 1.4553 0.9798
-1.9422 1.4553 1.0778
-1.9422 1.4553 1.1758
-1.9422 1.4553 1.2738
-1.9422 1.4553 1.3717
-1.9422 1.4553 1.4697
-1.9422 1.4553 1.5677
-1.9422 1.4553 1.6657
-1.9422 1.4553 1.7637
-1.9422 1.4553 1.8616
-1.9422 1.4553 1.9596
-1.9422 1.4553 2.0576
-1.9422 1.4553 2.1556
-1.9422 1.4553 2.2535
-1.9422 1.4553 2.3515
-1.9422 1.4553 2.4495
-1.9422 1.4553 2.5475
-1.9422 1.4553 2.6455
-1.9422 1.4553 2.7434
-1.9422 1.4553 2.8414
-1.9422 1.4553 2.9394
-1.9422 1.4553 3.0374
-1.9422 1.4553 3.1353
-1.9000 -2.7000 0.0000
-1.9000 -2.7000 0.1000
-1.9000 -2.7000 0.2000
-1.9000 -2.7000 0.3000
-1.9000 -2.7000 0.4000
-1.9000 -2.7000 0.5000
-1.9000 -2.7000 0.6000
-1.9000 -2.7000 0.7000
-1.9000 -2.7000 0.8000
-1.9000 -2.7000 0.9000
-1.9000 -2.7000 1.0000
-1.9000 -2.7000 1.1000
-1.9000 -2.7000 1.2000
-1.9000 -2.7000 1.3000
-1.9000 -2.7000 1.4000
-1.9000 -2.7000 1.5000
-1.9000 -2.7000 1.6000
-1.9000 -2.7000 1.7000
-1.9000 -2.7000 1.8000
-1.9000 -2.7000 1.9000
-1.9000 -2.7000 2.0000
-1.9000 -2.7000 2.1000
-1.9000 -2.7000 2.2000
-1.9000 -2.7000 2.3000
-1.9000 -2.7000 2.4000
-1.9000 -2.7000 2.5000
-1.9000 -2.7000 2.6000
-1.9000 -2.7000 2.7000
-1.9000 -2.7000 2.8000
-1.9000 -2.7000 2.9000
-1.9000 -2.7000 3.0000
-1.9000 -2.7000 3.1000
-1.9000 -2.7000 3.2000
-1.9000 -2.7000 3.3000
-1.9000 -2.7000 3.4000
-1.9000 -2.7000 3.5000
-1.9000 -2.6000 0.0000
-1.9000 -2.6000 3.5000
-1.9000 -2.5000 0.0000
-1.9000 -2.5000 0.1000
-1.9000 -2.5000 0.2000
-1.9000 -2.5000 0.3000
-1.9000 -2.5000 0.4000
-1.9000 -2.5000 0.5000
-1.9000 -2.5000 0.6000
-1.9000 -2.5000 0.7000
-1.9000 -2.5000 0.8000
-1.9000 -2.5000 0.9000
-1.9000 -2.5000 1.0000
-1.9000 -2.5000 1.1000
-1.9000 -2.5000 1.2000
-1.9000 -2.5000 1.3000
-1.9000 -2.5000 1.4000
-1.9000 -2.5000 1.5000
-1.9000 -2.5000 1.6000
-1.9000 -2.5000 1.7000
-1.9000 -2.5000 1.8000
-1.9000 -2.5000 1.9000
-1.9000 -2.5000 2.0000
-1.9000 -2.5000 2.1000
-1.9000 -2.5000 2.2000
-1.9000 -2.5000 2.3000
-1.9000 -2.5000 2.4000
-1.9000 -2.5000 2.5000
-1.9000 -2.5000 2.6000
-1.9000 -2.5000 2.7000
-1.9000 -2.5000 2.8000
-1.9000 -2.5000 2.9000
-1.9000 -2.5000 3.0000
-1.9000 -2.5000 3.1000
-1.9000 -2.5000 3.2000
-1.9000 -2.5000 3.3000
-1.9000 -2.5000 3.4000
-1.9000 -2.5000 3.5000
-1.9000 2.5000 0.0000
-1.9000 2.5000 0.1000
-1.9000 2.5000 0.2000
-1.9000 2.5000 0.3000
-1.9000 2.5000 0.4000
-1.9000 2.5000 0.5000
-1.9000 2.5000 0.6000
-1.9000 2.5000 0.7000
-1.9000 2.5000 0.8000
-1.9000 2.5000 0.9000
-1.9000 2.5000 1.0000
-1.9000 2.5000 1.1000
-1.9000 2.5000 1.2000
-1.9000 2.5000 1.3000
-1.9000 2.5000 1.4000
-1.9000 2.5000 1.5000
-1.9000 2.5000 1.6000
-1.9000 2.5000 1.7000
-1.9000 2.5000 1.8000
-1.9000 2.5000 1.9000
-1.9000 2.5000 2.0000
-1.9000 2.5000 2.1000
-1.9000 2.5000 2.2000
-1.9000 2.5000 2.3000
-1.9000 2.5000 2.4000
-1.9000 2.5000 2.5000
-1.9000 2.5000 2.6000
-1.9000 2.5000 2.7000
-1.9000 2.5000 2.8000
-1.9000 2.5000 2.9000
-1.9000 2.5000 3.0000
-1.9000 2.5000 3.1000
-1.9000 2.5000 3.2000
-1.9000 2.5000 3.3000
-1.9000 2.5000 3.4000
-1.9000 2.5000 3.5000
-1.9000 2.6000 0.0000
-1.9000 2.6000 3.5000
-1.9000 2.7000 0.0000
-1.9000 2.7000 0.1000
-1.9000 2.7000 0.2000
-1.9000 2.7000 0.3000
-1.9000 2.7000 0.4000
-1.9000 2.7000 0.5000
-1.9000 2.7000 0.6000
-1.9000 2.7000 0.7000
-1.9000 2.7000 0.8000
-1.9000 2.7000 0.9000
-1.9000 2.7000 1.0000
-1.9000 2.7000 1.1000
-1.9000 2.7000 1.2000
-1.9000 2.7000 1.3000
-1.9000 2.7000 1.4000
-1.9000 2.7000 1.5000
-1.9000 2.7000 1.6000
-1.9000 2.7000 1.7000
-1.9000 2.7000 1.8000
-1.9000 2.7000 1.9000
-1.9000 2.7000 2.0000
-1.9000 2.7000 2.1000
-1.9000 2.7000 2.2000
-1.9000 2.7000 2.3000
-1.9000 2.7000 2.4000
-1.9000 2.7000 2.5000
-1.9000 2.7000 2.6000
-1.9000 2.7000 2.7000
-1.9000 2.7000 2.8000
-1.9000 2.7000 2.9000
-1.9000 2.7000 3.0000
-1.9000 2.7000 3.1000
-1.9000 2.7000 3.2000
-1.9000 2.7000 3.3000
-1.9000 2.7000 3.4000
-1.9000 2.7000 3.5000
-1.8551 0.9332 0.0001
-1.8551 0.9332 0.0980
-1.8551 0.9332 0.1960
-1.8551 0.9332 0.2940
-1.8551 0.9332 0.3920
-1.8551 0.9332 0.4899
-1.8551 0.9332 0.5879
-1.8551 0.9332 0.6859
-1.8551 0.9332 0.7839
-1.8551 0.9332 0.8819
-1.8551 0.9332 0.9798
-1.8551 0.9332 1.0778
-1.8551 0.9332 1.1758
-1.8551 0.9332 1.2738
-1.8551 0.9332 1.3717
-1.8551 0.9332 1.4697
-1.8551 0.9332 1.5677
-1.8551 0.9332 1.6657
-1.8551 0.9332 1.7637
-1.8551 0.9332 1.8616
-1.8551 0.9332 1.9596
-1.8551 0.9332 2.0576
-1.8551 0.9332 2.1556
-1.8551 0.9332 2.2535
-1.8551 0.9332 2.3515
-1.8551 0.9332 2.4495
-1.8551 0.9332 2.5475
-1.8551 0.9332 2.6455
-1.8551 0.9332 2.7434
-1.8551 0.9332 2.8414
-1.8551 0.9332 2.9394
-1.8551 0.9332 3.0374
-1.8551 0.9332 3.1353
-1.8551 1.0203 0.0001
-1.8551 1.0203 3.1353
-1.8551 1.1073 0.0001
-1.8551 1.1073 3.1353
-1.8551 1.1943 0.0001
-1.8551 1.1943 3.1353
-1.8551 1.2813 0.0001
-1.8551 1.2813 3.1353
-1.8551 1.3683 0.0001
-1.8551 1.3683 3.1353
-1.8551 1.4553 0.0001
-1.8551 1.4553 0.0980
-1.8551 1.4553 0.1960
-1.8551 1.4553 0.2940
-1.8551 1.4553 0.3920
-1.8551 1.4553 0.4899
-1.8551 1.4553 0.5879
-1.8551 1.4553 0.6859
-1.8551 1.4553 0.7839
-1.8551 1.4553 0.8819
-1.8551 1.4553 0.9798
-1.8551 1.4553 1.0778
-1.8551 1.4553 1.1758
-1.8551 1.4553 1.2738
-1.8551 1.4553 1.3717
-1.8551 1.4553 1.4697
-1.8551 1.4553 1.5677
-1.8551 1.4553 1.6657
-1.8551 1.4553 1.7637
-1.8551 1.4553 1.8616
-1.8551 1.4553 1.9596
-1.8551 1.4553 2.0576
-1.8551 1.4553 2.1556
-1.8551 1.4553 2.2535
-1.8551 1.4553 2.3515
-1.8551 1.4553 2.4495
-1.8551 1.4553 2.5475
-1.8551 1.4553 2.6455
-1.8551 1.4553 2.7434
-1.8551 1.4553 2.8414
-1.8551 1.4553 2.9394
-1.8551 1.4553 3.0374
-1.8551 1.4553 3.1353
-1.8000 -2.7000 0.0000
-1.8000 -2.7000 0.1000
-1.8000 -2.7000 0.2000
-1.8000 -2.7000 0.3000
-1.8000 -2.7000 0.4000
-1.8000 -2.7000 0.5000
-1.8000 -2.7000 0.6000
-1.8000 -2.7000 0.7000
-1.8000 -2.7000 0.8000
-1.8000 -2.7000 0.9000
-1.8000 -2.7000 1.0000
-1.8000 -2.7000 1.1000
-1.8000 -2.7000 1.2000
-1.8000 -2.7000 1.3000
-1.8000 -2.7000 1.4000
-1.8000 -2.7000 1.5000
-1.8000 -2.7000 1.6000
-1.8000 -2.7000 1.7000
-1.8000 -2.7000 1.8000
-1.8000 -2.7000 1.9000
-1.8000 -2.7000 2.0000
-1.8000 -2.7000 2.1000
-1.8000 -2.7000 2.2000
-1.8000 -2.7000 2.3000
-1.8000 -2.7000 2.4000
-1.8000 -2.7000 2.5000
-1.8000 -2.7000 2.6000
-1.8000 -2.7000 2.7000
-1.8000 -2.7000 2.8000
-1.8000 -2.7000 2.9000
-1.8000 -2.7000 3.0000
-1.8000 -2.7000 3.1000
-1.8000 -2.7000 3.2000
-1.8000 -2.7000 3.3000
-1.8000 -2.7000 3.4000
-1.8000 -2.7000 3.5000
-1.8000 -2.6000 0.0000
-1.8000 -2.6000 3.5000
-1.8000 -2.5000 0.0000
-1.8000 -2.5000 0.1000
-1.8000 -2.5000 0.2000
-1.8000 -2.5000 0.3000
-1.8000 -2.5000 0.4000
-1.8000 -2.5000 0.5000
-1.8000 -2.5000 0.6000
-1.8000 -2.5000 0.7000
-1.8000 -2.5000 0.8000
-1.8000 -2.5000 0.9000
-1.8000 -2.5000 1.0000
-1.8000 -2.5000 1.1000
-1.8000 -2.5000 1.2000
-1.8000 -2.5000 1.3000
-1.8000 -2.5000 1.4000
-1.8000 -2.5000 1.5000
-1.8000 -2.5000 1.6000
-1.8000 -2.5000 1.7000
-1.8000 -2.5000 1.8000
-1.8000 -2.5000 1.9000
-1.8000 -2.5000 2.0000
-1.8000 -2.5000 2.1000
-1.8000 -2.5000 2.2000
-1.8000 -2.5000 2.3000
-1.8000 -2.5000 2.4000
-1.8000 -2.5000 2.5000
-1.8000 -2.5000 2.6000
-1.8000 -2.5000 2.7000
-1.8000 -2.5000 2.8000
-1.8000 -2.5000 2.9000
-1.8000 -2.5000 3.0000
-1.8000 -2.5000 3.1000
-1.8000 -2.5000 3.2000
-1.8000 -2.5000 3.3000
-1.8000 -2.5000 3.4000
-1.8000 -2.5000 3.5000
-1.8000 2.5000 0.0000
-1.8000 2.5000 0.1000
-1.8000 2.5000 0.2000
-1.8000 2.5000 0.3000
-1.8000 2.5000 0.4000
-1.8000 2.5000 0.5000
-1.8000 2.5000 0.6000
-1.8000 2.5000 0.7000
-1.8000 2.5000 0.8000
-1.8000 2.5000 0.9000
-1.8000 2.5000 1.0000
-1.8000 2.5000 1.1000
-1.8000 2.5000 1.2000
-1.8000 2.5000 1.3000
-1.8000 2.5000 1.4000
-1.8000 2.5000 1.5000
-1.8000 2.5000 1.6000
-1.8000 2.5000 1.7000
-1.8000 2.5000 1.8000
-1.8000 2.5000 1.9000
-1.8000 2.5000 2.0000
-1.8000 2.5000 2.1000
-1.8000 2.5000 2.2000
-1.8000 2.5000 2.3000
-1.8000 2.5000 2.4000
-1.8000 2.5000 2.5000
-1.8000 2.5000 2.6000
-1.8000 2.5000 2.7000
-1.8000 2.5000 2.8000
-1.8000 2.5000 2.9000
-1.8000 2.5000 3.0000
-1.8000 2.5000 3.1000
-1.8000 2.5000 3.2000
-1.8000 2.5000 3.3000
-1.8000 2.5000 3.4000
-1.8000 2.5000 3.5000
-1.8000 2.6000 0.0000
-1.8000 2.6000 3.5000
-1.8000 2.7000 0.0000
-1.8000 2.7000 0.1000
-1.8000 2.7000 0.2000
-1.8000 2.7000 0.3000
-1.8000 2.7000 0.4000
-1.8000 2.7000 0.5000
-1.8000 2.7000 0.6000
-1.8000 2.7000 0.7000
-1.8000 2.7000 0.8000
-1.8000 2.7000 0.9000
-1.8000 2.7000 1.0000
-1.8000 2.7000 1.1000
-1.8000 2.7000 1.2000
-1.8000 2.7000 1.3000
-1.8000 2.7000 1.4000
-1.8000 2.7000 1.5000
-1.8000 2.7000 1.6000
-1.8000 2.7000 1.7000
-1.8000 2.7000 1.8000
-1.8000 2.7000 1.9000
-1.8000 2.7000 2.0000
-1.8000 2.7000 2.1000
-1.8000 2.7000 2.2000
-1.8000 2.7000 2.3000
-1.8000 2.7000 2.4000
-1.8000 2.7000 2.5000
-1.8000 2.7000 2.6000
-1.8000 2.7000 2.7000
-1.8000 2.7000 2.8000
-1.8000 2.7000 2.9000
-1.8000 2.7000 3.0000
-1.8000 2.7000 3.1000
-1.8000 2.7000 3.2000
-1.8000 2.7000 3.3000
-1.8000 2.7000 3.4000
-1.8000 2.7000 3.5000
-1.7681 0.9332 0.0001
-1.7681 0.9332 0.0980
-1.7681 0.9332 0.1960
-1.7681 0.9332 0.2940
-1.7681 0.9332 0.3920
-1.7681 0.9332 0.4899
-1.7681 0.9332 0.5879
-1.7681 0.9332 0.6859
-1.7681 0.9332 0.7839
-1.7681 0.9332 0.8819
-1.7681 0.9332 0.9798
-1.7681 0.9332 1.0778
-1.7681 0.9332 1.1758
-1.7681 0.9332 1.2738
-1.7681 0.9332 1.3717
-1.7681 0.9332 1.4697
-1.7681 0.9332 1.5677
-1.7681 0.9332 1.6657
-1.7681 0.9332 1.7637
-1.7681 0.9332 1.8616
-1.7681 0.9332 1.9596
-1.7681 0.9332 2.0576
-1.7681 0.9332 2.1556
-1.7681 0.9332 2.2535
-1.7681 0.9332 2.3515
-1.7681 0.9332 2.4495
-1.7681 0.9332 2.5475
-1.7681 0.9332 2.6455
-1.7681 0.9332 2.7434
-1.7681 0.9332 2.8414
-1.7681 0.9332 2.9394
-1.7681 0.9332 3.0374
-1.7681 0.9332 3.1353
-1.7681 1.0203 0.0001
-1.7681 1.0203 3.1353
-1.7681 1.1073 0.0001
-1.7681 1.1073 3.1353
-1.7681 1.1943 0.0001
-1.7681 1.1943 3.1353
-1.7681 1.2813 0.0001
-1.7681 1.2813 3.1353
-1.7681 1.3683 0.0001
-1.7681 1.3683 3.1353
-1.7681 1.4553 0.0001
-1.7681 1.4553 0.0980
-1.7681 1.4553 0.1960
-1.7681 1.4553 0.2940
-1.7681 1.4553 0.3920
-1.7681 1.4553 0.4899
-1.7681 1.4553 0.5879
-1.7681 1.4553 0.6859
-1.7681 1.4553 0.7839
-1.7681 1.4553 0.8819
-1.7681 1.4553 0.9798
-1.7681 1.4553 1.0778
-1.7681 1.4553 1.1758
-1.7681 1.4553 1.2738
-1.7681 1.4553 1.3717
-1.7681 1.4553 1.4697
-1.7681 1.4553 1.5677
-1.7681 1.4553 1.6657
-1.7681 1.4553 1.7637
-1.7681 1.4553 1.8616
-1.7681 1.4553 1.9596
-1.7681 1.4553 2.0576
-1.7681 1.4553 2.1556
-1.7681 1.4553 2.2535
-1.7681 1.4553 2.3515
-1.7681 1.4553 2.4495
-1.7681 1.4553 2.5475
-1.7681 1.4553 2.6455
-1.7681 1.4553 2.7434
-1.7681 1.4553 2.8414
-1.7681 1.4553 2.9394
-1.7681 1.4553 3.0374
-1.7681 1.4553 3.1353
-1.7000 -2.7000 0.0000
-1.7000 -2.7000 0.1000
-1.7000 -2.7000 0.2000
-1.7000 -2.7000 0.3000
-1.7000 -2.7000 0.4000
-1.7000 -2.7000 0.5000
-1.7000 -2.7000 0.6000
-1.7000 -2.7000 0.7000
-1.7000 -2.7000 0.8000
-1.7000 -2.7000 0.9000
-1.7000 -2.7000 1.0000
-1.7000 -2.7000 1.1000
-1.7000 -2.7000 1.2000
-1.7000 -2.7000 1.3000
-1.7000 -2.7000 1.4000
-1.7000 -2.7000 1.5000
-1.7000 -2.7000 1.6000
-1.7000 -2.7000 1.7000
-1.7000 -2.7000 1.8000
-1.7000 -2.7000 1.9000
-1.7000 -2.7000 2.0000
-1.7000 -2.7000 2.1000
-1.7000 -2.7000 2.2000
-1.7000 -2.7000 2.3000
-1.7000 -2.7000 2.4000
-1.7000 -2.7000 2.5000
-1.7000 -2.7000 2.6000
-1.7000 -2.7000 2.7000
-1.7000 -2.7000 2.8000
-1.7000 -2.7000 2.9000
-1.7000 -2.7000 3.0000
-1.7000 -2.7000 3.1000
-1.7000 -2.7000 3.2000
-1.7000 -2.7000 3.3000
-1.7000 -2.7000 3.4000
-1.7000 -2.7000 3.5000
-1.7000 -2.6000 0.0000
-1.7000 -2.6000 3.5000
-1.7000 -2.5000 0.0000
-1.7000 -2.5000 0.1000
-1.7000 -2.5000 0.2000
-1.7000 -2.5000 0.3000
-1.7000 -2.5000 0.4000
-1.7000 -2.5000 0.5000
-1.7000 -2.5000 0.6000
-1.7000 -2.5000 0.7000
-1.7000 -2.5000 0.8000
-1.7000 -2.5000 0.9000
-1.7000 -2.5000 1.0000
-1.7000 -2.5000 1.1000
-1.7000 -2.5000 1.2000
-1.7000 -2.5000 1.3000
-1.7000 -2.5000 1.4000
-1.7000 -2.5000 1.5000
-1.7000 -2.5000 1.6000
-1.7000 -2.5000 1.7000
-1.7000 -2.5000 1.8000
-1.7000 -2.5000 1.9000
-1.7000 -2.5000 2.0000
-1.7000 -2.5000 2.1000
-1.7000 -2.5000 2.2000
-1.7000 -2.5000 2.3000
-1.7000 -2.5000 2.4000
-1.7000 -2.5000 2.5000
-1.7000 -2.5000 2.6000
-1.7000 -2.5000 2.7000
-1.7000 -2.5000 2.8000
-1.7000 -2.5000 2.9000
-1.7000 -2.5000 3.0000
-1.7000 -2.5000 3.1000
-1.7000 -2.5000 3.2000
-1.7000 -2.5000 3.3000
-1.7000 -2.5000 3.4000
-1.7000 -2.5000 3.5000
-1.7000 2.5000 0.0000
-1.7000 2.5000 0.1000
-1.7000 2.5000 0.2000
-1.7000 2.5000 0.3000
-1.7000 2.5000 0.4000
-1.7000 2.5000 0.5000
-1.7000 2.5000 0.6000
-1.7000 2.5000 0.7000
-1.7000 2.5000 0.8000
-1.7000 2.5000 0.9000
-1.7000 2.5000 1.0000
-1.7000 2.5000 1.1000
-1.7000 2.5000 1.2000
-1.7000 2.5000 1.3000
-1.7000 2.5000 1.4000
-1.7000 2.5000 1.5000
-1.7000 2.5000 1.6000
-1.7000 2.5000 1.7000
-1.7000 2.5000 1.8000
-1.7000 2.5000 1.9000
-1.7000 2.5000 2.0000
-1.7000 2.5000 2.1000
-1.7000 2.5000 2.2000
-1.7000 2.5000 2.3000
-1.7000 2.5000 2.4000
-1.7000 2.5000 2.5000
-1.7000 2.5000 2.6000
-1.7000 2.5000 2.7000
-1.7000 2.5000 2.8000
-1.7000 2.5000 2.9000
-1.7000 2.5000 3.0000
-1.7000 2.5000 3.1000
-1.7000 2.5000 3.2000
-1.7000 2.5000 3.3000
-1.7000 2.5000 3.4000
-1.7000 2.5000 3.5000
-1.7000 2.6000 0.0000
-1.7000 2.6000 3.5000
-1.7000 2.7000 0.0000
-1.7000 2.7000 0.1000
-1.7000 2.7000 0.2000
-1.7000 2.7000 0.3000
-1.7000 2.7000 0.4000
-1.7000 2.7000 0.5000
-1.7000 2.7000 0.6000
-1.7000 2.7000 0.7000
-1.7000 2.7000 0.8000
-1.7000 2.7000 0.9000
-1.7000 2.7000 1.0000
-1.7000 2.7000 1.1000
-1.7000 2.7000 1.2000
-1.7000 2.7000 1.3000
-1.7000 2.7000 1.4000
-1.7000 2.7000 1.5000
-1.7000 2.7000 1.6000
-1.7000 2.7000 1.7000
-1.7000 2.7000 1.8000
-1.7000 2.7000 1.9000
-1.7000 2.7000 2.0000
-1.7000 2.7000 2.1000
-1.7000 2.7000 2.2000
-1.7000 2.7000 2.3000
-1.7000 2.7000 2.4000
-1.7000 2.7000 2.5000
-1.7000 2.7000 2.6000
-1.7000 2.7000 2.7000
-1.7000 2.7000 2.8000
-1.7000 2.7000 2.9000
-1.7000 2.7000 3.0000
-1.7000 2.7000 3.1000
-1.7000 2.7000 3.2000
-1.7000 2.7000 3.3000
-1.7000 2.7000 3.4000
-1.7000 2.7000 3.5000
-1.6811 0.9332 0.0001
-1.6811 0.9332 0.0980
-1.6811 0.9332 0.1960
-1.6811 0.9332 0.2940
-1.6811 0.9332 0.3920
-1.6811 0.9332 0.4899
-1.6811 0.9332 0.5879
-1.6811 0.9332 0.6859
-1.6811 0.9332 0.7839
-1.6811 0.9332 0.8819
-1.6811 0.9332 0.9798
-1.6811 0.9332 1.0778
-1.6811 0.9332 1.1758
-1.6811 0.9332 1.2738
-1.6811 0.9332 1.3717
-1.6811 0.9332 1.4697
-1.6811 0.9332 1.5677
-1.6811 0.9332 1.6657
-1.6811 0.9332 1.7637
-1.6811 0.9332 1.8616
-1.6811 0.9332 1.9596
-1.6811 0.9332 2.0576
-1.6811 0.9332 2.1556
-1.6811 0.9332 2.2535
-1.6811 0.9332 2.3515
-1.6811 0.9332 2.4495
-1.6811 0.9332 2.5475
-1.6811 0.9332 2.6455
-1.6811 0.9332 2.7434
-1.6811 0.9332 2.8414
-1.6811 0.9332 2.9394
-1.6811 0.9332 3.0374
-1.6811 0.9332 3.1353
-1.6811 1.0203 0.0001
-1.6811 1.0203 3.1353
-1.6811 1.1073 0.0001
-1.6811 1.1073 3.1353
-1.6811 1.1943 0.0001
-1.6811 1.1943 3.1353
-1.6811 1.2813 0.0001
-1.6811 1.2813 3.1353
-1.6811 1.3683 0.0001
-1.6811 1.3683 3.1353
-1.6811 1.4553 0.0001
-1.6811 1.4553 0.0980
-1.6811 1.4553 0.1960
-1.6811 1.4553 0.2940
-1.6811 1.4553 0.3920
-1.6811 1.4553 0.4899
-1.6811 1.4553 0.5879
-1.6811 1.4553 0.6859
-1.6811 1.4553 0.7839
-1.6811 1.4553 0.8819
-1.6811 1.4553 0.9798
-1.6811 1.4553 1.0778
-1.6811 1.4553 1.1758
-1.6811 1.4553 1.2738
-1.6811 1.4553 1.3717
-1.6811 1.4553 1.4697
-1.6811 1.4553 1.5677
-1.6811 1.4553 1.6657
-1.6811 1.4553 1.7637
-1.6811 1.4553 1.8616
-1.6811 1.4553 1.9596
-1.6811 1.4553 2.0576
-1.6811 1.4553 2.1556
-1.6811 1.4553 2.2535
-1.6811 1.4553 2.3515
-1.6811 1.4553 2.4495
-1.6811 1.4553 2.5475
-1.6811 1.4553 2.6455
-1.6811 1.4553 2.7434
-1.6811 1.4553 2.8414
-1.6811 1.4553 2.9394
-1.6811 1.4553 3.0374
-1.6811 1.4553 3.1353
-1.6000 -2.7000 0.0000
-1.6000 -2.7000 0.1000
-1.6000 -2.7000 0.2000
-1.6000 -2.7000 0.3000
-1.6000 -2.7000 0.4000
-1.6000 -2.7000 0.5000
-1.6000 -2.7000 0.6000
-1.6000 -2.7000 0.7000
-1.6000 -2.7000 0.8000
-1.6000 -2.7000 0.9000
-1.6000 -2.7000 1.0000
-1.6000 -2.7000 1.1000
-1.6000 -2.7000 1.2000
-1.6000 -2.7000 1.3000
-1.6000 -2.7000 1.4000
-1.6000 -2.7000 1.5000
-1.6000 -2.7000 1.6000
-1.6000 -2.7000 1.7000
-1.6000 -2.7000 1.8000
-1.6000 -2.7000 1.9000
-1.6000 -2.7000 2.0000
-1.6000 -2.7000 2.1000
-1.6000 -2.7000 2.2000
-1.6000 -2.7000 2.3000
-1.6000 -2.7000 2.4000
-1.6000 -2.7000 2.5000
-1.6000 -2.7000 2.6000
-1.6000 -2.7000 2.7000
-1.6000 -2.7000 2.8000
-1.6000 -2.7000 2.9000
-1.6000 -2.7000 3.0000
-1.6000 -2.7000 3.1000
-1.6000 -2.7000 3.2000
-1.6000 -2.7000 3.3000
-1.6000 -2.7000 3.4000
-1.6000 -2.7000 3.5000
-1.6000 -2.6000 0.0000
-1.6000 -2.6000 3.5000
-1.6000 -2.5000 0.0000
-1.6000 -2.5000 0.1000
-1.6000 -2.5000 0.2000
-1.6000 -2.5000 0.3000
-1.6000 -2.5000 0.4000
-1.6000 -2.5000 0.5000
-1.6000 -2.5000 0.6000
-1.6000 -2.5000 0.7000
-1.6000 -2.5000 0.8000
-1.6000 -2.5000 0.9000
-1.6000 -2.5000 1.0000
-1.6000 -2.5000 1.1000
-1.6000 -2.5000 1.2000
-1.6000 -2.5000 1.3000
-1.6000 -2.5000 1.4000
-1.6000 -2.5000 1.5000
-1.6000 -2.5000 1.6000
-1.6000 -2.5000 1.7000
-1.6000 -2.5000 1.8000
-1.6000 -2.5000 1.9000
-1.6000 -2.5000 2.0000
-1.6000 -2.5000 2.1000
-1.6000 -2.5000 2.2000
-1.6000 -2.5000 2.3000
-1.6000 -2.5000 2.4000
-1.6000 -2.5000 2.5000
-1.6000 -2.5000 2.6000
-1.6000 -2.5000 2.7000
-1.6000 -2.5000 2.8000
-1.6000 -2.5000 2.9000
-1.6000 -2.5000 3.0000
-1.6000 -2.5000 3.1000
-1.6000 -2.5000 3.2000
-1.6000 -2.5000 3.3000
-1.6000 -2.5000 3.4000
-1.6000 -2.5000 3.5000
-1.6000 2.5000 0.0000
-1.6000 2.5000 0.1000
-1.6000 2.5000 0.2000
-1.6000 2.5000 0.3000
-1.6000 2.5000 0.4000
-1.6000 2.5000 0.5000
-1.6000 2.5000 0.6000
-1.6000 2.5000 0.7000
-1.6000 2.5000 0.8000
-1.6000 2.5000 0.9000
-1.6000 2.5000 1.0000
-1.6000 2.5000 1.1000
-1.6000 2.5000 1.2000
-1.6000 2.5000 1.3000
-1.6000 2.5000 1.4000
-1.6000 2.5000 1.5000
-1.6000 2.5000 1.6000
-1.6000 2.5000 1.7000
-1.6000 2.5000 1.8000
-1.6000 2.5000 1.9000
-1.6000 2.5000 2.0000
-1.6000 2.5000 2.1000
-1.6000 2.5000 2.2000
-1.6000 2.5000 2.3000
-1.6000 2.5000 2.4000
-1.6000 2.5000 2.5000
-1.6000 2.5000 2.6000
-1.6000 2.5000 2.7000
-1.6000 2.5000 2.8000
-1.6000 2.5000 2.9000
-1.6000 2.5000 3.0000
-1.6000 2.5000 3.1000
-1.6000 2.5000 3.2000
-1.6000 2.5000 3.3000
-1.6000 2.5000 3.4000
-1.6000 2.5000 3.5000
-1.6000 2.6000 0.0000
-1.6000 2.6000 3.5000
-1.6000 2.7000 0.0000
-1.6000 2.7000 0.1000
-1.6000 2.7000 0.2000
-1.6000 2.7000 0.3000
-1.6000 2.7000 0.4000
-1.6000 2.7000 0.5000
-1.6000 2.7000 0.6000
-1.6000 2.7000 0.7000
-1.6000 2.7000 0.8000
-1.6000 2.7000 0.9000
-1.6000 2.7000 1.0000
-1.6000 2.7000 1.1000
-1.6000 2.7000 1.2000
-1.6000 2.7000 1.3000
-1.6000 2.7000 1.4000
-1.6000 2.7000 1.5000
-1.6000 2.7000 1.6000
-1.6000 2.7000 1.7000
-1.6000 2.7000 1.8000
-1.6000 2.7000 1.9000
-1.6000 2.7000 2.0000
-1.6000 2.7000 2.1000
-1.6000 2.7000 2.2000
-1.6000 2.7000 2.3000
-1.6000 2.7000 2.4000
-1.6000 2.7000 2.5000
-1.6000 2.7000 2.6000
-1.6000 2.7000 2.7000
-1.6000 2.7000 2.8000
-1.6000 2.7000 2.9000
-1.6000 2.7000 3.0000
-1.6000 2.7000 3.1000
-1.6000 2.7000 3.2000
-1.6000 2.7000 3.3000
-1.6000 2.7000 3.4000
-1.6000 2.7000 3.5000
-1.5941 0.9332 0.0001
-1.5941 0.9332 0.0980
-1.5941 0.9332 0.1960
-1.5941 0.9332 0.2940
-1.5941 0.9332 0.3920
-1.5941 0.9332 0.4899
-1.5941 0.9332 0.5879
-1.5941 0.9332 0.6859
-1.5941 0.9332 0.7839
-1.5941 0.9332 0.8819
-1.5941 0.9332 0.9798
-1.5941 0.9332 1.0778
-1.5941 0.9332 1.1758
-1.5941 0.9332 1.2738
-1.5941 0.9332 1.3717
-1.5941 0.9332 1.4697
-1.5941 0.9332 1.5677
-1.5941 0.9332 1.6657
-1.5941 0.9332 1.7637
-1.5941 0.9332 1.8616
-1.5941 0.9332 1.9596
-1.5941 0.9332 2.0576
-1.5941 0.9332 2.1556
-1.5941 0.9332 2.2535
-1.5941 0.9332 2.3515
-1.5941 0.9332 2.4495
-1.5941 0.9332 2.5475
-1.5941 0.9332 2.6455
-1.5941 0.9332 2.7434
-1.5941 0.9332 2.8414
-1.5941 0.9332 2.9394
-1.5941 0.9332 3.0374
-1.5941 0.9332 3.1353
-1.5941 1.0203 0.0001
-1.5941 1.0203 3.1353
-1.5941 1.1073 0.0001
-1.5941 1.1073 3.1353
-1.5941 1.1943 0.0001
-1.5941 1.1943 3.1353
-1.5941 1.2813 0.0001
-1.5941 1.2813 3.1353
-1.5941 1.3683 0.0001
-1.5941 1.3683 3.1353
-1.5941 1.4553 0.0001
-1.5941 1.4553 0.0980
-1.5941 1.4553 0.1960
-1.5941 1.4553 0.2940
-1.5941 1.4553 0.3920
-1.5941 1.4553 0.4899
-1.5941 1.4553 0.5879
-1.5941 1.4553 0.6859
-1.5941 1.4553 0.7839
-1.5941 1.4553 0.8819
-1.5941 1.4553 0.9798
-1.5941 1.4553 1.0778
-1.5941 1.4553 1.1758
-1.5941 1.4553 1.2738
-1.5941 1.4553 1.3717
-1.5941 1.4553 1.4697
-1.5941 1.4553 1.5677
-1.5941 1.4553 1.6657
-1.5941 1.4553 1.7637
-1.5941 1.4553 1.8616
-1.5941 1.4553 1.9596
-1.5941 1.4553 2.0576
-1.5941 1.4553 2.1556
-1.5941 1.4553 2.2535
-1.5941 1.4553 2.3515
-1.5941 1.4553 2.4495
-1.5941 1.4553 2.5475
-1.5941 1.4553 2.6455
-1.5941 1.4553 2.7434
-1.5941 1.4553 2.8414
-1.5941 1.4553 2.9394
-1.5941 1.4553 3.0374
-1.5941 1.4553 3.1353
-1.5071 0.9332 0.0001
-1.5071 0.9332 0.0980
-1.5071 0.9332 0.1960
-1.5071 0.9332 0.2940
-1.5071 0.9332 0.3920
-1.5071 0.9332 0.4899
-1.5071 0.9332 0.5879
-1.5071 0.9332 0.6859
-1.5071 0.9332 0.7839
-1.5071 0.9332 0.8819
-1.5071 0.9332 0.9798
-1.5071 0.9332 1.0778
-1.5071 0.9332 1.1758
-1.5071 0.9332 1.2738
-1.5071 0.9332 1.3717
-1.5071 0.9332 1.4697
-1.5071 0.9332 1.5677
-1.5071 0.9332 1.6657
-1.5071 0.9332 1.7637
-1.5071 0.9332 1.8616
-1.5071 0.9332 1.9596
-1.5071 0.9332 2.0576
-1.5071 0.9332 2.1556
-1.5071 0.9332 2.2535
-1.5071 0.9332 2.3515
-1.5071 0.9332 2.4495
-1.5071 0.9332 2.5475
-1.5071 0.9332 2.6455
-1.5071 0.9332 2.7434
-1.5071 0.9332 2.8414
-1.5071 0.9332 2.9394
-1.5071 0.9332 3.0374
-1.5071 0.9332 3.1353
-1.5071 1.0203 0.0001
-1.5071 1.0203 3.1353
-1.5071 1.1073 0.0001
-1.5071 1.1073 3.1353
-1.5071 1.1943 0.0001
-1.5071 1.1943 3.1353
-1.5071 1.2813 0.0001
-1.5071 1.2813 3.1353
-1.5071 1.3683 0.0001
-1.5071 1.3683 3.1353
-1.5071 1.4553 0.0001
-1.5071 1.4553 0.0980
-1.5071 1.4553 0.1960
-1.5071 1.4553 0.2940
-1.5071 1.4553 0.3920
-1.5071 1.4553 0.4899
-1.5071 1.4553 0.5879
-1.5071 1.4553 0.6859
-1.5071 1.4553 0.7839
-1.5071 1.4553 0.8819
-1.5071 1.4553 0.9798
-1.5071 1.4553 1.0778
-1.5071 1.4553 1.1758
-1.5071 1.4553 1.2738
-1.5071 1.4553 1.3717
-1.5071 1.4553 1.4697
-1.5071 1.4553 1.5677
-1.5071 1.4553 1.6657
-1.5071 1.4553 1.7637
-1.5071 1.4553 1.8616
-1.5071 1.4553 1.9596
-1.5071 1.4553 2.0576
-1.5071 1.4553 2.1556
-1.5071 1.4553 2.2535
-1.5071 1.4553 2.3515
-1.5071 1.4553 2.4495
-1.5071 1.4553 2.5475
-1.5071 1.4553 2.6455
-1.5071 1.4553 2.7434
-1.5071 1.4553 2.8414
-1.5071 1.4553 2.9394
-1.5071 1.4553 3.0374
-1.5071 1.4553 3.1353
-1.5000 -2.7000 0.0000
-1.5000 -2.7000 0.1000
-1.5000 -2.7000 0.2000
-1.5000 -2.7000 0.3000
-1.5000 -2.7000 0.4000
-1.5000 -2.7000 0.5000
-1.5000 -2.7000 0.6000
-1.5000 -2.7000 0.7000
-1.5000 -2.7000 0.8000
-1.5000 -2.7000 0.9000
-1.5000 -2.7000 1.0000
-1.5000 -2.7000 1.1000
-1.5000 -2.7000 1.2000
-1.5000 -2.7000 1.3000
-1.5000 -2.7000 1.4000
-1.5000 -2.7000 1.5000
-1.5000 -2.7000 1.6000
-1.5000 -2.7000 1.7000
-1.5000 -2.7000 1.8000
-1.5000 -2.7000 1.9000
-1.5000 -2.7000 2.0000
-1.5000 -2.7000 2.1000
-1.5000 -2.7000 2.2000
-1.5000 -2.7000 2.3000
-1.5000 -2.7000 2.4000
-1.5000 -2.7000 2.5000
-1.5000 -2.7000 2.6000
-1.5000 -2.7000 2.7000
-1.5000 -2.7000 2.8000
-1.5000 -2.7000 2.9000
-1.5000 -2.7000 3.0000
-1.5000 -2.7000 3.1000
-1.5000 -2.7000 3.2000
-1.5000 -2.7000 3.3000
-1.5000 -2.7000 3.4000
-1.5000 -2.7000 3.5000
-1.5000 -2.6000 0.0000
-1.5000 -2.6000 3.5000
-1.5000 -2.5000 0.0000
-1.5000 -2.5000 0.1000
-1.5000 -2.5000 0.2000
-1.5000 -2.5000 0.3000
-1.5000 -2.5000 0.4000
-1.5000 -2.5000 0.5000
-1.5000 -2.5000 0.6000
-1.5000 -2.5000 0.7000
-1.5000 -2.5000 0.8000
-1.5000 -2.5000 0.9000
-1.5000 -2.5000 1.0000
-1.5000 -2.5000 1.1000
-1.5000 -2.5000 1.2000
-1.5000 -2.5000 1.3000
-1.5000 -2.5000 1.4000
-1.5000 -2.5000 1.5000
-1.5000 -2.5000 1.6000
-1.5000 -2.5000 1.7000
-1.5000 -2.5000 1.8000
-1.5000 -2.5000 1.9000
-1.5000 -2.5000 2.0000
-1.5000 -2.5000 2.1000
-1.5000 -2.5000 2.2000
-1.5000 -2.5000 2.3000
-1.5000 -2.5000 2.4000
-1.5000 -2.5000 2.5000
-1.5000 -2.5000 2.6000
-1.5000 -2.5000 2.7000
-1.5000 -2.5000 2.8000
-1.5000 -2.5000 2.9000
-1.5000 -2.5000 3.0000
-1.5000 -2.5000 3.1000
-1.5000 -2.5000 3.2000
-1.5000 -2.5000 3.3000
-1.5000 -2.5000 3.4000
-1.5000 -2.5000 3.5000
-1.5000 2.5000 0.0000
-1.5000 2.5000 0.1000
-1.5000 2.5000 0.2000
-1.5000 2.5000 0.3000
-1.5000 2.5000 0.4000
-1.5000 2.5000 0.5000
-1.5000 2.5000 0.6000
-1.5000 2.5000 0.7000
-1.5000 2.5000 0.8000
-1.5000 2.5000 0.9000
-1.5000 2.5000 1.0000
-1.5000 2.5000 1.1000
-1.5000 2.5000 1.2000
-1.5000 2.5000 1.3000
-1.5000 2.5000 1.4000
-1.5000 2.5000 1.5000
-1.5000 2.5000 1.6000
-1.5000 2.5000 1.7000
-1.5000 2.5000 1.8000
-1.5000 2.5000 1.9000
-1.5000 2.5000 2.0000
-1.5000 2.5000 2.1000
-1.5000 2.5000 2.2000
-1.5000 2.5000 2.3000
-1.5000 2.5000 2.4000
-1.5000 2.5000 2.5000
-1.5000 2.5000 2.6000
-1.5000 2.5000 2.7000
-1.5000 2.5000 2.8000
-1.5000 2.5000 2.9000
-1.5000 2.5000 3.0000
-1.5000 2.5000 3.1000
-1.5000 2.5000 3.2000
-1.5000 2.5000 3.3000
-1.5000 2.5000 3.4000
-1.5000 2.5000 3.5000
-1.5000 2.6000 0.0000
-1.5000 2.6000 3.5000
-1.5000 2.7000 0.0000
-1.5000 2.7000 0.1000
-1.5000 2.7000 0.2000
-1.5000 2.7000 0.3000
-1.5000 2.7000 0.4000
-1.5000 2.7000 0.5000
-1.5000 2.7000 0.6000
-1.5000 2.7000 0.7000
-1.5000 2.7000 0.8000
-1.5000 2.7000 0.9000
-1.5000 2.7000 1.0000
-1.5000 2.7000 1.1000
-1.5000 2.7000 1.2000
-1.5000 2.7000 1.3000
-1.5000 2.7000 1.4000
-1.5000 2.7000 1.5000
-1.5000 2.7000 1.6000
-1.5000 2.7000 1.7000
-1.5000 2.7000 1.8000
-1.5000 2.7000 1.9000
-1.5000 2.7000 2.0000
-1.5000 2.7000 2.1000
-1.5000 2.7000 2.2000
-1.5000 2.7000 2.3000
-1.5000 2.7000 2.4000
-1.5000 2.7000 2.5000
-1.5000 2.7000 2.6000
-1.5000 2.7000 2.7000
-1.5000 2.7000 2.8000
-1.5000 2.7000 2.9000
-1.5000 2.7000 3.0000
-1.5000 2.7000 3.1000
-1.5000 2.7000 3.2000
-1.5000 2.7000 3.3000
-1.5000 2.7000 3.4000
-1.5000 2.7000 3.5000
-1.4201 0.9332 0.0001
-1.4201 0.9332 0.0980
-1.4201 0.9332 0.1960
-1.4201 0.9332 0.2940
-1.4201 0.9332 0.3920
-1.4201 0.9332 0.4899
-1.4201 0.9332 0.5879
-1.4201 0.9332 0.6859
-1.4201 0.9332 0.7839
-1.4201 0.9332 0.8819
-1.4201 0.9332 0.9798
-1.4201 0.9332 1.0778
-1.4201 0.9332 1.1758
-1.4201 0.9332 1.2738
-1.4201 0.9332 1.3717
-1.4201 0.9332 1.4697
-1.4201 0.9332 1.5677
-1.4201 0.9332 1.6657
-1.4201 0.9332 1.7637
-1.4201 0.9332 1.8616
-1.4201 0.9332 1.9596
-1.4201 0.9332 2.0576
-1.4201 0.9332 2.1556
-1.4201 0.9332 2.2535
-1.4201 0.9332 2.3515
-1.4201 0.9332 2.4495
-1.4201 0.9332 2.5475
-1.4201 0.9332 2.6455
-1.4201 0.9332 2.7434
-1.4201 0.9332 2.8414
-1.4201 0.9332 2.9394
-1.4201 0.9332 3.0374
-1.4201 0.9332 3.1353
-1.4201 1.0203 0.0001
-1.4201 1.0203 0.0980
-1.4201 1.0203 0.1960
-1.4201 1.0203 0.2940
-1.4201 1.0203 0.3920
-1.4201 1.0203 0.4899
-1.4201 1.0203 0.5879
-1.4201 1.0203 0.6859
-1.4201 1.0203 0.7839
-1.4201 1.0203 0.8819
-1.4201 1.0203 0.9798
-1.4201 1.0203 1.0778
-1.4201 1.0203 1.1758
-1.4201 1.0203 1.2738
-1.4201 1.0203 1.3717
-1.4201 1.0203 1.4697
-1.4201 1.0203 1.5677
-1.4201 1.0203 1.6657
-1.4201 1.0203 1.7637
-1.4201 1.0203 1.8616
-1.4201 1.0203 1.9596
-1.4201 1.0203 2.0576
-1.4201 1.0203 2.1556
-1.4201 1.0203 2.2535
-1.4201 1.0203 2.3515
-1.4201 1.0203 2.4495
-1.4201 1.0203 2.5475
-1.4201 1.0203 2.6455
-1.4201 1.0203 2.7434
-1.4201 1.0203 2.8414
-1.4201 1.0203 2.9394
-1.4201 1.0203 3.0374
-1.4201 1.0203 3.1353
-1.4201 1.1073 0.0001
-1.4201 1.1073 0.0980
-1.4201 1.1073 0.1960
-1.4201 1.1073 0.2940
-1.4201 1.1073 0.3920
-1.4201 1.1073 0.4899
-1.4201 1.1073 0.5879
-1.4201 1.1073 0.6859
-1.4201 1.1073 0.7839
-1.4201 1.1073 0.8819
-1.4201 1.1073 0.9798
-1.4201 1.1073 1.0778
-1.4201 1.1073 1.1758
-1.4201 1.1073 1.2738
-1.4201 1.1073 1.3717
-1.4201 1.1073 1.4697
-1.4201 1.1073 1.5677
-1.4201 1.1073 1.6657
-1.4201 1.1073 1.7637
-1.4201 1.1073 1.8616
-1.4201 1.1073 1.9596
-1.4201 1.1073 2.0576
-1.4201 1.1073 2.1556
-1.4201 1.1073 2.2535
-1.4201 1.1073 2.3515
-1.4201 1.1073 2.4495
-1.4201 1.1073 2.5475
-1.4201 1.1073 2.6455
-1.4201 1.1073 2.7434
-1.4201 1.1073 2.8414
-1.4201 1.1073 2.9394
-1.4201 1.1073 3.0374
-1.4201 1.1073 3.1353
-1.4201 1.1943 0.0001
-1.4201 1.1943 0.0980
-1.4201 1.1943 0.1960
-1.4201 1.1943 0.2940
-1.4201 1.1943 0.3920
-1.4201 1.1943 0.4899
-1.4201 1.1943 0.5879
-1.4201 1.1943 0.6859
-1.4201 1.1943 0.7839
-1.4201 1.1943 0.8819
-1.4201 1.1943 0.9798
-1.4201 1.1943 1.0778
-1.4201 1.1943 1.1758
-1.4201 1.1943 1.2738
-1.4201 1.1943 1.3717
-1.4201 1.1943 1.4697
-1.4201 1.1943 1.5677
-1.4201 1.1943 1.6657
-1.4201 1.1943 1.7637
-1.4201 1.1943 1.8616
-1.4201 1.1943 1.9596
-1.4201 1.1943 2.0576
-1.4201 1.1943 2.1556
-1.4201 1.1943 2.2535
-1.4201 1.1943 2.3515
-1.4201 1.1943 2.4495
-1.4201 1.1943 2.5475
-1.4201 1.1943 2.6455
-1.4201 1.1943 2.7434
-1.4201 1.1943 2.8414
-1.4201 1.1943 2.9394
-1.4201 1.1943 3.0374
-1.4201 1.1943 3.1353
-1.4201 1.2813 0.0001
-1.4201 1.2813 0.0980
-1.4201 1.2813 0.1960
-1.4201 1.2813 0.2940
-1.4201 1.2813 0.3920
-1.4201 1.2813 0.4899
-1.4201 1.2813 0.5879
-1.4201 1.2813 0.6859
-1.4201 1.2813 0.7839
-1.4201 1.2813 0.8819
-1.4201 1.2813 0.9798
-1.4201 1.2813 1.0778
-1.4201 1.2813 1.1758
-1.4201 1.2813 1.2738
-1.4201 1.2813 1.3717
-1.4201 1.2813 1.4697
-1.4201 1.2813 1.5677
-1.4201 1.2813 1.6657
-1.4201 1.2813 1.7637
-1.4201 1.2813 1.8616
-1.4201 1.2813 1.9596
-1.4201 1.2813 2.0576
-1.4201 1.2813 2.1556
-1.4201 1.2813 2.2535
-1.4201 1.2813 2.3515
-1.4201 1.2813 2.4495
-1.4201 1.2813 2.5475
-1.4201 1.2813 2.6455
-1.4201 1.2813 2.7434
-1.4201 1.2813 2.8414
-1.4201 1.2813 2.9394
-1.4201 1.2813 3.0374
-1.4201 1.2813 3.1353
-1.4201 1.3683 0.0001
-1.4201 1.3683 0.0980
-1.4201 1.3683 0.1960
-1.4201 1.3683 0.2940
-1.4201 1.3683 0.3920
-1.4201 1.3683 0.4899
-1.4201 1.3683 0.5879
-1.4201 1.3683 0.6859
-1.4201 1.3683 0.7839
-1.4201 1.3683 0.8819
-1.4201 1.3683 0.9798
-1.4201 1.3683 1.0778
-1.4201 1.3683 1.1758
-1.4201 1.3683 1.2738
-1.4201 1.3683 1.3717
-1.4201 1.3683 1.4697
-1.4201 1.3683 1.5677
-1.4201 1.3683 1.6657
-1.4201 1.3683 1.7637
-1.4201 1.3683 1.8616
-1.4201 1.3683 1.9596
-1.4201 1.3683 2.0576
-1.4201 1.3683 2.1556
-1.4201 1.3683 2.2535
-1.4201 1.3683 2.3515
-1.4201 1.3683 2.4495
-1.4201 1.3683 2.5475
-1.4201 1.3683 2.6455
-1.4201 1.3683 2.7434
-1.4201 1.3683 2.8414
-1.4201 1.3683 2.9394
-1.4201 1.3683 3.0374
-1.4201 1.3683 3.1353
-1.4201 1.4553 0.0001
-1.4201 1.4553 0.0980
-1.4201 1.4553 0.1960
-1.4201 1.4553 0.2940
-1.4201 1.4553 0.3920
-1.4201 1.4553 0.4899
-1.4201 1.4553 0.5879
-1.4201 1.4553 0.6859
-1.4201 1.4553 0.7839
-1.4201 1.4553 0.8819
-1.4201 1.4553 0.9798
-1.4201 1.4553 1.0778
-1.4201 1.4553 1.1758
-1.4201 1.4553 1.2738
-1.4201 1.4553 1.3717
-1.4201 1.4553 1.4697
-1.4201 1.4553 1.5677
-1.4201 1.4553 1.6657
-1.4201 1.4553 1.7637
-1.4201 1.4553 1.8616
-1.4201 1.4553 1.9596
-1.4201 1.4553 2.0576
-1.4201 1.4553 2.1556
-1.4201 1.4553 2.2535
-1.4201 1.4553 2.3515
-1.4201 1.4553 2.4495
-1.4201 1.4553 2.5475
-1.4201 1.4553 2.6455
-1.4201 1.4553 2.7434
-1.4201 1.4553 2.8414
-1.4201 1.4553 2.9394
-1.4201 1.4553 3.0374
-1.4201 1.4553 3.1353
-1.4000 -2.7000 0.0000
-1.4000 -2.7000 0.1000
-1.4000 -2.7000 0.2000
-1.4000 -2.7000 0.3000
-1.4000 -2.7000 0.4000
-1.4000 -2.7000 0.5000
-1.4000 -2.7000 0.6000
-1.4000 -2.7000 0.7000
-1.4000 -2.7000 0.8000
-1.4000 -2.7000 0.9000
-1.4000 -2.7000 1.0000
-1.4000 -2.7000 1.1000
-1.4000 -2.7000 1.2000
-1.4000 -2.7000 1.3000
-1.4000 -2.7000 1.4000
-1.4000 -2.7000 1.5000
-1.4000 -2.7000 1.6000
-1.4000 -2.7000 1.7000
-1.4000 -2.7000 1.8000
-1.4000 -2.7000 1.9000
-1.4000 -2.7000 2.0000
-1.4000 -2.7000 2.1000
-1.4000 -2.7000 2.2000
-1.4000 -2.7000 2.3000
-1.4000 -2.7000 2.4000
-1.4000 -2.7000 2.5000
-1.4000 -2.7000 2.6000
-1.4000 -2.7000 2.7000
-1.4000 -2.7000 2.8000
-1.4000 -2.7000 2.9000
-1.4000 -2.7000 3.0000
-1.4000 -2.7000 3.1000
-1.4000 -2.7000 3.2000
-1.4000 -2.7000 3.3000
-1.4000 -2.7000 3.4000
-1.4000 -2.7000 3.5000
-1.4000 -2.6000 0.0000
-1.4000 -2.6000 3.5000
-1.4000 -2.5000 0.0000
-1.4000 -2.5000 0.1000
-1.4000 -2.5000 0.2000
-1.4000 -2.5000 0.3000
-1.4000 -2.5000 0.4000
-1.4000 -2.5000 0.5000
-1.4000 -2.5000 0.6000
-1.4000 -2.5000 0.7000
-1.4000 -2.5000 0.8000
-1.4000 -2.5000 0.9000
-1.4000 -2.5000 1.0000
-1.4000 -2.5000 1.1000
-1.4000 -2.5000 1.2000
-1.4000 -2.5000 1.3000
-1.4000 -2.5000 1.4000
-1.4000 -2.5000 1.5000
-1.4000 -2.5000 1.6000
-1.4000 -2.5000 1.7000
-1.4000 -2.5000 1.8000
-1.4000 -2.5000 1.9000
-1.4000 -2.5000 2.0000
-1.4000 -2.5000 2.1000
-1.4000 -2.5000 2.2000
-1.4000 -2.5000 2.3000
-1.4000 -2.5000 2.4000
-1.4000 -2.5000 2.5000
-1.4000 -2.5000 2.6000
-1.4000 -2.5000 2.7000
-1.4000 -2.5000 2.8000
-1.4000 -2.5000 2.9000
-1.4000 -2.5000 3.0000
-1.4000 -2.5000 3.1000
-1.4000 -2.5000 3.2000
-1.4000 -2.5000 3.3000
-1.4000 -2.5000 3.4000
-1.4000 -2.5000 3.5000
-1.4000 2.5000 0.0000
-1.4000 2.5000 0.1000
-1.4000 2.5000 0.2000
-1.4000 2.5000 0.3000
-1.4000 2.5000 0.4000
-1.4000 2.5000 0.5000
-1.4000 2.5000 0.6000
-1.4000 2.5000 0.7000
-1.4000 2.5000 0.8000
-1.4000 2.5000 0.9000
-1.4000 2.5000 1.0000
-1.4000 2.5000 1.1000
-1.4000 2.5000 1.2000
-1.4000 2.5000 1.3000
-1.4000 2.5000 1.4000
-1.4000 2.5000 1.5000
-1.4000 2.5000 1.6000
-1.4000 2.5000 1.7000
-1.4000 2.5000 1.8000
-1.4000 2.5000 1.9000
-1.4000 2.5000 2.0000
-1.4000 2.5000 2.1000
-1.4000 2.5000 2.2000
-1.4000 2.5000 2.3000
-1.4000 2.5000 2.4000
-1.4000 2.5000 2.5000
-1.4000 2.5000 2.6000
-1.4000 2.5000 2.7000
-1.4000 2.5000 2.8000
-1.4000 2.5000 2.9000
-1.4000 2.5000 3.0000
-1.4000 2.5000 3.1000
-1.4000 2.5000 3.2000
-1.4000 2.5000 3.3000
-1.4000 2.5000 3.4000
-1.4000 2.5000 3.5000
-1.4000 2.6000 0.0000
-1.4000 2.6000 3.5000
-1.4000 2.7000 0.0000
-1.4000 2.7000 0.1000
-1.4000 2.7000 0.2000
-1.4000 2.7000 0.3000
-1.4000 2.7000 0.4000
-1.4000 2.7000 0.5000
-1.4000 2.7000 0.6000
-1.4000 2.7000 0.7000
-1.4000 2.7000 0.8000
-1.4000 2.7000 0.9000
-1.4000 2.7000 1.0000
-1.4000 2.7000 1.1000
-1.4000 2.7000 1.2000
-1.4000 2.7000 1.3000
-1.4000 2.7000 1.4000
-1.4000 2.7000 1.5000
-1.4000 2.7000 1.6000
-1.4000 2.7000 1.7000
-1.4000 2.7000 1.8000
-1.4000 2.7000 1.9000
-1.4000 2.7000 2.0000
-1.4000 2.7000 2.1000
-1.4000 2.7000 2.2000
-1.4000 2.7000 2.3000
-1.4000 2.7000 2.4000
-1.4000 2.7000 2.5000
-1.4000 2.7000 2.6000
-1.4000 2.7000 2.7000
-1.4000 2.7000 2.8000
-1.4000 2.7000 2.9000
-1.4000 2.7000 3.0000
-1.4000 2.7000 3.1000
-1.4000 2.7000 3.2000
-1.4000 2.7000 3.3000
-1.4000 2.7000 3.4000
-1.4000 2.7000 3.5000
-1.3000 -2.7000 0.0000
-1.3000 -2.7000 0.1000
-1.3000 -2.7000 0.2000
-1.3000 -2.7000 0.3000
-1.3000 -2.7000 0.4000
-1.3000 -2.7000 0.5000
-1.3000 -2.7000 0.6000
-1.3000 -2.7000 0.7000
-1.3000 -2.7000 0.8000
-1.3000 -2.7000 0.9000
-1.3000 -2.7000 1.0000
-1.3000 -2.7000 1.1000
-1.3000 -2.7000 1.2000
-1.3000 -2.7000 1.3000
-1.3000 -2.7000 1.4000
-1.3000 -2.7000 1.5000
-1.3000 -2.7000 1.6000
-1.3000 -2.7000 1.7000
-1.3000 -2.7000 1.8000
-1.3000 -2.7000 1.9000
-1.3000 -2.7000 2.0000
-1.3000 -2.7000 2.1000
-1.3000 -2.7000 2.2000
-1.3000 -2.7000 2.3000
-1.3000 -2.7000 2.4000
-1.3000 -2.7000 2.5000
-1.3000 -2.7000 2.6000
-1.3000 -2.7000 2.7000
-1.3000 -2.7000 2.8000
-1.3000 -2.7000 2.9000
-1.3000 -2.7000 3.0000
-1.3000 -2.7000 3.1000
-1.3000 -2.7000 3.2000
-1.3000 -2.7000 3.3000
-1.3000 -2.7000 3.4000
-1.3000 -2.7000 3.5000
-1.3000 -2.6000 0.0000
-1.3000 -2.6000 3.5000
-1.3000 -2.5000 0.0000
-1.3000 -2.5000 0.1000
-1.3000 -2.5000 0.2000
-1.3000 -2.5000 0.3000
-1.3000 -2.5000 0.4000
-1.3000 -2.5000 0.5000
-1.3000 -2.5000 0.6000
-1.3000 -2.5000 0.7000
-1.3000 -2.5000 0.8000
-1.3000 -2.5000 0.9000
-1.3000 -2.5000 1.0000
-1.3000 -2.5000 1.1000
-1.3000 -2.5000 1.2000
-1.3000 -2.5000 1.3000
-1.3000 -2.5000 1.4000
-1.3000 -2.5000 1.5000
-1.3000 -2.5000 1.6000
-1.3000 -2.5000 1.7000
-1.3000 -2.5000 1.8000
-1.3000 -2.5000 1.9000
-1.3000 -2.5000 2.0000
-1.3000 -2.5000 2.1000
-1.3000 -2.5000 2.2000
-1.3000 -2.5000 2.3000
-1.3000 -2.5000 2.4000
-1.3000 -2.5000 2.5000
-1.3000 -2.5000 2.6000
-1.3000 -2.5000 2.7000
-1.3000 -2.5000 2.8000
-1.3000 -2.5000 2.9000
-1.3000 -2.5000 3.0000
-1.3000 -2.5000 3.1000
-1.3000 -2.5000 3.2000
-1.3000 -2.5000 3.3000
-1.3000 -2.5000 3.4000
-1.3000 -2.5000 3.5000
-1.3000 2.5000 0.0000
-1.3000 2.5000 0.1000
-1.3000 2.5000 0.2000
-1.3000 2.5000 0.3000
-1.3000 2.5000 0.4000
-1.3000 2.5000 0.5000
-1.3000 2.5000 0.6000
-1.3000 2.5000 0.7000
-1.3000 2.5000 0.8000
-1.3000 2.5000 0.9000
-1.3000 2.5000 1.0000
-1.3000 2.5000 1.1000
-1.3000 2.5000 1.2000
-1.3000 2.5000 1.3000
-1.3000 2.5000 1.4000
-1.3000 2.5000 1.5000
-1.3000 2.5000 1.6000
-1.3000 2.5000 1.7000
-1.3000 2.5000 1.8000
-1.3000 2.5000 1.9000
-1.3000 2.5000 2.0000
-1.3000 2.5000 2.1000
-1.3000 2.5000 2.2000
-1.3000 2.5000 2.3000
-1.3000 2.5000 2.4000
-1.3000 2.5000 2.5000
-1.3000 2.5000 2.6000
-1.3000 2.5000 2.7000
-1.3000 2.5000 2.8000
-1.3000 2.5000 2.9000
-1.3000 2.5000 3.0000
-1.3000 2.5000 3.1000
-1.3000 2.5000 3.2000
-1.3000 2.5000 3.3000
-1.3000 2.5000 3.4000
-1.3000 2.5000 3.5000
-1.3000 2.6000 0.0000
-1.3000 2.6000 3.5000
-1.3000 2.7000 0.0000
-1.3000 2.7000 0.1000
-1.3000 2.7000 0.2000
-1.3000 2.7000 0.3000
-1.3000 2.7000 0.4000
-1.3000 2.7000 0.5000
-1.3000 2.7000 0.6000
-1.3000 2.7000 0.7000
-1.3000 2.7000 0.8000
-1.3000 2.7000 0.9000
-1.3000 2.7000 1.0000
-1.3000 2.7000 1.1000
-1.3000 2.7000 1.2000
-1.3000 2.7000 1.3000
-1.3000 2.7000 1.4000
-1.3000 2.7000 1.5000
-1.3000 2.7000 1.6000
-1.3000 2.7000 1.7000
-1.3000 2.7000 1.8000
-1.3000 2.7000 1.9000
-1.3000 2.7000 2.0000
-1.3000 2.7000 2.1000
-1.3000 2.7000 2.2000
-1.3000 2.7000 2.3000
-1.3000 2.7000 2.4000
-1.3000 2.7000 2.5000
-1.3000 2.7000 2.6000
-1.3000 2.7000 2.7000
-1.3000 2.7000 2.8000
-1.3000 2.7000 2.9000
-1.3000 2.7000 3.0000
-1.3000 2.7000 3.1000
-1.3000 2.7000 3.2000
-1.3000 2.7000 3.3000
-1.3000 2.7000 3.4000
-1.3000 2.7000 3.5000
-1.2000 -2.7000 0.0000
-1.2000 -2.7000 0.1000
-1.2000 -2.7000 0.2000
-1.2000 -2.7000 0.3000
-1.2000 -2.7000 0.4000
-1.2000 -2.7000 0.5000
-1.2000 -2.7000 0.6000
-1.2000 -2.7000 0.7000
-1.2000 -2.7000 0.8000
-1.2000 -2.7000 0.9000
-1.2000 -2.7000 1.0000
-1.2000 -2.7000 1.1000
-1.2000 -2.7000 1.2000
-1.2000 -2.7000 1.3000
-1.2000 -2.7000 1.4000
-1.2000 -2.7000 1.5000
-1.2000 -2.7000 1.6000
-1.2000 -2.7000 1.7000
-1.2000 -2.7000 1.8000
-1.2000 -2.7000 1.9000
-1.2000 -2.7000 2.0000
-1.2000 -2.7000 2.1000
-1.2000 -2.7000 2.2000
-1.2000 -2.7000 2.3000
-1.2000 -2.7000 2.4000
-1.2000 -2.7000 2.5000
-1.2000 -2.7000 2.6000
-1.2000 -2.7000 2.7000
-1.2000 -2.7000 2.8000
-1.2000 -2.7000 2.9000
-1.2000 -2.7000 3.0000
-1.2000 -2.7000 3.1000
-1.2000 -2.7000 3.2000
-1.2000 -2.7000 3.3000
-1.2000 -2.7000 3.4000
-1.2000 -2.7000 3.5000
-1.2000 -2.6000 0.0000
-1.2000 -2.6000 3.5000
-1.2000 -2.5000 0.0000
-1.2000 -2.5000 0.1000
-1.2000 -2.5000 0.2000
-1.2000 -2.5000 0.3000
-1.2000 -2.5000 0.4000
-1.2000 -2.5000 0.5000
-1.2000 -2.5000 0.6000
-1.2000 -2.5000 0.7000
-1.2000 -2.5000 0.8000
-1.2000 -2.5000 0.9000
-1.2000 -2.5000 1.0000
-1.2000 -2.5000 1.1000
-1.2000 -2.5000 1.2000
-1.2000 -2.5000 1.3000
-1.2000 -2.5000 1.4000
-1.2000 -2.5000 1.5000
-1.2000 -2.5000 1.6000
-1.2000 -2.5000 1.7000
-1.2000 -2.5000 1.8000
-1.2000 -2.5000 1.9000
-1.2000 -2.5000 2.0000
-1.2000 -2.5000 2.1000
-1.2000 -2.5000 2.2000
-1.2000 -2.5000 2.3000
-1.2000 -2.5000 2.4000
-1.2000 -2.5000 2.5000
-1.2000 -2.5000 2.6000
-1.2000 -2.5000 2.7000
-1.2000 -2.5000 2.8000
-1.2000 -2.5000 2.9000
-1.2000 -2.5000 3.0000
-1.2000 -2.5000 3.1000
-1.2000 -2.5000 3.2000
-1.2000 -2.5000 3.3000
-1.2000 -2.5000 3.4000
-1.2000 -2.5000 3.5000
-1.2000 2.5000 0.0000
-1.2000 2.5000 0.1000
-1.2000 2.5000 0.2000
-1.2000 2.5000 0.3000
-1.2000 2.5000 0.4000
-1.2000 2.5000 0.5000
-1.2000 2.5000 0.6000
-1.2000 2.5000 0.7000
-1.2000 2.5000 0.8000
-1.2000 2.5000 0.9000
-1.2000 2.5000 1.0000
-1.2000 2.5000 1.1000
-1.2000 2.5000 1.2000
-1.2000 2.5000 1.3000
-1.2000 2.5000 1.4000
-1.2000 2.5000 1.5000
-1.2000 2.5000 1.6000
-1.2000 2.5000 1.7000
-1.2000 2.5000 1.8000
-1.2000 2.5000 1.9000
-1.2000 2.5000 2.0000
-1.2000 2.5000 2.1000
-1.2000 2.5000 2.2000
-1.2000 2.5000 2.3000
-1.2000 2.5000 2.4000
-1.2000 2.5000 2.5000
-1.2000 2.5000 2.6000
-1.2000 2.5000 2.7000
-1.2000 2.5000 2.8000
-1.2000 2.5000 2.9000
-1.2000 2.5000 3.0000
-1.2000 2.5000 3.1000
-1.2000 2.5000 3.2000
-1.2000 2.5000 3.3000
-1.2000 2.5000 3.4000
-1.2000 2.5000 3.5000
-1.2000 2.6000 0.0000
-1.2000 2.6000 3.5000
-1.2000 2.7000 0.0000
-1.2000 2.7000 0.1000
-1.2000 2.7000 0.2000
-1.2000 2.7000 0.3000
-1.2000 2.7000 0.4000
-1.2000 2.7000 0.5000
-1.2000 2.7000 0.6000
-1.2000 2.7000 0.7000
-1.2000 2.7000 0.8000
-1.2000 2.7000 0.9000
-1.2000 2.7000 1.0000
-1.2000 2.7000 1.1000
-1.2000 2.7000 1.2000
-1.2000 2.7000 1.3000
-1.2000 2.7000 1.4000
-1.2000 2.7000 1.5000
-1.2000 2.7000 1.6000
-1.2000 2.7000 1.7000
-1.2000 2.7000 1.8000
-1.2000 2.7000 1.9000
-1.2000 2.7000 2.0000
-1.2000 2.7000 2.1000
-1.2000 2.7000 2.2000
-1.2000 2.7000 2.3000
-1.2000 2.7000 2.4000
-1.2000 2.7000 2.5000
-1.2000 2.7000 2.6000
-1.2000 2.7000 2.7000
-1.2000 2.7000 2.8000
-1.2000 2.7000 2.9000
-1.2000 2.7000 3.0000
-1.2000 2.7000 3.1000
-1.2000 2.7000 3.2000
-1.2000 2.7000 3.3000
-1.2000 2.7000 3.4000
-1.2000 2.7000 3.5000
-1.1000 -2.7000 0.0000
-1.1000 -2.7000 0.1000
-1.1000 -2.7000 0.2000
-1.1000 -2.7000 0.3000
-1.1000 -2.7000 0.4000
-1.1000 -2.7000 0.5000
-1.1000 -2.7000 0.6000
-1.1000 -2.7000 0.7000
-1.1000 -2.7000 0.8000
-1.1000 -2.7000 0.9000
-1.1000 -2.7000 1.0000
-1.1000 -2.7000 1.1000
-1.1000 -2.7000 1.2000
-1.1000 -2.7000 1.3000
-1.1000 -2.7000 1.4000
-1.1000 -2.7000 1.5000
-1.1000 -2.7000 1.6000
-1.1000 -2.7000 1.7000
-1.1000 -2.7000 1.8000
-1.1000 -2.7000 1.9000
-1.1000 -2.7000 2.0000
-1.1000 -2.7000 2.1000
-1.1000 -2.7000 2.2000
-1.1000 -2.7000 2.3000
-1.1000 -2.7000 2.4000
-1.1000 -2.7000 2.5000
-1.1000 -2.7000 2.6000
-1.1000 -2.7000 2.7000
-1.1000 -2.7000 2.8000
-1.1000 -2.7000 2.9000
-1.1000 -2.7000 3.0000
-1.1000 -2.7000 3.1000
-1.1000 -2.7000 3.2000
-1.1000 -2.7000 3.3000
-1.1000 -2.7000 3.4000
-1.1000 -2.7000 3.5000
-1.1000 -2.6000 0.0000
-1.1000 -2.6000 3.5000
-1.1000 -2.5000 0.0000
-1.1000 -2.5000 0.1000
-1.1000 -2.5000 0.2000
-1.1000 -2.5000 0.3000
-1.1000 -2.5000 0.4000
-1.1000 -2.5000 0.5000
-1.1000 -2.5000 0.6000
-1.1000 -2.5000 0.7000
-1.1000 -2.5000 0.8000
-1.1000 -2.5000 0.9000
-1.1000 -2.5000 1.0000
-1.1000 -2.5000 1.1000
-1.1000 -2.5000 1.2000
-1.1000 -2.5000 1.3000
-1.1000 -2.5000 1.4000
-1.1000 -2.5000 1.5000
-1.1000 -2.5000 1.6000
-1.1000 -2.5000 1.7000
-1.1000 -2.5000 1.8000
-1.1000 -2.5000 1.9000
-1.1000 -2.5000 2.0000
-1.1000 -2.5000 2.1000
-1.1000 -2.5000 2.2000
-1.1000 -2.5000 2.3000
-1.1000 -2.5000 2.4000
-1.1000 -2.5000 2.5000
-1.1000 -2.5000 2.6000
-1.1000 -2.5000 2.7000
-1.1000 -2.5000 2.8000
-1.1000 -2.5000 2.9000
-1.1000 -2.5000 3.0000
-1.1000 -2.5000 3.1000
-1.1000 -2.5000 3.2000
-1.1000 -2.5000 3.3000
-1.1000 -2.5000 3.4000
-1.1000 -2.5000 3.5000
-1.1000 2.5000 0.0000
-1.1000 2.5000 0.1000
-1.1000 2.5000 0.2000
-1.1000 2.5000 0.3000
-1.1000 2.5000 0.4000
-1.1000 2.5000 0.5000
-1.1000 2.5000 0.6000
-1.1000 2.5000 0.7000
-1.1000 2.5000 0.8000
-1.1000 2.5000 0.9000
-1.1000 2.5000 1.0000
-1.1000 2.5000 1.1000
-1.1000 2.5000 1.2000
-1.1000 2.5000 1.3000
-1.1000 2.5000 1.4000
-1.1000 2.5000 1.5000
-1.1000 2.5000 1.6000
-1.1000 2.5000 1.7000
-1.1000 2.5000 1.8000
-1.1000 2.5000 1.9000
-1.1000 2.5000 2.0000
-1.1000 2.5000 2.1000
-1.1000 2.5000 2.2000
-1.1000 2.5000 2.3000
-1.1000 2.5000 2.4000
-1.1000 2.5000 2.5000
-1.1000 2.5000 2.6000
-1.1000 2.5000 2.7000
-1.1000 2.5000 2.8000
-1.1000 2.5000 2.9000
-1.1000 2.5000 3.0000
-1.1000 2.5000 3.1000
-1.1000 2.5000 3.2000
-1.1000 2.5000 3.3000
-1.1000 2.5000 3.4000
-1.1000 2.5000 3.5000
-1.1000 2.6000 0.0000
-1.1000 2.6000 3.5000
-1.1000 2.7000 0.0000
-1.1000 2.7000 0.1000
-1.1000 2.7000 0.2000
-1.1000 2.7000 0.3000
-1.1000 2.7000 0.4000
-1.1000 2.7000 0.5000
-1.1000 2.7000 0.6000
-1.1000 2.7000 0.7000
-1.1000 2.7000 0.8000
-1.1000 2.7000 0.9000
-1.1000 2.7000 1.0000
-1.1000 2.7000 1.1000
-1.1000 2.7000 1.2000
-1.1000 2.7000 1.3000
-1.1000 2.7000 1.4000
-1.1000 2.7000 1.5000
-1.1000 2.7000 1.6000
-1.1000 2.7000 1.7000
-1.1000 2.7000 1.8000
-1.1000 2.7000 1.9000
-1.1000 2.7000 2.0000
-1.1000 2.7000 2.1000
-1.1000 2.7000 2.2000
-1.1000 2.7000 2.3000
-1.1000 2.7000 2.4000
-1.1000 2.7000 2.5000
-1.1000 2.7000 2.6000
-1.1000 2.7000 2.7000
-1.1000 2.7000 2.8000
-1.1000 2.7000 2.9000
-1.1000 2.7000 3.0000
-1.1000 2.7000 3.1000
-1.1000 2.7000 3.2000
-1.1000 2.7000 3.3000
-1.1000 2.7000 3.4000
-1.1000 2.7000 3.5000
-1.0000 -2.7000 0.0000
-1.0000 -2.7000 0.1000
-1.0000 -2.7000 0.2000
-1.0000 -2.7000 0.3000
-1.0000 -2.7000 0.4000
-1.0000 -2.7000 0.5000
-1.0000 -2.7000 0.6000
-1.0000 -2.7000 0.7000
-1.0000 -2.7000 0.8000
-1.0000 -2.7000 0.9000
-1.0000 -2.7000 1.0000
-1.0000 -2.7000 1.1000
-1.0000 -2.7000 1.2000
-1.0000 -2.7000 1.3000
-1.0000 -2.7000 1.4000
-1.0000 -2.7000 1.5000
-1.0000 -2.7000 1.6000
-1.0000 -2.7000 1.7000
-1.0000 -2.7000 1.8000
-1.0000 -2.7000 1.9000
-1.0000 -2.7000 2.0000
-1.0000 -2.7000 2.1000
-1.0000 -2.7000 2.2000
-1.0000 -2.7000 2.3000
-1.0000 -2.7000 2.4000
-1.0000 -2.7000 2.5000
-1.0000 -2.7000 2.6000
-1.0000 -2.7000 2.7000
-1.0000 -2.7000 2.8000
-1.0000 -2.7000 2.9000
-1.0000 -2.7000 3.0000
-1.0000 -2.7000 3.1000
-1.0000 -2.7000 3.2000
-1.0000 -2.7000 3.3000
-1.0000 -2.7000 3.4000
-1.0000 -2.7000 3.5000
-1.0000 -2.6000 0.0000
-1.0000 -2.6000 3.5000
-1.0000 -2.5000 0.0000
-1.0000 -2.5000 0.1000
-1.0000 -2.5000 0.2000
-1.0000 -2.5000 0.3000
-1.0000 -2.5000 0.4000
-1.0000 -2.5000 0.5000
-1.0000 -2.5000 0.6000
-1.0000 -2.5000 0.7000
-1.0000 -2.5000 0.8000
-1.0000 -2.5000 0.9000
-1.0000 -2.5000 1.0000
-1.0000 -2.5000 1.1000
-1.0000 -2.5000 1.2000
-1.0000 -2.5000 1.3000
-1.0000 -2.5000 1.4000
-1.0000 -2.5000 1.5000
-1.0000 -2.5000 1.6000
-1.0000 -2.5000 1.7000
-1.0000 -2.5000 1.8000
-1.0000 -2.5000 1.9000
-1.0000 -2.5000 2.0000
-1.0000 -2.5000 2.1000
-1.0000 -2.5000 2.2000
-1.0000 -2.5000 2.3000
-1.0000 -2.5000 2.4000
-1.0000 -2.5000 2.5000
-1.0000 -2.5000 2.6000
-1.0000 -2.5000 2.7000
-1.0000 -2.5000 2.8000
-1.0000 -2.5000 2.9000
-1.0000 -2.5000 3.0000
-1.0000 -2.5000 3.1000
-1.0000 -2.5000 3.2000
-1.0000 -2.5000 3.3000
-1.0000 -2.5000 3.4000
-1.0000 -2.5000 3.5000
-1.0000 2.5000 0.0000
-1.0000 2.5000 0.1000
-1.0000 2.5000 0.2000
-1.0000 2.5000 0.3000
-1.0000 2.5000 0.4000
-1.0000 2.5000 0.5000
-1.0000 2.5000 0.6000
-1.0000 2.5000 0.7000
-1.0000 2.5000 0.8000
-1.0000 2.5000 0.9000
-1.0000 2.5000 1.0000
-1.0000 2.5000 1.1000
-1.0000 2.5000 1.2000
-1.0000 2.5000 1.3000
-1.0000 2.5000 1.4000
-1.0000 2.5000 1.5000
-1.0000 2.5000 1.6000
-1.0000 2.5000 1.7000
-1.0000 2.5000 1.8000
-1.0000 2.5000 1.9000
-1.0000 2.5000 2.0000
-1.0000 2.5000 2.1000
-1.0000 2.5000 2.2000
-1.0000 2.5000 2.3000
-1.0000 2.5000 2.4000
-1.0000 2.5000 2.5000
-1.0000 2.5000 2.6000
-1.0000 2.5000 2.7000
-1.0000 2.5000 2.8000
-1.0000 2.5000 2.9000
-1.0000 2.5000 3.0000
-1.0000 2.5000 3.1000
-1.0000 2.5000 3.2000
-1.0000 2.5000 3.3000
-1.0000 2.5000 3.4000
-1.0000 2.5000 3.5000
-1.0000 2.6000 0.0000
-1.0000 2.6000 3.5000
-1.0000 2.7000 0.0000
-1.0000 2.7000 0.1000
-1.0000 2.7000 0.2000
-1.0000 2.7000 0.3000
-1.0000 2.7000 0.4000
-1.0000 2.7000 0.5000
-1.0000 2.7000 0.6000
-1.0000 2.7000 0.7000
-1.0000 2.7000 0.8000
-1.0000 2.7000 0.9000
-1.0000 2.7000 1.0000
-1.0000 2.7000 1.1000
-1.0000 2.7000 1.2000
-1.0000 2.7000 1.3000
-1.0000 2.7000 1.4000
-1.0000 2.7000 1.5000
-1.0000 2.7000 1.6000
-1.0000 2.7000 1.7000
-1.0000 2.7000 1.8000
-1.0000 2.7000 1.9000
-1.0000 2.7000 2.0000
-1.0000 2.7000 2.1000
-1.0000 2.7000 2.2000
-1.0000 2.7000 2.3000
-1.0000 2.7000 2.4000
-1.0000 2.7000 2.5000
-1.0000 2.7000 2.6000
-1.0000 2.7000 2.7000
-1.0000 2.7000 2.8000
-1.0000 2.7000 2.9000
-1.0000 2.7000 3.0000
-1.0000 2.7000 3.1000
-1.0000 2.7000 3.2000
-1.0000 2.7000 3.3000
-1.0000 2.7000 3.4000
-1.0000 2.7000 3.5000
-0.9000 -2.7000 0.0000
-0.9000 -2.7000 0.1000
-0.9000 -2.7000 0.2000
-0.9000 -2.7000 0.3000
-0.9000 -2.7000 0.4000
-0.9000 -2.7000 0.5000
-0.9000 -2.7000 0.6000
-0.9000 -2.7000 0.7000
-0.9000 -2.7000 0.8000
-0.9000 -2.7000 0.9000
-0.9000 -2.7000 1.0000
-0.9000 -2.7000 1.1000
-0.9000 -2.7000 1.2000
-0.9000 -2.7000 1.3000
-0.9000 -2.7000 1.4000
-0.9000 -2.7000 1.5000
-0.9000 -2.7000 1.6000
-0.9000 -2.7000 1.7000
-0.9000 -2.7000 1.8000
-0.9000 -2.7000 1.9000
-0.9000 -2.7000 2.0000
-0.9000 -2.7000 2.1000
-0.9000 -2.7000 2.2000
-0.9000 -2.7000 2.3000
-0.9000 -2.7000 2.4000
-0.9000 -2.7000 2.5000
-0.9000 -2.7000 2.6000
-0.9000 -2.7000 2.7000
-0.9000 -2.7000 2.8000
-0.9000 -2.7000 2.9000
-0.9000 -2.7000 3.0000
-0.9000 -2.7000 3.1000
-0.9000 -2.7000 3.2000
-0.9000 -2.7000 3.3000
-0.9000 -2.7000 3.4000
-0.9000 -2.7000 3.5000
-0.9000 -2.6000 0.0000
-0.9000 -2.6000 3.5000
-0.9000 -2.5000 0.0000
-0.9000 -2.5000 0.1000
-0.9000 -2.5000 0.2000
-0.9000 -2.5000 0.3000
-0.9000 -2.5000 0.4000
-0.9000 -2.5000 0.5000
-0.9000 -2.5000 0.6000
-0.9000 -2.5000 0.7000
-0.9000 -2.5000 0.8000
-0.9000 -2.5000 0.9000
-0.9000 -2.5000 1.0000
-0.9000 -2.5000 1.1000
-0.9000 -2.5000 1.2000
-0.9000 -2.5000 1.3000
-0.9000 -2.5000 1.4000
-0.9000 -2.5000 1.5000
-0.9000 -2.5000 1.6000
-0.9000 -2.5000 1.7000
-0.9000 -2.5000 1.8000
-0.9000 -2.5000 1.9000
-0.9000 -2.5000 2.0000
-0.9000 -2.5000 2.1000
-0.9000 -2.5000 2.2000
-0.9000 -2.5000 2.3000
-0.9000 -2.5000 2.4000
-0.9000 -2.5000 2.5000
-0.9000 -2.5000 2.6000
-0.9000 -2.5000 2.7000
-0.9000 -2.5000 2.8000
-0.9000 -2.5000 2.9000
-0.9000 -2.5000 3.0000
-0.9000 -2.5000 3.1000
-0.9000 -2.5000 3.2000
-0.9000 -2.5000 3.3000
-0.9000 -2.5000 3.4000
-0.9000 -2.5000 3.5000
-0.9000 2.5000 0.0000
-0.9000 2.5000 0.1000
-0.9000 2.5000 0.2000
-0.9000 2.5000 0.3000
-0.9000 2.5000 0.4000
-0.9000 2.5000 0.5000
-0.9000 2.5000 0.6000
-0.9000 2.5000 0.7000
-0.9000 2.5000 0.8000
-0.9000 2.5000 0.9000
-0.9000 2.5000 1.0000
-0.9000 2.5000 1.1000
-0.9000 2.5000 1.2000
-0.9000 2.5000 1.3000
-0.9000 2.5000 1.4000
-0.9000 2.5000 1.5000
-0.9000 2.5000 1.6000
-0.9000 2.5000 1.7000
-0.9000 2.5000 1.8000
-0.9000 2.5000 1.9000
-0.9000 2.5000 2.0000
-0.9000 2.5000 2.1000
-0.9000 2.5000 2.2000
-0.9000 2.5000 2.3000
-0.9000 2.5000 2.4000
-0.9000 2.5000 2.5000
-0.9000 2.5000 2.6000
-0.9000 2.5000 2.7000
-0.9000 2.5000 2.8000
-0.9000 2.5000 2.9000
-0.9000 2.5000 3.0000
-0.9000 2.5000 3.1000
-0.9000 2.5000 3.2000
-0.9000 2.5000 3.3000
-0.9000 2.5000 3.4000
-0.9000 2.5000 3.5000
-0.9000 2.6000 0.0000
-0.9000 2.6000 3.5000
-0.9000 2.7000 0.0000
-0.9000 2.7000 0.1000
-0.9000 2.7000 0.2000
-0.9000 2.7000 0.3000
-0.9000 2.7000 0.4000
-0.9000 2.7000 0.5000
-0.9000 2.7000 0.6000
-0.9000 2.7000 0.7000
-0.9000 2.7000 0.8000
-0.9000 2.7000 0.9000
-0.9000 2.7000 1.0000
-0.9000 2.7000 1.1000
-0.9000 2.7000 1.2000
-0.9000 2.7000 1.3000
-0.9000 2.7000 1.4000
-0.9000 2.7000 1.5000
-0.9000 2.7000 1.6000
-0.9000 2.7000 1.7000
-0.9000 2.7000 1.8000
-0.9000 2.7000 1.9000
-0.9000 2.7000 2.0000
-0.9000 2.7000 2.1000
-0.9000 2.7000 2.2000
-0.9000 2.7000 2.3000
-0.9000 2.7000 2.4000
-0.9000 2.7000 2.5000
-0.9000 2.7000 2.6000
-0.9000 2.7000 2.7000
-0.9000 2.7000 2.8000
-0.9000 2.7000 2.9000
-0.9000 2.7000 3.0000
-0.9000 2.7000 3.1000
-0.9000 2.7000 3.2000
-0.9000 2.7000 3.3000
-0.9000 2.7000 3.4000
-0.9000 2.7000 3.5000
-0.8000 -2.7000 0.0000
-0.8000 -2.7000 0.1000
-0.8000 -2.7000 0.2000
-0.8000 -2.7000 0.3000
-0.8000 -2.7000 0.4000
-0.8000 -2.7000 0.5000
-0.8000 -2.7000 0.6000
-0.8000 -2.7000 0.7000
-0.8000 -2.7000 0.8000
-0.8000 -2.7000 0.9000
-0.8000 -2.7000 1.0000
-0.8000 -2.7000 1.1000
-0.8000 -2.7000 1.2000
-0.8000 -2.7000 1.3000
-0.8000 -2.7000 1.4000
-0.8000 -2.7000 1.5000
-0.8000 -2.7000 1.6000
-0.8000 -2.7000 1.7000
-0.8000 -2.7000 1.8000
-0.8000 -2.7000 1.9000
-0.8000 -2.7000 2.0000
-0.8000 -2.7000 2.1000
-0.8000 -2.7000 2.2000
-0.8000 -2.7000 2.3000
-0.8000 -2.7000 2.4000
-0.8000 -2.7000 2.5000
-0.8000 -2.7000 2.6000
-0.8000 -2.7000 2.7000
-0.8000 -2.7000 2.8000
-0.8000 -2.7000 2.9000
-0.8000 -2.7000 3.0000
-0.8000 -2.7000 3.1000
-0.8000 -2.7000 3.2000
-0.8000 -2.7000 3.3000
-0.8000 -2.7000 3.4000
-0.8000 -2.7000 3.5000
-0.8000 -2.6000 0.0000
-0.8000 -2.6000 3.5000
-0.8000 -2.5000 0.0000
-0.8000 -2.5000 0.1000
-0.8000 -2.5000 0.2000
-0.8000 -2.5000 0.3000
-0.8000 -2.5000 0.4000
-0.8000 -2.5000 0.5000
-0.8000 -2.5000 0.6000
-0.8000 -2.5000 0.7000
-0.8000 -2.5000 0.8000
-0.8000 -2.5000 0.9000
-0.8000 -2.5000 1.0000
-0.8000 -2.5000 1.1000
-0.8000 -2.5000 1.2000
-0.8000 -2.5000 1.3000
-0.8000 -2.5000 1.4000
-0.8000 -2.5000 1.5000
-0.8000 -2.5000 1.6000
-0.8000 -2.5000 1.7000
-0.8000 -2.5000 1.8000
-0.8000 -2.5000 1.9000
-0.8000 -2.5000 2.0000
-0.8000 -2.5000 2.1000
-0.8000 -2.5000 2.2000
-0.8000 -2.5000 2.3000
-0.8000 -2.5000 2.4000
-0.8000 -2.5000 2.5000
-0.8000 -2.5000 2.6000
-0.8000 -2.5000 2.7000
-0.8000 -2.5000 2.8000
-0.8000 -2.5000 2.9000
-0.8000 -2.5000 3.0000
-0.8000 -2.5000 3.1000
-0.8000 -2.5000 3.2000
-0.8000 -2.5000 3.3000
-0.8000 -2.5000 3.4000
-0.8000 -2.5000 3.5000
-0.8000 2.5000 0.0000
-0.8000 2.5000 0.1000
-0.8000 2.5000 0.2000
-0.8000 2.5000 0.3000
-0.8000 2.5000 0.4000
-0.8000 2.5000 0.5000
-0.8000 2.5000 0.6000
-0.8000 2.5000 0.7000
-0.8000 2.5000 0.8000
-0.8000 2.5000 0.9000
-0.8000 2.5000 1.0000
-0.8000 2.5000 1.1000
-0.8000 2.5000 1.2000
-0.8000 2.5000 1.3000
-0.8000 2.5000 1.4000
-0.8000 2.5000 1.5000
-0.8000 2.5000 1.6000
-0.8000 2.5000 1.7000
-0.8000 2.5000 1.8000
-0.8000 2.5000 1.9000
-0.8000 2.5000 2.0000
-0.8000 2.5000 2.1000
-0.8000 2.5000 2.2000
-0.8000 2.5000 2.3000
-0.8000 2.5000 2.4000
-0.8000 2.5000 2.5000
-0.8000 2.5000 2.6000
-0.8000 2.5000 2.7000
-0.8000 2.5000 2.8000
-0.8000 2.5000 2.9000
-0.8000 2.5000 3.0000
-0.8000 2.5000 3.1000
-0.8000 2.5000 3.2000
-0.8000 2.5000 3.3000
-0.8000 2.5000 3.4000
-0.8000 2.5000 3.5000
-0.8000 2.6000 0.0000
-0.8000 2.6000 3.5000
-0.8000 2.7000 0.0000
-0.8000 2.7000 0.1000
-0.8000 2.7000 0.2000
-0.8000 2.7000 0.3000
-0.8000 2.7000 0.4000
-0.8000 2.7000 0.5000
-0.8000 2.7000 0.6000
-0.8000 2.7000 0.7000
-0.8000 2.7000 0.8000
-0.8000 2.7000 0.9000
-0.8000 2.7000 1.0000
-0.8000 2.7000 1.1000
-0.8000 2.7000 1.2000
-0.8000 2.7000 1.3000
-0.8000 2.7000 1.4000
-0.8000 2.7000 1.5000
-0.8000 2.7000 1.6000
-0.8000 2.7000 1.7000
-0.8000 2.7000 1.8000
-0.8000 2.7000 1.9000
-0.8000 2.7000 2.0000
-0.8000 2.7000 2.1000
-0.8000 2.7000 2.2000
-0.8000 2.7000 2.3000
-0.8000 2.7000 2.4000
-0.8000 2.7000 2.5000
-0.8000 2.7000 2.6000
-0.8000 2.7000 2.7000
-0.8000 2.7000 2.8000
-0.8000 2.7000 2.9000
-0.8000 2.7000 3.0000
-0.8000 2.7000 3.1000
-0.8000 2.7000 3.2000
-0.8000 2.7000 3.3000
-0.8000 2.7000 3.4000
-0.8000 2.7000 3.5000
-0.7000 -2.7000 0.0000
-0.7000 -2.7000 0.1000
-0.7000 -2.7000 0.2000
-0.7000 -2.7000 0.3000
-0.7000 -2.7000 0.4000
-0.7000 -2.7000 0.5000
-0.7000 -2.7000 0.6000
-0.7000 -2.7000 0.7000
-0.7000 -2.7000 0.8000
-0.7000 -2.7000 0.9000
-0.7000 -2.7000 1.0000
-0.7000 -2.7000 1.1000
-0.7000 -2.7000 1.2000
-0.7000 -2.7000 1.3000
-0.7000 -2.7000 1.4000
-0.7000 -2.7000 1.5000
-0.7000 -2.7000 1.6000
-0.7000 -2.7000 1.7000
-0.7000 -2.7000 1.8000
-0.7000 -2.7000 1.9000
-0.7000 -2.7000 2.0000
-0.7000 -2.7000 2.1000
-0.7000 -2.7000 2.2000
-0.7000 -2.7000 2.3000
-0.7000 -2.7000 2.4000
-0.7000 -2.7000 2.5000
-0.7000 -2.7000 2.6000
-0.7000 -2.7000 2.7000
-0.7000 -2.7000 2.8000
-0.7000 -2.7000 2.9000
-0.7000 -2.7000 3.0000
-0.7000 -2.7000 3.1000
-0.7000 -2.7000 3.2000
-0.7000 -2.7000 3.3000
-0.7000 -2.7000 3.4000
-0.7000 -2.7000 3.5000
-0.7000 -2.6000 0.0000
-0.7000 -2.6000 3.5000
-0.7000 -2.5000 0.0000
-0.7000 -2.5000 0.1000
-0.7000 -2.5000 0.2000
-0.7000 -2.5000 0.3000
-0.7000 -2.5000 0.4000
-0.7000 -2.5000 0.5000
-0.7000 -2.5000 0.6000
-0.7000 -2.5000 0.7000
-0.7000 -2.5000 0.8000
-0.7000 -2.5000 0.9000
-0.7000 -2.5000 1.0000
-0.7000 -2.5000 1.1000
-0.7000 -2.5000 1.2000
-0.7000 -2.5000 1.3000
-0.7000 -2.5000 1.4000
-0.7000 -2.5000 1.5000
-0.7000 -2.5000 1.6000
-0.7000 -2.5000 1.7000
-0.7000 -2.5000 1.8000
-0.7000 -2.5000 1.9000
-0.7000 -2.5000 2.0000
-0.7000 -2.5000 2.1000
-0.7000 -2.5000 2.2000
-0.7000 -2.5000 2.3000
-0.7000 -2.5000 2.4000
-0.7000 -2.5000 2.5000
-0.7000 -2.5000 2.6000
-0.7000 -2.5000 2.7000
-0.7000 -2.5000 2.8000
-0.7000 -2.5000 2.9000
-0.7000 -2.5000 3.0000
-0.7000 -2.5000 3.1000
-0.7000 -2.5000 3.2000
-0.7000 -2.5000 3.3000
-0.7000 -2.5000 3.4000
-0.7000 -2.5000 3.5000
-0.7000 2.5000 0.0000
-0.7000 2.5000 0.1000
-0.7000 2.5000 0.2000
-0.7000 2.5000 0.3000
-0.7000 2.5000 0.4000
-0.7000 2.5000 0.5000
-0.7000 2.5000 0.6000
-0.7000 2.5000 0.7000
-0.7000 2.5000 0.8000
-0.7000 2.5000 0.9000
-0.7000 2.5000 1.0000
-0.7000 2.5000 1.1000
-0.7000 2.5000 1.2000
-0.7000 2.5000 1.3000
-0.7000 2.5000 1.4000
-0.7000 2.5000 1.5000
-0.7000 2.5000 1.6000
-0.7000 2.5000 1.7000
-0.7000 2.5000 1.8000
-0.7000 2.5000 1.9000
-0.7000 2.5000 2.0000
-0.7000 2.5000 2.1000
-0.7000 2.5000 2.2000
-0.7000 2.5000 2.3000
-0.7000 2.5000 2.4000
-0.7000 2.5000 2.5000
-0.7000 2.5000 2.6000
-0.7000 2.5000 2.7000
-0.7000 2.5000 2.8000
-0.7000 2.5000 2.9000
-0.7000 2.5000 3.0000
-0.7000 2.5000 3.1000
-0.7000 2.5000 3.2000
-0.7000 2.5000 3.3000
-0.7000 2.5000 3.4000
-0.7000 2.5000 3.5000
-0.7000 2.6000 0.0000
-0.7000 2.6000 3.5000
-0.7000 2.7000 0.0000
-0.7000 2.7000 0.1000
-0.7000 2.7000 0.2000
-0.7000 2.7000 0.3000
-0.7000 2.7000 0.4000
-0.7000 2.7000 0.5000
-0.7000 2.7000 0.6000
-0.7000 2.7000 0.7000
-0.7000 2.7000 0.8000
-0.7000 2.7000 0.9000
-0.7000 2.7000 1.0000
-0.7000 2.7000 1.1000
-0.7000 2.7000 1.2000
-0.7000 2.7000 1.3000
-0.7000 2.7000 1.4000
-0.7000 2.7000 1.5000
-0.7000 2.7000 1.6000
-0.7000 2.7000 1.7000
-0.7000 2.7000 1.8000
-0.7000 2.7000 1.9000
-0.7000 2.7000 2.0000
-0.7000 2.7000 2.1000
-0.7000 2.7000 2.2000
-0.7000 2.7000 2.3000
-0.7000 2.7000 2.4000
-0.7000 2.7000 2.5000
-0.7000 2.7000 2.6000
-0.7000 2.7000 2.7000
-0.7000 2.7000 2.8000
-0.7000 2.7000 2.9000
-0.7000 2.7000 3.0000
-0.7000 2.7000 3.1000
-0.7000 2.7000 3.2000
-0.7000 2.7000 3.3000
-0.7000 2.7000 3.4000
-0.7000 2.7000 3.5000
-0.6000 -2.7000 0.0000
-0.6000 -2.7000 0.1000
-0.6000 -2.7000 0.2000
-0.6000 -2.7000 0.3000
-0.6000 -2.7000 0.4000
-0.6000 -2.7000 0.5000
-0.6000 -2.7000 0.6000
-0.6000 -2.7000 0.7000
-0.6000 -2.7000 0.8000
-0.6000 -2.7000 0.9000
-0.6000 -2.7000 1.0000
-0.6000 -2.7000 1.1000
-0.6000 -2.7000 1.2000
-0.6000 -2.7000 1.3000
-0.6000 -2.7000 1.4000
-0.6000 -2.7000 1.5000
-0.6000 -2.7000 1.6000
-0.6000 -2.7000 1.7000
-0.6000 -2.7000 1.8000
-0.6000 -2.7000 1.9000
-0.6000 -2.7000 2.0000
-0.6000 -2.7000 2.1000
-0.6000 -2.7000 2.2000
-0.6000 -2.7000 2.3000
-0.6000 -2.7000 2.4000
-0.6000 -2.7000 2.5000
-0.6000 -2.7000 2.6000
-0.6000 -2.7000 2.7000
-0.6000 -2.7000 2.8000
-0.6000 -2.7000 2.9000
-0.6000 -2.7000 3.0000
-0.6000 -2.7000 3.1000
-0.6000 -2.7000 3.2000
-0.6000 -2.7000 3.3000
-0.6000 -2.7000 3.4000
-0.6000 -2.7000 3.5000
-0.6000 -2.6000 0.0000
-0.6000 -2.6000 3.5000
-0.6000 -2.5000 0.0000
-0.6000 -2.5000 0.1000
-0.6000 -2.5000 0.2000
-0.6000 -2.5000 0.3000
-0.6000 -2.5000 0.4000
-0.6000 -2.5000 0.5000
-0.6000 -2.5000 0.6000
-0.6000 -2.5000 0.7000
-0.6000 -2.5000 0.8000
-0.6000 -2.5000 0.9000
-0.6000 -2.5000 1.0000
-0.6000 -2.5000 1.1000
-0.6000 -2.5000 1.2000
-0.6000 -2.5000 1.3000
-0.6000 -2.5000 1.4000
-0.6000 -2.5000 1.5000
-0.6000 -2.5000 1.6000
-0.6000 -2.5000 1.7000
-0.6000 -2.5000 1.8000
-0.6000 -2.5000 1.9000
-0.6000 -2.5000 2.0000
-0.6000 -2.5000 2.1000
-0.6000 -2.5000 2.2000
-0.6000 -2.5000 2.3000
-0.6000 -2.5000 2.4000
-0.6000 -2.5000 2.5000
-0.6000 -2.5000 2.6000
-0.6000 -2.5000 2.7000
-0.6000 -2.5000 2.8000
-0.6000 -2.5000 2.9000
-0.6000 -2.5000 3.0000
-0.6000 -2.5000 3.1000
-0.6000 -2.5000 3.2000
-0.6000 -2.5000 3.3000
-0.6000 -2.5000 3.4000
-0.6000 -2.5000 3.5000
-0.6000 2.5000 0.0000
-0.6000 2.5000 0.1000
-0.6000 2.5000 0.2000
-0.6000 2.5000 0.3000
-0.6000 2.5000 0.4000
-0.6000 2.5000 0.5000
-0.6000 2.5000 0.6000
-0.6000 2.5000 0.7000
-0.6000 2.5000 0.8000
-0.6000 2.5000 0.9000
-0.6000 2.5000 1.0000
-0.6000 2.5000 1.1000
-0.6000 2.5000 1.2000
-0.6000 2.5000 1.3000
-0.6000 2.5000 1.4000
-0.6000 2.5000 1.5000
-0.6000 2.5000 1.6000
-0.6000 2.5000 1.7000
-0.6000 2.5000 1.8000
-0.6000 2.5000 1.9000
-0.6000 2.5000 2.0000
-0.6000 2.5000 2.1000
-0.6000 2.5000 2.2000
-0.6000 2.5000 2.3000
-0.6000 2.5000 2.4000
-0.6000 2.5000 2.5000
-0.6000 2.5000 2.6000
-0.6000 2.5000 2.7000
-0.6000 2.5000 2.8000
-0.6000 2.5000 2.9000
-0.6000 2.5000 3.0000
-0.6000 2.5000 3.1000
-0.6000 2.5000 3.2000
-0.6000 2.5000 3.3000
-0.6000 2.5000 3.4000
-0.6000 2.5000 3.5000
-0.6000 2.6000 0.0000
-0.6000 2.6000 3.5000
-0.6000 2.7000 0.0000
-0.6000 2.7000 0.1000
-0.6000 2.7000 0.2000
-0.6000 2.7000 0.3000
-0.6000 2.7000 0.4000
-0.6000 2.7000 0.5000
-0.6000 2.7000 0.6000
-0.6000 2.7000 0.7000
-0.6000 2.7000 0.8000
-0.6000 2.7000 0.9000
-0.6000 2.7000 1.0000
-0.6000 2.7000 1.1000
-0.6000 2.7000 1.2000
-0.6000 2.7000 1.3000
-0.6000 2.7000 1.4000
-0.6000 2.7000 1.5000
-0.6000 2.7000 1.6000
-0.6000 2.7000 1.7000
-0.6000 2.7000 1.8000
-0.6000 2.7000 1.9000
-0.6000 2.7000 2.0000
-0.6000 2.7000 2.1000
-0.6000 2.7000 2.2000
-0.6000 2.7000 2.3000
-0.6000 2.7000 2.4000
-0.6000 2.7000 2.5000
-0.6000 2.7000 2.6000
-0.6000 2.7000 2.7000
-0.6000 2.7000 2.8000
-0.6000 2.7000 2.9000
-0.6000 2.7000 3.0000
-0.6000 2.7000 3.1000
-0.6000 2.7000 3.2000
-0.6000 2.7000 3.3000
-0.6000 2.7000 3.4000
-0.6000 2.7000 3.5000
-0.5000 -2.7000 0.0000
-0.5000 -2.7000 0.1000
-0.5000 -2.7000 0.2000
-0.5000 -2.7000 0.3000
-0.5000 -2.7000 0.4000
-0.5000 -2.7000 0.5000
-0.5000 -2.7000 0.6000
-0.5000 -2.7000 0.7000
-0.5000 -2.7000 0.8000
-0.5000 -2.7000 0.9000
-0.5000 -2.7000 1.0000
-0.5000 -2.7000 1.1000
-0.5000 -2.7000 1.2000
-0.5000 -2.7000 1.3000
-0.5000 -2.7000 1.4000
-0.5000 -2.7000 1.5000
-0.5000 -2.7000 1.6000
-0.5000 -2.7000 1.7000
-0.5000 -2.7000 1.8000
-0.5000 -2.7000 1.9000
-0.5000 -2.7000 2.0000
-0.5000 -2.7000 2.1000
-0.5000 -2.7000 2.2000
-0.5000 -2.7000 2.3000
-0.5000 -2.7000 2.4000
-0.5000 -2.7000 2.5000
-0.5000 -2.7000 2.6000
-0.5000 -2.7000 2.7000
-0.5000 -2.7000 2.8000
-0.5000 -2.7000 2.9000
-0.5000 -2.7000 3.0000
-0.5000 -2.7000 3.1000
-0.5000 -2.7000 3.2000
-0.5000 -2.7000 3.3000
-0.5000 -2.7000 3.4000
-0.5000 -2.7000 3.5000
-0.5000 -2.6000 0.0000
-0.5000 -2.6000 3.5000
-0.5000 -2.5000 0.0000
-0.5000 -2.5000 0.1000
-0.5000 -2.5000 0.2000
-0.5000 -2.5000 0.3000
-0.5000 -2.5000 0.4000
-0.5000 -2.5000 0.5000
-0.5000 -2.5000 0.6000
-0.5000 -2.5000 0.7000
-0.5000 -2.5000 0.8000
-0.5000 -2.5000 0.9000
-0.5000 -2.5000 1.0000
-0.5000 -2.5000 1.1000
-0.5000 -2.5000 1.2000
-0.5000 -2.5000 1.3000
-0.5000 -2.5000 1.4000
-0.5000 -2.5000 1.5000
-0.5000 -2.5000 1.6000
-0.5000 -2.5000 1.7000
-0.5000 -2.5000 1.8000
-0.5000 -2.5000 1.9000
-0.5000 -2.5000 2.0000
-0.5000 -2.5000 2.1000
-0.5000 -2.5000 2.2000
-0.5000 -2.5000 2.3000
-0.5000 -2.5000 2.4000
-0.5000 -2.5000 2.5000
-0.5000 -2.5000 2.6000
-0.5000 -2.5000 2.7000
-0.5000 -2.5000 2.8000
-0.5000 -2.5000 2.9000
-0.5000 -2.5000 3.0000
-0.5000 -2.5000 3.1000
-0.5000 -2.5000 3.2000
-0.5000 -2.5000 3.3000
-0.5000 -2.5000 3.4000
-0.5000 -2.5000 3.5000
-0.5000 2.5000 0.0000
-0.5000 2.5000 0.1000
-0.5000 2.5000 0.2000
-0.5000 2.5000 0.3000
-0.5000 2.5000 0.4000
-0.5000 2.5000 0.5000
-0.5000 2.5000 0.6000
-0.5000 2.5000 0.7000
-0.5000 2.5000 0.8000
-0.5000 2.5000 0.9000
-0.5000 2.5000 1.0000
-0.5000 2.5000 1.1000
-0.5000 2.5000 1.2000
-0.5000 2.5000 1.3000
-0.5000 2.5000 1.4000
-0.5000 2.5000 1.5000
-0.5000 2.5000 1.6000
-0.5000 2.5000 1.7000
-0.5000 2.5000 1.8000
-0.5000 2.5000 1.9000
-0.5000 2.5000 2.0000
-0.5000 2.5000 2.1000
-0.5000 2.5000 2.2000
-0.5000 2.5000 2.3000
-0.5000 2.5000 2.4000
-0.5000 2.5000 2.5000
-0.5000 2.5000 2.6000
-0.5000 2.5000 2.7000
-0.5000 2.5000 2.8000
-0.5000 2.5000 2.9000
-0.5000 2.5000 3.0000
-0.5000 2.5000 3.1000
-0.5000 2.5000 3.2000
-0.5000 2.5000 3.3000
-0.5000 2.5000 3.4000
-0.5000 2.5000 3.5000
-0.5000 2.6000 0.0000
-0.5000 2.6000 3.5000
-0.5000 2.7000 0.0000
-0.5000 2.7000 0.1000
-0.5000 2.7000 0.2000
-0.5000 2.7000 0.3000
-0.5000 2.7000 0.4000
-0.5000 2.7000 0.5000
-0.5000 2.7000 0.6000
-0.5000 2.7000 0.7000
-0.5000 2.7000 0.8000
-0.5000 2.7000 0.9000
-0.5000 2.7000 1.0000
-0.5000 2.7000 1.1000
-0.5000 2.7000 1.2000
-0.5000 2.7000 1.3000
-0.5000 2.7000 1.4000
-0.5000 2.7000 1.5000
-0.5000 2.7000 1.6000
-0.5000 2.7000 1.7000
-0.5000 2.7000 1.8000
-0.5000 2.7000 1.9000
-0.5000 2.7000 2.0000
-0.5000 2.7000 2.1000
-0.5000 2.7000 2.2000
-0.5000 2.7000 2.3000
-0.5000 2.7000 2.4000
-0.5000 2.7000 2.5000
-0.5000 2.7000 2.6000
-0.5000 2.7000 2.7000
-0.5000 2.7000 2.8000
-0.5000 2.7000 2.9000
-0.5000 2.7000 3.0000
-0.5000 2.7000 3.1000
-0.5000 2.7000 3.2000
-0.5000 2.7000 3.3000
-0.5000 2.7000 3.4000
-0.5000 2.7000 3.5000
-0.4000 -2.7000 0.0000
-0.4000 -2.7000 0.1000
-0.4000 -2.7000 0.2000
-0.4000 -2.7000 0.3000
-0.4000 -2.7000 0.4000
-0.4000 -2.7000 0.5000
-0.4000 -2.7000 0.6000
-0.4000 -2.7000 0.7000
-0.4000 -2.7000 0.8000
-0.4000 -2.7000 0.9000
-0.4000 -2.7000 1.0000
-0.4000 -2.7000 1.1000
-0.4000 -2.7000 1.2000
-0.4000 -2.7000 1.3000
-0.4000 -2.7000 1.4000
-0.4000 -2.7000 1.5000
-0.4000 -2.7000 1.6000
-0.4000 -2.7000 1.7000
-0.4000 -2.7000 1.8000
-0.4000 -2.7000 1.9000
-0.4000 -2.7000 2.0000
-0.4000 -2.7000 2.1000
-0.4000 -2.7000 2.2000
-0.4000 -2.7000 2.3000
-0.4000 -2.7000 2.4000
-0.4000 -2.7000 2.5000
-0.4000 -2.7000 2.6000
-0.4000 -2.7000 2.7000
-0.4000 -2.7000 2.8000
-0.4000 -2.7000 2.9000
-0.4000 -2.7000 3.0000
-0.4000 -2.7000 3.1000
-0.4000 -2.7000 3.2000
-0.4000 -2.7000 3.3000
-0.4000 -2.7000 3.4000
-0.4000 -2.7000 3.5000
-0.4000 -2.6000 0.0000
-0.4000 -2.6000 3.5000
-0.4000 -2.5000 0.0000
-0.4000 -2.5000 0.1000
-0.4000 -2.5000 0.2000
-0.4000 -2.5000 0.3000
-0.4000 -2.5000 0.4000
-0.4000 -2.5000 0.5000
-0.4000 -2.5000 0.6000
-0.4000 -2.5000 0.7000
-0.4000 -2.5000 0.8000
-0.4000 -2.5000 0.9000
-0.4000 -2.5000 1.0000
-0.4000 -2.5000 1.1000
-0.4000 -2.5000 1.2000
-0.4000 -2.5000 1.3000
-0.4000 -2.5000 1.4000
-0.4000 -2.5000 1.5000
-0.4000 -2.5000 1.6000
-0.4000 -2.5000 1.7000
-0.4000 -2.5000 1.8000
-0.4000 -2.5000 1.9000
-0.4000 -2.5000 2.0000
-0.4000 -2.5000 2.1000
-0.4000 -2.5000 2.2000
-0.4000 -2.5000 2.3000
-0.4000 -2.5000 2.4000
-0.4000 -2.5000 2.5000
-0.4000 -2.5000 2.6000
-0.4000 -2.5000 2.7000
-0.4000 -2.5000 2.8000
-0.4000 -2.5000 2.9000
-0.4000 -2.5000 3.0000
-0.4000 -2.5000 3.1000
-0.4000 -2.5000 3.2000
-0.4000 -2.5000 3.3000
-0.4000 -2.5000 3.4000
-0.4000 -2.5000 3.5000
-0.4000 2.5000 0.0000
-0.4000 2.5000 0.1000
-0.4000 2.5000 0.2000
-0.4000 2.5000 0.3000
-0.4000 2.5000 0.4000
-0.4000 2.5000 0.5000
-0.4000 2.5000 0.6000
-0.4000 2.5000 0.7000
-0.4000 2.5000 0.8000
-0.4000 2.5000 0.9000
-0.4000 2.5000 1.0000
-0.4000 2.5000 1.1000
-0.4000 2.5000 1.2000
-0.4000 2.5000 1.3000
-0.4000 2.5000 1.4000
-0.4000 2.5000 1.5000
-0.4000 2.5000 1.6000
-0.4000 2.5000 1.7000
-0.4000 2.5000 1.8000
-0.4000 2.5000 1.9000
-0.4000 2.5000 2.0000
-0.4000 2.5000 2.1000
-0.4000 2.5000 2.2000
-0.4000 2.5000 2.3000
-0.4000 2.5000 2.4000
-0.4000 2.5000 2.5000
-0.4000 2.5000 2.6000
-0.4000 2.5000 2.7000
-0.4000 2.5000 2.8000
-0.4000 2.5000 2.9000
-0.4000 2.5000 3.0000
-0.4000 2.5000 3.1000
-0.4000 2.5000 3.2000
-0.4000 2.5000 3.3000
-0.4000 2.5000 3.4000
-0.4000 2.5000 3.5000
-0.4000 2.6000 0.0000
-0.4000 2.6000 3.5000
-0.4000 2.7000 0.0000
-0.4000 2.7000 0.1000
-0.4000 2.7000 0.2000
-0.4000 2.7000 0.3000
-0.4000 2.7000 0.4000
-0.4000 2.7000 0.5000
-0.4000 2.7000 0.6000
-0.4000 2.7000 0.7000
-0.4000 2.7000 0.8000
-0.4000 2.7000 0.9000
-0.4000 2.7000 1.0000
-0.4000 2.7000 1.1000
-0.4000 2.7000 1.2000
-0.4000 2.7000 1.3000
-0.4000 2.7000 1.4000
-0.4000 2.7000 1.5000
-0.4000 2.7000 1.6000
-0.4000 2.7000 1.7000
-0.4000 2.7000 1.8000
-0.4000 2.7000 1.9000
-0.4000 2.7000 2.0000
-0.4000 2.7000 2.1000
-0.4000 2.7000 2.2000
-0.4000 2.7000 2.3000
-0.4000 2.7000 2.4000
-0.4000 2.7000 2.5000
-0.4000 2.7000 2.6000
-0.4000 2.7000 2.7000
-0.4000 2.7000 2.8000
-0.4000 2.7000 2.9000
-0.4000 2.7000 3.0000
-0.4000 2.7000 3.1000
-0.4000 2.7000 3.2000
-0.4000 2.7000 3.3000
-0.4000 2.7000 3.4000
-0.4000 2.7000 3.5000
-0.3000 -2.7000 0.0000
-0.3000 -2.7000 0.1000
-0.3000 -2.7000 0.2000
-0.3000 -2.7000 0.3000
-0.3000 -2.7000 0.4000
-0.3000 -2.7000 0.5000
-0.3000 -2.7000 0.6000
-0.3000 -2.7000 0.7000
-0.3000 -2.7000 0.8000
-0.3000 -2.7000 0.9000
-0.3000 -2.7000 1.0000
-0.3000 -2.7000 1.1000
-0.3000 -2.7000 1.2000
-0.3000 -2.7000 1.3000
-0.3000 -2.7000 1.4000
-0.3000 -2.7000 1.5000
-0.3000 -2.7000 1.6000
-0.3000 -2.7000 1.7000
-0.3000 -2.7000 1.8000
-0.3000 -2.7000 1.9000
-0.3000 -2.7000 2.0000
-0.3000 -2.7000 2.1000
-0.3000 -2.7000 2.2000
-0.3000 -2.7000 2.3000
-0.3000 -2.7000 2.4000
-0.3000 -2.7000 2.5000
-0.3000 -2.7000 2.6000
-0.3000 -2.7000 2.7000
-0.3000 -2.7000 2.8000
-0.3000 -2.7000 2.9000
-0.3000 -2.7000 3.0000
-0.3000 -2.7000 3.1000
-0.3000 -2.7000 3.2000
-0.3000 -2.7000 3.3000
-0.3000 -2.7000 3.4000
-0.3000 -2.7000 3.5000
-0.3000 -2.6000 0.0000
-0.3000 -2.6000 3.5000
-0.3000 -2.5000 0.0000
-0.3000 -2.5000 0.1000
-0.3000 -2.5000 0.2000
-0.3000 -2.5000 0.3000
-0.3000 -2.5000 0.4000
-0.3000 -2.5000 0.5000
-0.3000 -2.5000 0.6000
-0.3000 -2.5000 0.7000
-0.3000 -2.5000 0.8000
-0.3000 -2.5000 0.9000
-0.3000 -2.5000 1.0000
-0.3000 -2.5000 1.1000
-0.3000 -2.5000 1.2000
-0.3000 -2.5000 1.3000
-0.3000 -2.5000 1.4000
-0.3000 -2.5000 1.5000
-0.3000 -2.5000 1.6000
-0.3000 -2.5000 1.7000
-0.3000 -2.5000 1.8000
-0.3000 -2.5000 1.9000
-0.3000 -2.5000 2.0000
-0.3000 -2.5000 2.1000
-0.3000 -2.5000 2.2000
-0.3000 -2.5000 2.3000
-0.3000 -2.5000 2.4000
-0.3000 -2.5000 2.5000
-0.3000 -2.5000 2.6000
-0.3000 -2.5000 2.7000
-0.3000 -2.5000 2.8000
-0.3000 -2.5000 2.9000
-0.3000 -2.5000 3.0000
-0.3000 -2.5000 3.1000
-0.3000 -2.5000 3.2000
-0.3000 -2.5000 3.3000
-0.3000 -2.5000 3.4000
-0.3000 -2.5000 3.5000
-0.3000 2.5000 0.0000
-0.3000 2.5000 0.1000
-0.3000 2.5000 0.2000
-0.3000 2.5000 0.3000
-0.3000 2.5000 0.4000
-0.3000 2.5000 0.5000
-0.3000 2.5000 0.6000
-0.3000 2.5000 0.7000
-0.3000 2.5000 0.8000
-0.3000 2.5000 0.9000
-0.3000 2.5000 1.0000
-0.3000 2.5000 1.1000
-0.3000 2.5000 1.2000
-0.3000 2.5000 1.3000
-0.3000 2.5000 1.4000
-0.3000 2.5000 1.5000
-0.3000 2.5000 1.6000
-0.3000 2.5000 1.7000
-0.3000 2.5000 1.8000
-0.3000 2.5000 1.9000
-0.3000 2.5000 2.0000
-0.3000 2.5000 2.1000
-0.3000 2.5000 2.2000
-0.3000 2.5000 2.3000
-0.3000 2.5000 2.4000
-0.3000 2.5000 2.5000
-0.3000 2.5000 2.6000
-0.3000 2.5000 2.7000
-0.3000 2.5000 2.8000
-0.3000 2.5000 2.9000
-0.3000 2.5000 3.0000
-0.3000 2.5000 3.1000
-0.3000 2.5000 3.2000
-0.3000 2.5000 3.3000
-0.3000 2.5000 3.4000
-0.3000 2.5000 3.5000
-0.3000 2.6000 0.0000
-0.3000 2.6000 3.5000
-0.3000 2.7000 0.0000
-0.3000 2.7000 0.1000
-0.3000 2.7000 0.2000
-0.3000 2.7000 0.3000
-0.3000 2.7000 0.4000
-0.3000 2.7000 0.5000
-0.3000 2.7000 0.6000
-0.3000 2.7000 0.7000
-0.3000 2.7000 0.8000
-0.3000 2.7000 0.9000
-0.3000 2.7000 1.0000
-0.3000 2.7000 1.1000
-0.3000 2.7000 1.2000
-0.3000 2.7000 1.3000
-0.3000 2.7000 1.4000
-0.3000 2.7000 1.5000
-0.3000 2.7000 1.6000
-0.3000 2.7000 1.7000
-0.3000 2.7000 1.8000
-0.3000 2.7000 1.9000
-0.3000 2.7000 2.0000
-0.3000 2.7000 2.1000
-0.3000 2.7000 2.2000
-0.3000 2.7000 2.3000
-0.3000 2.7000 2.4000
-0.3000 2.7000 2.5000
-0.3000 2.7000 2.6000
-0.3000 2.7000 2.7000
-0.3000 2.7000 2.8000
-0.3000 2.7000 2.9000
-0.3000 2.7000 3.0000
-0.3000 2.7000 3.1000
-0.3000 2.7000 3.2000
-0.3000 2.7000 3.3000
-0.3000 2.7000 3.4000
-0.3000 2.7000 3.5000
-0.2000 -2.7000 0.0000
-0.2000 -2.7000 0.1000
-0.2000 -2.7000 0.2000
-0.2000 -2.7000 0.3000
-0.2000 -2.7000 0.4000
-0.2000 -2.7000 0.5000
-0.2000 -2.7000 0.6000
-0.2000 -2.7000 0.7000
-0.2000 -2.7000 0.8000
-0.2000 -2.7000 0.9000
-0.2000 -2.7000 1.0000
-0.2000 -2.7000 1.1000
-0.2000 -2.7000 1.2000
-0.2000 -2.7000 1.3000
-0.2000 -2.7000 1.4000
-0.2000 -2.7000 1.5000
-0.2000 -2.7000 1.6000
-0.2000 -2.7000 1.7000
-0.2000 -2.7000 1.8000
-0.2000 -2.7000 1.9000
-0.2000 -2.7000 2.0000
-0.2000 -2.7000 2.1000
-0.2000 -2.7000 2.2000
-0.2000 -2.7000 2.3000
-0.2000 -2.7000 2.4000
-0.2000 -2.7000 2.5000
-0.2000 -2.7000 2.6000
-0.2000 -2.7000 2.7000
-0.2000 -2.7000 2.8000
-0.2000 -2.7000 2.9000
-0.2000 -2.7000 3.0000
-0.2000 -2.7000 3.1000
-0.2000 -2.7000 3.2000
-0.2000 -2.7000 3.3000
-0.2000 -2.7000 3.4000
-0.2000 -2.7000 3.5000
-0.2000 -2.6000 0.0000
-0.2000 -2.6000 3.5000
-0.2000 -2.5000 0.0000
-0.2000 -2.5000 0.1000
-0.2000 -2.5000 0.2000
-0.2000 -2.5000 0.3000
-0.2000 -2.5000 0.4000
-0.2000 -2.5000 0.5000
-0.2000 -2.5000 0.6000
-0.2000 -2.5000 0.7000
-0.2000 -2.5000 0.8000
-0.2000 -2.5000 0.9000
-0.2000 -2.5000 1.0000
-0.2000 -2.5000 1.1000
-0.2000 -2.5000 1.2000
-0.2000 -2.5000 1.3000
-0.2000 -2.5000 1.4000
-0.2000 -2.5000 1.5000
-0.2000 -2.5000 1.6000
-0.2000 -2.5000 1.7000
-0.2000 -2.5000 1.8000
-0.2000 -2.5000 1.9000
-0.2000 -2.5000 2.0000
-0.2000 -2.5000 2.1000
-0.2000 -2.5000 2.2000
-0.2000 -2.5000 2.3000
-0.2000 -2.5000 2.4000
-0.2000 -2.5000 2.5000
-0.2000 -2.5000 2.6000
-0.2000 -2.5000 2.7000
-0.2000 -2.5000 2.8000
-0.2000 -2.5000 2.9000
-0.2000 -2.5000 3.0000
-0.2000 -2.5000 3.1000
-0.2000 -2.5000 3.2000
-0.2000 -2.5000 3.3000
-0.2000 -2.5000 3.4000
-0.2000 -2.5000 3.5000
-0.2000 2.5000 0.0000
-0.2000 2.5000 0.1000
-0.2000 2.5000 0.2000
-0.2000 2.5000 0.3000
-0.2000 2.5000 0.4000
-0.2000 2.5000 0.5000
-0.2000 2.5000 0.6000
-0.2000 2.5000 0.7000
-0.2000 2.5000 0.8000
-0.2000 2.5000 0.9000
-0.2000 2.5000 1.0000
-0.2000 2.5000 1.1000
-0.2000 2.5000 1.2000
-0.2000 2.5000 1.3000
-0.2000 2.5000 1.4000
-0.2000 2.5000 1.5000
-0.2000 2.5000 1.6000
-0.2000 2.5000 1.7000
-0.2000 2.5000 1.8000
-0.2000 2.5000 1.9000
-0.2000 2.5000 2.0000
-0.2000 2.5000 2.1000
-0.2000 2.5000 2.2000
-0.2000 2.5000 2.3000
-0.2000 2.5000 2.4000
-0.2000 2.5000 2.5000
-0.2000 2.5000 2.6000
-0.2000 2.5000 2.7000
-0.2000 2.5000 2.8000
-0.2000 2.5000 2.9000
-0.2000 2.5000 3.0000
-0.2000 2.5000 3.1000
-0.2000 2.5000 3.2000
-0.2000 2.5000 3.3000
-0.2000 2.5000 3.4000
-0.2000 2.5000 3.5000
-0.2000 2.6000 0.0000
-0.2000 2.6000 3.5000
-0.2000 2.7000 0.0000
-0.2000 2.7000 0.1000
-0.2000 2.7000 0.2000
-0.2000 2.7000 0.3000
-0.2000 2.7000 0.4000
-0.2000 2.7000 0.5000
-0.2000 2.7000 0.6000
-0.2000 2.7000 0.7000
-0.2000 2.7000 0.8000
-0.2000 2.7000 0.9000
-0.2000 2.7000 1.0000
-0.2000 2.7000 1.1000
-0.2000 2.7000 1.2000
-0.2000 2.7000 1.3000
-0.2000 2.7000 1.4000
-0.2000 2.7000 1.5000
-0.2000 2.7000 1.6000
-0.2000 2.7000 1.7000
-0.2000 2.7000 1.8000
-0.2000 2.7000 1.9000
-0.2000 2.7000 2.0000
-0.2000 2.7000 2.1000
-0.2000 2.7000 2.2000
-0.2000 2.7000 2.3000
-0.2000 2.7000 2.4000
-0.2000 2.7000 2.5000
-0.2000 2.7000 2.6000
-0.2000 2.7000 2.7000
-0.2000 2.7000 2.8000
-0.2000 2.7000 2.9000
-0.2000 2.7000 3.0000
-0.2000 2.7000 3.1000
-0.2000 2.7000 3.2000
-0.2000 2.7000 3.3000
-0.2000 2.7000 3.4000
-0.2000 2.7000 3.5000
-0.1000 -2.7000 0.0000
-0.1000 -2.7000 0.1000
-0.1000 -2.7000 0.2000
-0.1000 -2.7000 0.3000
-0.1000 -2.7000 0.4000
-0.1000 -2.7000 0.5000
-0.1000 -2.7000 0.6000
-0.1000 -2.7000 0.7000
-0.1000 -2.7000 0.8000
-0.1000 -2.7000 0.9000
-0.1000 -2.7000 1.0000
-0.1000 -2.7000 1.1000
-0.1000 -2.7000 1.2000
-0.1000 -2.7000 1.3000
-0.1000 -2.7000 1.4000
-0.1000 -2.7000 1.5000
-0.1000 -2.7000 1.6000
-0.1000 -2.7000 1.7000
-0.1000 -2.7000 1.8000
-0.1000 -2.7000 1.9000
-0.1000 -2.7000 2.0000
-0.1000 -2.7000 2.1000
-0.1000 -2.7000 2.2000
-0.1000 -2.7000 2.3000
-0.1000 -2.7000 2.4000
-0.1000 -2.7000 2.5000
-0.1000 -2.7000 2.6000
-0.1000 -2.7000 2.7000
-0.1000 -2.7000 2.8000
-0.1000 -2.7000 2.9000
-0.1000 -2.7000 3.0000
-0.1000 -2.7000 3.1000
-0.1000 -2.7000 3.2000
-0.1000 -2.7000 3.3000
-0.1000 -2.7000 3.4000
-0.1000 -2.7000 3.5000
-0.1000 -2.6000 0.0000
-0.1000 -2.6000 3.5000
-0.1000 -2.5000 0.0000
-0.1000 -2.5000 0.1000
-0.1000 -2.5000 0.2000
-0.1000 -2.5000 0.3000
-0.1000 -2.5000 0.4000
-0.1000 -2.5000 0.5000
-0.1000 -2.5000 0.6000
-0.1000 -2.5000 0.7000
-0.1000 -2.5000 0.8000
-0.1000 -2.5000 0.9000
-0.1000 -2.5000 1.0000
-0.1000 -2.5000 1.1000
-0.1000 -2.5000 1.2000
-0.1000 -2.5000 1.3000
-0.1000 -2.5000 1.4000
-0.1000 -2.5000 1.5000
-0.1000 -2.5000 1.6000
-0.1000 -2.5000 1.7000
-0.1000 -2.5000 1.8000
-0.1000 -2.5000 1.9000
-0.1000 -2.5000 2.0000
-0.1000 -2.5000 2.1000
-0.1000 -2.5000 2.2000
-0.1000 -2.5000 2.3000
-0.1000 -2.5000 2.4000
-0.1000 -2.5000 2.5000
-0.1000 -2.5000 2.6000
-0.1000 -2.5000 2.7000
-0.1000 -2.5000 2.8000
-0.1000 -2.5000 2.9000
-0.1000 -2.5000 3.0000
-0.1000 -2.5000 3.1000
-0.1000 -2.5000 3.2000
-0.1000 -2.5000 3.3000
-0.1000 -2.5000 3.4000
-0.1000 -2.5000 3.5000
-0.1000 2.5000 0.0000
-0.1000 2.5000 0.1000
-0.1000 2.5000 0.2000
-0.1000 2.5000 0.3000
-0.1000 2.5000 0.4000
-0.1000 2.5000 0.5000
-0.1000 2.5000 0.6000
-0.1000 2.5000 0.7000
-0.1000 2.5000 0.8000
-0.1000 2.5000 0.9000
-0.1000 2.5000 1.0000
-0.1000 2.5000 1.1000
-0.1000 2.5000 1.2000
-0.1000 2.5000 1.3000
-0.1000 2.5000 1.4000
-0.1000 2.5000 1.5000
-0.1000 2.5000 1.6000
-0.1000 2.5000 1.7000
-0.1000 2.5000 1.8000
-0.1000 2.5000 1.9000
-0.1000 2.5000 2.0000
-0.1000 2.5000 2.1000
-0.1000 2.5000 2.2000
-0.1000 2.5000 2.3000
-0.1000 2.5000 2.4000
-0.1000 2.5000 2.5000
-0.1000 2.5000 2.6000
-0.1000 2.5000 2.7000
-0.1000 2.5000 2.8000
-0.1000 2.5000 2.9000
-0.1000 2.5000 3.0000
-0.1000 2.5000 3.1000
-0.1000 2.5000 3.2000
-0.1000 2.5000 3.3000
-0.1000 2.5000 3.4000
-0.1000 2.5000 3.5000
-0.1000 2.6000 0.0000
-0.1000 2.6000 3.5000
-0.1000 2.7000 0.0000
-0.1000 2.7000 0.1000
-0.1000 2.7000 0.2000
-0.1000 2.7000 0.3000
-0.1000 2.7000 0.4000
-0.1000 2.7000 0.5000
-0.1000 2.7000 0.6000
-0.1000 2.7000 0.7000
-0.1000 2.7000 0.8000
-0.1000 2.7000 0.9000
-0.1000 2.7000 1.0000
-0.1000 2.7000 1.1000
-0.1000 2.7000 1.2000
-0.1000 2.7000 1.3000
-0.1000 2.7000 1.4000
-0.1000 2.7000 1.5000
-0.1000 2.7000 1.6000
-0.1000 2.7000 1.7000
-0.1000 2.7000 1.8000
-0.1000 2.7000 1.9000
-0.1000 2.7000 2.0000
-0.1000 2.7000 2.1000
-0.1000 2.7000 2.2000
-0.1000 2.7000 2.3000
-0.1000 2.7000 2.4000
-0.1000 2.7000 2.5000
-0.1000 2.7000 2.6000
-0.1000 2.7000 2.7000
-0.1000 2.7000 2.8000
-0.1000 2.7000 2.9000
-0.1000 2.7000 3.0000
-0.1000 2.7000 3.1000
-0.1000 2.7000 3.2000
-0.1000 2.7000 3.3000
-0.1000 2.7000 3.4000
-0.1000 2.7000 3.5000
-0.0661 1.1125 0.0001
-0.0661 1.1125 0.0992
-0.0661 1.1125 0.1984
-0.0661 1.1125 0.2975
-0.0661 1.1125 0.3967
-0.0661 1.1125 0.4959
-0.0661 1.1125 0.5950
-0.0661 1.1125 0.6942
-0.0661 1.1125 0.7933
-0.0661 1.1125 0.8925
-0.0661 1.1125 0.9917
-0.0661 1.1125 1.0908
-0.0661 1.1125 1.1900
-0.0661 1.1125 1.2891
-0.0661 1.1125 1.3883
-0.0661 1.1125 1.4875
-0.0661 1.1125 1.5866
-0.0661 1.1125 1.6858
-0.0661 1.1125 1.7849
-0.0661 1.1125 1.8841
-0.0661 1.1125 1.9833
-0.0661 1.1125 2.0824
-0.0661 1.1125 2.1816
-0.0661 1.1125 2.2807
-0.0661 1.1125 2.3799
-0.0661 1.1125 2.4791
-0.0661 1.1125 2.5782
-0.0661 1.1125 2.6774
-0.0661 1.1125 2.7765
-0.0661 1.1125 2.8757
-0.0661 1.1125 2.9749
-0.0661 1.1125 3.0740
-0.0661 1.1125 3.1732
-0.0661 1.1125 3.2724
-0.0661 1.2078 0.0001
-0.0661 1.2078 0.0992
-0.0661 1.2078 0.1984
-0.0661 1.2078 0.2975
-0.0661 1.2078 0.3967
-0.0661 1.2078 0.4959
-0.0661 1.2078 0.5950
-0.0661 1.2078 0.6942
-0.0661 1.2078 0.7933
-0.0661 1.2078 0.8925
-0.0661 1.2078 0.9917
-0.0661 1.2078 1.0908
-0.0661 1.2078 1.1900
-0.0661 1.2078 1.2891
-0.0661 1.2078 1.3883
-0.0661 1.2078 1.4875
-0.0661 1.2078 1.5866
-0.0661 1.2078 1.6858
-0.0661 1.2078 1.7849
-0.0661 1.2078 1.8841
-0.0661 1.2078 1.9833
-0.0661 1.2078 2.0824
-0.0661 1.2078 2.1816
-0.0661 1.2078 2.2807
-0.0661 1.2078 2.3799
-0.0661 1.2078 2.4791
-0.0661 1.2078 2.5782
-0.0661 1.2078 2.6774
-0.0661 1.2078 2.7765
-0.0661 1.2078 2.8757
-0.0661 1.2078 2.9749
-0.0661 1.2078 3.0740
-0.0661 1.2078 3.1732
-0.0661 1.2078 3.2724
-0.0661 1.3032 0.0001
-0.0661 1.3032 0.0992
-0.0661 1.3032 0.1984
-0.0661 1.3032 0.2975
-0.0661 1.3032 0.3967
-0.0661 1.3032 0.4959
-0.0661 1.3032 0.5950
-0.0661 1.3032 0.6942
-0.0661 1.3032 0.7933
-0.0661 1.3032 0.8925
-0.0661 1.3032 0.9917
-0.0661 1.3032 1.0908
-0.0661 1.3032 1.1900
-0.0661 1.3032 1.2891
-0.0661 1.3032 1.3883
-0.0661 1.3032 1.4875
-0.0661 1.3032 1.5866
-0.0661 1.3032 1.6858
-0.0661 1.3032 1.7849
-0.0661 1.3032 1.8841
-0.0661 1.3032 1.9833
-0.0661 1.3032 2.0824
-0.0661 1.3032 2.1816
-0.0661 1.3032 2.2807
-0.0661 1.3032 2.3799
-0.0661 1.3032 2.4791
-0.0661 1.3032 2.5782
-0.0661 1.3032 2.6774
-0.0661 1.3032 2.7765
-0.0661 1.3032 2.8757
-0.0661 1.3032 2.9749
-0.0661 1.3032 3.0740
-0.0661 1.3032 3.1732
-0.0661 1.3032 3.2724
-0.0661 1.3985 0.0001
-0.0661 1.3985 0.0992
-0.0661 1.3985 0.1984
-0.0661 1.3985 0.2975
-0.0661 1.3985 0.3967
-0.0661 1.3985 0.4959
-0.0661 1.3985 0.5950
-0.0661 1.3985 0.6942
-0.0661 1.3985 0.7933
-0.0661 1.3985 0.8925
-0.0661 1.3985 0.9917
-0.0661 1.3985 1.0908
-0.0661 1.3985 1.1900
-0.0661 1.3985 1.2891
-0.0661 1.3985 1.3883
-0.0661 1.3985 1.4875
-0.0661 1.3985 1.5866
-0.0661 1.3985 1.6858
-0.0661 1.3985 1.7849
-0.0661 1.3985 1.8841
-0.0661 1.3985 1.9833
-0.0661 1.3985 2.0824
-0.0661 1.3985 2.1816
-0.0661 1.3985 2.2807
-0.0661 1.3985 2.3799
-0.0661 1.3985 2.4791
-0.0661 1.3985 2.5782
-0.0661 1.3985 2.6774
-0.0661 1.3985 2.7765
-0.0661 1.3985 2.8757
-0.0661 1.3985 2.9749
-0.0661 1.3985 3.0740
-0.0661 1.3985 3.1732
-0.0661 1.3985 3.2724
-0.0661 1.4938 0.0001
-0.0661 1.4938 0.0992
-0.0661 1.4938 0.1984
-0.0661 1.4938 0.2975
-0.0661 1.4938 0.3967
-0.0661 1.4938 0.4959
-0.0661 1.4938 0.5950
-0.0661 1.4938 0.6942
-0.0661 1.4938 0.7933
-0.0661 1.4938 0.8925
-0.0661 1.4938 0.9917
-0.0661 1.4938 1.0908
-0.0661 1.4938 1.1900
-0.0661 1.4938 1.2891
-0.0661 1.4938 1.3883
-0.0661 1.4938 1.4875
-0.0661 1.4938 1.5866
-0.0661 1.4938 1.6858
-0.0661 1.4938 1.7849
-0.0661 1.4938 1.8841
-0.0661 1.4938 1.9833
-0.0661 1.4938 2.0824
-0.0661 1.4938 2.1816
-0.0661 1.4938 2.2807
-0.0661 1.4938 2.3799
-0.0661 1.4938 2.4791
-0.0661 1.4938 2.5782
-0.0661 1.4938 2.6774
-0.0661 1.4938 2.7765
-0.0661 1.4938 2.8757
-0.0661 1.4938 2.9749
-0.0661 1.4938 3.0740
-0.0661 1.4938 3.1732
-0.0661 1.4938 3.2724
-0.0661 1.5892 0.0001
-0.0661 1.5892 0.0992
-0.0661 1.5892 0.1984
-0.0661 1.5892 0.2975
-0.0661 1.5892 0.3967
-0.0661 1.5892 0.4959
-0.0661 1.5892 0.5950
-0.0661 1.5892 0.6942
-0.0661 1.5892 0.7933
-0.0661 1.5892 0.8925
-0.0661 1.5892 0.9917
-0.0661 1.5892 1.0908
-0.0661 1.5892 1.1900
-0.0661 1.5892 1.2891
-0.0661 1.5892 1.3883
-0.0661 1.5892 1.4875
-0.0661 1.5892 1.5866
-0.0661 1.5892 1.6858
-0.0661 1.5892 1.7849
-0.0661 1.5892 1.8841
-0.0661 1.5892 1.9833
-0.0661 1.5892 2.0824
-0.0661 1.5892 2.1816
-0.0661 1.5892 2.2807
-0.0661 1.5892 2.3799
-0.0661 1.5892 2.4791
-0.0661 1.5892 2.5782
-0.0661 1.5892 2.6774
-0.0661 1.5892 2.7765
-0.0661 1.5892 2.8757
-0.0661 1.5892 2.9749
-0.0661 1.5892 3.0740
-0.0661 1.5892 3.1732
-0.0661 1.5892 3.2724
-0.0661 1.6845 0.0001
-0.0661 1.6845 0.0992
-0.0661 1.6845 0.1984
-0.0661 1.6845 0.2975
-0.0661 1.6845 0.3967
-0.0661 1.6845 0.4959
-0.0661 1.6845 0.5950
-0.0661 1.6845 0.6942
-0.0661 1.6845 0.7933
-0.0661 1.6845 0.8925
-0.0661 1.6845 0.9917
-0.0661 1.6845 1.0908
-0.0661 1.6845 1.1900
-0.0661 1.6845 1.2891
-0.0661 1.6845 1.3883
-0.0661 1.6845 1.4875
-0.0661 1.6845 1.5866
-0.0661 1.6845 1.6858
-0.0661 1.6845 1.7849
-0.0661 1.6845 1.8841
-0.0661 1.6845 1.9833
-0.0661 1.6845 2.0824
-0.0661 1.6845 2.1816
-0.0661 1.6845 2.2807
-0.0661 1.6845 2.3799
-0.0661 1.6845 2.4791
-0.0661 1.6845 2.5782
-0.0661 1.6845 2.6774
-0.0661 1.6845 2.7765
-0.0661 1.6845 2.8757
-0.0661 1.6845 2.9749
-0.0661 1.6845 3.0740
-0.0661 1.6845 3.1732
-0.0661 1.6845 3.2724
0.0000 -2.7000 0.0000
0.0000 -2.7000 0.1000
0.0000 -2.7000 0.2000
0.0000 -2.7000 0.3000
0.0000 -2.7000 0.4000
0.0000 -2.7000 0.5000
0.0000 -2.7000 0.6000
0.0000 -2.7000 0.7000
0.0000 -2.7000 0.8000
0.0000 -2.7000 0.9000
0.0000 -2.7000 1.0000
0.0000 -2.7000 1.1000
0.0000 -2.7000 1.2000
0.0000 -2.7000 1.3000
0.0000 -2.7000 1.4000
0.0000 -2.7000 1.5000
0.0000 -2.7000 1.6000
0.0000 -2.7000 1.7000
0.0000 -2.7000 1.8000
0.0000 -2.7000 1.9000
0.0000 -2.7000 2.0000
0.0000 -2.7000 2.1000
0.0000 -2.7000 2.2000
0.0000 -2.7000 2.3000
0.0000 -2.7000 2.4000
0.0000 -2.7000 2.5000
0.0000 -2.7000 2.6000
0.0000 -2.7000 2.7000
0.0000 -2.7000 2.8000
0.0000 -2.7000 2.9000
0.0000 -2.7000 3.0000
0.0000 -2.7000 3.1000
0.0000 -2.7000 3.2000
0.0000 -2.7000 3.3000
0.0000 -2.7000 3.4000
0.0000 -2.7000 3.5000
0.0000 -2.6000 0.0000
0.0000 -2.6000 3.5000
0.0000 -2.5000 0.0000
0.0000 -2.5000 0.1000
0.0000 -2.5000 0.2000
0.0000 -2.5000 0.3000
0.0000 -2.5000 0.4000
0.0000 -2.5000 0.5000
0.0000 -2.5000 0.6000
0.0000 -2.5000 0.7000
0.0000 -2.5000 0.8000
0.0000 -2.5000 0.9000
0.0000 -2.5000 1.0000
0.0000 -2.5000 1.1000
0.0000 -2.5000 1.2000
0.0000 -2.5000 1.3000
0.0000 -2.5000 1.4000
0.0000 -2.5000 1.5000
0.0000 -2.5000 1.6000
0.0000 -2.5000 1.7000
0.0000 -2.5000 1.8000
0.0000 -2.5000 1.9000
0.0000 -2.5000 2.0000
0.0000 -2.5000 2.1000
0.0000 -2.5000 2.2000
0.0000 -2.5000 2.3000
0.0000 -2.5000 2.4000
0.0000 -2.5000 2.5000
0.0000 -2.5000 2.6000
0.0000 -2.5000 2.7000
0.0000 -2.5000 2.8000
0.0000 -2.5000 2.9000
0.0000 -2.5000 3.0000
0.0000 -2.5000 3.1000
0.0000 -2.5000 3.2000
0.0000 -2.5000 3.3000
0.0000 -2.5000 3.4000
0.0000 -2.5000 3.5000
0.0000 2.5000 0.0000
0.0000 2.5000 0.1000
0.0000 2.5000 0.2000
0.0000 2.5000 0.3000
0.0000 2.5000 0.4000
0.0000 2.5000 0.5000
0.0000 2.5000 0.6000
0.0000 2.5000 0.7000
0.0000 2.5000 0.8000
0.0000 2.5000 0.9000
0.0000 2.5000 1.0000
0.0000 2.5000 1.1000
0.0000 2.5000 1.2000
0.0000 2.5000 1.3000
0.0000 2.5000 1.4000
0.0000 2.5000 1.5000
0.0000 2.5000 1.6000
0.0000 2.5000 1.7000
0.0000 2.5000 1.8000
0.0000 2.5000 1.9000
0.0000 2.5000 2.0000
0.0000 2.5000 2.1000
0.0000 2.5000 2.2000
0.0000 2.5000 2.3000
0.0000 2.5000 2.4000
0.0000 2.5000 2.5000
0.0000 2.5000 2.6000
0.0000 2.5000 2.7000
0.0000 2.5000 2.8000
0.0000 2.5000 2.9000
0.0000 2.5000 3.0000
0.0000 2.5000 3.1000
0.0000 2.5000 3.2000
0.0000 2.5000 3.3000
0.0000 2.5000 3.4000
0.0000 2.5000 3.5000
0.0000 2.6000 0.0000
0.0000 2.6000 3.5000
0.0000 2.7000 0.0000
0.0000 2.7000 0.1000
0.0000 2.7000 0.2000
0.0000 2.7000 0.3000
0.0000 2.7000 0.4000
0.0000 2.7000 0.5000
0.0000 2.7000 0.6000
0.0000 2.7000 0.7000
0.0000 2.7000 0.8000
0.0000 2.7000 0.9000
0.0000 2.7000 1.0000
0.0000 2.7000 1.1000
0.0000 2.7000 1.2000
0.0000 2.7000 1.3000
0.0000 2.7000 1.4000
0.0000 2.7000 1.5000
0.0000 2.7000 1.6000
0.0000 2.7000 1.7000
0.0000 2.7000 1.8000
0.0000 2.7000 1.9000
0.0000 2.7000 2.0000
0.0000 2.7000 2.1000
0.0000 2.7000 2.2000
0.0000 2.7000 2.3000
0.0000 2.7000 2.4000
0.0000 2.7000 2.5000
0.0000 2.7000 2.6000
0.0000 2.7000 2.7000
0.0000 2.7000 2.8000
0.0000 2.7000 2.9000
0.0000 2.7000 3.0000
0.0000 2.7000 3.1000
0.0000 2.7000 3.2000
0.0000 2.7000 3.3000
0.0000 2.7000 3.4000
0.0000 2.7000 3.5000
0.0292 1.1125 0.0001
0.0292 1.1125 0.0992
0.0292 1.1125 0.1984
0.0292 1.1125 0.2975
0.0292 1.1125 0.3967
0.0292 1.1125 0.4959
0.0292 1.1125 0.5950
0.0292 1.1125 0.6942
0.0292 1.1125 0.7933
0.0292 1.1125 0.8925
0.0292 1.1125 0.9917
0.0292 1.1125 1.0908
0.0292 1.1125 1.1900
0.0292 1.1125 1.2891
0.0292 1.1125 1.3883
0.0292 1.1125 1.4875
0.0292 1.1125 1.5866
0.0292 1.1125 1.6858
0.0292 1.1125 1.7849
0.0292 1.1125 1.8841
0.0292 1.1125 1.9833
0.0292 1.1125 2.0824
0.0292 1.1125 2.1816
0.0292 1.1125 2.2807
0.0292 1.1125 2.3799
0.0292 1.1125 2.4791
0.0292 1.1125 2.5782
0.0292 1.1125 2.6774
0.0292 1.1125 2.7765
0.0292 1.1125 2.8757
0.0292 1.1125 2.9749
0.0292 1.1125 3.0740
0.0292 1.1125 3.1732
0.0292 1.1125 3.2724
0.0292 1.2078 0.0001
0.0292 1.2078 3.2724
0.0292 1.3032 0.0001
0.0292 1.3032 3.2724
0.0292 1.3985 0.0001
0.0292 1.3985 3.2724
0.0292 1.4938 0.0001
0.0292 1.4938 3.2724
0.0292 1.5892 0.0001
0.0292 1.5892 3.2724
0.0292 1.6845 0.0001
0.0292 1.6845 0.0992
0.0292 1.6845 0.1984
0.0292 1.6845 0.2975
0.0292 1.6845 0.3967
0.0292 1.6845 0.4959
0.0292 1.6845 0.5950
0.0292 1.6845 0.6942
0.0292 1.6845 0.7933
0.0292 1.6845 0.8925
0.0292 1.6845 0.9917
0.0292 1.6845 1.0908
0.0292 1.6845 1.1900
0.0292 1.6845 1.2891
0.0292 1.6845 1.3883
0.0292 1.6845 1.4875
0.0292 1.6845 1.5866
0.0292 1.6845 1.6858
0.0292 1.6845 1.7849
0.0292 1.6845 1.8841
0.0292 1.6845 1.9833
0.0292 1.6845 2.0824
0.0292 1.6845 2.1816
0.0292 1.6845 2.2807
0.0292 1.6845 2.3799
0.0292 1.6845 2.4791
0.0292 1.6845 2.5782
0.0292 1.6845 2.6774
0.0292 1.6845 2.7765
0.0292 1.6845 2.8757
0.0292 1.6845 2.9749
0.0292 1.6845 3.0740
0.0292 1.6845 3.1732
0.0292 1.6845 3.2724
0.1000 -2.7000 0.0000
0.1000 -2.7000 0.1000
0.1000 -2.7000 0.2000
0.1000 -2.7000 0.3000
0.1000 -2.7000 0.4000
0.1000 -2.7000 0.5000
0.1000 -2.7000 0.6000
0.1000 -2.7000 0.7000
0.1000 -2.7000 0.8000
0.1000 -2.7000 0.9000
0.1000 -2.7000 1.0000
0.1000 -2.7000 1.1000
0.1000 -2.7000 1.2000
0.1000 -2.7000 1.3000
0.1000 -2.7000 1.4000
0.1000 -2.7000 1.5000
0.1000 -2.7000 1.6000
0.1000 -2.7000 1.7000
0.1000 -2.7000 1.8000
0.1000 -2.7000 1.9000
0.1000 -2.7000 2.0000
0.1000 -2.7000 2.1000
0.1000 -2.7000 2.2000
0.1000 -2.7000 2.3000
0.1000 -2.7000 2.4000
0.1000 -2.7000 2.5000
0.1000 -2.7000 2.6000
0.1000 -2.7000 2.7000
0.1000 -2.7000 2.8000
0.1000 -2.7000 2.9000
0.1000 -2.7000 3.0000
0.1000 -2.7000 3.1000
0.1000 -2.7000 3.2000
0.1000 -2.7000 3.3000
0.1000 -2.7000 3.4000
0.1000 -2.7000 3.5000
0.1000 -2.6000 0.0000
0.1000 -2.6000 3.5000
0.1000 -2.5000 0.0000
0.1000 -2.5000 0.1000
0.1000 -2.5000 0.2000
0.1000 -2.5000 0.3000
0.1000 -2.5000 0.4000
0.1000 -2.5000 0.5000
0.1000 -2.5000 0.6000
0.1000 -2.5000 0.7000
0.1000 -2.5000 0.8000
0.1000 -2.5000 0.9000
0.1000 -2.5000 1.0000
0.1000 -2.5000 1.1000
0.1000 -2.5000 1.2000
0.1000 -2.5000 1.3000
0.1000 -2.5000 1.4000
0.1000 -2.5000 1.5000
0.1000 -2.5000 1.6000
0.1000 -2.5000 1.7000
0.1000 -2.5000 1.8000
0.1000 -2.5000 1.9000
0.1000 -2.5000 2.0000
0.1000 -2.5000 2.1000
0.1000 -2.5000 2.2000
0.1000 -2.5000 2.3000
0.1000 -2.5000 2.4000
0.1000 -2.5000 2.5000
0.1000 -2.5000 2.6000
0.1000 -2.5000 2.7000
0.1000 -2.5000 2.8000
0.1000 -2.5000 2.9000
0.1000 -2.5000 3.0000
0.1000 -2.5000 3.1000
0.1000 -2.5000 3.2000
0.1000 -2.5000 3.3000
0.1000 -2.5000 3.4000
0.1000 -2.5000 3.5000
0.1000 2.5000 0.0000
0.1000 2.5000 0.1000
0.1000 2.5000 0.2000
0.1000 2.5000 0.3000
0.1000 2.5000 0.4000
0.1000 2.5000 0.5000
0.1000 2.5000 0.6000
0.1000 2.5000 0.7000
0.1000 2.5000 0.8000
0.1000 2.5000 0.9000
0.1000 2.5000 1.0000
0.1000 2.5000 1.1000
0.1000 2.5000 1.2000
0.1000 2.5000 1.3000
0.1000 2.5000 1.4000
0.1000 2.5000 1.5000
0.1000 2.5000 1.6000
0.1000 2.5000 1.7000
0.1000 2.5000 1.8000
0.1000 2.5000 1.9000
0.1000 2.5000 2.0000
0.1000 2.5000 2.1000
0.1000 2.5000 2.2000
0.1000 2.5000 2.3000
0.1000 2.5000 2.4000
0.1000 2.5000 2.5000
0.1000 2.5000 2.6000
0.1000 2.5000 2.7000
0.1000 2.5000 2.8000
0.1000 2.5000 2.9000
0.1000 2.5000 3.0000
0.1000 2.5000 3.1000
0.1000 2.5000 3.2000
0.1000 2.5000 3.3000
0.1000 2.5000 3.4000
0.1000 2.5000 3.5000
0.1000 2.6000 0.0000
0.1000 2.6000 3.5000
0.1000 2.7000 0.0000
0.1000 2.7000 0.1000
0.1000 2.7000 0.2000
0.1000 2.7000 0.3000
0.1000 2.7000 0.4000
0.1000 2.7000 0.5000
0.1000 2.7000 0.6000
0.1000 2.7000 0.7000
0.1000 2.7000 0.8000
0.1000 2.7000 0.9000
0.1000 2.7000 1.0000
0.1000 2.7000 1.1000
0.1000 2.7000 1.2000
0.1000 2.7000 1.3000
0.1000 2.7000 1.4000
0.1000 2.7000 1.5000
0.1000 2.7000 1.6000
0.1000 2.7000 1.7000
0.1000 2.7000 1.8000
0.1000 2.7000 1.9000
0.1000 2.7000 2.0000
0.1000 2.7000 2.1000
0.1000 2.7000 2.2000
0.1000 2.7000 2.3000
0.1000 2.7000 2.4000
0.1000 2.7000 2.5000
0.1000 2.7000 2.6000
0.1000 2.7000 2.7000
0.1000 2.7000 2.8000
0.1000 2.7000 2.9000
0.1000 2.7000 3.0000
0.1000 2.7000 3.1000
0.1000 2.7000 3.2000
0.1000 2.7000 3.3000
0.1000 2.7000 3.4000
0.1000 2.7000 3.5000
0.1246 1.1125 0.0001
0.1246 1.1125 0.0992
0.1246 1.1125 0.1984
0.1246 1.1125 0.2975
0.1246 1.1125 0.3967
0.1246 1.1125 0.4959
0.1246 1.1125 0.5950
0.1246 1.1125 0.6942
0.1246 1.1125 0.7933
0.1246 1.1125 0.8925
0.1246 1.1125 0.9917
0.1246 1.1125 1.0908
0.1246 1.1125 1.1900
0.1246 1.1125 1.2891
0.1246 1.1125 1.3883
0.1246 1.1125 1.4875
0.1246 1.1125 1.5866
0.1246 1.1125 1.6858
0.1246 1.1125 1.7849
0.1246 1.1125 1.8841
0.1246 1.1125 1.9833
0.1246 1.1125 2.0824
0.1246 1.1125 2.1816
0.1246 1.1125 2.2807
0.1246 1.1125 2.3799
0.1246 1.1125 2.4791
0.1246 1.1125 2.5782
0.1246 1.1125 2.6774
0.1246 1.1125 2.7765
0.1246 1.1125 2.8757
0.1246 1.1125 2.9749
0.1246 1.1125 3.0740
0.1246 1.1125 3.1732
0.1246 1.1125 3.2724
0.1246 1.2078 0.0001
0.1246 1.2078 3.2724
0.1246 1.3032 0.0001
0.1246 1.3032 3.2724
0.1246 1.3985 0.0001
0.1246 1.3985 3.2724
0.1246 1.4938 0.0001
0.1246 1.4938 3.2724
0.1246 1.5892 0.0001
0.1246 1.5892 3.2724
0.1246 1.6845 0.0001
0.1246 1.6845 0.0992
0.1246 1.6845 0.1984
0.1246 1.6845 0.2975
0.1246 1.6845 0.3967
0.1246 1.6845 0.4959
0.1246 1.6845 0.5950
0.1246 1.6845 0.6942
0.1246 1.6845 0.7933
0.1246 1.6845 0.8925
0.1246 1.6845 0.9917
0.1246 1.6845 1.0908
0.1246 1.6845 1.1900
0.1246 1.6845 1.2891
0.1246 1.6845 1.3883
0.1246 1.6845 1.4875
0.1246 1.6845 1.5866
0.1246 1.6845 1.6858
0.1246 1.6845 1.7849
0.1246 1.6845 1.8841
0.1246 1.6845 1.9833
0.1246 1.6845 2.0824
0.1246 1.6845 2.1816
0.1246 1.6845 2.2807
0.1246 1.6845 2.3799
0.1246 1.6845 2.4791
0.1246 1.6845 2.5782
0.1246 1.6845 2.6774
0.1246 1.6845 2.7765
0.1246 1.6845 2.8757
0.1246 1.6845 2.9749
0.1246 1.6845 3.0740
0.1246 1.6845 3.1732
0.1246 1.6845 3.2724
0.2000 -2.7000 0.0000
0.2000 -2.7000 0.1000
0.2000 -2.7000 0.2000
0.2000 -2.7000 0.3000
0.2000 -2.7000 0.4000
0.2000 -2.7000 0.5000
0.2000 -2.7000 0.6000
0.2000 -2.7000 0.7000
0.2000 -2.7000 0.8000
0.2000 -2.7000 0.9000
0.2000 -2.7000 1.0000
0.2000 -2.7000 1.1000
0.2000 -2.7000 1.2000
0.2000 -2.7000 1.3000
0.2000 -2.7000 1.4000
0.2000 -2.7000 1.5000
0.2000 -2.7000 1.6000
0.2000 -2.7000 1.7000
0.2000 -2.7000 1.8000
0.2000 -2.7000 1.9000
0.2000 -2.7000 2.0000
0.2000 -2.7000 2.1000
0.2000 -2.7000 2.2000
0.2000 -2.7000 2.3000
0.2000 -2.7000 2.4000
0.2000 -2.7000 2.5000
0.2000 -2.7000 2.6000
0.2000 -2.7000 2.7000
0.2000 -2.7000 2.8000
0.2000 -2.7000 2.9000
0.2000 -2.7000 3.0000
0.2000 -2.7000 3.1000
0.2000 -2.7000 3.2000
0.2000 -2.7000 3.3000
0.2000 -2.7000 3.4000
0.2000 -2.7000 3.5000
0.2000 -2.6000 0.0000
0.2000 -2.6000 3.5000
0.2000 -2.5000 0.0000
0.2000 -2.5000 0.1000
0.2000 -2.5000 0.2000
0.2000 -2.5000 0.3000
0.2000 -2.5000 0.4000
0.2000 -2.5000 0.5000
0.2000 -2.5000 0.6000
0.2000 -2.5000 0.7000
0.2000 -2.5000 0.8000
0.2000 -2.5000 0.9000
0.2000 -2.5000 1.0000
0.2000 -2.5000 1.1000
0.2000 -2.5000 1.2000
0.2000 -2.5000 1.3000
0.2000 -2.5000 1.4000
0.2000 -2.5000 1.5000
0.2000 -2.5000 1.6000
0.2000 -2.5000 1.7000
0.2000 -2.5000 1.8000
0.2000 -2.5000 1.9000
0.2000 -2.5000 2.0000
0.2000 -2.5000 2.1000
0.2000 -2.5000 2.2000
0.2000 -2.5000 2.3000
0.2000 -2.5000 2.4000
0.2000 -2.5000 2.5000
0.2000 -2.5000 2.6000
0.2000 -2.5000 2.7000
0.2000 -2.5000 2.8000
0.2000 -2.5000 2.9000
0.2000 -2.5000 3.0000
0.2000 -2.5000 3.1000
0.2000 -2.5000 3.2000
0.2000 -2.5000 3.3000
0.2000 -2.5000 3.4000
0.2000 -2.5000 3.5000
0.2000 2.5000 0.0000
0.2000 2.5000 0.1000
0.2000 2.5000 0.2000
0.2000 2.5000 0.3000
0.2000 2.5000 0.4000
0.2000 2.5000 0.5000
0.2000 2.5000 0.6000
0.2000 2.5000 0.7000
0.2000 2.5000 0.8000
0.2000 2.5000 0.9000
0.2000 2.5000 1.0000
0.2000 2.5000 1.1000
0.2000 2.5000 1.2000
0.2000 2.5000 1.3000
0.2000 2.5000 1.4000
0.2000 2.5000 1.5000
0.2000 2.5000 1.6000
0.2000 2.5000 1.7000
0.2000 2.5000 1.8000
0.2000 2.5000 1.9000
0.2000 2.5000 2.0000
0.2000 2.5000 2.1000
0.2000 2.5000 2.2000
0.2000 2.5000 2.3000
0.2000 2.5000 2.4000
0.2000 2.5000 2.5000
0.2000 2.5000 2.6000
0.2000 2.5000 2.7000
0.2000 2.5000 2.8000
0.2000 2.5000 2.9000
0.2000 2.5000 3.0000
0.2000 2.5000 3.1000
0.2000 2.5000 3.2000
0.2000 2.5000 3.3000
0.2000 2.5000 3.4000
0.2000 2.5000 3.5000
0.2000 2.6000 0.0000
0.2000 2.6000 3.5000
0.2000 2.7000 0.0000
0.2000 2.7000 0.1000
0.2000 2.7000 0.2000
0.2000 2.7000 0.3000
0.2000 2.7000 0.4000
0.2000 2.7000 0.5000
0.2000 2.7000 0.6000
0.2000 2.7000 0.7000
0.2000 2.7000 0.8000
0.2000 2.7000 0.9000
0.2000 2.7000 1.0000
0.2000 2.7000 1.1000
0.2000 2.7000 1.2000
0.2000 2.7000 1.3000
0.2000 2.7000 1.4000
0.2000 2.7000 1.5000
0.2000 2.7000 1.6000
0.2000 2.7000 1.7000
0.2000 2.7000 1.8000
0.2000 2.7000 1.9000
0.2000 2.7000 2.0000
0.2000 2.7000 2.1000
0.2000 2.7000 2.2000
0.2000 2.7000 2.3000
0.2000 2.7000 2.4000
0.2000 2.7000 2.5000
0.2000 2.7000 2.6000
0.2000 2.7000 2.7000
0.2000 2.7000 2.8000
0.2000 2.7000 2.9000
0.2000 2.7000 3.0000
0.2000 2.7000 3.1000
0.2000 2.7000 3.2000
0.2000 2.7000 3.3000
0.2000 2.7000 3.4000
0.2000 2.7000 3.5000
0.2199 1.1125 0.0001
0.2199 1.1125 0.0992
0.2199 1.1125 0.1984
0.2199 1.1125 0.2975
0.2199 1.1125 0.3967
0.2199 1.1125 0.4959
0.2199 1.1125 0.5950
0.2199 1.1125 0.6942
0.2199 1.1125 0.7933
0.2199 1.1125 0.8925
0.2199 1.1125 0.9917
0.2199 1.1125 1.0908
0.2199 1.1125 1.1900
0.2199 1.1125 1.2891
0.2199 1.1125 1.3883
0.2199 1.1125 1.4875
0.2199 1.1125 1.5866
0.2199 1.1125 1.6858
0.2199 1.1125 1.7849
0.2199 1.1125 1.8841
0.2199 1.1125 1.9833
0.2199 1.1125 2.0824
0.2199 1.1125 2.1816
0.2199 1.1125 2.2807
0.2199 1.1125 2.3799
0.2199 1.1125 2.4791
0.2199 1.1125 2.5782
0.2199 1.1125 2.6774
0.2199 1.1125 2.7765
0.2199 1.1125 2.8757
0.2199 1.1125 2.9749
0.2199 1.1125 3.0740
0.2199 1.1125 3.1732
0.2199 1.1125 3.2724
0.2199 1.2078 0.0001
0.2199 1.2078 3.2724
0.2199 1.3032 0.0001
0.2199 1.3032 3.2724
0.2199 1.3985 0.0001
0.2199 1.3985 3.2724
0.2199 1.4938 0.0001
0.2199 1.4938 3.2724
0.2199 1.5892 0.0001
0.2199 1.5892 3.2724
0.2199 1.6845 0.0001
0.2199 1.6845 0.0992
0.2199 1.6845 0.1984
0.2199 1.6845 0.2975
0.2199 1.6845 0.3967
0.2199 1.6845 0.4959
0.2199 1.6845 0.5950
0.2199 1.6845 0.6942
0.2199 1.6845 0.7933
0.2199 1.6845 0.8925
0.2199 1.6845 0.9917
0.2199 1.6845 1.0908
0.2199 1.6845 1.1900
0.2199 1.6845 1.2891
0.2199 1.6845 1.3883
0.2199 1.6845 1.4875
0.2199 1.6845 1.5866
0.2199 1.6845 1.6858
0.2199 1.6845 1.7849
0.2199 1.6845 1.8841
0.2199 1.6845 1.9833
0.2199 1.6845 2.0824
0.2199 1.6845 2.1816
0.2199 1.6845 2.2807
0.2199 1.6845 2.3799
0.2199 1.6845 2.4791
0.2199 1.6845 2.5782
0.2199 1.6845 2.6774
0.2199 1.6845 2.7765
0.2199 1.6845 2.8757
0.2199 1.6845 2.9749
0.2199 1.6845 3.0740
0.2199 1.6845 3.1732
0.2199 1.6845 3.2724
0.2763 -0.7472 0.0000
0.2763 -0.7472 0.0996
0.2763 -0.7472 0.1991
0.2763 -0.7472 0.2987
0.2763 -0.7472 0.3982
0.2763 -0.7472 0.4977
0.2763 -0.7472 0.5973
0.2763 -0.7472 0.6968
0.2763 -0.7472 0.7964
0.2763 -0.7472 0.8959
0.2763 -0.7472 0.9954
0.2763 -0.7472 1.0950
0.2763 -0.7472 1.1945
0.2763 -0.7472 1.2940
0.2763 -0.7472 1.3936
0.2763 -0.7472 1.4931
0.2763 -0.7472 1.5927
0.2763 -0.7472 1.6922
0.2763 -0.7472 1.7917
0.2763 -0.7472 1.8913
0.2763 -0.7472 1.9908
0.2763 -0.7472 2.0904
0.2763 -0.7472 2.1899
0.2763 -0.7472 2.2894
0.2763 -0.7472 2.3890
0.2763 -0.7472 2.4885
0.2763 -0.7472 2.5880
0.2763 -0.7472 2.6876
0.2763 -0.7472 2.7871
0.2763 -0.7472 2.8867
0.2763 -0.7472 2.9862
0.2763 -0.7472 3.0857
0.2763 -0.7472 3.1853
0.2763 -0.7472 3.2848
0.2763 -0.7472 3.3843
0.2763 -0.6518 0.0000
0.2763 -0.6518 0.0996
0.2763 -0.6518 0.1991
0.2763 -0.6518 0.2987
0.2763 -0.6518 0.3982
0.2763 -0.6518 0.4977
0.2763 -0.6518 0.5973
0.2763 -0.6518 0.6968
0.2763 -0.6518 0.7964
0.2763 -0.6518 0.8959
0.2763 -0.6518 0.9954
0.2763 -0.6518 1.0950
0.2763 -0.6518 1.1945
0.2763 -0.6518 1.2940
0.2763 -0.6518 1.3936
0.2763 -0.6518 1.4931
0.2763 -0.6518 1.5927
0.2763 -0.6518 1.6922
0.2763 -0.6518 1.7917
0.2763 -0.6518 1.8913
0.2763 -0.6518 1.9908
0.2763 -0.6518 2.0904
0.2763 -0.6518 2.1899
0.2763 -0.6518 2.2894
0.2763 -0.6518 2.3890
0.2763 -0.6518 2.4885
0.2763 -0.6518 2.5880
0.2763 -0.6518 2.6876
0.2763 -0.6518 2.7871
0.2763 -0.6518 2.8867
0.2763 -0.6518 2.9862
0.2763 -0.6518 3.0857
0.2763 -0.6518 3.1853
0.2763 -0.6518 3.2848
0.2763 -0.6518 3.3843
0.2763 -0.5563 0.0000
0.2763 -0.5563 0.0996
0.2763 -0.5563 0.1991
0.2763 -0.5563 0.2987
0.2763 -0.5563 0.3982
0.2763 -0.5563 0.4977
0.2763 -0.5563 0.5973
0.2763 -0.5563 0.6968
0.2763 -0.5563 0.7964
0.2763 -0.5563 0.8959
0.2763 -0.5563 0.9954
0.2763 -0.5563 1.0950
0.2763 -0.5563 1.1945
0.2763 -0.5563 1.2940
0.2763 -0.5563 1.3936
0.2763 -0.5563 1.4931
0.2763 -0.5563 1.5927
0.2763 -0.5563 1.6922
0.2763 -0.5563 1.7917
0.2763 -0.5563 1.8913
0.2763 -0.5563 1.9908
0.2763 -0.5563 2.0904
0.2763 -0.5563 2.1899
0.2763 -0.5563 2.2894
0.2763 -0.5563 2.3890
0.2763 -0.5563 2.4885
0.2763 -0.5563 2.5880
0.2763 -0.5563 2.6876
0.2763 -0.5563 2.7871
0.2763 -0.5563 2.8867
0.2763 -0.5563 2.9862
0.2763 -0.5563 3.0857
0.2763 -0.5563 3.1853
0.2763 -0.5563 3.2848
0.2763 -0.5563 3.3843
0.2763 -0.4609 0.0000
0.2763 -0.4609 0.0996
0.2763 -0.4609 0.1991
0.2763 -0.4609 0.2987
0.2763 -0.4609 0.3982
0.2763 -0.4609 0.4977
0.2763 -0.4609 0.5973
0.2763 -0.4609 0.6968
0.2763 -0.4609 0.7964
0.2763 -0.4609 0.8959
0.2763 -0.4609 0.9954
0.2763 -0.4609 1.0950
0.2763 -0.4609 1.1945
0.2763 -0.4609 1.2940
0.2763 -0.4609 1.3936
0.2763 -0.4609 1.4931
0.2763 -0.4609 1.5927
0.2763 -0.4609 1.6922
0.2763 -0.4609 1.7917
0.2763 -0.4609 1.8913
0.2763 -0.4609 1.9908
0.2763 -0.4609 2.0904
0.2763 -0.4609 2.1899
0.2763 -0.4609 2.2894
0.2763 -0.4609 2.3890
0.2763 -0.4609 2.4885
0.2763 -0.4609 2.5880
0.2763 -0.4609 2.6876
0.2763 -0.4609 2.7871
0.2763 -0.4609 2.8867
0.2763 -0.4609 2.9862
0.2763 -0.4609 3.0857
0.2763 -0.4609 3.1853
0.2763 -0.4609 3.2848
0.2763 -0.4609 3.3843
0.2763 -0.3654 0.0000
0.2763 -0.3654 0.0996
0.2763 -0.3654 0.1991
0.2763 -0.3654 0.2987
0.2763 -0.3654 0.3982
0.2763 -0.3654 0.4977
0.2763 -0.3654 0.5973
0.2763 -0.3654 0.6968
0.2763 -0.3654 0.7964
0.2763 -0.3654 0.8959
0.2763 -0.3654 0.9954
0.2763 -0.3654 1.0950
0.2763 -0.3654 1.1945
0.2763 -0.3654 1.2940
0.2763 -0.3654 1.3936
0.2763 -0.3654 1.4931
0.2763 -0.3654 1.5927
0.2763 -0.3654 1.6922
0.2763 -0.3654 1.7917
0.2763 -0.3654 1.8913
0.2763 -0.3654 1.9908
0.2763 -0.3654 2.0904
0.2763 -0.3654 2.1899
0.2763 -0.3654 2.2894
0.2763 -0.3654 2.3890
0.2763 -0.3654 2.4885
0.2763 -0.3654 2.5880
0.2763 -0.3654 2.6876
0.2763 -0.3654 2.7871
0.2763 -0.3654 2.8867
0.2763 -0.3654 2.9862
0.2763 -0.3654 3.0857
0.2763 -0.3654 3.1853
0.2763 -0.3654 3.2848
0.2763 -0.3654 3.3843
0.2763 -0.2699 0.0000
0.2763 -0.2699 0.0996
0.2763 -0.2699 0.1991
0.2763 -0.2699 0.2987
0.2763 -0.2699 0.3982
0.2763 -0.2699 0.4977
0.2763 -0.2699 0.5973
0.2763 -0.2699 0.6968
0.2763 -0.2699 0.7964
0.2763 -0.2699 0.8959
0.2763 -0.2699 0.9954
0.2763 -0.2699 1.0950
0.2763 -0.2699 1.1945
0.2763 -0.2699 1.2940
0.2763 -0.2699 1.3936
0.2763 -0.2699 1.4931
0.2763 -0.2699 1.5927
0.2763 -0.2699 1.6922
0.2763 -0.2699 1.7917
0.2763 -0.2699 1.8913
0.2763 -0.2699 1.9908
0.2763 -0.2699 2.0904
0.2763 -0.2699 2.1899
0.2763 -0.2699 2.2894
0.2763 -0.2699 2.3890
0.2763 -0.2699 2.4885
0.2763 -0.2699 2.5880
0.2763 -0.2699 2.6876
0.2763 -0.2699 2.7871
0.2763 -0.2699 2.8867
0.2763 -0.2699 2.9862
0.2763 -0.2699 3.0857
0.2763 -0.2699 3.1853
0.2763 -0.2699 3.2848
0.2763 -0.2699 3.3843
0.2763 -0.1745 0.0000
0.2763 -0.1745 0.0996
0.2763 -0.1745 0.1991
0.2763 -0.1745 0.2987
0.2763 -0.1745 0.3982
0.2763 -0.1745 0.4977
0.2763 -0.1745 0.5973
0.2763 -0.1745 0.6968
0.2763 -0.1745 0.7964
0.2763 -0.1745 0.8959
0.2763 -0.1745 0.9954
0.2763 -0.1745 1.0950
0.2763 -0.1745 1.1945
0.2763 -0.1745 1.2940
0.2763 -0.1745 1.3936
0.2763 -0.1745 1.4931
0.2763 -0.1745 1.5927
0.2763 -0.1745 1.6922
0.2763 -0.1745 1.7917
0.2763 -0.1745 1.8913
0.2763 -0.1745 1.9908
0.2763 -0.1745 2.0904
0.2763 -0.1745 2.1899
0.2763 -0.1745 2.2894
0.2763 -0.1745 2.3890
0.2763 -0.1745 2.4885
0.2763 -0.1745 2.5880
0.2763 -0.1745 2.6876
0.2763 -0.1745 2.7871
0.2763 -0.1745 2.8867
0.2763 -0.1745 2.9862
0.2763 -0.1745 3.0857
0.2763 -0.1745 3.1853
0.2763 -0.1745 3.2848
0.2763 -0.1745 3.3843
0.2763 -0.0790 0.0000
0.2763 -0.0790 0.0996
0.2763 -0.0790 0.1991
0.2763 -0.0790 0.2987
0.2763 -0.0790 0.3982
0.2763 -0.0790 0.4977
0.2763 -0.0790 0.5973
0.2763 -0.0790 0.6968
0.2763 -0.0790 0.7964
0.2763 -0.0790 0.8959
0.2763 -0.0790 0.9954
0.2763 -0.0790 1.0950
0.2763 -0.0790 1.1945
0.2763 -0.0790 1.2940
0.2763 -0.0790 1.3936
0.2763 -0.0790 1.4931
0.2763 -0.0790 1.5927
0.2763 -0.0790 1.6922
0.2763 -0.0790 1.7917
0.2763 -0.0790 1.8913
0.2763 -0.0790 1.9908
0.2763 -0.0790 2.0904
0.2763 -0.0790 2.1899
0.2763 -0.0790 2.2894
0.2763 -0.0790 2.3890
0.2763 -0.0790 2.4885
0.2763 -0.0790 2.5880
0.2763 -0.0790 2.6876
0.2763 -0.0790 2.7871
0.2763 -0.0790 2.8867
0.2763 -0.0790 2.9862
0.2763 -0.0790 3.0857
0.2763 -0.0790 3.1853
0.2763 -0.0790 3.2848
0.2763 -0.0790 3.3843
0.2763 0.0165 0.0000
0.2763 0.0165 0.0996
0.2763 0.0165 0.1991
0.2763 0.0165 0.2987
0.2763 0.0165 0.3982
0.2763 0.0165 0.4977
0.2763 0.0165 0.5973
0.2763 0.0165 0.6968
0.2763 0.0165 0.7964
0.2763 0.0165 0.8959
0.2763 0.0165 0.9954
0.2763 0.0165 1.0950
0.2763 0.0165 1.1945
0.2763 0.0165 1.2940
0.2763 0.0165 1.3936
0.2763 0.0165 1.4931
0.2763 0.0165 1.5927
0.2763 0.0165 1.6922
0.2763 0.0165 1.7917
0.2763 0.0165 1.8913
0.2763 0.0165 1.9908
0.2763 0.0165 2.0904
0.2763 0.0165 2.1899
0.2763 0.0165 2.2894
0.2763 0.0165 2.3890
0.2763 0.0165 2.4885
0.2763 0.0165 2.5880
0.2763 0.0165 2.6876
0.2763 0.0165 2.7871
0.2763 0.0165 2.8867
0.2763 0.0165 2.9862
0.2763 0.0165 3.0857
0.2763 0.0165 3.1853
0.2763 0.0165 3.2848
0.2763 0.0165 3.3843
0.3000 -2.7000 0.0000
0.3000 -2.7000 0.1000
0.3000 -2.7000 0.2000
0.3000 -2.7000 0.3000
0.3000 -2.7000 0.4000
0.3000 -2.7000 0.5000
0.3000 -2.7000 0.6000
0.3000 -2.7000 0.7000
0.3000 -2.7000 0.8000
0.3000 -2.7000 0.9000
0.3000 -2.7000 1.0000
0.3000 -2.7000 1.1000
0.3000 -2.7000 1.2000
0.3000 -2.7000 1.3000
0.3000 -2.7000 1.4000
0.3000 -2.7000 1.5000
0.3000 -2.7000 1.6000
0.3000 -2.7000 1.7000
0.3000 -2.7000 1.8000
0.3000 -2.7000 1.9000
0.3000 -2.7000 2.0000
0.3000 -2.7000 2.1000
0.3000 -2.7000 2.2000
0.3000 -2.7000 2.3000
0.3000 -2.7000 2.4000
0.3000 -2.7000 2.5000
0.3000 -2.7000 2.6000
0.3000 -2.7000 2.7000
0.3000 -2.7000 2.8000
0.3000 -2.7000 2.9000
0.3000 -2.7000 3.0000
0.3000 -2.7000 3.1000
0.3000 -2.7000 3.2000
0.3000 -2.7000 3.3000
0.3000 -2.7000 3.4000
0.3000 -2.7000 3.5000
0.3000 -2.6000 0.0000
0.3000 -2.6000 3.5000
0.3000 -2.5000 0.0000
0.3000 -2.5000 0.1000
0.3000 -2.5000 0.2000
0.3000 -2.5000 0.3000
0.3000 -2.5000 0.4000
0.3000 -2.5000 0.5000
0.3000 -2.5000 0.6000
0.3000 -2.5000 0.7000
0.3000 -2.5000 0.8000
0.3000 -2.5000 0.9000
0.3000 -2.5000 1.0000
0.3000 -2.5000 1.1000
0.3000 -2.5000 1.2000
0.3000 -2.5000 1.3000
0.3000 -2.5000 1.4000
0.3000 -2.5000 1.5000
0.3000 -2.5000 1.6000
0.3000 -2.5000 1.7000
0.3000 -2.5000 1.8000
0.3000 -2.5000 1.9000
0.3000 -2.5000 2.0000
0.3000 -2.5000 2.1000
0.3000 -2.5000 2.2000
0.3000 -2.5000 2.3000
0.3000 -2.5000 2.4000
0.3000 -2.5000 2.5000
0.3000 -2.5000 2.6000
0.3000 -2.5000 2.7000
0.3000 -2.5000 2.8000
0.3000 -2.5000 2.9000
0.3000 -2.5000 3.0000
0.3000 -2.5000 3.1000
0.3000 -2.5000 3.2000
0.3000 -2.5000 3.3000
0.3000 -2.5000 3.4000
0.3000 -2.5000 3.5000
0.3000 2.5000 0.0000
0.3000 2.5000 0.1000
0.3000 2.5000 0.2000
0.3000 2.5000 0.3000
0.3000 2.5000 0.4000
0.3000 2.5000 0.5000
0.3000 2.5000 0.6000
0.3000 2.5000 0.7000
0.3000 2.5000 0.8000
0.3000 2.5000 0.9000
0.3000 2.5000 1.0000
0.3000 2.5000 1.1000
0.3000 2.5000 1.2000
0.3000 2.5000 1.3000
0.3000 2.5000 1.4000
0.3000 2.5000 1.5000
0.3000 2.5000 1.6000
0.3000 2.5000 1.7000
0.3000 2.5000 1.8000
0.3000 2.5000 1.9000
0.3000 2.5000 2.0000
0.3000 2.5000 2.1000
0.3000 2.5000 2.2000
0.3000 2.5000 2.3000
0.3000 2.5000 2.4000
0.3000 2.5000 2.5000
0.3000 2.5000 2.6000
0.3000 2.5000 2.7000
0.3000 2.5000 2.8000
0.3000 2.5000 2.9000
0.3000 2.5000 3.0000
0.3000 2.5000 3.1000
0.3000 2.5000 3.2000
0.3000 2.5000 3.3000
0.3000 2.5000 3.4000
0.3000 2.5000 3.5000
0.3000 2.6000 0.0000
0.3000 2.6000 3.5000
0.3000 2.7000 0.0000
0.3000 2.7000 0.1000
0.3000 2.7000 0.2000
0.3000 2.7000 0.3000
0.3000 2.7000 0.4000
0.3000 2.7000 0.5000
0.3000 2.7000 0.6000
0.3000 2.7000 0.7000
0.3000 2.7000 0.8000
0.3000 2.7000 0.9000
0.3000 2.7000 1.0000
0.3000 2.7000 1.1000
0.3000 2.7000 1.2000
0.3000 2.7000 1.3000
0.3000 2.7000 1.4000
0.3000 2.7000 1.5000
0.3000 2.7000 1.6000
0.3000 2.7000 1.7000
0.3000 2.7000 1.8000
0.3000 2.7000 1.9000
0.3000 2.7000 2.0000
0.3000 2.7000 2.1000
0.3000 2.7000 2.2000
0.3000 2.7000 2.3000
0.3000 2.7000 2.4000
0.3000 2.7000 2.5000
0.3000 2.7000 2.6000
0.3000 2.7000 2.7000
0.3000 2.7000 2.8000
0.3000 2.7000 2.9000
0.3000 2.7000 3.0000
0.3000 2.7000 3.1000
0.3000 2.7000 3.2000
0.3000 2.7000 3.3000
0.3000 2.7000 3.4000
0.3000 2.7000 3.5000
0.3152 1.1125 0.0001
0.3152 1.1125 0.0992
0.3152 1.1125 0.1984
0.3152 1.1125 0.2975
0.3152 1.1125 0.3967
0.3152 1.1125 0.4959
0.3152 1.1125 0.5950
0.3152 1.1125 0.6942
0.3152 1.1125 0.7933
0.3152 1.1125 0.8925
0.3152 1.1125 0.9917
0.3152 1.1125 1.0908
0.3152 1.1125 1.1900
0.3152 1.1125 1.2891
0.3152 1.1125 1.3883
0.3152 1.1125 1.4875
0.3152 1.1125 1.5866
0.3152 1.1125 1.6858
0.3152 1.1125 1.7849
0.3152 1.1125 1.8841
0.3152 1.1125 1.9833
0.3152 1.1125 2.0824
0.3152 1.1125 2.1816
0.3152 1.1125 2.2807
0.3152 1.1125 2.3799
0.3152 1.1125 2.4791
0.3152 1.1125 2.5782
0.3152 1.1125 2.6774
0.3152 1.1125 2.7765
0.3152 1.1125 2.8757
0.3152 1.1125 2.9749
0.3152 1.1125 3.0740
0.3152 1.1125 3.1732
0.3152 1.1125 3.2724
0.3152 1.2078 0.0001
0.3152 1.2078 3.2724
0.3152 1.3032 0.0001
0.3152 1.3032 3.2724
0.3152 1.3985 0.0001
0.3152 1.3985 3.2724
0.3152 1.4938 0.0001
0.3152 1.4938 3.2724
0.3152 1.5892 0.0001
0.3152 1.5892 3.2724
0.3152 1.6845 0.0001
0.3152 1.6845 0.0992
0.3152 1.6845 0.1984
0.3152 1.6845 0.2975
0.3152 1.6845 0.3967
0.3152 1.6845 0.4959
0.3152 1.6845 0.5950
0.3152 1.6845 0.6942
0.3152 1.6845 0.7933
0.3152 1.6845 0.8925
0.3152 1.6845 0.9917
0.3152 1.6845 1.0908
0.3152 1.6845 1.1900
0.3152 1.6845 1.2891
0.3152 1.6845 1.3883
0.3152 1.6845 1.4875
0.3152 1.6845 1.5866
0.3152 1.6845 1.6858
0.3152 1.6845 1.7849
0.3152 1.6845 1.8841
0.3152 1.6845 1.9833
0.3152 1.6845 2.0824
0.3152 1.6845 2.1816
0.3152 1.6845 2.2807
0.3152 1.6845 2.3799
0.3152 1.6845 2.4791
0.3152 1.6845 2.5782
0.3152 1.6845 2.6774
0.3152 1.6845 2.7765
0.3152 1.6845 2.8757
0.3152 1.6845 2.9749
0.3152 1.6845 3.0740
0.3152 1.6845 3.1732
0.3152 1.6845 3.2724
0.3718 -0.7472 0.0000
0.3718 -0.7472 0.0996
0.3718 -0.7472 0.1991
0.3718 -0.7472 0.2987
0.3718 -0.7472 0.3982
0.3718 -0.7472 0.4977
0.3718 -0.7472 0.5973
0.3718 -0.7472 0.6968
0.3718 -0.7472 0.7964
0.3718 -0.7472 0.8959
0.3718 -0.7472 0.9954
0.3718 -0.7472 1.0950
0.3718 -0.7472 1.1945
0.3718 -0.7472 1.2940
0.3718 -0.7472 1.3936
0.3718 -0.7472 1.4931
0.3718 -0.7472 1.5927
0.3718 -0.7472 1.6922
0.3718 -0.7472 1.7917
0.3718 -0.7472 1.8913
0.3718 -0.7472 1.9908
0.3718 -0.7472 2.0904
0.3718 -0.7472 2.1899
0.3718 -0.7472 2.2894
0.3718 -0.7472 2.3890
0.3718 -0.7472 2.4885
0.3718 -0.7472 2.5880
0.3718 -0.7472 2.6876
0.3718 -0.7472 2.7871
0.3718 -0.7472 2.8867
0.3718 -0.7472 2.9862
0.3718 -0.7472 3.0857
0.3718 -0.7472 3.1853
0.3718 -0.7472 3.2848
0.3718 -0.7472 3.3843
0.3718 -0.6518 0.0000
0.3718 -0.6518 3.3843
0.3718 -0.5563 0.0000
0.3718 -0.5563 3.3843
0.3718 -0.4609 0.0000
0.3718 -0.4609 3.3843
0.3718 -0.3654 0.0000
0.3718 -0.3654 3.3843
0.3718 -0.2699 0.0000
0.3718 -0.2699 3.3843
0.3718 -0.1745 0.0000
0.3718 -0.1745 3.3843
0.3718 -0.0790 0.0000
0.3718 -0.0790 3.3843
0.3718 0.0165 0.0000
0.3718 0.0165 0.0996
0.3718 0.0165 0.1991
0.3718 0.0165 0.2987
0.3718 0.0165 0.3982
0.3718 0.0165 0.4977
0.3718 0.0165 0.5973
0.3718 0.0165 0.6968
0.3718 0.0165 0.7964
0.3718 0.0165 0.8959
0.3718 0.0165 0.9954
0.3718 0.0165 1.0950
0.3718 0.0165 1.1945
0.3718 0.0165 1.2940
0.3718 0.0165 1.3936
0.3718 0.0165 1.4931
0.3718 0.0165 1.5927
0.3718 0.0165 1.6922
0.3718 0.0165 1.7917
0.3718 0.0165 1.8913
0.3718 0.0165 1.9908
0.3718 0.0165 2.0904
0.3718 0.0165 2.1899
0.3718 0.0165 2.2894
0.3718 0.0165 2.3890
0.3718 0.0165 2.4885
0.3718 0.0165 2.5880
0.3718 0.0165 2.6876
0.3718 0.0165 2.7871
0.3718 0.0165 2.8867
0.3718 0.0165 2.9862
0.3718 0.0165 3.0857
0.3718 0.0165 3.1853
0.3718 0.0165 3.2848
0.3718 0.0165 3.3843
0.4000 -2.7000 0.0000
0.4000 -2.7000 0.1000
0.4000 -2.7000 0.2000
0.4000 -2.7000 0.3000
0.4000 -2.7000 0.4000
0.4000 -2.7000 0.5000
0.4000 -2.7000 0.6000
0.4000 -2.7000 0.7000
0.4000 -2.7000 0.8000
0.4000 -2.7000 0.9000
0.4000 -2.7000 1.0000
0.4000 -2.7000 1.1000
0.4000 -2.7000 1.2000
0.4000 -2.7000 1.3000
0.4000 -2.7000 1.4000
0.4000 -2.7000 1.5000
0.4000 -2.7000 1.6000
0.4000 -2.7000 1.7000
0.4000 -2.7000 1.8000
0.4000 -2.7000 1.9000
0.4000 -2.7000 2.0000
0.4000 -2.7000 2.1000
0.4000 -2.7000 2.2000
0.4000 -2.7000 2.3000
0.4000 -2.7000 2.4000
0.4000 -2.7000 2.5000
0.4000 -2.7000 2.6000
0.4000 -2.7000 2.7000
0.4000 -2.7000 2.8000
0.4000 -2.7000 2.9000
0.4000 -2.7000 3.0000
0.4000 -2.7000 3.1000
0.4000 -2.7000 3.2000
0.4000 -2.7000 3.3000
0.4000 -2.7000 3.4000
0.4000 -2.7000 3.5000
0.4000 -2.6000 0.0000
0.4000 -2.6000 3.5000
0.4000 -2.5000 0.0000
0.4000 -2.5000 0.1000
0.4000 -2.5000 0.2000
0.4000 -2.5000 0.3000
0.4000 -2.5000 0.4000
0.4000 -2.5000 0.5000
0.4000 -2.5000 0.6000
0.4000 -2.5000 0.7000
0.4000 -2.5000 0.8000
0.4000 -2.5000 0.9000
0.4000 -2.5000 1.0000
0.4000 -2.5000 1.1000
0.4000 -2.5000 1.2000
0.4000 -2.5000 1.3000
0.4000 -2.5000 1.4000
0.4000 -2.5000 1.5000
0.4000 -2.5000 1.6000
0.4000 -2.5000 1.7000
0.4000 -2.5000 1.8000
0.4000 -2.5000 1.9000
0.4000 -2.5000 2.0000
0.4000 -2.5000 2.1000
0.4000 -2.5000 2.2000
0.4000 -2.5000 2.3000
0.4000 -2.5000 2.4000
0.4000 -2.5000 2.5000
0.4000 -2.5000 2.6000
0.4000 -2.5000 2.7000
0.4000 -2.5000 2.8000
0.4000 -2.5000 2.9000
0.4000 -2.5000 3.0000
0.4000 -2.5000 3.1000
0.4000 -2.5000 3.2000
0.4000 -2.5000 3.3000
0.4000 -2.5000 3.4000
0.4000 -2.5000 3.5000
0.4000 2.5000 0.0000
0.4000 2.5000 0.1000
0.4000 2.5000 0.2000
0.4000 2.5000 0.3000
0.4000 2.5000 0.4000
0.4000 2.5000 0.5000
0.4000 2.5000 0.6000
0.4000 2.5000 0.7000
0.4000 2.5000 0.8000
0.4000 2.5000 0.9000
0.4000 2.5000 1.0000
0.4000 2.5000 1.1000
0.4000 2.5000 1.2000
0.4000 2.5000 1.3000
0.4000 2.5000 1.4000
0.4000 2.5000 1.5000
0.4000 2.5000 1.6000
0.4000 2.5000 1.7000
0.4000 2.5000 1.8000
0.4000 2.5000 1.9000
0.4000 2.5000 2.0000
0.4000 2.5000 2.1000
0.4000 2.5000 2.2000
0.4000 2.5000 2.3000
0.4000 2.5000 2.4000
0.4000 2.5000 2.5000
0.4000 2.5000 2.6000
0.4000 2.5000 2.7000
0.4000 2.5000 2.8000
0.4000 2.5000 2.9000
0.4000 2.5000 3.0000
0.4000 2.5000 3.1000
0.4000 2.5000 3.2000
0.4000 2.5000 3.3000
0.4000 2.5000 3.4000
0.4000 2.5000 3.5000
0.4000 2.6000 0.0000
0.4000 2.6000 3.5000
0.4000 2.7000 0.0000
0.4000 2.7000 0.1000
0.4000 2.7000 0.2000
0.4000 2.7000 0.3000
0.4000 2.7000 0.4000
0.4000 2.7000 0.5000
0.4000 2.7000 0.6000
0.4000 2.7000 0.7000
0.4000 2.7000 0.8000
0.4000 2.7000 0.9000
0.4000 2.7000 1.0000
0.4000 2.7000 1.1000
0.4000 2.7000 1.2000
0.4000 2.7000 1.3000
0.4000 2.7000 1.4000
0.4000 2.7000 1.5000
0.4000 2.7000 1.6000
0.4000 2.7000 1.7000
0.4000 2.7000 1.8000
0.4000 2.7000 1.9000
0.4000 2.7000 2.0000
0.4000 2.7000 2.1000
0.4000 2.7000 2.2000
0.4000 2.7000 2.3000
0.4000 2.7000 2.4000
0.4000 2.7000 2.5000
0.4000 2.7000 2.6000
0.4000 2.7000 2.7000
0.4000 2.7000 2.8000
0.4000 2.7000 2.9000
0.4000 2.7000 3.0000
0.4000 2.7000 3.1000
0.4000 2.7000 3.2000
0.4000 2.7000 3.3000
0.4000 2.7000 3.4000
0.4000 2.7000 3.5000
0.4106 1.1125 0.0001
0.4106 1.1125 0.0992
0.4106 1.1125 0.1984
0.4106 1.1125 0.2975
0.4106 1.1125 0.3967
0.4106 1.1125 0.4959
0.4106 1.1125 0.5950
0.4106 1.1125 0.6942
0.4106 1.1125 0.7933
0.4106 1.1125 0.8925
0.4106 1.1125 0.9917
0.4106 1.1125 1.0908
0.4106 1.1125 1.1900
0.4106 1.1125 1.2891
0.4106 1.1125 1.3883
0.4106 1.1125 1.4875
0.4106 1.1125 1.5866
0.4106 1.1125 1.6858
0.4106 1.1125 1.7849
0.4106 1.1125 1.8841
0.4106 1.1125 1.9833
0.4106 1.1125 2.0824
0.4106 1.1125 2.1816
0.4106 1.1125 2.2807
0.4106 1.1125 2.3799
0.4106 1.1125 2.4791
0.4106 1.1125 2.5782
0.4106 1.1125 2.6774
0.4106 1.1125 2.7765
0.4106 1.1125 2.8757
0.4106 1.1125 2.9749
0.4106 1.1125 3.0740
0.4106 1.1125 3.1732
0.4106 1.1125 3.2724
0.4106 1.2078 0.0001
0.4106 1.2078 3.2724
0.4106 1.3032 0.0001
0.4106 1.3032 3.2724
0.4106 1.3985 0.0001
0.4106 1.3985 3.2724
0.4106 1.4938 0.0001
0.4106 1.4938 3.2724
0.4106 1.5892 0.0001
0.4106 1.5892 3.2724
0.4106 1.6845 0.0001
0.4106 1.6845 0.0992
0.4106 1.6845 0.1984
0.4106 1.6845 0.2975
0.4106 1.6845 0.3967
0.4106 1.6845 0.4959
0.4106 1.6845 0.5950
0.4106 1.6845 0.6942
0.4106 1.6845 0.7933
0.4106 1.6845 0.8925
0.4106 1.6845 0.9917
0.4106 1.6845 1.0908
0.4106 1.6845 1.1900
0.4106 1.6845 1.2891
0.4106 1.6845 1.3883
0.4106 1.6845 1.4875
0.4106 1.6845 1.5866
0.4106 1.6845 1.6858
0.4106 1.6845 1.7849
0.4106 1.6845 1.8841
0.4106 1.6845 1.9833
0.4106 1.6845 2.0824
0.4106 1.6845 2.1816
0.4106 1.6845 2.2807
0.4106 1.6845 2.3799
0.4106 1.6845 2.4791
0.4106 1.6845 2.5782
0.4106 1.6845 2.6774
0.4106 1.6845 2.7765
0.4106 1.6845 2.8757
0.4106 1.6845 2.9749
0.4106 1.6845 3.0740
0.4106 1.6845 3.1732
0.4106 1.6845 3.2724
0.4673 -0.7472 0.0000
0.4673 -0.7472 0.0996
0.4673 -0.7472 0.1991
0.4673 -0.7472 0.2987
0.4673 -0.7472 0.3982
0.4673 -0.7472 0.4977
0.4673 -0.7472 0.5973
0.4673 -0.7472 0.6968
0.4673 -0.7472 0.7964
0.4673 -0.7472 0.8959
0.4673 -0.7472 0.9954
0.4673 -0.7472 1.0950
0.4673 -0.7472 1.1945
0.4673 -0.7472 1.2940
0.4673 -0.7472 1.3936
0.4673 -0.7472 1.4931
0.4673 -0.7472 1.5927
0.4673 -0.7472 1.6922
0.4673 -0.7472 1.7917
0.4673 -0.7472 1.8913
0.4673 -0.7472 1.9908
0.4673 -0.7472 2.0904
0.4673 -0.7472 2.1899
0.4673 -0.7472 2.2894
0.4673 -0.7472 2.3890
0.4673 -0.7472 2.4885
0.4673 -0.7472 2.5880
0.4673 -0.7472 2.6876
0.4673 -0.7472 2.7871
0.4673 -0.7472 2.8867
0.4673 -0.7472 2.9862
0.4673 -0.7472 3.0857
0.4673 -0.7472 3.1853
0.4673 -0.7472 3.2848
0.4673 -0.7472 3.3843
0.4673 -0.6518 0.0000
0.4673 -0.6518 3.3843
0.4673 -0.5563 0.0000
0.4673 -0.5563 3.3843
0.4673 -0.4609 0.0000
0.4673 -0.4609 3.3843
0.4673 -0.3654 0.0000
0.4673 -0.3654 3.3843
0.4673 -0.2699 0.0000
0.4673 -0.2699 3.3843
0.4673 -0.1745 0.0000
0.4673 -0.1745 3.3843
0.4673 -0.0790 0.0000
0.4673 -0.0790 3.3843
0.4673 0.0165 0.0000
0.4673 0.0165 0.0996
0.4673 0.0165 0.1991
0.4673 0.0165 0.2987
0.4673 0.0165 0.3982
0.4673 0.0165 0.4977
0.4673 0.0165 0.5973
0.4673 0.0165 0.6968
0.4673 0.0165 0.7964
0.4673 0.0165 0.8959
0.4673 0.0165 0.9954
0.4673 0.0165 1.0950
0.4673 0.0165 1.1945
0.4673 0.0165 1.2940
0.4673 0.0165 1.3936
0.4673 0.0165 1.4931
0.4673 0.0165 1.5927
0.4673 0.0165 1.6922
0.4673 0.0165 1.7917
0.4673 0.0165 1.8913
0.4673 0.0165 1.9908
0.4673 0.0165 2.0904
0.4673 0.0165 2.1899
0.4673 0.0165 2.2894
0.4673 0.0165 2.3890
0.4673 0.0165 2.4885
0.4673 0.0165 2.5880
0.4673 0.0165 2.6876
0.4673 0.0165 2.7871
0.4673 0.0165 2.8867
0.4673 0.0165 2.9862
0.4673 0.0165 3.0857
0.4673 0.0165 3.1853
0.4673 0.0165 3.2848
0.4673 0.0165 3.3843
0.5000 -2.7000 0.0000
0.5000 -2.7000 0.1000
0.5000 -2.7000 0.2000
0.5000 -2.7000 0.3000
0.5000 -2.7000 0.4000
0.5000 -2.7000 0.5000
0.5000 -2.7000 0.6000
0.5000 -2.7000 0.7000
0.5000 -2.7000 0.8000
0.5000 -2.7000 0.9000
0.5000 -2.7000 1.0000
0.5000 -2.7000 1.1000
0.5000 -2.7000 1.2000
0.5000 -2.7000 1.3000
0.5000 -2.7000 1.4000
0.5000 -2.7000 1.5000
0.5000 -2.7000 1.6000
0.5000 -2.7000 1.7000
0.5000 -2.7000 1.8000
0.5000 -2.7000 1.9000
0.5000 -2.7000 2.0000
0.5000 -2.7000 2.1000
0.5000 -2.7000 2.2000
0.5000 -2.7000 2.3000
0.5000 -2.7000 2.4000
0.5000 -2.7000 2.5000
0.5000 -2.7000 2.6000
0.5000 -2.7000 2.7000
0.5000 -2.7000 2.8000
0.5000 -2.7000 2.9000
0.5000 -2.7000 3.0000
0.5000 -2.7000 3.1000
0.5000 -2.7000 3.2000
0.5000 -2.7000 3.3000
0.5000 -2.7000 3.4000
0.5000 -2.7000 3.5000
0.5000 -2.6000 0.0000
0.5000 -2.6000 3.5000
0.5000 -2.5000 0.0000
0.5000 -2.5000 0.1000
0.5000 -2.5000 0.2000
0.5000 -2.5000 0.3000
0.5000 -2.5000 0.4000
0.5000 -2.5000 0.5000
0.5000 -2.5000 0.6000
0.5000 -2.5000 0.7000
0.5000 -2.5000 0.8000
0.5000 -2.5000 0.9000
0.5000 -2.5000 1.0000
0.5000 -2.5000 1.1000
0.5000 -2.5000 1.2000
0.5000 -2.5000 1.3000
0.5000 -2.5000 1.4000
0.5000 -2.5000 1.5000
0.5000 -2.5000 1.6000
0.5000 -2.5000 1.7000
0.5000 -2.5000 1.8000
0.5000 -2.5000 1.9000
0.5000 -2.5000 2.0000
0.5000 -2.5000 2.1000
0.5000 -2.5000 2.2000
0.5000 -2.5000 2.3000
0.5000 -2.5000 2.4000
0.5000 -2.5000 2.5000
0.5000 -2.5000 2.6000
0.5000 -2.5000 2.7000
0.5000 -2.5000 2.8000
0.5000 -2.5000 2.9000
0.5000 -2.5000 3.0000
0.5000 -2.5000 3.1000
0.5000 -2.5000 3.2000
0.5000 -2.5000 3.3000
0.5000 -2.5000 3.4000
0.5000 -2.5000 3.5000
0.5000 2.5000 0.0000
0.5000 2.5000 0.1000
0.5000 2.5000 0.2000
0.5000 2.5000 0.3000
0.5000 2.5000 0.4000
0.5000 2.5000 0.5000
0.5000 2.5000 0.6000
0.5000 2.5000 0.7000
0.5000 2.5000 0.8000
0.5000 2.5000 0.9000
0.5000 2.5000 1.0000
0.5000 2.5000 1.1000
0.5000 2.5000 1.2000
0.5000 2.5000 1.3000
0.5000 2.5000 1.4000
0.5000 2.5000 1.5000
0.5000 2.5000 1.6000
0.5000 2.5000 1.7000
0.5000 2.5000 1.8000
0.5000 2.5000 1.9000
0.5000 2.5000 2.0000
0.5000 2.5000 2.1000
0.5000 2.5000 2.2000
0.5000 2.5000 2.3000
0.5000 2.5000 2.4000
0.5000 2.5000 2.5000
0.5000 2.5000 2.6000
0.5000 2.5000 2.7000
0.5000 2.5000 2.8000
0.5000 2.5000 2.9000
0.5000 2.5000 3.0000
0.5000 2.5000 3.1000
0.5000 2.5000 3.2000
0.5000 2.5000 3.3000
0.5000 2.5000 3.4000
0.5000 2.5000 3.5000
0.5000 2.6000 0.0000
0.5000 2.6000 3.5000
0.5000 2.7000 0.0000
0.5000 2.7000 0.1000
0.5000 2.7000 0.2000
0.5000 2.7000 0.3000
0.5000 2.7000 0.4000
0.5000 2.7000 0.5000
0.5000 2.7000 0.6000
0.5000 2.7000 0.7000
0.5000 2.7000 0.8000
0.5000 2.7000 0.9000
0.5000 2.7000 1.0000
0.5000 2.7000 1.1000
0.5000 2.7000 1.2000
0.5000 2.7000 1.3000
0.5000 2.7000 1.4000
0.5000 2.7000 1.5000
0.5000 2.7000 1.6000
0.5000 2.7000 1.7000
0.5000 2.7000 1.8000
0.5000 2.7000 1.9000
0.5000 2.7000 2.0000
0.5000 2.7000 2.1000
0.5000 2.7000 2.2000
0.5000 2.7000 2.3000
0.5000 2.7000 2.4000
0.5000 2.7000 2.5000
0.5000 2.7000 2.6000
0.5000 2.7000 2.7000
0.5000 2.7000 2.8000
0.5000 2.7000 2.9000
0.5000 2.7000 3.0000
0.5000 2.7000 3.1000
0.5000 2.7000 3.2000
0.5000 2.7000 3.3000
0.5000 2.7000 3.4000
0.5000 2.7000 3.5000
0.5059 1.1125 0.0001
0.5059 1.1125 0.0992
0.5059 1.1125 0.1984
0.5059 1.1125 0.2975
0.5059 1.1125 0.3967
0.5059 1.1125 0.4959
0.5059 1.1125 0.5950
0.5059 1.1125 0.6942
0.5059 1.1125 0.7933
0.5059 1.1125 0.8925
0.5059 1.1125 0.9917
0.5059 1.1125 1.0908
0.5059 1.1125 1.1900
0.5059 1.1125 1.2891
0.5059 1.1125 1.3883
0.5059 1.1125 1.4875
0.5059 1.1125 1.5866
0.5059 1.1125 1.6858
0.5059 1.1125 1.7849
0.5059 1.1125 1.8841
0.5059 1.1125 1.9833
0.5059 1.1125 2.0824
0.5059 1.1125 2.1816
0.5059 1.1125 2.2807
0.5059 1.1125 2.3799
0.5059 1.1125 2.4791
0.5059 1.1125 2.5782
0.5059 1.1125 2.6774
0.5059 1.1125 2.7765
0.5059 1.1125 2.8757
0.5059 1.1125 2.9749
0.5059 1.1125 3.0740
0.5059 1.1125 3.1732
0.5059 1.1125 3.2724
0.5059 1.2078 0.0001
0.5059 1.2078 0.0992
0.5059 1.2078 0.1984
0.5059 1.2078 0.2975
0.5059 1.2078 0.3967
0.5059 1.2078 0.4959
0.5059 1.2078 0.5950
0.5059 1.2078 0.6942
0.5059 1.2078 0.7933
0.5059 1.2078 0.8925
0.5059 1.2078 0.9917
0.5059 1.2078 1.0908
0.5059 1.2078 1.1900
0.5059 1.2078 1.2891
0.5059 1.2078 1.3883
0.5059 1.2078 1.4875
0.5059 1.2078 1.5866
0.5059 1.2078 1.6858
0.5059 1.2078 1.7849
0.5059 1.2078 1.8841
0.5059 1.2078 1.9833
0.5059 1.2078 2.0824
0.5059 1.2078 2.1816
0.5059 1.2078 2.2807
0.5059 1.2078 2.3799
0.5059 1.2078 2.4791
0.5059 1.2078 2.5782
0.5059 1.2078 2.6774
0.5059 1.2078 2.7765
0.5059 1.2078 2.8757
0.5059 1.2078 2.9749
0.5059 1.2078 3.0740
0.5059 1.2078 3.1732
0.5059 1.2078 3.2724
0.5059 1.3032 0.0001
0.5059 1.3032 0.0992
0.5059 1.3032 0.1984
0.5059 1.3032 0.2975
0.5059 1.3032 0.3967
0.5059 1.3032 0.4959
0.5059 1.3032 0.5950
0.5059 1.3032 0.6942
0.5059 1.3032 0.7933
0.5059 1.3032 0.8925
0.5059 1.3032 0.9917
0.5059 1.3032 1.0908
0.5059 1.3032 1.1900
0.5059 1.3032 1.2891
0.5059 1.3032 1.3883
0.5059 1.3032 1.4875
0.5059 1.3032 1.5866
0.5059 1.3032 1.6858
0.5059 1.3032 1.7849
0.5059 1.3032 1.8841
0.5059 1.3032 1.9833
0.5059 1.3032 2.0824
0.5059 1.3032 2.1816
0.5059 1.3032 2.2807
0.5059 1.3032 2.3799
0.5059 1.3032 2.4791
0.5059 1.3032 2.5782
0.5059 1.3032 2.6774
0.5059 1.3032 2.7765
0.5059 1.3032 2.8757
0.5059 1.3032 2.9749
0.5059 1.3032 3.0740
0.5059 1.3032 3.1732
0.5059 1.3032 3.2724
0.5059 1.3985 0.0001
0.5059 1.3985 0.0992
0.5059 1.3985 0.1984
0.5059 1.3985 0.2975
0.5059 1.3985 0.3967
0.5059 1.3985 0.4959
0.5059 1.3985 0.5950
0.5059 1.3985 0.6942
0.5059 1.3985 0.7933
0.5059 1.3985 0.8925
0.5059 1.3985 0.9917
0.5059 1.3985 1.0908
0.5059 1.3985 1.1900
0.5059 1.3985 1.2891
0.5059 1.3985 1.3883
0.5059 1.3985 1.4875
0.5059 1.3985 1.5866
0.5059 1.3985 1.6858
0.5059 1.3985 1.7849
0.5059 1.3985 1.8841
0.5059 1.3985 1.9833
0.5059 1.3985 2.0824
0.5059 1.3985 2.1816
0.5059 1.3985 2.2807
0.5059 1.3985 2.3799
0.5059 1.3985 2.4791
0.5059 1.3985 2.5782
0.5059 1.3985 2.6774
0.5059 1.3985 2.7765
0.5059 1.3985 2.8757
0.5059 1.3985 2.9749
0.5059 1.3985 3.0740
0.5059 1.3985 3.1732
0.5059 1.3985 3.2724
0.5059 1.4938 0.0001
0.5059 1.4938 0.0992
0.5059 1.4938 0.1984
0.5059 1.4938 0.2975
0.5059 1.4938 0.3967
0.5059 1.4938 0.4959
0.5059 1.4938 0.5950
0.5059 1.4938 0.6942
0.5059 1.4938 0.7933
0.5059 1.4938 0.8925
0.5059 1.4938 0.9917
0.5059 1.4938 1.0908
0.5059 1.4938 1.1900
0.5059 1.4938 1.2891
0.5059 1.4938 1.3883
0.5059 1.4938 1.4875
0.5059 1.4938 1.5866
0.5059 1.4938 1.6858
0.5059 1.4938 1.7849
0.5059 1.4938 1.8841
0.5059 1.4938 1.9833
0.5059 1.4938 2.0824
0.5059 1.4938 2.1816
0.5059 1.4938 2.2807
0.5059 1.4938 2.3799
0.5059 1.4938 2.4791
0.5059 1.4938 2.5782
0.5059 1.4938 2.6774
0.5059 1.4938 2.7765
0.5059 1.4938 2.8757
0.5059 1.4938 2.9749
0.5059 1.4938 3.0740
0.5059 1.4938 3.1732
0.5059 1.4938 3.2724
0.5059 1.5892 0.0001
0.5059 1.5892 0.0992
0.5059 1.5892 0.1984
0.5059 1.5892 0.2975
0.5059 1.5892 0.3967
0.5059 1.5892 0.4959
0.5059 1.5892 0.5950
0.5059 1.5892 0.6942
0.5059 1.5892 0.7933
0.5059 1.5892 0.8925
0.5059 1.5892 0.9917
0.5059 1.5892 1.0908
0.5059 1.5892 1.1900
0.5059 1.5892 1.2891
0.5059 1.5892 1.3883
0.5059 1.5892 1.4875
0.5059 1.5892 1.5866
0.5059 1.5892 1.6858
0.5059 1.5892 1.7849
0.5059 1.5892 1.8841
0.5059 1.5892 1.9833
0.5059 1.5892 2.0824
0.5059 1.5892 2.1816
0.5059 1.5892 2.2807
0.5059 1.5892 2.3799
0.5059 1.5892 2.4791
0.5059 1.5892 2.5782
0.5059 1.5892 2.6774
0.5059 1.5892 2.7765
0.5059 1.5892 2.8757
0.5059 1.5892 2.9749
0.5059 1.5892 3.0740
0.5059 1.5892 3.1732
0.5059 1.5892 3.2724
0.5059 1.6845 0.0001
0.5059 1.6845 0.0992
0.5059 1.6845 0.1984
0.5059 1.6845 0.2975
0.5059 1.6845 0.3967
0.5059 1.6845 0.4959
0.5059 1.6845 0.5950
0.5059 1.6845 0.6942
0.5059 1.6845 0.7933
0.5059 1.6845 0.8925
0.5059 1.6845 0.9917
0.5059 1.6845 1.0908
0.5059 1.6845 1.1900
0.5059 1.6845 1.2891
0.5059 1.6845 1.3883
0.5059 1.6845 1.4875
0.5059 1.6845 1.5866
0.5059 1.6845 1.6858
0.5059 1.6845 1.7849
0.5059 1.6845 1.8841
0.5059 1.6845 1.9833
0.5059 1.6845 2.0824
0.5059 1.6845 2.1816
0.5059 1.6845 2.2807
0.5059 1.6845 2.3799
0.5059 1.6845 2.4791
0.5059 1.6845 2.5782
0.5059 1.6845 2.6774
0.5059 1.6845 2.7765
0.5059 1.6845 2.8757
0.5059 1.6845 2.9749
0.5059 1.6845 3.0740
0.5059 1.6845 3.1732
0.5059 1.6845 3.2724
0.5627 -0.7472 0.0000
0.5627 -0.7472 0.0996
0.5627 -0.7472 0.1991
0.5627 -0.7472 0.2987
0.5627 -0.7472 0.3982
0.5627 -0.7472 0.4977
0.5627 -0.7472 0.5973
0.5627 -0.7472 0.6968
0.5627 -0.7472 0.7964
0.5627 -0.7472 0.8959
0.5627 -0.7472 0.9954
0.5627 -0.7472 1.0950
0.5627 -0.7472 1.1945
0.5627 -0.7472 1.2940
0.5627 -0.7472 1.3936
0.5627 -0.7472 1.4931
0.5627 -0.7472 1.5927
0.5627 -0.7472 1.6922
0.5627 -0.7472 1.7917
0.5627 -0.7472 1.8913
0.5627 -0.7472 1.9908
0.5627 -0.7472 2.0904
0.5627 -0.7472 2.1899
0.5627 -0.7472 2.2894
0.5627 -0.7472 2.3890
0.5627 -0.7472 2.4885
0.5627 -0.7472 2.5880
0.5627 -0.7472 2.6876
0.5627 -0.7472 2.7871
0.5627 -0.7472 2.8867
0.5627 -0.7472 2.9862
0.5627 -0.7472 3.0857
0.5627 -0.7472 3.1853
0.5627 -0.7472 3.2848
0.5627 -0.7472 3.3843
0.5627 -0.6518 0.0000
0.5627 -0.6518 3.3843
0.5627 -0.5563 0.0000
0.5627 -0.5563 3.3843
0.5627 -0.4609 0.0000
0.5627 -0.4609 3.3843
0.5627 -0.3654 0.0000
0.5627 -0.3654 3.3843
0.5627 -0.2699 0.0000
0.5627 -0.2699 3.3843
0.5627 -0.1745 0.0000
0.5627 -0.1745 3.3843
0.5627 -0.0790 0.0000
0.5627 -0.0790 3.3843
0.5627 0.0165 0.0000
0.5627 0.0165 0.0996
0.5627 0.0165 0.1991
0.5627 0.0165 0.2987
0.5627 0.0165 0.3982
0.5627 0.0165 0.4977
0.5627 0.0165 0.5973
0.5627 0.0165 0.6968
0.5627 0.0165 0.7964
0.5627 0.0165 0.8959
0.5627 0.0165 0.9954
0.5627 0.0165 1.0950
0.5627 0.0165 1.1945
0.5627 0.0165 1.2940
0.5627 0.0165 1.3936
0.5627 0.0165 1.4931
0.5627 0.0165 1.5927
0.5627 0.0165 1.6922
0.5627 0.0165 1.7917
0.5627 0.0165 1.8913
0.5627 0.0165 1.9908
0.5627 0.0165 2.0904
0.5627 0.0165 2.1899
0.5627 0.0165 2.2894
0.5627 0.0165 2.3890
0.5627 0.0165 2.4885
0.5627 0.0165 2.5880
0.5627 0.0165 2.6876
0.5627 0.0165 2.7871
0.5627 0.0165 2.8867
0.5627 0.0165 2.9862
0.5627 0.0165 3.0857
0.5627 0.0165 3.1853
0.5627 0.0165 3.2848
0.5627 0.0165 3.3843
0.6000 -2.7000 0.0000
0.6000 -2.7000 0.1000
0.6000 -2.7000 0.2000
0.6000 -2.7000 0.3000
0.6000 -2.7000 0.4000
0.6000 -2.7000 0.5000
0.6000 -2.7000 0.6000
0.6000 -2.7000 0.7000
0.6000 -2.7000 0.8000
0.6000 -2.7000 0.9000
0.6000 -2.7000 1.0000
0.6000 -2.7000 1.1000
0.6000 -2.7000 1.2000
0.6000 -2.7000 1.3000
0.6000 -2.7000 1.4000
0.6000 -2.7000 1.5000
0.6000 -2.7000 1.6000
0.6000 -2.7000 1.7000
0.6000 -2.7000 1.8000
0.6000 -2.7000 1.9000
0.6000 -2.7000 2.0000
0.6000 -2.7000 2.1000
0.6000 -2.7000 2.2000
0.6000 -2.7000 2.3000
0.6000 -2.7000 2.4000
0.6000 -2.7000 2.5000
0.6000 -2.7000 2.6000
0.6000 -2.7000 2.7000
0.6000 -2.7000 2.8000
0.6000 -2.7000 2.9000
0.6000 -2.7000 3.0000
0.6000 -2.7000 3.1000
0.6000 -2.7000 3.2000
0.6000 -2.7000 3.3000
0.6000 -2.7000 3.4000
0.6000 -2.7000 3.5000
0.6000 -2.6000 0.0000
0.6000 -2.6000 3.5000
0.6000 -2.5000 0.0000
0.6000 -2.5000 0.1000
0.6000 -2.5000 0.2000
0.6000 -2.5000 0.3000
0.6000 -2.5000 0.4000
0.6000 -2.5000 0.5000
0.6000 -2.5000 0.6000
0.6000 -2.5000 0.7000
0.6000 -2.5000 0.8000
0.6000 -2.5000 0.9000
0.6000 -2.5000 1.0000
0.6000 -2.5000 1.1000
0.6000 -2.5000 1.2000
0.6000 -2.5000 1.3000
0.6000 -2.5000 1.4000
0.6000 -2.5000 1.5000
0.6000 -2.5000 1.6000
0.6000 -2.5000 1.7000
0.6000 -2.5000 1.8000
0.6000 -2.5000 1.9000
0.6000 -2.5000 2.0000
0.6000 -2.5000 2.1000
0.6000 -2.5000 2.2000
0.6000 -2.5000 2.3000
0.6000 -2.5000 2.4000
0.6000 -2.5000 2.5000
0.6000 -2.5000 2.6000
0.6000 -2.5000 2.7000
0.6000 -2.5000 2.8000
0.6000 -2.5000 2.9000
0.6000 -2.5000 3.0000
0.6000 -2.5000 3.1000
0.6000 -2.5000 3.2000
0.6000 -2.5000 3.3000
0.6000 -2.5000 3.4000
0.6000 -2.5000 3.5000
0.6000 2.5000 0.0000
0.6000 2.5000 0.1000
0.6000 2.5000 0.2000
0.6000 2.5000 0.3000
0.6000 2.5000 0.4000
0.6000 2.5000 0.5000
0.6000 2.5000 0.6000
0.6000 2.5000 0.7000
0.6000 2.5000 0.8000
0.6000 2.5000 0.9000
0.6000 2.5000 1.0000
0.6000 2.5000 1.1000
0.6000 2.5000 1.2000
0.6000 2.5000 1.3000
0.6000 2.5000 1.4000
0.6000 2.5000 1.5000
0.6000 2.5000 1.6000
0.6000 2.5000 1.7000
0.6000 2.5000 1.8000
0.6000 2.5000 1.9000
0.6000 2.5000 2.0000
0.6000 2.5000 2.1000
0.6000 2.5000 2.2000
0.6000 2.5000 2.3000
0.6000 2.5000 2.4000
0.6000 2.5000 2.5000
0.6000 2.5000 2.6000
0.6000 2.5000 2.7000
0.6000 2.5000 2.8000
0.6000 2.5000 2.9000
0.6000 2.5000 3.0000
0.6000 2.5000 3.1000
0.6000 2.5000 3.2000
0.6000 2.5000 3.3000
0.6000 2.5000 3.4000
0.6000 2.5000 3.5000
0.6000 2.6000 0.0000
0.6000 2.6000 3.5000
0.6000 2.7000 0.0000
0.6000 2.7000 0.1000
0.6000 2.7000 0.2000
0.6000 2.7000 0.3000
0.6000 2.7000 0.4000
0.6000 2.7000 0.5000
0.6000 2.7000 0.6000
0.6000 2.7000 0.7000
0.6000 2.7000 0.8000
0.6000 2.7000 0.9000
0.6000 2.7000 1.0000
0.6000 2.7000 1.1000
0.6000 2.7000 1.2000
0.6000 2.7000 1.3000
0.6000 2.7000 1.4000
0.6000 2.7000 1.5000
0.6000 2.7000 1.6000
0.6000 2.7000 1.7000
0.6000 2.7000 1.8000
0.6000 2.7000 1.9000
0.6000 2.7000 2.0000
0.6000 2.7000 2.1000
0.6000 2.7000 2.2000
0.6000 2.7000 2.3000
0.6000 2.7000 2.4000
0.6000 2.7000 2.5000
0.6000 2.7000 2.6000
0.6000 2.7000 2.7000
0.6000 2.7000 2.8000
0.6000 2.7000 2.9000
0.6000 2.7000 3.0000
0.6000 2.7000 3.1000
0.6000 2.7000 3.2000
0.6000 2.7000 3.3000
0.6000 2.7000 3.4000
0.6000 2.7000 3.5000
0.6582 -0.7472 0.0000
0.6582 -0.7472 0.0996
0.6582 -0.7472 0.1991
0.6582 -0.7472 0.2987
0.6582 -0.7472 0.3982
0.6582 -0.7472 0.4977
0.6582 -0.7472 0.5973
0.6582 -0.7472 0.6968
0.6582 -0.7472 0.7964
0.6582 -0.7472 0.8959
0.6582 -0.7472 0.9954
0.6582 -0.7472 1.0950
0.6582 -0.7472 1.1945
0.6582 -0.7472 1.2940
0.6582 -0.7472 1.3936
0.6582 -0.7472 1.4931
0.6582 -0.7472 1.5927
0.6582 -0.7472 1.6922
0.6582 -0.7472 1.7917
0.6582 -0.7472 1.8913
0.6582 -0.7472 1.9908
0.6582 -0.7472 2.0904
0.6582 -0.7472 2.1899
0.6582 -0.7472 2.2894
0.6582 -0.7472 2.3890
0.6582 -0.7472 2.4885
0.6582 -0.7472 2.5880
0.6582 -0.7472 2.6876
0.6582 -0.7472 2.7871
0.6582 -0.7472 2.8867
0.6582 -0.7472 2.9862
0.6582 -0.7472 3.0857
0.6582 -0.7472 3.1853
0.6582 -0.7472 3.2848
0.6582 -0.7472 3.3843
0.6582 -0.6518 0.0000
0.6582 -0.6518 3.3843
0.6582 -0.5563 0.0000
0.6582 -0.5563 3.3843
0.6582 -0.4609 0.0000
0.6582 -0.4609 3.3843
0.6582 -0.3654 0.0000
0.6582 -0.3654 3.3843
0.6582 -0.2699 0.0000
0.6582 -0.2699 3.3843
0.6582 -0.1745 0.0000
0.6582 -0.1745 3.3843
0.6582 -0.0790 0.0000
0.6582 -0.0790 3.3843
0.6582 0.0165 0.0000
0.6582 0.0165 0.0996
0.6582 0.0165 0.1991
0.6582 0.0165 0.2987
0.6582 0.0165 0.3982
0.6582 0.0165 0.4977
0.6582 0.0165 0.5973
0.6582 0.0165 0.6968
0.6582 0.0165 0.7964
0.6582 0.0165 0.8959
0.6582 0.0165 0.9954
0.6582 0.0165 1.0950
0.6582 0.0165 1.1945
0.6582 0.0165 1.2940
0.6582 0.0165 1.3936
0.6582 0.0165 1.4931
0.6582 0.0165 1.5927
0.6582 0.0165 1.6922
0.6582 0.0165 1.7917
0.6582 0.0165 1.8913
0.6582 0.0165 1.9908
0.6582 0.0165 2.0904
0.6582 0.0165 2.1899
0.6582 0.0165 2.2894
0.6582 0.0165 2.3890
0.6582 0.0165 2.4885
0.6582 0.0165 2.5880
0.6582 0.0165 2.6876
0.6582 0.0165 2.7871
0.6582 0.0165 2.8867
0.6582 0.0165 2.9862
0.6582 0.0165 3.0857
0.6582 0.0165 3.1853
0.6582 0.0165 3.2848
0.6582 0.0165 3.3843
0.7000 -2.7000 0.0000
0.7000 -2.7000 0.1000
0.7000 -2.7000 0.2000
0.7000 -2.7000 0.3000
0.7000 -2.7000 0.4000
0.7000 -2.7000 0.5000
0.7000 -2.7000 0.6000
0.7000 -2.7000 0.7000
0.7000 -2.7000 0.8000
0.7000 -2.7000 0.9000
0.7000 -2.7000 1.0000
0.7000 -2.7000 1.1000
0.7000 -2.7000 1.2000
0.7000 -2.7000 1.3000
0.7000 -2.7000 1.4000
0.7000 -2.7000 1.5000
0.7000 -2.7000 1.6000
0.7000 -2.7000 1.7000
0.7000 -2.7000 1.8000
0.7000 -2.7000 1.9000
0.7000 -2.7000 2.0000
0.7000 -2.7000 2.1000
0.7000 -2.7000 2.2000
0.7000 -2.7000 2.3000
0.7000 -2.7000 2.4000
0.7000 -2.7000 2.5000
0.7000 -2.7000 2.6000
0.7000 -2.7000 2.7000
0.7000 -2.7000 2.8000
0.7000 -2.7000 2.9000
0.7000 -2.7000 3.0000
0.7000 -2.7000 3.1000
0.7000 -2.7000 3.2000
0.7000 -2.7000 3.3000
0.7000 -2.7000 3.4000
0.7000 -2.7000 3.5000
0.7000 -2.6000 0.0000
0.7000 -2.6000 3.5000
0.7000 -2.5000 0.0000
0.7000 -2.5000 0.1000
0.7000 -2.5000 0.2000
0.7000 -2.5000 0.3000
0.7000 -2.5000 0.4000
0.7000 -2.5000 0.5000
0.7000 -2.5000 0.6000
0.7000 -2.5000 0.7000
0.7000 -2.5000 0.8000
0.7000 -2.5000 0.9000
0.7000 -2.5000 1.0000
0.7000 -2.5000 1.1000
0.7000 -2.5000 1.2000
0.7000 -2.5000 1.3000
0.7000 -2.5000 1.4000
0.7000 -2.5000 1.5000
0.7000 -2.5000 1.6000
0.7000 -2.5000 1.7000
0.7000 -2.5000 1.8000
0.7000 -2.5000 1.9000
0.7000 -2.5000 2.0000
0.7000 -2.5000 2.1000
0.7000 -2.5000 2.2000
0.7000 -2.5000 2.3000
0.7000 -2.5000 2.4000
0.7000 -2.5000 2.5000
0.7000 -2.5000 2.6000
0.7000 -2.5000 2.7000
0.7000 -2.5000 2.8000
0.7000 -2.5000 2.9000
0.7000 -2.5000 3.0000
0.7000 -2.5000 3.1000
0.7000 -2.5000 3.2000
0.7000 -2.5000 3.3000
0.7000 -2.5000 3.4000
0.7000 -2.5000 3.5000
0.7000 2.5000 0.0000
0.7000 2.5000 0.1000
0.7000 2.5000 0.2000
0.7000 2.5000 0.3000
0.7000 2.5000 0.4000
0.7000 2.5000 0.5000
0.7000 2.5000 0.6000
0.7000 2.5000 0.7000
0.7000 2.5000 0.8000
0.7000 2.5000 0.9000
0.7000 2.5000 1.0000
0.7000 2.5000 1.1000
0.7000 2.5000 1.2000
0.7000 2.5000 1.3000
0.7000 2.5000 1.4000
0.7000 2.5000 1.5000
0.7000 2.5000 1.6000
0.7000 2.5000 1.7000
0.7000 2.5000 1.8000
0.7000 2.5000 1.9000
0.7000 2.5000 2.0000
0.7000 2.5000 2.1000
0.7000 2.5000 2.2000
0.7000 2.5000 2.3000
0.7000 2.5000 2.4000
0.7000 2.5000 2.5000
0.7000 2.5000 2.6000
0.7000 2.5000 2.7000
0.7000 2.5000 2.8000
0.7000 2.5000 2.9000
0.7000 2.5000 3.0000
0.7000 2.5000 3.1000
0.7000 2.5000 3.2000
0.7000 2.5000 3.3000
0.7000 2.5000 3.4000
0.7000 2.5000 3.5000
0.7000 2.6000 0.0000
0.7000 2.6000 3.5000
0.7000 2.7000 0.0000
0.7000 2.7000 0.1000
0.7000 2.7000 0.2000
0.7000 2.7000 0.3000
0.7000 2.7000 0.4000
0.7000 2.7000 0.5000
0.7000 2.7000 0.6000
0.7000 2.7000 0.7000
0.7000 2.7000 0.8000
0.7000 2.7000 0.9000
0.7000 2.7000 1.0000
0.7000 2.7000 1.1000
0.7000 2.7000 1.2000
0.7000 2.7000 1.3000
0.7000 2.7000 1.4000
0.7000 2.7000 1.5000
0.7000 2.7000 1.6000
0.7000 2.7000 1.7000
0.7000 2.7000 1.8000
0.7000 2.7000 1.9000
0.7000 2.7000 2.0000
0.7000 2.7000 2.1000
0.7000 2.7000 2.2000
0.7000 2.7000 2.3000
0.7000 2.7000 2.4000
0.7000 2.7000 2.5000
0.7000 2.7000 2.6000
0.7000 2.7000 2.7000
0.7000 2.7000 2.8000
0.7000 2.7000 2.9000
0.7000 2.7000 3.0000
0.7000 2.7000 3.1000
0.7000 2.7000 3.2000
0.7000 2.7000 3.3000
0.7000 2.7000 3.4000
0.7000 2.7000 3.5000
0.7537 -0.7472 0.0000
0.7537 -0.7472 0.0996
0.7537 -0.7472 0.1991
0.7537 -0.7472 0.2987
0.7537 -0.7472 0.3982
0.7537 -0.7472 0.4977
0.7537 -0.7472 0.5973
0.7537 -0.7472 0.6968
0.7537 -0.7472 0.7964
0.7537 -0.7472 0.8959
0.7537 -0.7472 0.9954
0.7537 -0.7472 1.0950
0.7537 -0.7472 1.1945
0.7537 -0.7472 1.2940
0.7537 -0.7472 1.3936
0.7537 -0.7472 1.4931
0.7537 -0.7472 1.5927
0.7537 -0.7472 1.6922
0.7537 -0.7472 1.7917
0.7537 -0.7472 1.8913
0.7537 -0.7472 1.9908
0.7537 -0.7472 2.0904
0.7537 -0.7472 2.1899
0.7537 -0.7472 2.2894
0.7537 -0.7472 2.3890
0.7537 -0.7472 2.4885
0.7537 -0.7472 2.5880
0.7537 -0.7472 2.6876
0.7537 -0.7472 2.7871
0.7537 -0.7472 2.8867
0.7537 -0.7472 2.9862
0.7537 -0.7472 3.0857
0.7537 -0.7472 3.1853
0.7537 -0.7472 3.2848
0.7537 -0.7472 3.3843
0.7537 -0.6518 0.0000
0.7537 -0.6518 3.3843
0.7537 -0.5563 0.0000
0.7537 -0.5563 3.3843
0.7537 -0.4609 0.0000
0.7537 -0.4609 3.3843
0.7537 -0.3654 0.0000
0.7537 -0.3654 3.3843
0.7537 -0.2699 0.0000
0.7537 -0.2699 3.3843
0.7537 -0.1745 0.0000
0.7537 -0.1745 3.3843
0.7537 -0.0790 0.0000
0.7537 -0.0790 3.3843
0.7537 0.0165 0.0000
0.7537 0.0165 0.0996
0.7537 0.0165 0.1991
0.7537 0.0165 0.2987
0.7537 0.0165 0.3982
0.7537 0.0165 0.4977
0.7537 0.0165 0.5973
0.7537 0.0165 0.6968
0.7537 0.0165 0.7964
0.7537 0.0165 0.8959
0.7537 0.0165 0.9954
0.7537 0.0165 1.0950
0.7537 0.0165 1.1945
0.7537 0.0165 1.2940
0.7537 0.0165 1.3936
0.7537 0.0165 1.4931
0.7537 0.0165 1.5927
0.7537 0.0165 1.6922
0.7537 0.0165 1.7917
0.7537 0.0165 1.8913
0.7537 0.0165 1.9908
0.7537 0.0165 2.0904
0.7537 0.0165 2.1899
0.7537 0.0165 2.2894
0.7537 0.0165 2.3890
0.7537 0.0165 2.4885
0.7537 0.0165 2.5880
0.7537 0.0165 2.6876
0.7537 0.0165 2.7871
0.7537 0.0165 2.8867
0.7537 0.0165 2.9862
0.7537 0.0165 3.0857
0.7537 0.0165 3.1853
0.7537 0.0165 3.2848
0.7537 0.0165 3.3843
0.8000 -2.7000 0.0000
0.8000 -2.7000 0.1000
0.8000 -2.7000 0.2000
0.8000 -2.7000 0.3000
0.8000 -2.7000 0.4000
0.8000 -2.7000 0.5000
0.8000 -2.7000 0.6000
0.8000 -2.7000 0.7000
0.8000 -2.7000 0.8000
0.8000 -2.7000 0.9000
0.8000 -2.7000 1.0000
0.8000 -2.7000 1.1000
0.8000 -2.7000 1.2000
0.8000 -2.7000 1.3000
0.8000 -2.7000 1.4000
0.8000 -2.7000 1.5000
0.8000 -2.7000 1.6000
0.8000 -2.7000 1.7000
0.8000 -2.7000 1.8000
0.8000 -2.7000 1.9000
0.8000 -2.7000 2.0000
0.8000 -2.7000 2.1000
0.8000 -2.7000 2.2000
0.8000 -2.7000 2.3000
0.8000 -2.7000 2.4000
0.8000 -2.7000 2.5000
0.8000 -2.7000 2.6000
0.8000 -2.7000 2.7000
0.8000 -2.7000 2.8000
0.8000 -2.7000 2.9000
0.8000 -2.7000 3.0000
0.8000 -2.7000 3.1000
0.8000 -2.7000 3.2000
0.8000 -2.7000 3.3000
0.8000 -2.7000 3.4000
0.8000 -2.7000 3.5000
0.8000 -2.6000 0.0000
0.8000 -2.6000 3.5000
0.8000 -2.5000 0.0000
0.8000 -2.5000 0.1000
0.8000 -2.5000 0.2000
0.8000 -2.5000 0.3000
0.8000 -2.5000 0.4000
0.8000 -2.5000 0.5000
0.8000 -2.5000 0.6000
0.8000 -2.5000 0.7000
0.8000 -2.5000 0.8000
0.8000 -2.5000 0.9000
0.8000 -2.5000 1.0000
0.8000 -2.5000 1.1000
0.8000 -2.5000 1.2000
0.8000 -2.5000 1.3000
0.8000 -2.5000 1.4000
0.8000 -2.5000 1.5000
0.8000 -2.5000 1.6000
0.8000 -2.5000 1.7000
0.8000 -2.5000 1.8000
0.8000 -2.5000 1.9000
0.8000 -2.5000 2.0000
0.8000 -2.5000 2.1000
0.8000 -2.5000 2.2000
0.8000 -2.5000 2.3000
0.8000 -2.5000 2.4000
0.8000 -2.5000 2.5000
0.8000 -2.5000 2.6000
0.8000 -2.5000 2.7000
0.8000 -2.5000 2.8000
0.8000 -2.5000 2.9000
0.8000 -2.5000 3.0000
0.8000 -2.5000 3.1000
0.8000 -2.5000 3.2000
0.8000 -2.5000 3.3000
0.8000 -2.5000 3.4000
0.8000 -2.5000 3.5000
0.8000 2.5000 0.0000
0.8000 2.5000 0.1000
0.8000 2.5000 0.2000
0.8000 2.5000 0.3000
0.8000 2.5000 0.4000
0.8000 2.5000 0.5000
0.8000 2.5000 0.6000
0.8000 2.5000 0.7000
0.8000 2.5000 0.8000
0.8000 2.5000 0.9000
0.8000 2.5000 1.0000
0.8000 2.5000 1.1000
0.8000 2.5000 1.2000
0.8000 2.5000 1.3000
0.8000 2.5000 1.4000
0.8000 2.5000 1.5000
0.8000 2.5000 1.6000
0.8000 2.5000 1.7000
0.8000 2.5000 1.8000
0.8000 2.5000 1.9000
0.8000 2.5000 2.0000
0.8000 2.5000 2.1000
0.8000 2.5000 2.2000
0.8000 2.5000 2.3000
0.8000 2.5000 2.4000
0.8000 2.5000 2.5000
0.8000 2.5000 2.6000
0.8000 2.5000 2.7000
0.8000 2.5000 2.8000
0.8000 2.5000 2.9000
0.8000 2.5000 3.0000
0.8000 2.5000 3.1000
0.8000 2.5000 3.2000
0.8000 2.5000 3.3000
0.8000 2.5000 3.4000
0.8000 2.5000 3.5000
0.8000 2.6000 0.0000
0.8000 2.6000 3.5000
0.8000 2.7000 0.0000
0.8000 2.7000 0.1000
0.8000 2.7000 0.2000
0.8000 2.7000 0.3000
0.8000 2.7000 0.4000
0.8000 2.7000 0.5000
0.8000 2.7000 0.6000
0.8000 2.7000 0.7000
0.8000 2.7000 0.8000
0.8000 2.7000 0.9000
0.8000 2.7000 1.0000
0.8000 2.7000 1.1000
0.8000 2.7000 1.2000
0.8000 2.7000 1.3000
0.8000 2.7000 1.4000
0.8000 2.7000 1.5000
0.8000 2.7000 1.6000
0.8000 2.7000 1.7000
0.8000 2.7000 1.8000
0.8000 2.7000 1.9000
0.8000 2.7000 2.0000
0.8000 2.7000 2.1000
0.8000 2.7000 2.2000
0.8000 2.7000 2.3000
0.8000 2.7000 2.4000
0.8000 2.7000 2.5000
0.8000 2.7000 2.6000
0.8000 2.7000 2.7000
0.8000 2.7000 2.8000
0.8000 2.7000 2.9000
0.8000 2.7000 3.0000
0.8000 2.7000 3.1000
0.8000 2.7000 3.2000
0.8000 2.7000 3.3000
0.8000 2.7000 3.4000
0.8000 2.7000 3.5000
0.8491 -0.7472 0.0000
0.8491 -0.7472 0.0996
0.8491 -0.7472 0.1991
0.8491 -0.7472 0.2987
0.8491 -0.7472 0.3982
0.8491 -0.7472 0.4977
0.8491 -0.7472 0.5973
0.8491 -0.7472 0.6968
0.8491 -0.7472 0.7964
0.8491 -0.7472 0.8959
0.8491 -0.7472 0.9954
0.8491 -0.7472 1.0950
0.8491 -0.7472 1.1945
0.8491 -0.7472 1.2940
0.8491 -0.7472 1.3936
0.8491 -0.7472 1.4931
0.8491 -0.7472 1.5927
0.8491 -0.7472 1.6922
0.8491 -0.7472 1.7917
0.8491 -0.7472 1.8913
0.8491 -0.7472 1.9908
0.8491 -0.7472 2.0904
0.8491 -0.7472 2.1899
0.8491 -0.7472 2.2894
0.8491 -0.7472 2.3890
0.8491 -0.7472 2.4885
0.8491 -0.7472 2.5880
0.8491 -0.7472 2.6876
0.8491 -0.7472 2.7871
0.8491 -0.7472 2.8867
0.8491 -0.7472 2.9862
0.8491 -0.7472 3.0857
0.8491 -0.7472 3.1853
0.8491 -0.7472 3.2848
0.8491 -0.7472 3.3843
0.8491 -0.6518 0.0000
0.8491 -0.6518 3.3843
0.8491 -0.5563 0.0000
0.8491 -0.5563 3.3843
0.8491 -0.4609 0.0000
0.8491 -0.4609 3.3843
0.8491 -0.3654 0.0000
0.8491 -0.3654 3.3843
0.8491 -0.2699 0.0000
0.8491 -0.2699 3.3843
0.8491 -0.1745 0.0000
0.8491 -0.1745 3.3843
0.8491 -0.0790 0.0000
0.8491 -0.0790 3.3843
0.8491 0.0165 0.0000
0.8491 0.0165 0.0996
0.8491 0.0165 0.1991
0.8491 0.0165 0.2987
0.8491 0.0165 0.3982
0.8491 0.0165 0.4977
0.8491 0.0165 0.5973
0.8491 0.0165 0.6968
0.8491 0.0165 0.7964
0.8491 0.0165 0.8959
0.8491 0.0165 0.9954
0.8491 0.0165 1.0950
0.8491 0.0165 1.1945
0.8491 0.0165 1.2940
0.8491 0.0165 1.3936
0.8491 0.0165 1.4931
0.8491 0.0165 1.5927
0.8491 0.0165 1.6922
0.8491 0.0165 1.7917
0.8491 0.0165 1.8913
0.8491 0.0165 1.9908
0.8491 0.0165 2.0904
0.8491 0.0165 2.1899
0.8491 0.0165 2.2894
0.8491 0.0165 2.3890
0.8491 0.0165 2.4885
0.8491 0.0165 2.5880
0.8491 0.0165 2.6876
0.8491 0.0165 2.7871
0.8491 0.0165 2.8867
0.8491 0.0165 2.9862
0.8491 0.0165 3.0857
0.8491 0.0165 3.1853
0.8491 0.0165 3.2848
0.8491 0.0165 3.3843
0.9000 -2.7000 0.0000
0.9000 -2.7000 0.1000
0.9000 -2.7000 0.2000
0.9000 -2.7000 0.3000
0.9000 -2.7000 0.4000
0.9000 -2.7000 0.5000
0.9000 -2.7000 0.6000
0.9000 -2.7000 0.7000
0.9000 -2.7000 0.8000
0.9000 -2.7000 0.9000
0.9000 -2.7000 1.0000
0.9000 -2.7000 1.1000
0.9000 -2.7000 1.2000
0.9000 -2.7000 1.3000
0.9000 -2.7000 1.4000
0.9000 -2.7000 1.5000
0.9000 -2.7000 1.6000
0.9000 -2.7000 1.7000
0.9000 -2.7000 1.8000
0.9000 -2.7000 1.9000
0.9000 -2.7000 2.0000
0.9000 -2.7000 2.1000
0.9000 -2.7000 2.2000
0.9000 -2.7000 2.3000
0.9000 -2.7000 2.4000
0.9000 -2.7000 2.5000
0.9000 -2.7000 2.6000
0.9000 -2.7000 2.7000
0.9000 -2.7000 2.8000
0.9000 -2.7000 2.9000
0.9000 -2.7000 3.0000
0.9000 -2.7000 3.1000
0.9000 -2.7000 3.2000
0.9000 -2.7000 3.3000
0.9000 -2.7000 3.4000
0.9000 -2.7000 3.5000
0.9000 -2.6000 0.0000
0.9000 -2.6000 3.5000
0.9000 -2.5000 0.0000
0.9000 -2.5000 0.1000
0.9000 -2.5000 0.2000
0.9000 -2.5000 0.3000
0.9000 -2.5000 0.4000
0.9000 -2.5000 0.5000
0.9000 -2.5000 0.6000
0.9000 -2.5000 0.7000
0.9000 -2.5000 0.8000
0.9000 -2.5000 0.9000
0.9000 -2.5000 1.0000
0.9000 -2.5000 1.1000
0.9000 -2.5000 1.2000
0.9000 -2.5000 1.3000
0.9000 -2.5000 1.4000
0.9000 -2.5000 1.5000
0.9000 -2.5000 1.6000
0.9000 -2.5000 1.7000
0.9000 -2.5000 1.8000
0.9000 -2.5000 1.9000
0.9000 -2.5000 2.0000
0.9000 -2.5000 2.1000
0.9000 -2.5000 2.2000
0.9000 -2.5000 2.3000
0.9000 -2.5000 2.4000
0.9000 -2.5000 2.5000
0.9000 -2.5000 2.6000
0.9000 -2.5000 2.7000
0.9000 -2.5000 2.8000
0.9000 -2.5000 2.9000
0.9000 -2.5000 3.0000
0.9000 -2.5000 3.1000
0.9000 -2.5000 3.2000
0.9000 -2.5000 3.3000
0.9000 -2.5000 3.4000
0.9000 -2.5000 3.5000
0.9000 2.5000 0.0000
0.9000 2.5000 0.1000
0.9000 2.5000 0.2000
0.9000 2.5000 0.3000
0.9000 2.5000 0.4000
0.9000 2.5000 0.5000
0.9000 2.5000 0.6000
0.9000 2.5000 0.7000
0.9000 2.5000 0.8000
0.9000 2.5000 0.9000
0.9000 2.5000 1.0000
0.9000 2.5000 1.1000
0.9000 2.5000 1.2000
0.9000 2.5000 1.3000
0.9000 2.5000 1.4000
0.9000 2.5000 1.5000
0.9000 2.5000 1.6000
0.9000 2.5000 1.7000
0.9000 2.5000 1.8000
0.9000 2.5000 1.9000
0.9000 2.5000 2.0000
0.9000 2.5000 2.1000
0.9000 2.5000 2.2000
0.9000 2.5000 2.3000
0.9000 2.5000 2.4000
0.9000 2.5000 2.5000
0.9000 2.5000 2.6000
0.9000 2.5000 2.7000
0.9000 2.5000 2.8000
0.9000 2.5000 2.9000
0.9000 2.5000 3.0000
0.9000 2.5000 3.1000
0.9000 2.5000 3.2000
0.9000 2.5000 3.3000
0.9000 2.5000 3.4000
0.9000 2.5000 3.5000
0.9000 2.6000 0.0000
0.9000 2.6000 3.5000
0.9000 2.7000 0.0000
0.9000 2.7000 0.1000
0.9000 2.7000 0.2000
0.9000 2.7000 0.3000
0.9000 2.7000 0.4000
0.9000 2.7000 0.5000
0.9000 2.7000 0.6000
0.9000 2.7000 0.7000
0.9000 2.7000 0.8000
0.9000 2.7000 0.9000
0.9000 2.7000 1.0000
0.9000 2.7000 1.1000
0.9000 2.7000 1.2000
0.9000 2.7000 1.3000
0.9000 2.7000 1.4000
0.9000 2.7000 1.5000
0.9000 2.7000 1.6000
0.9000 2.7000 1.7000
0.9000 2.7000 1.8000
0.9000 2.7000 1.9000
0.9000 2.7000 2.0000
0.9000 2.7000 2.1000
0.9000 2.7000 2.2000
0.9000 2.7000 2.3000
0.9000 2.7000 2.4000
0.9000 2.7000 2.5000
0.9000 2.7000 2.6000
0.9000 2.7000 2.7000
0.9000 2.7000 2.8000
0.9000 2.7000 2.9000
0.9000 2.7000 3.0000
0.9000 2.7000 3.1000
0.9000 2.7000 3.2000
0.9000 2.7000 3.3000
0.9000 2.7000 3.4000
0.9000 2.7000 3.5000
0.9446 -0.7472 0.0000
0.9446 -0.7472 0.0996
0.9446 -0.7472 0.1991
0.9446 -0.7472 0.2987
0.9446 -0.7472 0.3982
0.9446 -0.7472 0.4977
0.9446 -0.7472 0.5973
0.9446 -0.7472 0.6968
0.9446 -0.7472 0.7964
0.9446 -0.7472 0.8959
0.9446 -0.7472 0.9954
0.9446 -0.7472 1.0950
0.9446 -0.7472 1.1945
0.9446 -0.7472 1.2940
0.9446 -0.7472 1.3936
0.9446 -0.7472 1.4931
0.9446 -0.7472 1.5927
0.9446 -0.7472 1.6922
0.9446 -0.7472 1.7917
0.9446 -0.7472 1.8913
0.9446 -0.7472 1.9908
0.9446 -0.7472 2.0904
0.9446 -0.7472 2.1899
0.9446 -0.7472 2.2894
0.9446 -0.7472 2.3890
0.9446 -0.7472 2.4885
0.9446 -0.7472 2.5880
0.9446 -0.7472 2.6876
0.9446 -0.7472 2.7871
0.9446 -0.7472 2.8867
0.9446 -0.7472 2.9862
0.9446 -0.7472 3.0857
0.9446 -0.7472 3.1853
0.9446 -0.7472 3.2848
0.9446 -0.7472 3.3843
0.9446 -0.6518 0.0000
0.9446 -0.6518 3.3843
0.9446 -0.5563 0.0000
0.9446 -0.5563 3.3843
0.9446 -0.4609 0.0000
0.9446 -0.4609 3.3843
0.9446 -0.3654 0.0000
0.9446 -0.3654 3.3843
0.9446 -0.2699 0.0000
0.9446 -0.2699 3.3843
0.9446 -0.1745 0.0000
0.9446 -0.1745 3.3843
0.9446 -0.0790 0.0000
0.9446 -0.0790 3.3843
0.9446 0.0165 0.0000
0.9446 0.0165 0.0996
0.9446 0.0165 0.1991
0.9446 0.0165 0.2987
0.9446 0.0165 0.3982
0.9446 0.0165 0.4977
0.9446 0.0165 0.5973
0.9446 0.0165 0.6968
0.9446 0.0165 0.7964
0.9446 0.0165 0.8959
0.9446 0.0165 0.9954
0.9446 0.0165 1.0950
0.9446 0.0165 1.1945
0.9446 0.0165 1.2940
0.9446 0.0165 1.3936
0.9446 0.0165 1.4931
0.9446 0.0165 1.5927
0.9446 0.0165 1.6922
0.9446 0.0165 1.7917
0.9446 0.0165 1.8913
0.9446 0.0165 1.9908
0.9446 0.0165 2.0904
0.9446 0.0165 2.1899
0.9446 0.0165 2.2894
0.9446 0.0165 2.3890
0.9446 0.0165 2.4885
0.9446 0.0165 2.5880
0.9446 0.0165 2.6876
0.9446 0.0165 2.7871
0.9446 0.0165 2.8867
0.9446 0.0165 2.9862
0.9446 0.0165 3.0857
0.9446 0.0165 3.1853
0.9446 0.0165 3.2848
0.9446 0.0165 3.3843
1.0000 -2.7000 0.0000
1.0000 -2.7000 0.1000
1.0000 -2.7000 0.2000
1.0000 -2.7000 0.3000
1.0000 -2.7000 0.4000
1.0000 -2.7000 0.5000
1.0000 -2.7000 0.6000
1.0000 -2.7000 0.7000
1.0000 -2.7000 0.8000
1.0000 -2.7000 0.9000
1.0000 -2.7000 1.0000
1.0000 -2.7000 1.1000
1.0000 -2.7000 1.2000
1.0000 -2.7000 1.3000
1.0000 -2.7000 1.4000
1.0000 -2.7000 1.5000
1.0000 -2.7000 1.6000
1.0000 -2.7000 1.7000
1.0000 -2.7000 1.8000
1.0000 -2.7000 1.9000
1.0000 -2.7000 2.0000
1.0000 -2.7000 2.1000
1.0000 -2.7000 2.2000
1.0000 -2.7000 2.3000
1.0000 -2.7000 2.4000
1.0000 -2.7000 2.5000
1.0000 -2.7000 2.6000
1.0000 -2.7000 2.7000
1.0000 -2.7000 2.8000
1.0000 -2.7000 2.9000
1.0000 -2.7000 3.0000
1.0000 -2.7000 3.1000
1.0000 -2.7000 3.2000
1.0000 -2.7000 3.3000
1.0000 -2.7000 3.4000
1.0000 -2.7000 3.5000
1.0000 -2.6000 0.0000
1.0000 -2.6000 3.5000
1.0000 -2.5000 0.0000
1.0000 -2.5000 0.1000
1.0000 -2.5000 0.2000
1.0000 -2.5000 0.3000
1.0000 -2.5000 0.4000
1.0000 -2.5000 0.5000
1.0000 -2.5000 0.6000
1.0000 -2.5000 0.7000
1.0000 -2.5000 0.8000
1.0000 -2.5000 0.9000
1.0000 -2.5000 1.0000
1.0000 -2.5000 1.1000
1.0000 -2.5000 1.2000
1.0000 -2.5000 1.3000
1.0000 -2.5000 1.4000
1.0000 -2.5000 1.5000
1.0000 -2.5000 1.6000
1.0000 -2.5000 1.7000
1.0000 -2.5000 1.8000
1.0000 -2.5000 1.9000
1.0000 -2.5000 2.0000
1.0000 -2.5000 2.1000
1.0000 -2.5000 2.2000
1.0000 -2.5000 2.3000
1.0000 -2.5000 2.4000
1.0000 -2.5000 2.5000
1.0000 -2.5000 2.6000
1.0000 -2.5000 2.7000
1.0000 -2.5000 2.8000
1.0000 -2.5000 2.9000
1.0000 -2.5000 3.0000
1.0000 -2.5000 3.1000
1.0000 -2.5000 3.2000
1.0000 -2.5000 3.3000
1.0000 -2.5000 3.4000
1.0000 -2.5000 3.5000
1.0000 2.5000 0.0000
1.0000 2.5000 0.1000
1.0000 2.5000 0.2000
1.0000 2.5000 0.3000
1.0000 2.5000 0.4000
1.0000 2.5000 0.5000
1.0000 2.5000 0.6000
1.0000 2.5000 0.7000
1.0000 2.5000 0.8000
1.0000 2.5000 0.9000
1.0000 2.5000 1.0000
1.0000 2.5000 1.1000
1.0000 2.5000 1.2000
1.0000 2.5000 1.3000
1.0000 2.5000 1.4000
1.0000 2.5000 1.5000
1.0000 2.5000 1.6000
1.0000 2.5000 1.7000
1.0000 2.5000 1.8000
1.0000 2.5000 1.9000
1.0000 2.5000 2.0000
1.0000 2.5000 2.1000
1.0000 2.5000 2.2000
1.0000 2.5000 2.3000
1.0000 2.5000 2.4000
1.0000 2.5000 2.5000
1.0000 2.5000 2.6000
1.0000 2.5000 2.7000
1.0000 2.5000 2.8000
1.0000 2.5000 2.9000
1.0000 2.5000 3.0000
1.0000 2.5000 3.1000
1.0000 2.5000 3.2000
1.0000 2.5000 3.3000
1.0000 2.5000 3.4000
1.0000 2.5000 3.5000
1.0000 2.6000 0.0000
1.0000 2.6000 3.5000
1.0000 2.7000 0.0000
1.0000 2.7000 0.1000
1.0000 2.7000 0.2000
1.0000 2.7000 0.3000
1.0000 2.7000 0.4000
1.0000 2.7000 0.5000
1.0000 2.7000 0.6000
1.0000 2.7000 0.7000
1.0000 2.7000 0.8000
1.0000 2.7000 0.9000
1.0000 2.7000 1.0000
1.0000 2.7000 1.1000
1.0000 2.7000 1.2000
1.0000 2.7000 1.3000
1.0000 2.7000 1.4000
1.0000 2.7000 1.5000
1.0000 2.7000 1.6000
1.0000 2.7000 1.7000
1.0000 2.7000 1.8000
1.0000 2.7000 1.9000
1.0000 2.7000 2.0000
1.0000 2.7000 2.1000
1.0000 2.7000 2.2000
1.0000 2.7000 2.3000
1.0000 2.7000 2.4000
1.0000 2.7000 2.5000
1.0000 2.7000 2.6000
1.0000 2.7000 2.7000
1.0000 2.7000 2.8000
1.0000 2.7000 2.9000
1.0000 2.7000 3.0000
1.0000 2.7000 3.1000
1.0000 2.7000 3.2000
1.0000 2.7000 3.3000
1.0000 2.7000 3.4000
1.0000 2.7000 3.5000
1.0053 -1.8828 -0.0001
1.0053 -1.8828 0.0982
1.0053 -1.8828 0.1965
1.0053 -1.8828 0.2948
1.0053 -1.8828 0.3931
1.0053 -1.8828 0.4914
1.0053 -1.8828 0.5897
1.0053 -1.8828 0.6880
1.0053 -1.8828 0.7863
1.0053 -1.8828 0.8846
1.0053 -1.8828 0.9829
1.0053 -1.8828 1.0811
1.0053 -1.8828 1.1794
1.0053 -1.8828 1.2777
1.0053 -1.8828 1.3760
1.0053 -1.8828 1.4743
1.0053 -1.8828 1.5726
1.0053 -1.8828 1.6709
1.0053 -1.8828 1.7692
1.0053 -1.8828 1.8675
1.0053 -1.8828 1.9658
1.0053 -1.8828 2.0641
1.0053 -1.8828 2.1623
1.0053 -1.8828 2.2606
1.0053 -1.8828 2.3589
1.0053 -1.8828 2.4572
1.0053 -1.8828 2.5555
1.0053 -1.8828 2.6538
1.0053 -1.8828 2.7521
1.0053 -1.8828 2.8504
1.0053 -1.8828 2.9487
1.0053 -1.8828 3.0470
1.0053 -1.8828 3.1452
1.0053 -1.7954 -0.0001
1.0053 -1.7954 0.0982
1.0053 -1.7954 0.1965
1.0053 -1.7954 0.2948
1.0053 -1.7954 0.3931
1.0053 -1.7954 0.4914
1.0053 -1.7954 0.5897
1.0053 -1.7954 0.6880
1.0053 -1.7954 0.7863
1.0053 -1.7954 0.8846
1.0053 -1.7954 0.9829
1.0053 -1.7954 1.0811
1.0053 -1.7954 1.1794
1.0053 -1.7954 1.2777
1.0053 -1.7954 1.3760
1.0053 -1.7954 1.4743
1.0053 -1.7954 1.5726
1.0053 -1.7954 1.6709
1.0053 -1.7954 1.7692
1.0053 -1.7954 1.8675
1.0053 -1.7954 1.9658
1.0053 -1.7954 2.0641
1.0053 -1.7954 2.1623
1.0053 -1.7954 2.2606
1.0053 -1.7954 2.3589
1.0053 -1.7954 2.4572
1.0053 -1.7954 2.5555
1.0053 -1.7954 2.6538
1.0053 -1.7954 2.7521
1.0053 -1.7954 2.8504
1.0053 -1.7954 2.9487
1.0053 -1.7954 3.0470
1.0053 -1.7954 3.1452
1.0053 -1.7080 -0.0001
1.0053 -1.7080 0.0982
1.0053 -1.7080 0.1965
1.0053 -1.7080 0.2948
1.0053 -1.7080 0.3931
1.0053 -1.7080 0.4914
1.0053 -1.7080 0.5897
1.0053 -1.7080 0.6880
1.0053 -1.7080 0.7863
1.0053 -1.7080 0.8846
1.0053 -1.7080 0.9829
1.0053 -1.7080 1.0811
1.0053 -1.7080 1.1794
1.0053 -1.7080 1.2777
1.0053 -1.7080 1.3760
1.0053 -1.7080 1.4743
1.0053 -1.7080 1.5726
1.0053 -1.7080 1.6709
1.0053 -1.7080 1.7692
1.0053 -1.7080 1.8675
1.0053 -1.7080 1.9658
1.0053 -1.7080 2.0641
1.0053 -1.7080 2.1623
1.0053 -1.7080 2.2606
1.0053 -1.7080 2.3589
1.0053 -1.7080 2.4572
1.0053 -1.7080 2.5555
1.0053 -1.7080 2.6538
1.0053 -1.7080 2.7521
1.0053 -1.7080 2.8504
1.0053 -1.7080 2.9487
1.0053 -1.7080 3.0470
1.0053 -1.7080 3.1452
1.0053 -1.6206 -0.0001
1.0053 -1.6206 0.0982
1.0053 -1.6206 0.1965
1.0053 -1.6206 0.2948
1.0053 -1.6206 0.3931
1.0053 -1.6206 0.4914
1.0053 -1.6206 0.5897
1.0053 -1.6206 0.6880
1.0053 -1.6206 0.7863
1.0053 -1.6206 0.8846
1.0053 -1.6206 0.9829
1.0053 -1.6206 1.0811
1.0053 -1.6206 1.1794
1.0053 -1.6206 1.2777
1.0053 -1.6206 1.3760
1.0053 -1.6206 1.4743
1.0053 -1.6206 1.5726
1.0053 -1.6206 1.6709
1.0053 -1.6206 1.7692
1.0053 -1.6206 1.8675
1.0053 -1.6206 1.9658
1.0053 -1.6206 2.0641
1.0053 -1.6206 2.1623
1.0053 -1.6206 2.2606
1.0053 -1.6206 2.3589
1.0053 -1.6206 2.4572
1.0053 -1.6206 2.5555
1.0053 -1.6206 2.6538
1.0053 -1.6206 2.7521
1.0053 -1.6206 2.8504
1.0053 -1.6206 2.9487
1.0053 -1.6206 3.0470
1.0053 -1.6206 3.1452
1.0053 -1.5332 -0.0001
1.0053 -1.5332 0.0982
1.0053 -1.5332 0.1965
1.0053 -1.5332 0.2948
1.0053 -1.5332 0.3931
1.0053 -1.5332 0.4914
1.0053 -1.5332 0.5897
1.0053 -1.5332 0.6880
1.0053 -1.5332 0.7863
1.0053 -1.5332 0.8846
1.0053 -1.5332 0.9829
1.0053 -1.5332 1.0811
1.0053 -1.5332 1.1794
1.0053 -1.5332 1.2777
1.0053 -1.5332 1.3760
1.0053 -1.5332 1.4743
1.0053 -1.5332 1.5726
1.0053 -1.5332 1.6709
1.0053 -1.5332 1.7692
1.0053 -1.5332 1.8675
1.0053 -1.5332 1.9658
1.0053 -1.5332 2.0641
1.0053 -1.5332 2.1623
1.0053 -1.5332 2.2606
1.0053 -1.5332 2.3589
1.0053 -1.5332 2.4572
1.0053 -1.5332 2.5555
1.0053 -1.5332 2.6538
1.0053 -1.5332 2.7521
1.0053 -1.5332 2.8504
1.0053 -1.5332 2.9487
1.0053 -1.5332 3.0470
1.0053 -1.5332 3.1452
1.0053 -1.4458 -0.0001
1.0053 -1.4458 0.0982
1.0053 -1.4458 0.1965
1.0053 -1.4458 0.2948
1.0053 -1.4458 0.3931
1.0053 -1.4458 0.4914
1.0053 -1.4458 0.5897
1.0053 -1.4458 0.6880
1.0053 -1.4458 0.7863
1.0053 -1.4458 0.8846
1.0053 -1.4458 0.9829
1.0053 -1.4458 1.0811
1.0053 -1.4458 1.1794
1.0053 -1.4458 1.2777
1.0053 -1.4458 1.3760
1.0053 -1.4458 1.4743
1.0053 -1.4458 1.5726
1.0053 -1.4458 1.6709
1.0053 -1.4458 1.7692
1.0053 -1.4458 1.8675
1.0053 -1.4458 1.9658
1.0053 -1.4458 2.0641
1.0053 -1.4458 2.1623
1.0053 -1.4458 2.2606
1.0053 -1.4458 2.3589
1.0053 -1.4458 2.4572
1.0053 -1.4458 2.5555
1.0053 -1.4458 2.6538
1.0053 -1.4458 2.7521
1.0053 -1.4458 2.8504
1.0053 -1.4458 2.9487
1.0053 -1.4458 3.0470
1.0053 -1.4458 3.1452
1.0053 -1.3584 -0.0001
1.0053 -1.3584 0.0982
1.0053 -1.3584 0.1965
1.0053 -1.3584 0.2948
1.0053 -1.3584 0.3931
1.0053 -1.3584 0.4914
1.0053 -1.3584 0.5897
1.0053 -1.3584 0.6880
1.0053 -1.3584 0.7863
1.0053 -1.3584 0.8846
1.0053 -1.3584 0.9829
1.0053 -1.3584 1.0811
1.0053 -1.3584 1.1794
1.0053 -1.3584 1.2777
1.0053 -1.3584 1.3760
1.0053 -1.3584 1.4743
1.0053 -1.3584 1.5726
1.0053 -1.3584 1.6709
1.0053 -1.3584 1.7692
1.0053 -1.3584 1.8675
1.0053 -1.3584 1.9658
1.0053 -1.3584 2.0641
1.0053 -1.3584 2.1623
1.0053 -1.3584 2.2606
1.0053 -1.3584 2.3589
1.0053 -1.3584 2.4572
1.0053 -1.3584 2.5555
1.0053 -1.3584 2.6538
1.0053 -1.3584 2.7521
1.0053 -1.3584 2.8504
1.0053 -1.3584 2.9487
1.0053 -1.3584 3.0470
1.0053 -1.3584 3.1452
1.0053 -1.2710 -0.0001
1.0053 -1.2710 0.0982
1.0053 -1.2710 0.1965
1.0053 -1.2710 0.2948
1.0053 -1.2710 0.3931
1.0053 -1.2710 0.4914
1.0053 -1.2710 0.5897
1.0053 -1.2710 0.6880
1.0053 -1.2710 0.7863
1.0053 -1.2710 0.8846
1.0053 -1.2710 0.9829
1.0053 -1.2710 1.0811
1.0053 -1.2710 1.1794
1.0053 -1.2710 1.2777
1.0053 -1.2710 1.3760
1.0053 -1.2710 1.4743
1.0053 -1.2710 1.5726
1.0053 -1.2710 1.6709
1.0053 -1.2710 1.7692
1.0053 -1.2710 1.8675
1.0053 -1.2710 1.9658
1.0053 -1.2710 2.0641
1.0053 -1.2710 2.1623
1.0053 -1.2710 2.2606
1.0053 -1.2710 2.3589
1.0053 -1.2710 2.4572
1.0053 -1.2710 2.5555
1.0053 -1.2710 2.6538
1.0053 -1.2710 2.7521
1.0053 -1.2710 2.8504
1.0053 -1.2710 2.9487
1.0053 -1.2710 3.0470
1.0053 -1.2710 3.1452
1.0400 -0.7472 0.0000
1.0400 -0.7472 0.0996
1.0400 -0.7472 0.1991
1.0400 -0.7472 0.2987
1.0400 -0.7472 0.3982
1.0400 -0.7472 0.4977
1.0400 -0.7472 0.5973
1.0400 -0.7472 0.6968
1.0400 -0.7472 0.7964
1.0400 -0.7472 0.8959
1.0400 -0.7472 0.9954
1.0400 -0.7472 1.0950
1.0400 -0.7472 1.1945
1.0400 -0.7472 1.2940
1.0400 -0.7472 1.3936
1.0400 -0.7472 1.4931
1.0400 -0.7472 1.5927
1.0400 -0.7472 1.6922
1.0400 -0.7472 1.7917
1.0400 -0.7472 1.8913
1.0400 -0.7472 1.9908
1.0400 -0.7472 2.0904
1.0400 -0.7472 2.1899
1.0400 -0.7472 2.2894
1.0400 -0.7472 2.3890
1.0400 -0.7472 2.4885
1.0400 -0.7472 2.5880
1.0400 -0.7472 2.6876
1.0400 -0.7472 2.7871
1.0400 -0.7472 2.8867
1.0400 -0.7472 2.9862
1.0400 -0.7472 3.0857
1.0400 -0.7472 3.1853
1.0400 -0.7472 3.2848
1.0400 -0.7472 3.3843
1.0400 -0.6518 0.0000
1.0400 -0.6518 0.0996
1.0400 -0.6518 0.1991
1.0400 -0.6518 0.2987
1.0400 -0.6518 0.3982
1.0400 -0.6518 0.4977
1.0400 -0.6518 0.5973
1.0400 -0.6518 0.6968
1.0400 -0.6518 0.7964
1.0400 -0.6518 0.8959
1.0400 -0.6518 0.9954
1.0400 -0.6518 1.0950
1.0400 -0.6518 1.1945
1.0400 -0.6518 1.2940
1.0400 -0.6518 1.3936
1.0400 -0.6518 1.4931
1.0400 -0.6518 1.5927
1.0400 -0.6518 1.6922
1.0400 -0.6518 1.7917
1.0400 -0.6518 1.8913
1.0400 -0.6518 1.9908
1.0400 -0.6518 2.0904
1.0400 -0.6518 2.1899
1.0400 -0.6518 2.2894
1.0400 -0.6518 2.3890
1.0400 -0.6518 2.4885
1.0400 -0.6518 2.5880
1.0400 -0.6518 2.6876
1.0400 -0.6518 2.7871
1.0400 -0.6518 2.8867
1.0400 -0.6518 2.9862
1.0400 -0.6518 3.0857
1.0400 -0.6518 3.1853
1.0400 -0.6518 3.2848
1.0400 -0.6518 3.3843
1.0400 -0.5563 0.0000
1.0400 -0.5563 0.0996
1.0400 -0.5563 0.1991
1.0400 -0.5563 0.2987
1.0400 -0.5563 0.3982
1.0400 -0.5563 0.4977
1.0400 -0.5563 0.5973
1.0400 -0.5563 0.6968
1.0400 -0.5563 0.7964
1.0400 -0.5563 0.8959
1.0400 -0.5563 0.9954
1.0400 -0.5563 1.0950
1.0400 -0.5563 1.1945
1.0400 -0.5563 1.2940
1.0400 -0.5563 1.3936
1.0400 -0.5563 1.4931
1.0400 -0.5563 1.5927
1.0400 -0.5563 1.6922
1.0400 -0.5563 1.7917
1.0400 -0.5563 1.8913
1.0400 -0.5563 1.9908
1.0400 -0.5563 2.0904
1.0400 -0.5563 2.1899
1.0400 -0.5563 2.2894
1.0400 -0.5563 2.3890
1.0400 -0.5563 2.4885
1.0400 -0.5563 2.5880
1.0400 -0.5563 2.6876
1.0400 -0.5563 2.7871
1.0400 -0.5563 2.8867
1.0400 -0.5563 2.9862
1.0400 -0.5563 3.0857
1.0400 -0.5563 3.1853
1.0400 -0.5563 3.2848
1.0400 -0.5563 3.3843
1.0400 -0.4609 0.0000
1.0400 -0.4609 0.0996
1.0400 -0.4609 0.1991
1.0400 -0.4609 0.2987
1.0400 -0.4609 0.3982
1.0400 -0.4609 0.4977
1.0400 -0.4609 0.5973
1.0400 -0.4609 0.6968
1.0400 -0.4609 0.7964
1.0400 -0.4609 0.8959
1.0400 -0.4609 0.9954
1.0400 -0.4609 1.0950
1.0400 -0.4609 1.1945
1.0400 -0.4609 1.2940
1.0400 -0.4609 1.3936
1.0400 -0.4609 1.4931
1.0400 -0.4609 1.5927
1.0400 -0.4609 1.6922
1.0400 -0.4609 1.7917
1.0400 -0.4609 1.8913
1.0400 -0.4609 1.9908
1.0400 -0.4609 2.0904
1.0400 -0.4609 2.1899
1.0400 -0.4609 2.2894
1.0400 -0.4609 2.3890
1.0400 -0.4609 2.4885
1.0400 -0.4609 2.5880
1.0400 -0.4609 2.6876
1.0400 -0.4609 2.7871
1.0400 -0.4609 2.8867
1.0400 -0.4609 2.9862
1.0400 -0.4609 3.0857
1.0400 -0.4609 3.1853
1.0400 -0.4609 3.2848
1.0400 -0.4609 3.3843
1.0400 -0.3654 0.0000
1.0400 -0.3654 0.0996
1.0400 -0.3654 0.1991
1.0400 -0.3654 0.2987
1.0400 -0.3654 0.3982
1.0400 -0.3654 0.4977
1.0400 -0.3654 0.5973
1.0400 -0.3654 0.6968
1.0400 -0.3654 0.7964
1.0400 -0.3654 0.8959
1.0400 -0.3654 0.9954
1.0400 -0.3654 1.0950
1.0400 -0.3654 1.1945
1.0400 -0.3654 1.2940
1.0400 -0.3654 1.3936
1.0400 -0.3654 1.4931
1.0400 -0.3654 1.5927
1.0400 -0.3654 1.6922
1.0400 -0.3654 1.7917
1.0400 -0.3654 1.8913
1.0400 -0.3654 1.9908
1.0400 -0.3654 2.0904
1.0400 -0.3654 2.1899
1.0400 -0.3654 2.2894
1.0400 -0.3654 2.3890
1.0400 -0.3654 2.4885
1.0400 -0.3654 2.5880
1.0400 -0.3654 2.6876
1.0400 -0.3654 2.7871
1.0400 -0.3654 2.8867
1.0400 -0.3654 2.9862
1.0400 -0.3654 3.0857
1.0400 -0.3654 3.1853
1.0400 -0.3654 3.2848
1.0400 -0.3654 3.3843
1.0400 -0.2699 0.0000
1.0400 -0.2699 0.0996
1.0400 -0.2699 0.1991
1.0400 -0.2699 0.2987
1.0400 -0.2699 0.3982
1.0400 -0.2699 0.4977
1.0400 -0.2699 0.5973
1.0400 -0.2699 0.6968
1.0400 -0.2699 0.7964
1.0400 -0.2699 0.8959
1.0400 -0.2699 0.9954
1.0400 -0.2699 1.0950
1.0400 -0.2699 1.1945
1.0400 -0.2699 1.2940
1.0400 -0.2699 1.3936
1.0400 -0.2699 1.4931
1.0400 -0.2699 1.5927
1.0400 -0.2699 1.6922
1.0400 -0.2699 1.7917
1.0400 -0.2699 1.8913
1.0400 -0.2699 1.9908
1.0400 -0.2699 2.0904
1.0400 -0.2699 2.1899
1.0400 -0.2699 2.2894
1.0400 -0.2699 2.3890
1.0400 -0.2699 2.4885
1.0400 -0.2699 2.5880
1.0400 -0.2699 2.6876
1.0400 -0.2699 2.7871
1.0400 -0.2699 2.8867
1.0400 -0.2699 2.9862
1.0400 -0.2699 3.0857
1.0400 -0.2699 3.1853
1.0400 -0.2699 3.2848
1.0400 -0.2699 3.3843
1.0400 -0.1745 0.0000
1.0400 -0.1745 0.0996
1.0400 -0.1745 0.1991
1.0400 -0.1745 0.2987
1.0400 -0.1745 0.3982
1.0400 -0.1745 0.4977
1.0400 -0.1745 0.5973
1.0400 -0.1745 0.6968
1.0400 -0.1745 0.7964
1.0400 -0.1745 0.8959
1.0400 -0.1745 0.9954
1.0400 -0.1745 1.0950
1.0400 -0.1745 1.1945
1.0400 -0.1745 1.2940
1.0400 -0.1745 1.3936
1.0400 -0.1745 1.4931
1.0400 -0.1745 1.5927
1.0400 -0.1745 1.6922
1.0400 -0.1745 1.7917
1.0400 -0.1745 1.8913
1.0400 -0.1745 1.9908
1.0400 -0.1745 2.0904
1.0400 -0.1745 2.1899
1.0400 -0.1745 2.2894
1.0400 -0.1745 2.3890
1.0400 -0.1745 2.4885
1.0400 -0.1745 2.5880
1.0400 -0.1745 2.6876
1.0400 -0.1745 2.7871
1.0400 -0.1745 2.8867
1.0400 -0.1745 2.9862
1.0400 -0.1745 3.0857
1.0400 -0.1745 3.1853
1.0400 -0.1745 3.2848
1.0400 -0.1745 3.3843
1.0400 -0.0790 0.0000
1.0400 -0.0790 0.0996
1.0400 -0.0790 0.1991
1.0400 -0.0790 0.2987
1.0400 -0.0790 0.3982
1.0400 -0.0790 0.4977
1.0400 -0.0790 0.5973
1.0400 -0.0790 0.6968
1.0400 -0.0790 0.7964
1.0400 -0.0790 0.8959
1.0400 -0.0790 0.9954
1.0400 -0.0790 1.0950
1.0400 -0.0790 1.1945
1.0400 -0.0790 1.2940
1.0400 -0.0790 1.3936
1.0400 -0.0790 1.4931
1.0400 -0.0790 1.5927
1.0400 -0.0790 1.6922
1.0400 -0.0790 1.7917
1.0400 -0.0790 1.8913
1.0400 -0.0790 1.9908
1.0400 -0.0790 2.0904
1.0400 -0.0790 2.1899
1.0400 -0.0790 2.2894
1.0400 -0.0790 2.3890
1.0400 -0.0790 2.4885
1.0400 -0.0790 2.5880
1.0400 -0.0790 2.6876
1.0400 -0.0790 2.7871
1.0400 -0.0790 2.8867
1.0400 -0.0790 2.9862
1.0400 -0.0790 3.0857
1.0400 -0.0790 3.1853
1.0400 -0.0790 3.2848
1.0400 -0.0790 3.3843
1.0400 0.0165 0.0000
1.0400 0.0165 0.0996
1.0400 0.0165 0.1991
1.0400 0.0165 0.2987
1.0400 0.0165 0.3982
1.0400 0.0165 0.4977
1.0400 0.0165 0.5973
1.0400 0.0165 0.6968
1.0400 0.0165 0.7964
1.0400 0.0165 0.8959
1.0400 0.0165 0.9954
1.0400 0.0165 1.0950
1.0400 0.0165 1.1945
1.0400 0.0165 1.2940
1.0400 0.0165 1.3936
1.0400 0.0165 1.4931
1.0400 0.0165 1.5927
1.0400 0.0165 1.6922
1.0400 0.0165 1.7917
1.0400 0.0165 1.8913
1.0400 0.0165 1.9908
1.0400 0.0165 2.0904
1.0400 0.0165 2.1899
1.0400 0.0165 2.2894
1.0400 0.0165 2.3890
1.0400 0.0165 2.4885
1.0400 0.0165 2.5880
1.0400 0.0165 2.6876
1.0400 0.0165 2.7871
1.0400 0.0165 2.8867
1.0400 0.0165 2.9862
1.0400 0.0165 3.0857
1.0400 0.0165 3.1853
1.0400 0.0165 3.2848
1.0400 0.0165 3.3843
1.0928 -1.8828 -0.0001
1.0928 -1.8828 0.0982
1.0928 -1.8828 0.1965
1.0928 -1.8828 0.2948
1.0928 -1.8828 0.3931
1.0928 -1.8828 0.4914
1.0928 -1.8828 0.5897
1.0928 -1.8828 0.6880
1.0928 -1.8828 0.7863
1.0928 -1.8828 0.8846
1.0928 -1.8828 0.9829
1.0928 -1.8828 1.0811
1.0928 -1.8828 1.1794
1.0928 -1.8828 1.2777
1.0928 -1.8828 1.3760
1.0928 -1.8828 1.4743
1.0928 -1.8828 1.5726
1.0928 -1.8828 1.6709
1.0928 -1.8828 1.7692
1.0928 -1.8828 1.8675
1.0928 -1.8828 1.9658
1.0928 -1.8828 2.0641
1.0928 -1.8828 2.1623
1.0928 -1.8828 2.2606
1.0928 -1.8828 2.3589
1.0928 -1.8828 2.4572
1.0928 -1.8828 2.5555
1.0928 -1.8828 2.6538
1.0928 -1.8828 2.7521
1.0928 -1.8828 2.8504
1.0928 -1.8828 2.9487
1.0928 -1.8828 3.0470
1.0928 -1.8828 3.1452
1.0928 -1.7954 -0.0001
1.0928 -1.7954 3.1452
1.0928 -1.7080 -0.0001
1.0928 -1.7080 3.1452
1.0928 -1.6206 -0.0001
1.0928 -1.6206 3.1452
1.0928 -1.5332 -0.0001
1.0928 -1.5332 3.1452
1.0928 -1.4458 -0.0001
1.0928 -1.4458 3.1452
1.0928 -1.3584 -0.0001
1.0928 -1.3584 3.1452
1.0928 -1.2710 -0.0001
1.0928 -1.2710 0.0982
1.0928 -1.2710 0.1965
1.0928 -1.2710 0.2948
1.0928 -1.2710 0.3931
1.0928 -1.2710 0.4914
1.0928 -1.2710 0.5897
1.0928 -1.2710 0.6880
1.0928 -1.2710 0.7863
1.0928 -1.2710 0.8846
1.0928 -1.2710 0.9829
1.0928 -1.2710 1.0811
1.0928 -1.2710 1.1794
1.0928 -1.2710 1.2777
1.0928 -1.2710 1.3760
1.0928 -1.2710 1.4743
1.0928 -1.2710 1.5726
1.0928 -1.2710 1.6709
1.0928 -1.2710 1.7692
1.0928 -1.2710 1.8675
1.0928 -1.2710 1.9658
1.0928 -1.2710 2.0641
1.0928 -1.2710 2.1623
1.0928 -1.2710 2.2606
1.0928 -1.2710 2.3589
1.0928 -1.2710 2.4572
1.0928 -1.2710 2.5555
1.0928 -1.2710 2.6538
1.0928 -1.2710 2.7521
1.0928 -1.2710 2.8504
1.0928 -1.2710 2.9487
1.0928 -1.2710 3.0470
1.0928 -1.2710 3.1452
1.1000 -2.7000 0.0000
1.1000 -2.7000 0.1000
1.1000 -2.7000 0.2000
1.1000 -2.7000 0.3000
1.1000 -2.7000 0.4000
1.1000 -2.7000 0.5000
1.1000 -2.7000 0.6000
1.1000 -2.7000 0.7000
1.1000 -2.7000 0.8000
1.1000 -2.7000 0.9000
1.1000 -2.7000 1.0000
1.1000 -2.7000 1.1000
1.1000 -2.7000 1.2000
1.1000 -2.7000 1.3000
1.1000 -2.7000 1.4000
1.1000 -2.7000 1.5000
1.1000 -2.7000 1.6000
1.1000 -2.7000 1.7000
1.1000 -2.7000 1.8000
1.1000 -2.7000 1.9000
1.1000 -2.7000 2.0000
1.1000 -2.7000 2.1000
1.1000 -2.7000 2.2000
1.1000 -2.7000 2.3000
1.1000 -2.7000 2.4000
1.1000 -2.7000 2.5000
1.1000 -2.7000 2.6000
1.1000 -2.7000 2.7000
1.1000 -2.7000 2.8000
1.1000 -2.7000 2.9000
1.1000 -2.7000 3.0000
1.1000 -2.7000 3.1000
1.1000 -2.7000 3.2000
1.1000 -2.7000 3.3000
1.1000 -2.7000 3.4000
1.1000 -2.7000 3.5000
1.1000 -2.6000 0.0000
1.1000 -2.6000 3.5000
1.1000 -2.5000 0.0000
1.1000 -2.5000 0.1000
1.1000 -2.5000 0.2000
1.1000 -2.5000 0.3000
1.1000 -2.5000 0.4000
1.1000 -2.5000 0.5000
1.1000 -2.5000 0.6000
1.1000 -2.5000 0.7000
1.1000 -2.5000 0.8000
1.1000 -2.5000 0.9000
1.1000 -2.5000 1.0000
1.1000 -2.5000 1.1000
1.1000 -2.5000 1.2000
1.1000 -2.5000 1.3000
1.1000 -2.5000 1.4000
1.1000 -2.5000 1.5000
1.1000 -2.5000 1.6000
1.1000 -2.5000 1.7000
1.1000 -2.5000 1.8000
1.1000 -2.5000 1.9000
1.1000 -2.5000 2.0000
1.1000 -2.5000 2.1000
1.1000 -2.5000 2.2000
1.1000 -2.5000 2.3000
1.1000 -2.5000 2.4000
1.1000 -2.5000 2.5000
1.1000 -2.5000 2.6000
1.1000 -2.5000 2.7000
1.1000 -2.5000 2.8000
1.1000 -2.5000 2.9000
1.1000 -2.5000 3.0000
1.1000 -2.5000 3.1000
1.1000 -2.5000 3.2000
1.1000 -2.5000 3.3000
1.1000 -2.5000 3.4000
1.1000 -2.5000 3.5000
1.1000 2.5000 0.0000
1.1000 2.5000 0.1000
1.1000 2.5000 0.2000
1.1000 2.5000 0.3000
1.1000 2.5000 0.4000
1.1000 2.5000 0.5000
1.1000 2.5000 0.6000
1.1000 2.5000 0.7000
1.1000 2.5000 0.8000
1.1000 2.5000 0.9000
1.1000 2.5000 1.0000
1.1000 2.5000 1.1000
1.1000 2.5000 1.2000
1.1000 2.5000 1.3000
1.1000 2.5000 1.4000
1.1000 2.5000 1.5000
1.1000 2.5000 1.6000
1.1000 2.5000 1.7000
1.1000 2.5000 1.8000
1.1000 2.5000 1.9000
1.1000 2.5000 2.0000
1.1000 2.5000 2.1000
1.1000 2.5000 2.2000
1.1000 2.5000 2.3000
1.1000 2.5000 2.4000
1.1000 2.5000 2.5000
1.1000 2.5000 2.6000
1.1000 2.5000 2.7000
1.1000 2.5000 2.8000
1.1000 2.5000 2.9000
1.1000 2.5000 3.0000
1.1000 2.5000 3.1000
1.1000 2.5000 3.2000
1.1000 2.5000 3.3000
1.1000 2.5000 3.4000
1.1000 2.5000 3.5000
1.1000 2.6000 0.0000
1.1000 2.6000 3.5000
1.1000 2.7000 0.0000
1.1000 2.7000 0.1000
1.1000 2.7000 0.2000
1.1000 2.7000 0.3000
1.1000 2.7000 0.4000
1.1000 2.7000 0.5000
1.1000 2.7000 0.6000
1.1000 2.7000 0.7000
1.1000 2.7000 0.8000
1.1000 2.7000 0.9000
1.1000 2.7000 1.0000
1.1000 2.7000 1.1000
1.1000 2.7000 1.2000
1.1000 2.7000 1.3000
1.1000 2.7000 1.4000
1.1000 2.7000 1.5000
1.1000 2.7000 1.6000
1.1000 2.7000 1.7000
1.1000 2.7000 1.8000
1.1000 2.7000 1.9000
1.1000 2.7000 2.0000
1.1000 2.7000 2.1000
1.1000 2.7000 2.2000
1.1000 2.7000 2.3000
1.1000 2.7000 2.4000
1.1000 2.7000 2.5000
1.1000 2.7000 2.6000
1.1000 2.7000 2.7000
1.1000 2.7000 2.8000
1.1000 2.7000 2.9000
1.1000 2.7000 3.0000
1.1000 2.7000 3.1000
1.1000 2.7000 3.2000
1.1000 2.7000 3.3000
1.1000 2.7000 3.4000
1.1000 2.7000 3.5000
1.1802 -1.8828 -0.0001
1.1802 -1.8828 0.0982
1.1802 -1.8828 0.1965
1.1802 -1.8828 0.2948
1.1802 -1.8828 0.3931
1.1802 -1.8828 0.4914
1.1802 -1.8828 0.5897
1.1802 -1.8828 0.6880
1.1802 -1.8828 0.7863
1.1802 -1.8828 0.8846
1.1802 -1.8828 0.9829
1.1802 -1.8828 1.0811
1.1802 -1.8828 1.1794
1.1802 -1.8828 1.2777
1.1802 -1.8828 1.3760
1.1802 -1.8828 1.4743
1.1802 -1.8828 1.5726
1.1802 -1.8828 1.6709
1.1802 -1.8828 1.7692
1.1802 -1.8828 1.8675
1.1802 -1.8828 1.9658
1.1802 -1.8828 2.0641
1.1802 -1.8828 2.1623
1.1802 -1.8828 2.2606
1.1802 -1.8828 2.3589
1.1802 -1.8828 2.4572
1.1802 -1.8828 2.5555
1.1802 -1.8828 2.6538
1.1802 -1.8828 2.7521
1.1802 -1.8828 2.8504
1.1802 -1.8828 2.9487
1.1802 -1.8828 3.0470
1.1802 -1.8828 3.1452
1.1802 -1.7954 -0.0001
1.1802 -1.7954 3.1452
1.1802 -1.7080 -0.0001
1.1802 -1.7080 3.1452
1.1802 -1.6206 -0.0001
1.1802 -1.6206 3.1452
1.1802 -1.5332 -0.0001
1.1802 -1.5332 3.1452
1.1802 -1.4458 -0.0001
1.1802 -1.4458 3.1452
1.1802 -1.3584 -0.0001
1.1802 -1.3584 3.1452
1.1802 -1.2710 -0.0001
1.1802 -1.2710 0.0982
1.1802 -1.2710 0.1965
1.1802 -1.2710 0.2948
1.1802 -1.2710 0.3931
1.1802 -1.2710 0.4914
1.1802 -1.2710 0.5897
1.1802 -1.2710 0.6880
1.1802 -1.2710 0.7863
1.1802 -1.2710 0.8846
1.1802 -1.2710 0.9829
1.1802 -1.2710 1.0811
1.1802 -1.2710 1.1794
1.1802 -1.2710 1.2777
1.1802 -1.2710 1.3760
1.1802 -1.2710 1.4743
1.1802 -1.2710 1.5726
1.1802 -1.2710 1.6709
1.1802 -1.2710 1.7692
1.1802 -1.2710 1.8675
1.1802 -1.2710 1.9658
1.1802 -1.2710 2.0641
1.1802 -1.2710 2.1623
1.1802 -1.2710 2.2606
1.1802 -1.2710 2.3589
1.1802 -1.2710 2.4572
1.1802 -1.2710 2.5555
1.1802 -1.2710 2.6538
1.1802 -1.2710 2.7521
1.1802 -1.2710 2.8504
1.1802 -1.2710 2.9487
1.1802 -1.2710 3.0470
1.1802 -1.2710 3.1452
1.2000 -2.7000 0.0000
1.2000 -2.7000 0.1000
1.2000 -2.7000 0.2000
1.2000 -2.7000 0.3000
1.2000 -2.7000 0.4000
1.2000 -2.7000 0.5000
1.2000 -2.7000 0.6000
1.2000 -2.7000 0.7000
1.2000 -2.7000 0.8000
1.2000 -2.7000 0.9000
1.2000 -2.7000 1.0000
1.2000 -2.7000 1.1000
1.2000 -2.7000 1.2000
1.2000 -2.7000 1.3000
1.2000 -2.7000 1.4000
1.2000 -2.7000 1.5000
1.2000 -2.7000 1.6000
1.2000 -2.7000 1.7000
1.2000 -2.7000 1.8000
1.2000 -2.7000 1.9000
1.2000 -2.7000 2.0000
1.2000 -2.7000 2.1000
1.2000 -2.7000 2.2000
1.2000 -2.7000 2.3000
1.2000 -2.7000 2.4000
1.2000 -2.7000 2.5000
1.2000 -2.7000 2.6000
1.2000 -2.7000 2.7000
1.2000 -2.7000 2.8000
1.2000 -2.7000 2.9000
1.2000 -2.7000 3.0000
1.2000 -2.7000 3.1000
1.2000 -2.7000 3.2000
1.2000 -2.7000 3.3000
1.2000 -2.7000 3.4000
1.2000 -2.7000 3.5000
1.2000 -2.6000 0.0000
1.2000 -2.6000 3.5000
1.2000 -2.5000 0.0000
1.2000 -2.5000 0.1000
1.2000 -2.5000 0.2000
1.2000 -2.5000 0.3000
1.2000 -2.5000 0.4000
1.2000 -2.5000 0.5000
1.2000 -2.5000 0.6000
1.2000 -2.5000 0.7000
1.2000 -2.5000 0.8000
1.2000 -2.5000 0.9000
1.2000 -2.5000 1.0000
1.2000 -2.5000 1.1000
1.2000 -2.5000 1.2000
1.2000 -2.5000 1.3000
1.2000 -2.5000 1.4000
1.2000 -2.5000 1.5000
1.2000 -2.5000 1.6000
1.2000 -2.5000 1.7000
1.2000 -2.5000 1.8000
1.2000 -2.5000 1.9000
1.2000 -2.5000 2.0000
1.2000 -2.5000 2.1000
1.2000 -2.5000 2.2000
1.2000 -2.5000 2.3000
1.2000 -2.5000 2.4000
1.2000 -2.5000 2.5000
1.2000 -2.5000 2.6000
1.2000 -2.5000 2.7000
1.2000 -2.5000 2.8000
1.2000 -2.5000 2.9000
1.2000 -2.5000 3.0000
1.2000 -2.5000 3.1000
1.2000 -2.5000 3.2000
1.2000 -2.5000 3.3000
1.2000 -2.5000 3.4000
1.2000 -2.5000 3.5000
1.2000 2.5000 0.0000
1.2000 2.5000 0.1000
1.2000 2.5000 0.2000
1.2000 2.5000 0.3000
1.2000 2.5000 0.4000
1.2000 2.5000 0.5000
1.2000 2.5000 0.6000
1.2000 2.5000 0.7000
1.2000 2.5000 0.8000
1.2000 2.5000 0.9000
1.2000 2.5000 1.0000
1.2000 2.5000 1.1000
1.2000 2.5000 1.2000
1.2000 2.5000 1.3000
1.2000 2.5000 1.4000
1.2000 2.5000 1.5000
1.2000 2.5000 1.6000
1.2000 2.5000 1.7000
1.2000 2.5000 1.8000
1.2000 2.5000 1.9000
1.2000 2.5000 2.0000
1.2000 2.5000 2.1000
1.2000 2.5000 2.2000
1.2000 2.5000 2.3000
1.2000 2.5000 2.4000
1.2000 2.5000 2.5000
1.2000 2.5000 2.6000
1.2000 2.5000 2.7000
1.2000 2.5000 2.8000
1.2000 2.5000 2.9000
1.2000 2.5000 3.0000
1.2000 2.5000 3.1000
1.2000 2.5000 3.2000
1.2000 2.5000 3.3000
1.2000 2.5000 3.4000
1.2000 2.5000 3.5000
1.2000 2.6000 0.0000
1.2000 2.6000 3.5000
1.2000 2.7000 0.0000
1.2000 2.7000 0.1000
1.2000 2.7000 0.2000
1.2000 2.7000 0.3000
1.2000 2.7000 0.4000
1.2000 2.7000 0.5000
1.2000 2.7000 0.6000
1.2000 2.7000 0.7000
1.2000 2.7000 0.8000
1.2000 2.7000 0.9000
1.2000 2.7000 1.0000
1.2000 2.7000 1.1000
1.2000 2.7000 1.2000
1.2000 2.7000 1.3000
1.2000 2.7000 1.4000
1.2000 2.7000 1.5000
1.2000 2.7000 1.6000
1.2000 2.7000 1.7000
1.2000 2.7000 1.8000
1.2000 2.7000 1.9000
1.2000 2.7000 2.0000
1.2000 2.7000 2.1000
1.2000 2.7000 2.2000
1.2000 2.7000 2.3000
1.2000 2.7000 2.4000
1.2000 2.7000 2.5000
1.2000 2.7000 2.6000
1.2000 2.7000 2.7000
1.2000 2.7000 2.8000
1.2000 2.7000 2.9000
1.2000 2.7000 3.0000
1.2000 2.7000 3.1000
1.2000 2.7000 3.2000
1.2000 2.7000 3.3000
1.2000 2.7000 3.4000
1.2000 2.7000 3.5000
1.2676 -1.8828 -0.0001
1.2676 -1.8828 0.0982
1.2676 -1.8828 0.1965
1.2676 -1.8828 0.2948
1.2676 -1.8828 0.3931
1.2676 -1.8828 0.4914
1.2676 -1.8828 0.5897
1.2676 -1.8828 0.6880
1.2676 -1.8828 0.7863
1.2676 -1.8828 0.8846
1.2676 -1.8828 0.9829
1.2676 -1.8828 1.0811
1.2676 -1.8828 1.1794
1.2676 -1.8828 1.2777
1.2676 -1.8828 1.3760
1.2676 -1.8828 1.4743
1.2676 -1.8828 1.5726
1.2676 -1.8828 1.6709
1.2676 -1.8828 1.7692
1.2676 -1.8828 1.8675
1.2676 -1.8828 1.9658
1.2676 -1.8828 2.0641
1.2676 -1.8828 2.1623
1.2676 -1.8828 2.2606
1.2676 -1.8828 2.3589
1.2676 -1.8828 2.4572
1.2676 -1.8828 2.5555
1.2676 -1.8828 2.6538
1.2676 -1.8828 2.7521
1.2676 -1.8828 2.8504
1.2676 -1.8828 2.9487
1.2676 -1.8828 3.0470
1.2676 -1.8828 3.1452
1.2676 -1.7954 -0.0001
1.2676 -1.7954 3.1452
1.2676 -1.7080 -0.0001
1.2676 -1.7080 3.1452
1.2676 -1.6206 -0.0001
1.2676 -1.6206 3.1452
1.2676 -1.5332 -0.0001
1.2676 -1.5332 3.1452
1.2676 -1.4458 -0.0001
1.2676 -1.4458 3.1452
1.2676 -1.3584 -0.0001
1.2676 -1.3584 3.1452
1.2676 -1.2710 -0.0001
1.2676 -1.2710 0.0982
1.2676 -1.2710 0.1965
1.2676 -1.2710 0.2948
1.2676 -1.2710 0.3931
1.2676 -1.2710 0.4914
1.2676 -1.2710 0.5897
1.2676 -1.2710 0.6880
1.2676 -1.2710 0.7863
1.2676 -1.2710 0.8846
1.2676 -1.2710 0.9829
1.2676 -1.2710 1.0811
1.2676 -1.2710 1.1794
1.2676 -1.2710 1.2777
1.2676 -1.2710 1.3760
1.2676 -1.2710 1.4743
1.2676 -1.2710 1.5726
1.2676 -1.2710 1.6709
1.2676 -1.2710 1.7692
1.2676 -1.2710 1.8675
1.2676 -1.2710 1.9658
1.2676 -1.2710 2.0641
1.2676 -1.2710 2.1623
1.2676 -1.2710 2.2606
1.2676 -1.2710 2.3589
1.2676 -1.2710 2.4572
1.2676 -1.2710 2.5555
1.2676 -1.2710 2.6538
1.2676 -1.2710 2.7521
1.2676 -1.2710 2.8504
1.2676 -1.2710 2.9487
1.2676 -1.2710 3.0470
1.2676 -1.2710 3.1452
1.3000 -2.7000 0.0000
1.3000 -2.7000 0.1000
1.3000 -2.7000 0.2000
1.3000 -2.7000 0.3000
1.3000 -2.7000 0.4000
1.3000 -2.7000 0.5000
1.3000 -2.7000 0.6000
1.3000 -2.7000 0.7000
1.3000 -2.7000 0.8000
1.3000 -2.7000 0.9000
1.3000 -2.7000 1.0000
1.3000 -2.7000 1.1000
1.3000 -2.7000 1.2000
1.3000 -2.7000 1.3000
1.3000 -2.7000 1.4000
1.3000 -2.7000 1.5000
1.3000 -2.7000 1.6000
1.3000 -2.7000 1.7000
1.3000 -2.7000 1.8000
1.3000 -2.7000 1.9000
1.3000 -2.7000 2.0000
1.3000 -2.7000 2.1000
1.3000 -2.7000 2.2000
1.3000 -2.7000 2.3000
1.3000 -2.7000 2.4000
1.3000 -2.7000 2.5000
1.3000 -2.7000 2.6000
1.3000 -2.7000 2.7000
1.3000 -2.7000 2.8000
1.3000 -2.7000 2.9000
1.3000 -2.7000 3.0000
1.3000 -2.7000 3.1000
1.3000 -2.7000 3.2000
1.3000 -2.7000 3.3000
1.3000 -2.7000 3.4000
1.3000 -2.7000 3.5000
1.3000 -2.6000 0.0000
1.3000 -2.6000 3.5000
1.3000 -2.5000 0.0000
1.3000 -2.5000 0.1000
1.3000 -2.5000 0.2000
1.3000 -2.5000 0.3000
1.3000 -2.5000 0.4000
1.3000 -2.5000 0.5000
1.3000 -2.5000 0.6000
1.3000 -2.5000 0.7000
1.3000 -2.5000 0.8000
1.3000 -2.5000 0.9000
1.3000 -2.5000 1.0000
1.3000 -2.5000 1.1000
1.3000 -2.5000 1.2000
1.3000 -2.5000 1.3000
1.3000 -2.5000 1.4000
1.3000 -2.5000 1.5000
1.3000 -2.5000 1.6000
1.3000 -2.5000 1.7000
1.3000 -2.5000 1.8000
1.3000 -2.5000 1.9000
1.3000 -2.5000 2.0000
1.3000 -2.5000 2.1000
1.3000 -2.5000 2.2000
1.3000 -2.5000 2.3000
1.3000 -2.5000 2.4000
1.3000 -2.5000 2.5000
1.3000 -2.5000 2.6000
1.3000 -2.5000 2.7000
1.3000 -2.5000 2.8000
1.3000 -2.5000 2.9000
1.3000 -2.5000 3.0000
1.3000 -2.5000 3.1000
1.3000 -2.5000 3.2000
1.3000 -2.5000 3.3000
1.3000 -2.5000 3.4000
1.3000 -2.5000 3.5000
1.3000 2.5000 0.0000
1.3000 2.5000 0.1000
1.3000 2.5000 0.2000
1.3000 2.5000 0.3000
1.3000 2.5000 0.4000
1.3000 2.5000 0.5000
1.3000 2.5000 0.6000
1.3000 2.5000 0.7000
1.3000 2.5000 0.8000
1.3000 2.5000 0.9000
1.3000 2.5000 1.0000
1.3000 2.5000 1.1000
1.3000 2.5000 1.2000
1.3000 2.5000 1.3000
1.3000 2.5000 1.4000
1.3000 2.5000 1.5000
1.3000 2.5000 1.6000
1.3000 2.5000 1.7000
1.3000 2.5000 1.8000
1.3000 2.5000 1.9000
1.3000 2.5000 2.0000
1.3000 2.5000 2.1000
1.3000 2.5000 2.2000
1.3000 2.5000 2.3000
1.3000 2.5000 2.4000
1.3000 2.5000 2.5000
1.3000 2.5000 2.6000
1.3000 2.5000 2.7000
1.3000 2.5000 2.8000
1.3000 2.5000 2.9000
1.3000 2.5000 3.0000
1.3000 2.5000 3.1000
1.3000 2.5000 3.2000
1.3000 2.5000 3.3000
1.3000 2.5000 3.4000
1.3000 2.5000 3.5000
1.3000 2.6000 0.0000
1.3000 2.6000 3.5000
1.3000 2.7000 0.0000
1.3000 2.7000 0.1000
1.3000 2.7000 0.2000
1.3000 2.7000 0.3000
1.3000 2.7000 0.4000
1.3000 2.7000 0.5000
1.3000 2.7000 0.6000
1.3000 2.7000 0.7000
1.3000 2.7000 0.8000
1.3000 2.7000 0.9000
1.3000 2.7000 1.0000
1.3000 2.7000 1.1000
1.3000 2.7000 1.2000
1.3000 2.7000 1.3000
1.3000 2.7000 1.4000
1.3000 2.7000 1.5000
1.3000 2.7000 1.6000
1.3000 2.7000 1.7000
1.3000 2.7000 1.8000
1.3000 2.7000 1.9000
1.3000 2.7000 2.0000
1.3000 2.7000 2.1000
1.3000 2.7000 2.2000
1.3000 2.7000 2.3000
1.3000 2.7000 2.4000
1.3000 2.7000 2.5000
1.3000 2.7000 2.6000
1.3000 2.7000 2.7000
1.3000 2.7000 2.8000
1.3000 2.7000 2.9000
1.3000 2.7000 3.0000
1.3000 2.7000 3.1000
1.3000 2.7000 3.2000
1.3000 2.7000 3.3000
1.3000 2.7000 3.4000
1.3000 2.7000 3.5000
1.3550 -1.8828 -0.0001
1.3550 -1.8828 0.0982
1.3550 -1.8828 0.1965
1.3550 -1.8828 0.2948
1.3550 -1.8828 0.3931
1.3550 -1.8828 0.4914
1.3550 -1.8828 0.5897
1.3550 -1.8828 0.6880
1.3550 -1.8828 0.7863
1.3550 -1.8828 0.8846
1.3550 -1.8828 0.9829
1.3550 -1.8828 1.0811
1.3550 -1.8828 1.1794
1.3550 -1.8828 1.2777
1.3550 -1.8828 1.3760
1.3550 -1.8828 1.4743
1.3550 -1.8828 1.5726
1.3550 -1.8828 1.6709
1.3550 -1.8828 1.7692
1.3550 -1.8828 1.8675
1.3550 -1.8828 1.9658
1.3550 -1.8828 2.0641
1.3550 -1.8828 2.1623
1.3550 -1.8828 2.2606
1.3550 -1.8828 2.3589
1.3550 -1.8828 2.4572
1.3550 -1.8828 2.5555
1.3550 -1.8828 2.6538
1.3550 -1.8828 2.7521
1.3550 -1.8828 2.8504
1.3550 -1.8828 2.9487
1.3550 -1.8828 3.0470
1.3550 -1.8828 3.1452
1.3550 -1.7954 -0.0001
1.3550 -1.7954 3.1452
1.3550 -1.7080 -0.0001
1.3550 -1.7080 3.1452
1.3550 -1.6206 -0.0001
1.3550 -1.6206 3.1452
1.3550 -1.5332 -0.0001
1.3550 -1.5332 3.1452
1.3550 -1.4458 -0.0001
1.3550 -1.4458 3.1452
1.3550 -1.3584 -0.0001
1.3550 -1.3584 3.1452
1.3550 -1.2710 -0.0001
1.3550 -1.2710 0.0982
1.3550 -1.2710 0.1965
1.3550 -1.2710 0.2948
1.3550 -1.2710 0.3931
1.3550 -1.2710 0.4914
1.3550 -1.2710 0.5897
1.3550 -1.2710 0.6880
1.3550 -1.2710 0.7863
1.3550 -1.2710 0.8846
1.3550 -1.2710 0.9829
1.3550 -1.2710 1.0811
1.3550 -1.2710 1.1794
1.3550 -1.2710 1.2777
1.3550 -1.2710 1.3760
1.3550 -1.2710 1.4743
1.3550 -1.2710 1.5726
1.3550 -1.2710 1.6709
1.3550 -1.2710 1.7692
1.3550 -1.2710 1.8675
1.3550 -1.2710 1.9658
1.3550 -1.2710 2.0641
1.3550 -1.2710 2.1623
1.3550 -1.2710 2.2606
1.3550 -1.2710 2.3589
1.3550 -1.2710 2.4572
1.3550 -1.2710 2.5555
1.3550 -1.2710 2.6538
1.3550 -1.2710 2.7521
1.3550 -1.2710 2.8504
1.3550 -1.2710 2.9487
1.3550 -1.2710 3.0470
1.3550 -1.2710 3.1452
1.4000 -2.7000 0.0000
1.4000 -2.7000 0.1000
1.4000 -2.7000 0.2000
1.4000 -2.7000 0.3000
1.4000 -2.7000 0.4000
1.4000 -2.7000 0.5000
1.4000 -2.7000 0.6000
1.4000 -2.7000 0.7000
1.4000 -2.7000 0.8000
1.4000 -2.7000 0.9000
1.4000 -2.7000 1.0000
1.4000 -2.7000 1.1000
1.4000 -2.7000 1.2000
1.4000 -2.7000 1.3000
1.4000 -2.7000 1.4000
1.4000 -2.7000 1.5000
1.4000 -2.7000 1.6000
1.4000 -2.7000 1.7000
1.4000 -2.7000 1.8000
1.4000 -2.7000 1.9000
1.4000 -2.7000 2.0000
1.4000 -2.7000 2.1000
1.4000 -2.7000 2.2000
1.4000 -2.7000 2.3000
1.4000 -2.7000 2.4000
1.4000 -2.7000 2.5000
1.4000 -2.7000 2.6000
1.4000 -2.7000 2.7000
1.4000 -2.7000 2.8000
1.4000 -2.7000 2.9000
1.4000 -2.7000 3.0000
1.4000 -2.7000 3.1000
1.4000 -2.7000 3.2000
1.4000 -2.7000 3.3000
1.4000 -2.7000 3.4000
1.4000 -2.7000 3.5000
1.4000 -2.6000 0.0000
1.4000 -2.6000 3.5000
1.4000 -2.5000 0.0000
1.4000 -2.5000 0.1000
1.4000 -2.5000 0.2000
1.4000 -2.5000 0.3000
1.4000 -2.5000 0.4000
1.4000 -2.5000 0.5000
1.4000 -2.5000 0.6000
1.4000 -2.5000 0.7000
1.4000 -2.5000 0.8000
1.4000 -2.5000 0.9000
1.4000 -2.5000 1.0000
1.4000 -2.5000 1.1000
1.4000 -2.5000 1.2000
1.4000 -2.5000 1.3000
1.4000 -2.5000 1.4000
1.4000 -2.5000 1.5000
1.4000 -2.5000 1.6000
1.4000 -2.5000 1.7000
1.4000 -2.5000 1.8000
1.4000 -2.5000 1.9000
1.4000 -2.5000 2.0000
1.4000 -2.5000 2.1000
1.4000 -2.5000 2.2000
1.4000 -2.5000 2.3000
1.4000 -2.5000 2.4000
1.4000 -2.5000 2.5000
1.4000 -2.5000 2.6000
1.4000 -2.5000 2.7000
1.4000 -2.5000 2.8000
1.4000 -2.5000 2.9000
1.4000 -2.5000 3.0000
1.4000 -2.5000 3.1000
1.4000 -2.5000 3.2000
1.4000 -2.5000 3.3000
1.4000 -2.5000 3.4000
1.4000 -2.5000 3.5000
1.4000 2.5000 0.0000
1.4000 2.5000 0.1000
1.4000 2.5000 0.2000
1.4000 2.5000 0.3000
1.4000 2.5000 0.4000
1.4000 2.5000 0.5000
1.4000 2.5000 0.6000
1.4000 2.5000 0.7000
1.4000 2.5000 0.8000
1.4000 2.5000 0.9000
1.4000 2.5000 1.0000
1.4000 2.5000 1.1000
1.4000 2.5000 1.2000
1.4000 2.5000 1.3000
1.4000 2.5000 1.4000
1.4000 2.5000 1.5000
1.4000 2.5000 1.6000
1.4000 2.5000 1.7000
1.4000 2.5000 1.8000
1.4000 2.5000 1.9000
1.4000 2.5000 2.0000
1.4000 2.5000 2.1000
1.4000 2.5000 2.2000
1.4000 2.5000 2.3000
1.4000 2.5000 2.4000
1.4000 2.5000 2.5000
1.4000 2.5000 2.6000
1.4000 2.5000 2.7000
1.4000 2.5000 2.8000
1.4000 2.5000 2.9000
1.4000 2.5000 3.0000
1.4000 2.5000 3.1000
1.4000 2.5000 3.2000
1.4000 2.5000 3.3000
1.4000 2.5000 3.4000
1.4000 2.5000 3.5000
1.4000 2.6000 0.0000
1.4000 2.6000 3.5000
1.4000 2.7000 0.0000
1.4000 2.7000 0.1000
1.4000 2.7000 0.2000
1.4000 2.7000 0.3000
1.4000 2.7000 0.4000
1.4000 2.7000 0.5000
1.4000 2.7000 0.6000
1.4000 2.7000 0.7000
1.4000 2.7000 0.8000
1.4000 2.7000 0.9000
1.4000 2.7000 1.0000
1.4000 2.7000 1.1000
1.4000 2.7000 1.2000
1.4000 2.7000 1.3000
1.4000 2.7000 1.4000
1.4000 2.7000 1.5000
1.4000 2.7000 1.6000
1.4000 2.7000 1.7000
1.4000 2.7000 1.8000
1.4000 2.7000 1.9000
1.4000 2.7000 2.0000
1.4000 2.7000 2.1000
1.4000 2.7000 2.2000
1.4000 2.7000 2.3000
1.4000 2.7000 2.4000
1.4000 2.7000 2.5000
1.4000 2.7000 2.6000
1.4000 2.7000 2.7000
1.4000 2.7000 2.8000
1.4000 2.7000 2.9000
1.4000 2.7000 3.0000
1.4000 2.7000 3.1000
1.4000 2.7000 3.2000
1.4000 2.7000 3.3000
1.4000 2.7000 3.4000
1.4000 2.7000 3.5000
1.4424 -1.8828 -0.0001
1.4424 -1.8828 0.0982
1.4424 -1.8828 0.1965
1.4424 -1.8828 0.2948
1.4424 -1.8828 0.3931
1.4424 -1.8828 0.4914
1.4424 -1.8828 0.5897
1.4424 -1.8828 0.6880
1.4424 -1.8828 0.7863
1.4424 -1.8828 0.8846
1.4424 -1.8828 0.9829
1.4424 -1.8828 1.0811
1.4424 -1.8828 1.1794
1.4424 -1.8828 1.2777
1.4424 -1.8828 1.3760
1.4424 -1.8828 1.4743
1.4424 -1.8828 1.5726
1.4424 -1.8828 1.6709
1.4424 -1.8828 1.7692
1.4424 -1.8828 1.8675
1.4424 -1.8828 1.9658
1.4424 -1.8828 2.0641
1.4424 -1.8828 2.1623
1.4424 -1.8828 2.2606
1.4424 -1.8828 2.3589
1.4424 -1.8828 2.4572
1.4424 -1.8828 2.5555
1.4424 -1.8828 2.6538
1.4424 -1.8828 2.7521
1.4424 -1.8828 2.8504
1.4424 -1.8828 2.9487
1.4424 -1.8828 3.0470
1.4424 -1.8828 3.1452
1.4424 -1.7954 -0.0001
1.4424 -1.7954 3.1452
1.4424 -1.7080 -0.0001
1.4424 -1.7080 3.1452
1.4424 -1.6206 -0.0001
1.4424 -1.6206 3.1452
1.4424 -1.5332 -0.0001
1.4424 -1.5332 3.1452
1.4424 -1.4458 -0.0001
1.4424 -1.4458 3.1452
1.4424 -1.3584 -0.0001
1.4424 -1.3584 3.1452
1.4424 -1.2710 -0.0001
1.4424 -1.2710 0.0982
1.4424 -1.2710 0.1965
1.4424 -1.2710 0.2948
1.4424 -1.2710 0.3931
1.4424 -1.2710 0.4914
1.4424 -1.2710 0.5897
1.4424 -1.2710 0.6880
1.4424 -1.2710 0.7863
1.4424 -1.2710 0.8846
1.4424 -1.2710 0.9829
1.4424 -1.2710 1.0811
1.4424 -1.2710 1.1794
1.4424 -1.2710 1.2777
1.4424 -1.2710 1.3760
1.4424 -1.2710 1.4743
1.4424 -1.2710 1.5726
1.4424 -1.2710 1.6709
1.4424 -1.2710 1.7692
1.4424 -1.2710 1.8675
1.4424 -1.2710 1.9658
1.4424 -1.2710 2.0641
1.4424 -1.2710 2.1623
1.4424 -1.2710 2.2606
1.4424 -1.2710 2.3589
1.4424 -1.2710 2.4572
1.4424 -1.2710 2.5555
1.4424 -1.2710 2.6538
1.4424 -1.2710 2.7521
1.4424 -1.2710 2.8504
1.4424 -1.2710 2.9487
1.4424 -1.2710 3.0470
1.4424 -1.2710 3.1452
1.5000 -2.7000 0.0000
1.5000 -2.7000 0.1000
1.5000 -2.7000 0.2000
1.5000 -2.7000 0.3000
1.5000 -2.7000 0.4000
1.5000 -2.7000 0.5000
1.5000 -2.7000 0.6000
1.5000 -2.7000 0.7000
1.5000 -2.7000 0.8000
1.5000 -2.7000 0.9000
1.5000 -2.7000 1.0000
1.5000 -2.7000 1.1000
1.5000 -2.7000 1.2000
1.5000 -2.7000 1.3000
1.5000 -2.7000 1.4000
1.5000 -2.7000 1.5000
1.5000 -2.7000 1.6000
1.5000 -2.7000 1.7000
1.5000 -2.7000 1.8000
1.5000 -2.7000 1.9000
1.5000 -2.7000 2.0000
1.5000 -2.7000 2.1000
1.5000 -2.7000 2.2000
1.5000 -2.7000 2.3000
1.5000 -2.7000 2.4000
1.5000 -2.7000 2.5000
1.5000 -2.7000 2.6000
1.5000 -2.7000 2.7000
1.5000 -2.7000 2.8000
1.5000 -2.7000 2.9000
1.5000 -2.7000 3.0000
1.5000 -2.7000 3.1000
1.5000 -2.7000 3.2000
1.5000 -2.7000 3.3000
1.5000 -2.7000 3.4000
1.5000 -2.7000 3.5000
1.5000 -2.6000 0.0000
1.5000 -2.6000 3.5000
1.5000 -2.5000 0.0000
1.5000 -2.5000 0.1000
1.5000 -2.5000 0.2000
1.5000 -2.5000 0.3000
1.5000 -2.5000 0.4000
1.5000 -2.5000 0.5000
1.5000 -2.5000 0.6000
1.5000 -2.5000 0.7000
1.5000 -2.5000 0.8000
1.5000 -2.5000 0.9000
1.5000 -2.5000 1.0000
1.5000 -2.5000 1.1000
1.5000 -2.5000 1.2000
1.5000 -2.5000 1.3000
1.5000 -2.5000 1.4000
1.5000 -2.5000 1.5000
1.5000 -2.5000 1.6000
1.5000 -2.5000 1.7000
1.5000 -2.5000 1.8000
1.5000 -2.5000 1.9000
1.5000 -2.5000 2.0000
1.5000 -2.5000 2.1000
1.5000 -2.5000 2.2000
1.5000 -2.5000 2.3000
1.5000 -2.5000 2.4000
1.5000 -2.5000 2.5000
1.5000 -2.5000 2.6000
1.5000 -2.5000 2.7000
1.5000 -2.5000 2.8000
1.5000 -2.5000 2.9000
1.5000 -2.5000 3.0000
1.5000 -2.5000 3.1000
1.5000 -2.5000 3.2000
1.5000 -2.5000 3.3000
1.5000 -2.5000 3.4000
1.5000 -2.5000 3.5000
1.5000 2.5000 0.0000
1.5000 2.5000 0.1000
1.5000 2.5000 0.2000
1.5000 2.5000 0.3000
1.5000 2.5000 0.4000
1.5000 2.5000 0.5000
1.5000 2.5000 0.6000
1.5000 2.5000 0.7000
1.5000 2.5000 0.8000
1.5000 2.5000 0.9000
1.5000 2.5000 1.0000
1.5000 2.5000 1.1000
1.5000 2.5000 1.2000
1.5000 2.5000 1.3000
1.5000 2.5000 1.4000
1.5000 2.5000 1.5000
1.5000 2.5000 1.6000
1.5000 2.5000 1.7000
1.5000 2.5000 1.8000
1.5000 2.5000 1.9000
1.5000 2.5000 2.0000
1.5000 2.5000 2.1000
1.5000 2.5000 2.2000
1.5000 2.5000 2.3000
1.5000 2.5000 2.4000
1.5000 2.5000 2.5000
1.5000 2.5000 2.6000
1.5000 2.5000 2.7000
1.5000 2.5000 2.8000
1.5000 2.5000 2.9000
1.5000 2.5000 3.0000
1.5000 2.5000 3.1000
1.5000 2.5000 3.2000
1.5000 2.5000 3.3000
1.5000 2.5000 3.4000
1.5000 2.5000 3.5000
1.5000 2.6000 0.0000
1.5000 2.6000 3.5000
1.5000 2.7000 0.0000
1.5000 2.7000 0.1000
1.5000 2.7000 0.2000
1.5000 2.7000 0.3000
1.5000 2.7000 0.4000
1.5000 2.7000 0.5000
1.5000 2.7000 0.6000
1.5000 2.7000 0.7000
1.5000 2.7000 0.8000
1.5000 2.7000 0.9000
1.5000 2.7000 1.0000
1.5000 2.7000 1.1000
1.5000 2.7000 1.2000
1.5000 2.7000 1.3000
1.5000 2.7000 1.4000
1.5000 2.7000 1.5000
1.5000 2.7000 1.6000
1.5000 2.7000 1.7000
1.5000 2.7000 1.8000
1.5000 2.7000 1.9000
1.5000 2.7000 2.0000
1.5000 2.7000 2.1000
1.5000 2.7000 2.2000
1.5000 2.7000 2.3000
1.5000 2.7000 2.4000
1.5000 2.7000 2.5000
1.5000 2.7000 2.6000
1.5000 2.7000 2.7000
1.5000 2.7000 2.8000
1.5000 2.7000 2.9000
1.5000 2.7000 3.0000
1.5000 2.7000 3.1000
1.5000 2.7000 3.2000
1.5000 2.7000 3.3000
1.5000 2.7000 3.4000
1.5000 2.7000 3.5000
1.5298 -1.8828 -0.0001
1.5298 -1.8828 0.0982
1.5298 -1.8828 0.1965
1.5298 -1.8828 0.2948
1.5298 -1.8828 0.3931
1.5298 -1.8828 0.4914
1.5298 -1.8828 0.5897
1.5298 -1.8828 0.6880
1.5298 -1.8828 0.7863
1.5298 -1.8828 0.8846
1.5298 -1.8828 0.9829
1.5298 -1.8828 1.0811
1.5298 -1.8828 1.1794
1.5298 -1.8828 1.2777
1.5298 -1.8828 1.3760
1.5298 -1.8828 1.4743
1.5298 -1.8828 1.5726
1.5298 -1.8828 1.6709
1.5298 -1.8828 1.7692
1.5298 -1.8828 1.8675
1.5298 -1.8828 1.9658
1.5298 -1.8828 2.0641
1.5298 -1.8828 2.1623
1.5298 -1.8828 2.2606
1.5298 -1.8828 2.3589
1.5298 -1.8828 2.4572
1.5298 -1.8828 2.5555
1.5298 -1.8828 2.6538
1.5298 -1.8828 2.7521
1.5298 -1.8828 2.8504
1.5298 -1.8828 2.9487
1.5298 -1.8828 3.0470
1.5298 -1.8828 3.1452
1.5298 -1.7954 -0.0001
1.5298 -1.7954 3.1452
1.5298 -1.7080 -0.0001
1.5298 -1.7080 3.1452
1.5298 -1.6206 -0.0001
1.5298 -1.6206 3.1452
1.5298 -1.5332 -0.0001
1.5298 -1.5332 3.1452
1.5298 -1.4458 -0.0001
1.5298 -1.4458 3.1452
1.5298 -1.3584 -0.0001
1.5298 -1.3584 3.1452
1.5298 -1.2710 -0.0001
1.5298 -1.2710 0.0982
1.5298 -1.2710 0.1965
1.5298 -1.2710 0.2948
1.5298 -1.2710 0.3931
1.5298 -1.2710 0.4914
1.5298 -1.2710 0.5897
1.5298 -1.2710 0.6880
1.5298 -1.2710 0.7863
1.5298 -1.2710 0.8846
1.5298 -1.2710 0.9829
1.5298 -1.2710 1.0811
1.5298 -1.2710 1.1794
1.5298 -1.2710 1.2777
1.5298 -1.2710 1.3760
1.5298 -1.2710 1.4743
1.5298 -1.2710 1.5726
1.5298 -1.2710 1.6709
1.5298 -1.2710 1.7692
1.5298 -1.2710 1.8675
1.5298 -1.2710 1.9658
1.5298 -1.2710 2.0641
1.5298 -1.2710 2.1623
1.5298 -1.2710 2.2606
1.5298 -1.2710 2.3589
1.5298 -1.2710 2.4572
1.5298 -1.2710 2.5555
1.5298 -1.2710 2.6538
1.5298 -1.2710 2.7521
1.5298 -1.2710 2.8504
1.5298 -1.2710 2.9487
1.5298 -1.2710 3.0470
1.5298 -1.2710 3.1452
1.6000 -2.7000 0.0000
1.6000 -2.7000 0.1000
1.6000 -2.7000 0.2000
1.6000 -2.7000 0.3000
1.6000 -2.7000 0.4000
1.6000 -2.7000 0.5000
1.6000 -2.7000 0.6000
1.6000 -2.7000 0.7000
1.6000 -2.7000 0.8000
1.6000 -2.7000 0.9000
1.6000 -2.7000 1.0000
1.6000 -2.7000 1.1000
1.6000 -2.7000 1.2000
1.6000 -2.7000 1.3000
1.6000 -2.7000 1.4000
1.6000 -2.7000 1.5000
1.6000 -2.7000 1.6000
1.6000 -2.7000 1.7000
1.6000 -2.7000 1.8000
1.6000 -2.7000 1.9000
1.6000 -2.7000 2.0000
1.6000 -2.7000 2.1000
1.6000 -2.7000 2.2000
1.6000 -2.7000 2.3000
1.6000 -2.7000 2.4000
1.6000 -2.7000 2.5000
1.6000 -2.7000 2.6000
1.6000 -2.7000 2.7000
1.6000 -2.7000 2.8000
1.6000 -2.7000 2.9000
1.6000 -2.7000 3.0000
1.6000 -2.7000 3.1000
1.6000 -2.7000 3.2000
1.6000 -2.7000 3.3000
1.6000 -2.7000 3.4000
1.6000 -2.7000 3.5000
1.6000 -2.6000 0.0000
1.6000 -2.6000 3.5000
1.6000 -2.5000 0.0000
1.6000 -2.5000 0.1000
1.6000 -2.5000 0.2000
1.6000 -2.5000 0.3000
1.6000 -2.5000 0.4000
1.6000 -2.5000 0.5000
1.6000 -2.5000 0.6000
1.6000 -2.5000 0.7000
1.6000 -2.5000 0.8000
1.6000 -2.5000 0.9000
1.6000 -2.5000 1.0000
1.6000 -2.5000 1.1000
1.6000 -2.5000 1.2000
1.6000 -2.5000 1.3000
1.6000 -2.5000 1.4000
1.6000 -2.5000 1.5000
1.6000 -2.5000 1.6000
1.6000 -2.5000 1.7000
1.6000 -2.5000 1.8000
1.6000 -2.5000 1.9000
1.6000 -2.5000 2.0000
1.6000 -2.5000 2.1000
1.6000 -2.5000 2.2000
1.6000 -2.5000 2.3000
1.6000 -2.5000 2.4000
1.6000 -2.5000 2.5000
1.6000 -2.5000 2.6000
1.6000 -2.5000 2.7000
1.6000 -2.5000 2.8000
1.6000 -2.5000 2.9000
1.6000 -2.5000 3.0000
1.6000 -2.5000 3.1000
1.6000 -2.5000 3.2000
1.6000 -2.5000 3.3000
1.6000 -2.5000 3.4000
1.6000 -2.5000 3.5000
1.6000 2.5000 0.0000
1.6000 2.5000 0.1000
1.6000 2.5000 0.2000
1.6000 2.5000 0.3000
1.6000 2.5000 0.4000
1.6000 2.5000 0.5000
1.6000 2.5000 0.6000
1.6000 2.5000 0.7000
1.6000 2.5000 0.8000
1.6000 2.5000 0.9000
1.6000 2.5000 1.0000
1.6000 2.5000 1.1000
1.6000 2.5000 1.2000
1.6000 2.5000 1.3000
1.6000 2.5000 1.4000
1.6000 2.5000 1.5000
1.6000 2.5000 1.6000
1.6000 2.5000 1.7000
1.6000 2.5000 1.8000
1.6000 2.5000 1.9000
1.6000 2.5000 2.0000
1.6000 2.5000 2.1000
1.6000 2.5000 2.2000
1.6000 2.5000 2.3000
1.6000 2.5000 2.4000
1.6000 2.5000 2.5000
1.6000 2.5000 2.6000
1.6000 2.5000 2.7000
1.6000 2.5000 2.8000
1.6000 2.5000 2.9000
1.6000 2.5000 3.0000
1.6000 2.5000 3.1000
1.6000 2.5000 3.2000
1.6000 2.5000 3.3000
1.6000 2.5000 3.4000
1.6000 2.5000 3.5000
1.6000 2.6000 0.0000
1.6000 2.6000 3.5000
1.6000 2.7000 0.0000
1.6000 2.7000 0.1000
1.6000 2.7000 0.2000
1.6000 2.7000 0.3000
1.6000 2.7000 0.4000
1.6000 2.7000 0.5000
1.6000 2.7000 0.6000
1.6000 2.7000 0.7000
1.6000 2.7000 0.8000
1.6000 2.7000 0.9000
1.6000 2.7000 1.0000
1.6000 2.7000 1.1000
1.6000 2.7000 1.2000
1.6000 2.7000 1.3000
1.6000 2.7000 1.4000
1.6000 2.7000 1.5000
1.6000 2.7000 1.6000
1.6000 2.7000 1.7000
1.6000 2.7000 1.8000
1.6000 2.7000 1.9000
1.6000 2.7000 2.0000
1.6000 2.7000 2.1000
1.6000 2.7000 2.2000
1.6000 2.7000 2.3000
1.6000 2.7000 2.4000
1.6000 2.7000 2.5000
1.6000 2.7000 2.6000
1.6000 2.7000 2.7000
1.6000 2.7000 2.8000
1.6000 2.7000 2.9000
1.6000 2.7000 3.0000
1.6000 2.7000 3.1000
1.6000 2.7000 3.2000
1.6000 2.7000 3.3000
1.6000 2.7000 3.4000
1.6000 2.7000 3.5000
1.6172 -1.8828 -0.0001
1.6172 -1.8828 0.0982
1.6172 -1.8828 0.1965
1.6172 -1.8828 0.2948
1.6172 -1.8828 0.3931
1.6172 -1.8828 0.4914
1.6172 -1.8828 0.5897
1.6172 -1.8828 0.6880
1.6172 -1.8828 0.7863
1.6172 -1.8828 0.8846
1.6172 -1.8828 0.9829
1.6172 -1.8828 1.0811
1.6172 -1.8828 1.1794
1.6172 -1.8828 1.2777
1.6172 -1.8828 1.3760
1.6172 -1.8828 1.4743
1.6172 -1.8828 1.5726
1.6172 -1.8828 1.6709
1.6172 -1.8828 1.7692
1.6172 -1.8828 1.8675
1.6172 -1.8828 1.9658
1.6172 -1.8828 2.0641
1.6172 -1.8828 2.1623
1.6172 -1.8828 2.2606
1.6172 -1.8828 2.3589
1.6172 -1.8828 2.4572
1.6172 -1.8828 2.5555
1.6172 -1.8828 2.6538
1.6172 -1.8828 2.7521
1.6172 -1.8828 2.8504
1.6172 -1.8828 2.9487
1.6172 -1.8828 3.0470
1.6172 -1.8828 3.1452
1.6172 -1.7954 -0.0001
1.6172 -1.7954 0.0982
1.6172 -1.7954 0.1965
1.6172 -1.7954 0.2948
1.6172 -1.7954 0.3931
1.6172 -1.7954 0.4914
1.6172 -1.7954 0.5897
1.6172 -1.7954 0.6880
1.6172 -1.7954 0.7863
1.6172 -1.7954 0.8846
1.6172 -1.7954 0.9829
1.6172 -1.7954 1.0811
1.6172 -1.7954 1.1794
1.6172 -1.7954 1.2777
1.6172 -1.7954 1.3760
1.6172 -1.7954 1.4743
1.6172 -1.7954 1.5726
1.6172 -1.7954 1.6709
1.6172 -1.7954 1.7692
1.6172 -1.7954 1.8675
1.6172 -1.7954 1.9658
1.6172 -1.7954 2.0641
1.6172 -1.7954 2.1623
1.6172 -1.7954 2.2606
1.6172 -1.7954 2.3589
1.6172 -1.7954 2.4572
1.6172 -1.7954 2.5555
1.6172 -1.7954 2.6538
1.6172 -1.7954 2.7521
1.6172 -1.7954 2.8504
1.6172 -1.7954 2.9487
1.6172 -1.7954 3.0470
1.6172 -1.7954 3.1452
1.6172 -1.7080 -0.0001
1.6172 -1.7080 0.0982
1.6172 -1.7080 0.1965
1.6172 -1.7080 0.2948
1.6172 -1.7080 0.3931
1.6172 -1.7080 0.4914
1.6172 -1.7080 0.5897
1.6172 -1.7080 0.6880
1.6172 -1.7080 0.7863
1.6172 -1.7080 0.8846
1.6172 -1.7080 0.9829
1.6172 -1.7080 1.0811
1.6172 -1.7080 1.1794
1.6172 -1.7080 1.2777
1.6172 -1.7080 1.3760
1.6172 -1.7080 1.4743
1.6172 -1.7080 1.5726
1.6172 -1.7080 1.6709
1.6172 -1.7080 1.7692
1.6172 -1.7080 1.8675
1.6172 -1.7080 1.9658
1.6172 -1.7080 2.0641
1.6172 -1.7080 2.1623
1.6172 -1.7080 2.2606
1.6172 -1.7080 2.3589
1.6172 -1.7080 2.4572
1.6172 -1.7080 2.5555
1.6172 -1.7080 2.6538
1.6172 -1.7080 2.7521
1.6172 -1.7080 2.8504
1.6172 -1.7080 2.9487
1.6172 -1.7080 3.0470
1.6172 -1.7080 3.1452
1.6172 -1.6206 -0.0001
1.6172 -1.6206 0.0982
1.6172 -1.6206 0.1965
1.6172 -1.6206 0.2948
1.6172 -1.6206 0.3931
1.6172 -1.6206 0.4914
1.6172 -1.6206 0.5897
1.6172 -1.6206 0.6880
1.6172 -1.6206 0.7863
1.6172 -1.6206 0.8846
1.6172 -1.6206 0.9829
1.6172 -1.6206 1.0811
1.6172 -1.6206 1.1794
1.6172 -1.6206 1.2777
1.6172 -1.6206 1.3760
1.6172 -1.6206 1.4743
1.6172 -1.6206 1.5726
1.6172 -1.6206 1.6709
1.6172 -1.6206 1.7692
1.6172 -1.6206 1.8675
1.6172 -1.6206 1.9658
1.6172 -1.6206 2.0641
1.6172 -1.6206 2.1623
1.6172 -1.6206 2.2606
1.6172 -1.6206 2.3589
1.6172 -1.6206 2.4572
1.6172 -1.6206 2.5555
1.6172 -1.6206 2.6538
1.6172 -1.6206 2.7521
1.6172 -1.6206 2.8504
1.6172 -1.6206 2.9487
1.6172 -1.6206 3.0470
1.6172 -1.6206 3.1452
1.6172 -1.5332 -0.0001
1.6172 -1.5332 0.0982
1.6172 -1.5332 0.1965
1.6172 -1.5332 0.2948
1.6172 -1.5332 0.3931
1.6172 -1.5332 0.4914
1.6172 -1.5332 0.5897
1.6172 -1.5332 0.6880
1.6172 -1.5332 0.7863
1.6172 -1.5332 0.8846
1.6172 -1.5332 0.9829
1.6172 -1.5332 1.0811
1.6172 -1.5332 1.1794
1.6172 -1.5332 1.2777
1.6172 -1.5332 1.3760
1.6172 -1.5332 1.4743
1.6172 -1.5332 1.5726
1.6172 -1.5332 1.6709
1.6172 -1.5332 1.7692
1.6172 -1.5332 1.8675
1.6172 -1.5332 1.9658
1.6172 -1.5332 2.0641
1.6172 -1.5332 2.1623
1.6172 -1.5332 2.2606
1.6172 -1.5332 2.3589
1.6172 -1.5332 2.4572
1.6172 -1.5332 2.5555
1.6172 -1.5332 2.6538
1.6172 -1.5332 2.7521
1.6172 -1.5332 2.8504
1.6172 -1.5332 2.9487
1.6172 -1.5332 3.0470
1.6172 -1.5332 3.1452
1.6172 -1.4458 -0.0001
1.6172 -1.4458 0.0982
1.6172 -1.4458 0.1965
1.6172 -1.4458 0.2948
1.6172 -1.4458 0.3931
1.6172 -1.4458 0.4914
1.6172 -1.4458 0.5897
1.6172 -1.4458 0.6880
1.6172 -1.4458 0.7863
1.6172 -1.4458 0.8846
1.6172 -1.4458 0.9829
1.6172 -1.4458 1.0811
1.6172 -1.4458 1.1794
1.6172 -1.4458 1.2777
1.6172 -1.4458 1.3760
1.6172 -1.4458 1.4743
1.6172 -1.4458 1.5726
1.6172 -1.4458 1.6709
1.6172 -1.4458 1.7692
1.6172 -1.4458 1.8675
1.6172 -1.4458 1.9658
1.6172 -1.4458 2.0641
1.6172 -1.4458 2.1623
1.6172 -1.4458 2.2606
1.6172 -1.4458 2.3589
1.6172 -1.4458 2.4572
1.6172 -1.4458 2.5555
1.6172 -1.4458 2.6538
1.6172 -1.4458 2.7521
1.6172 -1.4458 2.8504
1.6172 -1.4458 2.9487
1.6172 -1.4458 3.0470
1.6172 -1.4458 3.1452
1.6172 -1.3584 -0.0001
1.6172 -1.3584 0.0982
1.6172 -1.3584 0.1965
1.6172 -1.3584 0.2948
1.6172 -1.3584 0.3931
1.6172 -1.3584 0.4914
1.6172 -1.3584 0.5897
1.6172 -1.3584 0.6880
1.6172 -1.3584 0.7863
1.6172 -1.3584 0.8846
1.6172 -1.3584 0.9829
1.6172 -1.3584 1.0811
1.6172 -1.3584 1.1794
1.6172 -1.3584 1.2777
1.6172 -1.3584 1.3760
1.6172 -1.3584 1.4743
1.6172 -1.3584 1.5726
1.6172 -1.3584 1.6709
1.6172 -1.3584 1.7692
1.6172 -1.3584 1.8675
1.6172 -1.3584 1.9658
1.6172 -1.3584 2.0641
1.6172 -1.3584 2.1623
1.6172 -1.3584 2.2606
1.6172 -1.3584 2.3589
1.6172 -1.3584 2.4572
1.6172 -1.3584 2.5555
1.6172 -1.3584 2.6538
1.6172 -1.3584 2.7521
1.6172 -1.3584 2.8504
1.6172 -1.3584 2.9487
1.6172 -1.3584 3.0470
1.6172 -1.3584 3.1452
1.6172 -1.2710 -0.0001
1.6172 -1.2710 0.0982
1.6172 -1.2710 0.1965
1.6172 -1.2710 0.2948
1.6172 -1.2710 0.3931
1.6172 -1.2710 0.4914
1.6172 -1.2710 0.5897
1.6172 -1.2710 0.6880
1.6172 -1.2710 0.7863
1.6172 -1.2710 0.8846
1.6172 -1.2710 0.9829
1.6172 -1.2710 1.0811
1.6172 -1.2710 1.1794
1.6172 -1.2710 1.2777
1.6172 -1.2710 1.3760
1.6172 -1.2710 1.4743
1.6172 -1.2710 1.5726
1.6172 -1.2710 1.6709
1.6172 -1.2710 1.7692
1.6172 -1.2710 1.8675
1.6172 -1.2710 1.9658
1.6172 -1.2710 2.0641
1.6172 -1.2710 2.1623
1.6172 -1.2710 2.2606
1.6172 -1.2710 2.3589
1.6172 -1.2710 2.4572
1.6172 -1.2710 2.5555
1.6172 -1.2710 2.6538
1.6172 -1.2710 2.7521
1.6172 -1.2710 2.8504
1.6172 -1.2710 2.9487
1.6172 -1.2710 3.0470
1.6172 -1.2710 3.1452
1.7000 -2.7000 0.0000
1.7000 -2.7000 0.1000
1.7000 -2.7000 0.2000
1.7000 -2.7000 0.3000
1.7000 -2.7000 0.4000
1.7000 -2.7000 0.5000
1.7000 -2.7000 0.6000
1.7000 -2.7000 0.7000
1.7000 -2.7000 0.8000
1.7000 -2.7000 0.9000
1.7000 -2.7000 1.0000
1.7000 -2.7000 1.1000
1.7000 -2.7000 1.2000
1.7000 -2.7000 1.3000
1.7000 -2.7000 1.4000
1.7000 -2.7000 1.5000
1.7000 -2.7000 1.6000
1.7000 -2.7000 1.7000
1.7000 -2.7000 1.8000
1.7000 -2.7000 1.9000
1.7000 -2.7000 2.0000
1.7000 -2.7000 2.1000
1.7000 -2.7000 2.2000
1.7000 -2.7000 2.3000
1.7000 -2.7000 2.4000
1.7000 -2.7000 2.5000
1.7000 -2.7000 2.6000
1.7000 -2.7000 2.7000
1.7000 -2.7000 2.8000
1.7000 -2.7000 2.9000
1.7000 -2.7000 3.0000
1.7000 -2.7000 3.1000
1.7000 -2.7000 3.2000
1.7000 -2.7000 3.3000
1.7000 -2.7000 3.4000
1.7000 -2.7000 3.5000
1.7000 -2.6000 0.0000
1.7000 -2.6000 3.5000
1.7000 -2.5000 0.0000
1.7000 -2.5000 0.1000
1.7000 -2.5000 0.2000
1.7000 -2.5000 0.3000
1.7000 -2.5000 0.4000
1.7000 -2.5000 0.5000
1.7000 -2.5000 0.6000
1.7000 -2.5000 0.7000
1.7000 -2.5000 0.8000
1.7000 -2.5000 0.9000
1.7000 -2.5000 1.0000
1.7000 -2.5000 1.1000
1.7000 -2.5000 1.2000
1.7000 -2.5000 1.3000
1.7000 -2.5000 1.4000
1.7000 -2.5000 1.5000
1.7000 -2.5000 1.6000
1.7000 -2.5000 1.7000
1.7000 -2.5000 1.8000
1.7000 -2.5000 1.9000
1.7000 -2.5000 2.0000
1.7000 -2.5000 2.1000
1.7000 -2.5000 2.2000
1.7000 -2.5000 2.3000
1.7000 -2.5000 2.4000
1.7000 -2.5000 2.5000
1.7000 -2.5000 2.6000
1.7000 -2.5000 2.7000
1.7000 -2.5000 2.8000
1.7000 -2.5000 2.9000
1.7000 -2.5000 3.0000
1.7000 -2.5000 3.1000
1.7000 -2.5000 3.2000
1.7000 -2.5000 3.3000
1.7000 -2.5000 3.4000
1.7000 -2.5000 3.5000
1.7000 2.5000 0.0000
1.7000 2.5000 0.1000
1.7000 2.5000 0.2000
1.7000 2.5000 0.3000
1.7000 2.5000 0.4000
1.7000 2.5000 0.5000
1.7000 2.5000 0.6000
1.7000 2.5000 0.7000
1.7000 2.5000 0.8000
1.7000 2.5000 0.9000
1.7000 2.5000 1.0000
1.7000 2.5000 1.1000
1.7000 2.5000 1.2000
1.7000 2.5000 1.3000
1.7000 2.5000 1.4000
1.7000 2.5000 1.5000
1.7000 2.5000 1.6000
1.7000 2.5000 1.7000
1.7000 2.5000 1.8000
1.7000 2.5000 1.9000
1.7000 2.5000 2.0000
1.7000 2.5000 2.1000
1.7000 2.5000 2.2000
1.7000 2.5000 2.3000
1.7000 2.5000 2.4000
1.7000 2.5000 2.5000
1.7000 2.5000 2.6000
1.7000 2.5000 2.7000
1.7000 2.5000 2.8000
1.7000 2.5000 2.9000
1.7000 2.5000 3.0000
1.7000 2.5000 3.1000
1.7000 2.5000 3.2000
1.7000 2.5000 3.3000
1.7000 2.5000 3.4000
1.7000 2.5000 3.5000
1.7000 2.6000 0.0000
1.7000 2.6000 3.5000
1.7000 2.7000 0.0000
1.7000 2.7000 0.1000
1.7000 2.7000 0.2000
1.7000 2.7000 0.3000
1.7000 2.7000 0.4000
1.7000 2.7000 0.5000
1.7000 2.7000 0.6000
1.7000 2.7000 0.7000
1.7000 2.7000 0.8000
1.7000 2.7000 0.9000
1.7000 2.7000 1.0000
1.7000 2.7000 1.1000
1.7000 2.7000 1.2000
1.7000 2.7000 1.3000
1.7000 2.7000 1.4000
1.7000 2.7000 1.5000
1.7000 2.7000 1.6000
1.7000 2.7000 1.7000
1.7000 2.7000 1.8000
1.7000 2.7000 1.9000
1.7000 2.7000 2.0000
1.7000 2.7000 2.1000
1.7000 2.7000 2.2000
1.7000 2.7000 2.3000
1.7000 2.7000 2.4000
1.7000 2.7000 2.5000
1.7000 2.7000 2.6000
1.7000 2.7000 2.7000
1.7000 2.7000 2.8000
1.7000 2.7000 2.9000
1.7000 2.7000 3.0000
1.7000 2.7000 3.1000
1.7000 2.7000 3.2000
1.7000 2.7000 3.3000
1.7000 2.7000 3.4000
1.7000 2.7000 3.5000
1.8000 -2.7000 0.0000
1.8000 -2.7000 0.1000
1.8000 -2.7000 0.2000
1.8000 -2.7000 0.3000
1.8000 -2.7000 0.4000
1.8000 -2.7000 0.5000
1.8000 -2.7000 0.6000
1.8000 -2.7000 0.7000
1.8000 -2.7000 0.8000
1.8000 -2.7000 0.9000
1.8000 -2.7000 1.0000
1.8000 -2.7000 1.1000
1.8000 -2.7000 1.2000
1.8000 -2.7000 1.3000
1.8000 -2.7000 1.4000
1.8000 -2.7000 1.5000
1.8000 -2.7000 1.6000
1.8000 -2.7000 1.7000
1.8000 -2.7000 1.8000
1.8000 -2.7000 1.9000
1.8000 -2.7000 2.0000
1.8000 -2.7000 2.1000
1.8000 -2.7000 2.2000
1.8000 -2.7000 2.3000
1.8000 -2.7000 2.4000
1.8000 -2.7000 2.5000
1.8000 -2.7000 2.6000
1.8000 -2.7000 2.7000
1.8000 -2.7000 2.8000
1.8000 -2.7000 2.9000
1.8000 -2.7000 3.0000
1.8000 -2.7000 3.1000
1.8000 -2.7000 3.2000
1.8000 -2.7000 3.3000
1.8000 -2.7000 3.4000
1.8000 -2.7000 3.5000
1.8000 -2.6000 0.0000
1.8000 -2.6000 3.5000
1.8000 -2.5000 0.0000
1.8000 -2.5000 0.1000
1.8000 -2.5000 0.2000
1.8000 -2.5000 0.3000
1.8000 -2.5000 0.4000
1.8000 -2.5000 0.5000
1.8000 -2.5000 0.6000
1.8000 -2.5000 0.7000
1.8000 -2.5000 0.8000
1.8000 -2.5000 0.9000
1.8000 -2.5000 1.0000
1.8000 -2.5000 1.1000
1.8000 -2.5000 1.2000
1.8000 -2.5000 1.3000
1.8000 -2.5000 1.4000
1.8000 -2.5000 1.5000
1.8000 -2.5000 1.6000
1.8000 -2.5000 1.7000
1.8000 -2.5000 1.8000
1.8000 -2.5000 1.9000
1.8000 -2.5000 2.0000
1.8000 -2.5000 2.1000
1.8000 -2.5000 2.2000
1.8000 -2.5000 2.3000
1.8000 -2.5000 2.4000
1.8000 -2.5000 2.5000
1.8000 -2.5000 2.6000
1.8000 -2.5000 2.7000
1.8000 -2.5000 2.8000
1.8000 -2.5000 2.9000
1.8000 -2.5000 3.0000
1.8000 -2.5000 3.1000
1.8000 -2.5000 3.2000
1.8000 -2.5000 3.3000
1.8000 -2.5000 3.4000
1.8000 -2.5000 3.5000
1.8000 2.5000 0.0000
1.8000 2.5000 0.1000
1.8000 2.5000 0.2000
1.8000 2.5000 0.3000
1.8000 2.5000 0.4000
1.8000 2.5000 0.5000
1.8000 2.5000 0.6000
1.8000 2.5000 0.7000
1.8000 2.5000 0.8000
1.8000 2.5000 0.9000
1.8000 2.5000 1.0000
1.8000 2.5000 1.1000
1.8000 2.5000 1.2000
1.8000 2.5000 1.3000
1.8000 2.5000 1.4000
1.8000 2.5000 1.5000
1.8000 2.5000 1.6000
1.8000 2.5000 1.7000
1.8000 2.5000 1.8000
1.8000 2.5000 1.9000
1.8000 2.5000 2.0000
1.8000 2.5000 2.1000
1.8000 2.5000 2.2000
1.8000 2.5000 2.3000
1.8000 2.5000 2.4000
1.8000 2.5000 2.5000
1.8000 2.5000 2.6000
1.8000 2.5000 2.7000
1.8000 2.5000 2.8000
1.8000 2.5000 2.9000
1.8000 2.5000 3.0000
1.8000 2.5000 3.1000
1.8000 2.5000 3.2000
1.8000 2.5000 3.3000
1.8000 2.5000 3.4000
1.8000 2.5000 3.5000
1.8000 2.6000 0.0000
1.8000 2.6000 3.5000
1.8000 2.7000 0.0000
1.8000 2.7000 0.1000
1.8000 2.7000 0.2000
1.8000 2.7000 0.3000
1.8000 2.7000 0.4000
1.8000 2.7000 0.5000
1.8000 2.7000 0.6000
1.8000 2.7000 0.7000
1.8000 2.7000 0.8000
1.8000 2.7000 0.9000
1.8000 2.7000 1.0000
1.8000 2.7000 1.1000
1.8000 2.7000 1.2000
1.8000 2.7000 1.3000
1.8000 2.7000 1.4000
1.8000 2.7000 1.5000
1.8000 2.7000 1.6000
1.8000 2.7000 1.7000
1.8000 2.7000 1.8000
1.8000 2.7000 1.9000
1.8000 2.7000 2.0000
1.8000 2.7000 2.1000
1.8000 2.7000 2.2000
1.8000 2.7000 2.3000
1.8000 2.7000 2.4000
1.8000 2.7000 2.5000
1.8000 2.7000 2.6000
1.8000 2.7000 2.7000
1.8000 2.7000 2.8000
1.8000 2.7000 2.9000
1.8000 2.7000 3.0000
1.8000 2.7000 3.1000
1.8000 2.7000 3.2000
1.8000 2.7000 3.3000
1.8000 2.7000 3.4000
1.8000 2.7000 3.5000
1.9000 -2.7000 0.0000
1.9000 -2.7000 0.1000
1.9000 -2.7000 0.2000
1.9000 -2.7000 0.3000
1.9000 -2.7000 0.4000
1.9000 -2.7000 0.5000
1.9000 -2.7000 0.6000
1.9000 -2.7000 0.7000
1.9000 -2.7000 0.8000
1.9000 -2.7000 0.9000
1.9000 -2.7000 1.0000
1.9000 -2.7000 1.1000
1.9000 -2.7000 1.2000
1.9000 -2.7000 1.3000
1.9000 -2.7000 1.4000
1.9000 -2.7000 1.5000
1.9000 -2.7000 1.6000
1.9000 -2.7000 1.7000
1.9000 -2.7000 1.8000
1.9000 -2.7000 1.9000
1.9000 -2.7000 2.0000
1.9000 -2.7000 2.1000
1.9000 -2.7000 2.2000
1.9000 -2.7000 2.3000
1.9000 -2.7000 2.4000
1.9000 -2.7000 2.5000
1.9000 -2.7000 2.6000
1.9000 -2.7000 2.7000
1.9000 -2.7000 2.8000
1.9000 -2.7000 2.9000
1.9000 -2.7000 3.0000
1.9000 -2.7000 3.1000
1.9000 -2.7000 3.2000
1.9000 -2.7000 3.3000
1.9000 -2.7000 3.4000
1.9000 -2.7000 3.5000
1.9000 -2.6000 0.0000
1.9000 -2.6000 3.5000
1.9000 -2.5000 0.0000
1.9000 -2.5000 0.1000
1.9000 -2.5000 0.2000
1.9000 -2.5000 0.3000
1.9000 -2.5000 0.4000
1.9000 -2.5000 0.5000
1.9000 -2.5000 0.6000
1.9000 -2.5000 0.7000
1.9000 -2.5000 0.8000
1.9000 -2.5000 0.9000
1.9000 -2.5000 1.0000
1.9000 -2.5000 1.1000
1.9000 -2.5000 1.2000
1.9000 -2.5000 1.3000
1.9000 -2.5000 1.4000
1.9000 -2.5000 1.5000
1.9000 -2.5000 1.6000
1.9000 -2.5000 1.7000
1.9000 -2.5000 1.8000
1.9000 -2.5000 1.9000
1.9000 -2.5000 2.0000
1.9000 -2.5000 2.1000
1.9000 -2.5000 2.2000
1.9000 -2.5000 2.3000
1.9000 -2.5000 2.4000
1.9000 -2.5000 2.5000
1.9000 -2.5000 2.6000
1.9000 -2.5000 2.7000
1.9000 -2.5000 2.8000
1.9000 -2.5000 2.9000
1.9000 -2.5000 3.0000
1.9000 -2.5000 3.1000
1.9000 -2.5000 3.2000
1.9000 -2.5000 3.3000
1.9000 -2.5000 3.4000
1.9000 -2.5000 3.5000
1.9000 2.5000 0.0000
1.9000 2.5000 0.1000
1.9000 2.5000 0.2000
1.9000 2.5000 0.3000
1.9000 2.5000 0.4000
1.9000 2.5000 0.5000
1.9000 2.5000 0.6000
1.9000 2.5000 0.7000
1.9000 2.5000 0.8000
1.9000 2.5000 0.9000
1.9000 2.5000 1.0000
1.9000 2.5000 1.1000
1.9000 2.5000 1.2000
1.9000 2.5000 1.3000
1.9000 2.5000 1.4000
1.9000 2.5000 1.5000
1.9000 2.5000 1.6000
1.9000 2.5000 1.7000
1.9000 2.5000 1.8000
1.9000 2.5000 1.9000
1.9000 2.5000 2.0000
1.9000 2.5000 2.1000
1.9000 2.5000 2.2000
1.9000 2.5000 2.3000
1.9000 2.5000 2.4000
1.9000 2.5000 2.5000
1.9000 2.5000 2.6000
1.9000 2.5000 2.7000
1.9000 2.5000 2.8000
1.9000 2.5000 2.9000
1.9000 2.5000 3.0000
1.9000 2.5000 3.1000
1.9000 2.5000 3.2000
1.9000 2.5000 3.3000
1.9000 2.5000 3.4000
1.9000 2.5000 3.5000
1.9000 2.6000 0.0000
1.9000 2.6000 3.5000
1.9000 2.7000 0.0000
1.9000 2.7000 0.1000
1.9000 2.7000 0.2000
1.9000 2.7000 0.3000
1.9000 2.7000 0.4000
1.9000 2.7000 0.5000
1.9000 2.7000 0.6000
1.9000 2.7000 0.7000
1.9000 2.7000 0.8000
1.9000 2.7000 0.9000
1.9000 2.7000 1.0000
1.9000 2.7000 1.1000
1.9000 2.7000 1.2000
1.9000 2.7000 1.3000
1.9000 2.7000 1.4000
1.9000 2.7000 1.5000
1.9000 2.7000 1.6000
1.9000 2.7000 1.7000
1.9000 2.7000 1.8000
1.9000 2.7000 1.9000
1.9000 2.7000 2.0000
1.9000 2.7000 2.1000
1.9000 2.7000 2.2000
1.9000 2.7000 2.3000
1.9000 2.7000 2.4000
1.9000 2.7000 2.5000
1.9000 2.7000 2.6000
1.9000 2.7000 2.7000
1.9000 2.7000 2.8000
1.9000 2.7000 2.9000
1.9000 2.7000 3.0000
1.9000 2.7000 3.1000
1.9000 2.7000 3.2000
1.9000 2.7000 3.3000
1.9000 2.7000 3.4000
1.9000 2.7000 3.5000
2.0000 -2.7000 0.0000
2.0000 -2.7000 0.1000
2.0000 -2.7000 0.2000
2.0000 -2.7000 0.3000
2.0000 -2.7000 0.4000
2.0000 -2.7000 0.5000
2.0000 -2.7000 0.6000
2.0000 -2.7000 0.7000
2.0000 -2.7000 0.8000
2.0000 -2.7000 0.9000
2.0000 -2.7000 1.0000
2.0000 -2.7000 1.1000
2.0000 -2.7000 1.2000
2.0000 -2.7000 1.3000
2.0000 -2.7000 1.4000
2.0000 -2.7000 1.5000
2.0000 -2.7000 1.6000
2.0000 -2.7000 1.7000
2.0000 -2.7000 1.8000
2.0000 -2.7000 1.9000
2.0000 -2.7000 2.0000
2.0000 -2.7000 2.1000
2.0000 -2.7000 2.2000
2.0000 -2.7000 2.3000
2.0000 -2.7000 2.4000
2.0000 -2.7000 2.5000
2.0000 -2.7000 2.6000
2.0000 -2.7000 2.7000
2.0000 -2.7000 2.8000
2.0000 -2.7000 2.9000
2.0000 -2.7000 3.0000
2.0000 -2.7000 3.1000
2.0000 -2.7000 3.2000
2.0000 -2.7000 3.3000
2.0000 -2.7000 3.4000
2.0000 -2.7000 3.5000
2.0000 -2.6000 0.0000
2.0000 -2.6000 3.5000
2.0000 -2.5000 0.0000
2.0000 -2.5000 0.1000
2.0000 -2.5000 0.2000
2.0000 -2.5000 0.3000
2.0000 -2.5000 0.4000
2.0000 -2.5000 0.5000
2.0000 -2.5000 0.6000
2.0000 -2.5000 0.7000
2.0000 -2.5000 0.8000
2.0000 -2.5000 0.9000
2.0000 -2.5000 1.0000
2.0000 -2.5000 1.1000
2.0000 -2.5000 1.2000
2.0000 -2.5000 1.3000
2.0000 -2.5000 1.4000
2.0000 -2.5000 1.5000
2.0000 -2.5000 1.6000
2.0000 -2.5000 1.7000
2.0000 -2.5000 1.8000
2.0000 -2.5000 1.9000
2.0000 -2.5000 2.0000
2.0000 -2.5000 2.1000
2.0000 -2.5000 2.2000
2.0000 -2.5000 2.3000
2.0000 -2.5000 2.4000
2.0000 -2.5000 2.5000
2.0000 -2.5000 2.6000
2.0000 -2.5000 2.7000
2.0000 -2.5000 2.8000
2.0000 -2.5000 2.9000
2.0000 -2.5000 3.0000
2.0000 -2.5000 3.1000
2.0000 -2.5000 3.2000
2.0000 -2.5000 3.3000
2.0000 -2.5000 3.4000
2.0000 -2.5000 3.5000
2.0000 2.5000 0.0000
2.0000 2.5000 0.1000
2.0000 2.5000 0.2000
2.0000 2.5000 0.3000
2.0000 2.5000 0.4000
2.0000 2.5000 0.5000
2.0000 2.5000 0.6000
2.0000 2.5000 0.7000
2.0000 2.5000 0.8000
2.0000 2.5000 0.9000
2.0000 2.5000 1.0000
2.0000 2.5000 1.1000
2.0000 2.5000 1.2000
2.0000 2.5000 1.3000
2.0000 2.5000 1.4000
2.0000 2.5000 1.5000
2.0000 2.5000 1.6000
2.0000 2.5000 1.7000
2.0000 2.5000 1.8000
2.0000 2.5000 1.9000
2.0000 2.5000 2.0000
2.0000 2.5000 2.1000
2.0000 2.5000 2.2000
2.0000 2.5000 2.3000
2.0000 2.5000 2.4000
2.0000 2.5000 2.5000
2.0000 2.5000 2.6000
2.0000 2.5000 2.7000
2.0000 2.5000 2.8000
2.0000 2.5000 2.9000
2.0000 2.5000 3.0000
2.0000 2.5000 3.1000
2.0000 2.5000 3.2000
2.0000 2.5000 3.3000
2.0000 2.5000 3.4000
2.0000 2.5000 3.5000
2.0000 2.6000 0.0000
2.0000 2.6000 3.5000
2.0000 2.7000 0.0000
2.0000 2.7000 0.1000
2.0000 2.7000 0.2000
2.0000 2.7000 0.3000
2.0000 2.7000 0.4000
2.0000 2.7000 0.5000
2.0000 2.7000 0.6000
2.0000 2.7000 0.7000
2.0000 2.7000 0.8000
2.0000 2.7000 0.9000
2.0000 2.7000 1.0000
2.0000 2.7000 1.1000
2.0000 2.7000 1.2000
2.0000 2.7000 1.3000
2.0000 2.7000 1.4000
2.0000 2.7000 1.5000
2.0000 2.7000 1.6000
2.0000 2.7000 1.7000
2.0000 2.7000 1.8000
2.0000 2.7000 1.9000
2.0000 2.7000 2.0000
2.0000 2.7000 2.1000
2.0000 2.7000 2.2000
2.0000 2.7000 2.3000
2.0000 2.7000 2.4000
2.0000 2.7000 2.5000
2.0000 2.7000 2.6000
2.0000 2.7000 2.7000
2.0000 2.7000 2.8000
2.0000 2.7000 2.9000
2.0000 2.7000 3.0000
2.0000 2.7000 3.1000
2.0000 2.7000 3.2000
2.0000 2.7000 3.3000
2.0000 2.7000 3.4000
2.0000 2.7000 3.5000
2.1000 -2.7000 0.0000
2.1000 -2.7000 0.1000
2.1000 -2.7000 0.2000
2.1000 -2.7000 0.3000
2.1000 -2.7000 0.4000
2.1000 -2.7000 0.5000
2.1000 -2.7000 0.6000
2.1000 -2.7000 0.7000
2.1000 -2.7000 0.8000
2.1000 -2.7000 0.9000
2.1000 -2.7000 1.0000
2.1000 -2.7000 1.1000
2.1000 -2.7000 1.2000
2.1000 -2.7000 1.3000
2.1000 -2.7000 1.4000
2.1000 -2.7000 1.5000
2.1000 -2.7000 1.6000
2.1000 -2.7000 1.7000
2.1000 -2.7000 1.8000
2.1000 -2.7000 1.9000
2.1000 -2.7000 2.0000
2.1000 -2.7000 2.1000
2.1000 -2.7000 2.2000
2.1000 -2.7000 2.3000
2.1000 -2.7000 2.4000
2.1000 -2.7000 2.5000
2.1000 -2.7000 2.6000
2.1000 -2.7000 2.7000
2.1000 -2.7000 2.8000
2.1000 -2.7000 2.9000
2.1000 -2.7000 3.0000
2.1000 -2.7000 3.1000
2.1000 -2.7000 3.2000
2.1000 -2.7000 3.3000
2.1000 -2.7000 3.4000
2.1000 -2.7000 3.5000
2.1000 -2.6000 0.0000
2.1000 -2.6000 3.5000
2.1000 -2.5000 0.0000
2.1000 -2.5000 0.1000
2.1000 -2.5000 0.2000
2.1000 -2.5000 0.3000
2.1000 -2.5000 0.4000
2.1000 -2.5000 0.5000
2.1000 -2.5000 0.6000
2.1000 -2.5000 0.7000
2.1000 -2.5000 0.8000
2.1000 -2.5000 0.9000
2.1000 -2.5000 1.0000
2.1000 -2.5000 1.1000
2.1000 -2.5000 1.2000
2.1000 -2.5000 1.3000
2.1000 -2.5000 1.4000
2.1000 -2.5000 1.5000
2.1000 -2.5000 1.6000
2.1000 -2.5000 1.7000
2.1000 -2.5000 1.8000
2.1000 -2.5000 1.9000
2.1000 -2.5000 2.0000
2.1000 -2.5000 2.1000
2.1000 -2.5000 2.2000
2.1000 -2.5000 2.3000
2.1000 -2.5000 2.4000
2.1000 -2.5000 2.5000
2.1000 -2.5000 2.6000
2.1000 -2.5000 2.7000
2.1000 -2.5000 2.8000
2.1000 -2.5000 2.9000
2.1000 -2.5000 3.0000
2.1000 -2.5000 3.1000
2.1000 -2.5000 3.2000
2.1000 -2.5000 3.3000
2.1000 -2.5000 3.4000
2.1000 -2.5000 3.5000
2.1000 2.5000 0.0000
2.1000 2.5000 0.1000
2.1000 2.5000 0.2000
2.1000 2.5000 0.3000
2.1000 2.5000 0.4000
2.1000 2.5000 0.5000
2.1000 2.5000 0.6000
2.1000 2.5000 0.7000
2.1000 2.5000 0.8000
2.1000 2.5000 0.9000
2.1000 2.5000 1.0000
2.1000 2.5000 1.1000
2.1000 2.5000 1.2000
2.1000 2.5000 1.3000
2.1000 2.5000 1.4000
2.1000 2.5000 1.5000
2.1000 2.5000 1.6000
2.1000 2.5000 1.7000
2.1000 2.5000 1.8000
2.1000 2.5000 1.9000
2.1000 2.5000 2.0000
2.1000 2.5000 2.1000
2.1000 2.5000 2.2000
2.1000 2.5000 2.3000
2.1000 2.5000 2.4000
2.1000 2.5000 2.5000
2.1000 2.5000 2.6000
2.1000 2.5000 2.7000
2.1000 2.5000 2.8000
2.1000 2.5000 2.9000
2.1000 2.5000 3.0000
2.1000 2.5000 3.1000
2.1000 2.5000 3.2000
2.1000 2.5000 3.3000
2.1000 2.5000 3.4000
2.1000 2.5000 3.5000
2.1000 2.6000 0.0000
2.1000 2.6000 3.5000
2.1000 2.7000 0.0000
2.1000 2.7000 0.1000
2.1000 2.7000 0.2000
2.1000 2.7000 0.3000
2.1000 2.7000 0.4000
2.1000 2.7000 0.5000
2.1000 2.7000 0.6000
2.1000 2.7000 0.7000
2.1000 2.7000 0.8000
2.1000 2.7000 0.9000
2.1000 2.7000 1.0000
2.1000 2.7000 1.1000
2.1000 2.7000 1.2000
2.1000 2.7000 1.3000
2.1000 2.7000 1.4000
2.1000 2.7000 1.5000
2.1000 2.7000 1.6000
2.1000 2.7000 1.7000
2.1000 2.7000 1.8000
2.1000 2.7000 1.9000
2.1000 2.7000 2.0000
2.1000 2.7000 2.1000
2.1000 2.7000 2.2000
2.1000 2.7000 2.3000
2.1000 2.7000 2.4000
2.1000 2.7000 2.5000
2.1000 2.7000 2.6000
2.1000 2.7000 2.7000
2.1000 2.7000 2.8000
2.1000 2.7000 2.9000
2.1000 2.7000 3.0000
2.1000 2.7000 3.1000
2.1000 2.7000 3.2000
2.1000 2.7000 3.3000
2.1000 2.7000 3.4000
2.1000 2.7000 3.5000
2.2000 -2.7000 0.0000
2.2000 -2.7000 0.1000
2.2000 -2.7000 0.2000
2.2000 -2.7000 0.3000
2.2000 -2.7000 0.4000
2.2000 -2.7000 0.5000
2.2000 -2.7000 0.6000
2.2000 -2.7000 0.7000
2.2000 -2.7000 0.8000
2.2000 -2.7000 0.9000
2.2000 -2.7000 1.0000
2.2000 -2.7000 1.1000
2.2000 -2.7000 1.2000
2.2000 -2.7000 1.3000
2.2000 -2.7000 1.4000
2.2000 -2.7000 1.5000
2.2000 -2.7000 1.6000
2.2000 -2.7000 1.7000
2.2000 -2.7000 1.8000
2.2000 -2.7000 1.9000
2.2000 -2.7000 2.0000
2.2000 -2.7000 2.1000
2.2000 -2.7000 2.2000
2.2000 -2.7000 2.3000
2.2000 -2.7000 2.4000
2.2000 -2.7000 2.5000
2.2000 -2.7000 2.6000
2.2000 -2.7000 2.7000
2.2000 -2.7000 2.8000
2.2000 -2.7000 2.9000
2.2000 -2.7000 3.0000
2.2000 -2.7000 3.1000
2.2000 -2.7000 3.2000
2.2000 -2.7000 3.3000
2.2000 -2.7000 3.4000
2.2000 -2.7000 3.5000
2.2000 -2.6000 0.0000
2.2000 -2.6000 3.5000
2.2000 -2.5000 0.0000
2.2000 -2.5000 0.1000
2.2000 -2.5000 0.2000
2.2000 -2.5000 0.3000
2.2000 -2.5000 0.4000
2.2000 -2.5000 0.5000
2.2000 -2.5000 0.6000
2.2000 -2.5000 0.7000
2.2000 -2.5000 0.8000
2.2000 -2.5000 0.9000
2.2000 -2.5000 1.0000
2.2000 -2.5000 1.1000
2.2000 -2.5000 1.2000
2.2000 -2.5000 1.3000
2.2000 -2.5000 1.4000
2.2000 -2.5000 1.5000
2.2000 -2.5000 1.6000
2.2000 -2.5000 1.7000
2.2000 -2.5000 1.8000
2.2000 -2.5000 1.9000
2.2000 -2.5000 2.0000
2.2000 -2.5000 2.1000
2.2000 -2.5000 2.2000
2.2000 -2.5000 2.3000
2.2000 -2.5000 2.4000
2.2000 -2.5000 2.5000
2.2000 -2.5000 2.6000
2.2000 -2.5000 2.7000
2.2000 -2.5000 2.8000
2.2000 -2.5000 2.9000
2.2000 -2.5000 3.0000
2.2000 -2.5000 3.1000
2.2000 -2.5000 3.2000
2.2000 -2.5000 3.3000
2.2000 -2.5000 3.4000
2.2000 -2.5000 3.5000
2.2000 2.5000 0.0000
2.2000 2.5000 0.1000
2.2000 2.5000 0.2000
2.2000 2.5000 0.3000
2.2000 2.5000 0.4000
2.2000 2.5000 0.5000
2.2000 2.5000 0.6000
2.2000 2.5000 0.7000
2.2000 2.5000 0.8000
2.2000 2.5000 0.9000
2.2000 2.5000 1.0000
2.2000 2.5000 1.1000
2.2000 2.5000 1.2000
2.2000 2.5000 1.3000
2.2000 2.5000 1.4000
2.2000 2.5000 1.5000
2.2000 2.5000 1.6000
2.2000 2.5000 1.7000
2.2000 2.5000 1.8000
2.2000 2.5000 1.9000
2.2000 2.5000 2.0000
2.2000 2.5000 2.1000
2.2000 2.5000 2.2000
2.2000 2.5000 2.3000
2.2000 2.5000 2.4000
2.2000 2.5000 2.5000
2.2000 2.5000 2.6000
2.2000 2.5000 2.7000
2.2000 2.5000 2.8000
2.2000 2.5000 2.9000
2.2000 2.5000 3.0000
2.2000 2.5000 3.1000
2.2000 2.5000 3.2000
2.2000 2.5000 3.3000
2.2000 2.5000 3.4000
2.2000 2.5000 3.5000
2.2000 2.6000 0.0000
2.2000 2.6000 3.5000
2.2000 2.7000 0.0000
2.2000 2.7000 0.1000
2.2000 2.7000 0.2000
2.2000 2.7000 0.3000
2.2000 2.7000 0.4000
2.2000 2.7000 0.5000
2.2000 2.7000 0.6000
2.2000 2.7000 0.7000
2.2000 2.7000 0.8000
2.2000 2.7000 0.9000
2.2000 2.7000 1.0000
2.2000 2.7000 1.1000
2.2000 2.7000 1.2000
2.2000 2.7000 1.3000
2.2000 2.7000 1.4000
2.2000 2.7000 1.5000
2.2000 2.7000 1.6000
2.2000 2.7000 1.7000
2.2000 2.7000 1.8000
2.2000 2.7000 1.9000
2.2000 2.7000 2.0000
2.2000 2.7000 2.1000
2.2000 2.7000 2.2000
2.2000 2.7000 2.3000
2.2000 2.7000 2.4000
2.2000 2.7000 2.5000
2.2000 2.7000 2.6000
2.2000 2.7000 2.7000
2.2000 2.7000 2.8000
2.2000 2.7000 2.9000
2.2000 2.7000 3.0000
2.2000 2.7000 3.1000
2.2000 2.7000 3.2000
2.2000 2.7000 3.3000
2.2000 2.7000 3.4000
2.2000 2.7000 3.5000
2.2003 0.3827 0.0000
2.2003 0.3827 0.0997
2.2003 0.3827 0.1994
2.2003 0.3827 0.2991
2.2003 0.3827 0.3988
2.2003 0.3827 0.4985
2.2003 0.3827 0.5982
2.2003 0.3827 0.6978
2.2003 0.3827 0.7975
2.2003 0.3827 0.8972
2.2003 0.3827 0.9969
2.2003 0.3827 1.0966
2.2003 0.3827 1.1963
2.2003 0.3827 1.2959
2.2003 0.3827 1.3956
2.2003 0.3827 1.4953
2.2003 0.3827 1.5950
2.2003 0.3827 1.6947
2.2003 0.3827 1.7944
2.2003 0.3827 1.8941
2.2003 0.3827 1.9937
2.2003 0.3827 2.0934
2.2003 0.3827 2.1931
2.2003 0.3827 2.2928
2.2003 0.3827 2.3925
2.2003 0.3827 2.4922
2.2003 0.3827 2.5918
2.2003 0.3827 2.6915
2.2003 0.3827 2.7912
2.2003 0.3827 2.8909
2.2003 0.3827 2.9906
2.2003 0.3827 3.0903
2.2003 0.3827 3.1900
2.2003 0.4794 0.0000
2.2003 0.4794 0.0997
2.2003 0.4794 0.1994
2.2003 0.4794 0.2991
2.2003 0.4794 0.3988
2.2003 0.4794 0.4985
2.2003 0.4794 0.5982
2.2003 0.4794 0.6978
2.2003 0.4794 0.7975
2.2003 0.4794 0.8972
2.2003 0.4794 0.9969
2.2003 0.4794 1.0966
2.2003 0.4794 1.1963
2.2003 0.4794 1.2959
2.2003 0.4794 1.3956
2.2003 0.4794 1.4953
2.2003 0.4794 1.5950
2.2003 0.4794 1.6947
2.2003 0.4794 1.7944
2.2003 0.4794 1.8941
2.2003 0.4794 1.9937
2.2003 0.4794 2.0934
2.2003 0.4794 2.1931
2.2003 0.4794 2.2928
2.2003 0.4794 2.3925
2.2003 0.4794 2.4922
2.2003 0.4794 2.5918
2.2003 0.4794 2.6915
2.2003 0.4794 2.7912
2.2003 0.4794 2.8909
2.2003 0.4794 2.9906
2.2003 0.4794 3.0903
2.2003 0.4794 3.1900
2.2003 0.5760 0.0000
2.2003 0.5760 0.0997
2.2003 0.5760 0.1994
2.2003 0.5760 0.2991
2.2003 0.5760 0.3988
2.2003 0.5760 0.4985
2.2003 0.5760 0.5982
2.2003 0.5760 0.6978
2.2003 0.5760 0.7975
2.2003 0.5760 0.8972
2.2003 0.5760 0.9969
2.2003 0.5760 1.0966
2.2003 0.5760 1.1963
2.2003 0.5760 1.2959
2.2003 0.5760 1.3956
2.2003 0.5760 1.4953
2.2003 0.5760 1.5950
2.2003 0.5760 1.6947
2.2003 0.5760 1.7944
2.2003 0.5760 1.8941
2.2003 0.5760 1.9937
2.2003 0.5760 2.0934
2.2003 0.5760 2.1931
2.2003 0.5760 2.2928
2.2003 0.5760 2.3925
2.2003 0.5760 2.4922
2.2003 0.5760 2.5918
2.2003 0.5760 2.6915
2.2003 0.5760 2.7912
2.2003 0.5760 2.8909
2.2003 0.5760 2.9906
2.2003 0.5760 3.0903
2.2003 0.5760 3.1900
2.2003 0.6727 0.0000
2.2003 0.6727 0.0997
2.2003 0.6727 0.1994
2.2003 0.6727 0.2991
2.2003 0.6727 0.3988
2.2003 0.6727 0.4985
2.2003 0.6727 0.5982
2.2003 0.6727 0.6978
2.2003 0.6727 0.7975
2.2003 0.6727 0.8972
2.2003 0.6727 0.9969
2.2003 0.6727 1.0966
2.2003 0.6727 1.1963
2.2003 0.6727 1.2959
2.2003 0.6727 1.3956
2.2003 0.6727 1.4953
2.2003 0.6727 1.5950
2.2003 0.6727 1.6947
2.2003 0.6727 1.7944
2.2003 0.6727 1.8941
2.2003 0.6727 1.9937
2.2003 0.6727 2.0934
2.2003 0.6727 2.1931
2.2003 0.6727 2.2928
2.2003 0.6727 2.3925
2.2003 0.6727 2.4922
2.2003 0.6727 2.5918
2.2003 0.6727 2.6915
2.2003 0.6727 2.7912
2.2003 0.6727 2.8909
2.2003 0.6727 2.9906
2.2003 0.6727 3.0903
2.2003 0.6727 3.1900
2.2003 0.7693 0.0000
2.2003 0.7693 0.0997
2.2003 0.7693 0.1994
2.2003 0.7693 0.2991
2.2003 0.7693 0.3988
2.2003 0.7693 0.4985
2.2003 0.7693 0.5982
2.2003 0.7693 0.6978
2.2003 0.7693 0.7975
2.2003 0.7693 0.8972
2.2003 0.7693 0.9969
2.2003 0.7693 1.0966
2.2003 0.7693 1.1963
2.2003 0.7693 1.2959
2.2003 0.7693 1.3956
2.2003 0.7693 1.4953
2.2003 0.7693 1.5950
2.2003 0.7693 1.6947
2.2003 0.7693 1.7944
2.2003 0.7693 1.8941
2.2003 0.7693 1.9937
2.2003 0.7693 2.0934
2.2003 0.7693 2.1931
2.2003 0.7693 2.2928
2.2003 0.7693 2.3925
2.2003 0.7693 2.4922
2.2003 0.7693 2.5918
2.2003 0.7693 2.6915
2.2003 0.7693 2.7912
2.2003 0.7693 2.8909
2.2003 0.7693 2.9906
2.2003 0.7693 3.0903
2.2003 0.7693 3.1900
2.2003 0.8660 0.0000
2.2003 0.8660 0.0997
2.2003 0.8660 0.1994
2.2003 0.8660 0.2991
2.2003 0.8660 0.3988
2.2003 0.8660 0.4985
2.2003 0.8660 0.5982
2.2003 0.8660 0.6978
2.2003 0.8660 0.7975
2.2003 0.8660 0.8972
2.2003 0.8660 0.9969
2.2003 0.8660 1.0966
2.2003 0.8660 1.1963
2.2003 0.8660 1.2959
2.2003 0.8660 1.3956
2.2003 0.8660 1.4953
2.2003 0.8660 1.5950
2.2003 0.8660 1.6947
2.2003 0.8660 1.7944
2.2003 0.8660 1.8941
2.2003 0.8660 1.9937
2.2003 0.8660 2.0934
2.2003 0.8660 2.1931
2.2003 0.8660 2.2928
2.2003 0.8660 2.3925
2.2003 0.8660 2.4922
2.2003 0.8660 2.5918
2.2003 0.8660 2.6915
2.2003 0.8660 2.7912
2.2003 0.8660 2.8909
2.2003 0.8660 2.9906
2.2003 0.8660 3.0903
2.2003 0.8660 3.1900
2.2003 0.9626 0.0000
2.2003 0.9626 0.0997
2.2003 0.9626 0.1994
2.2003 0.9626 0.2991
2.2003 0.9626 0.3988
2.2003 0.9626 0.4985
2.2003 0.9626 0.5982
2.2003 0.9626 0.6978
2.2003 0.9626 0.7975
2.2003 0.9626 0.8972
2.2003 0.9626 0.9969
2.2003 0.9626 1.0966
2.2003 0.9626 1.1963
2.2003 0.9626 1.2959
2.2003 0.9626 1.3956
2.2003 0.9626 1.4953
2.2003 0.9626 1.5950
2.2003 0.9626 1.6947
2.2003 0.9626 1.7944
2.2003 0.9626 1.8941
2.2003 0.9626 1.9937
2.2003 0.9626 2.0934
2.2003 0.9626 2.1931
2.2003 0.9626 2.2928
2.2003 0.9626 2.3925
2.2003 0.9626 2.4922
2.2003 0.9626 2.5918
2.2003 0.9626 2.6915
2.2003 0.9626 2.7912
2.2003 0.9626 2.8909
2.2003 0.9626 2.9906
2.2003 0.9626 3.0903
2.2003 0.9626 3.1900
2.2003 1.0593 0.0000
2.2003 1.0593 0.0997
2.2003 1.0593 0.1994
2.2003 1.0593 0.2991
2.2003 1.0593 0.3988
2.2003 1.0593 0.4985
2.2003 1.0593 0.5982
2.2003 1.0593 0.6978
2.2003 1.0593 0.7975
2.2003 1.0593 0.8972
2.2003 1.0593 0.9969
2.2003 1.0593 1.0966
2.2003 1.0593 1.1963
2.2003 1.0593 1.2959
2.2003 1.0593 1.3956
2.2003 1.0593 1.4953
2.2003 1.0593 1.5950
2.2003 1.0593 1.6947
2.2003 1.0593 1.7944
2.2003 1.0593 1.8941
2.2003 1.0593 1.9937
2.2003 1.0593 2.0934
2.2003 1.0593 2.1931
2.2003 1.0593 2.2928
2.2003 1.0593 2.3925
2.2003 1.0593 2.4922
2.2003 1.0593 2.5918
2.2003 1.0593 2.6915
2.2003 1.0593 2.7912
2.2003 1.0593 2.8909
2.2003 1.0593 2.9906
2.2003 1.0593 3.0903
2.2003 1.0593 3.1900
2.2970 0.3827 0.0000
2.2970 0.3827 0.0997
2.2970 0.3827 0.1994
2.2970 0.3827 0.2991
2.2970 0.3827 0.3988
2.2970 0.3827 0.4985
2.2970 0.3827 0.5982
2.2970 0.3827 0.6978
2.2970 0.3827 0.7975
2.2970 0.3827 0.8972
2.2970 0.3827 0.9969
2.2970 0.3827 1.0966
2.2970 0.3827 1.1963
2.2970 0.3827 1.2959
2.2970 0.3827 1.3956
2.2970 0.3827 1.4953
2.2970 0.3827 1.5950
2.2970 0.3827 1.6947
2.2970 0.3827 1.7944
2.2970 0.3827 1.8941
2.2970 0.3827 1.9937
2.2970 0.3827 2.0934
2.2970 0.3827 2.1931
2.2970 0.3827 2.2928
2.2970 0.3827 2.3925
2.2970 0.3827 2.4922
2.2970 0.3827 2.5918
2.2970 0.3827 2.6915
2.2970 0.3827 2.7912
2.2970 0.3827 2.8909
2.2970 0.3827 2.9906
2.2970 0.3827 3.0903
2.2970 0.3827 3.1900
2.2970 0.4794 0.0000
2.2970 0.4794 3.1900
2.2970 0.5760 0.0000
2.2970 0.5760 3.1900
2.2970 0.6727 0.0000
2.2970 0.6727 3.1900
2.2970 0.7693 0.0000
2.2970 0.7693 3.1900
2.2970 0.8660 0.0000
2.2970 0.8660 3.1900
2.2970 0.9626 0.0000
2.2970 0.9626 3.1900
2.2970 1.0593 0.0000
2.2970 1.0593 0.0997
2.2970 1.0593 0.1994
2.2970 1.0593 0.2991
2.2970 1.0593 0.3988
2.2970 1.0593 0.4985
2.2970 1.0593 0.5982
2.2970 1.0593 0.6978
2.2970 1.0593 0.7975
2.2970 1.0593 0.8972
2.2970 1.0593 0.9969
2.2970 1.0593 1.0966
2.2970 1.0593 1.1963
2.2970 1.0593 1.2959
2.2970 1.0593 1.3956
2.2970 1.0593 1.4953
2.2970 1.0593 1.5950
2.2970 1.0593 1.6947
2.2970 1.0593 1.7944
2.2970 1.0593 1.8941
2.2970 1.0593 1.9937
2.2970 1.0593 2.0934
2.2970 1.0593 2.1931
2.2970 1.0593 2.2928
2.2970 1.0593 2.3925
2.2970 1.0593 2.4922
2.2970 1.0593 2.5918
2.2970 1.0593 2.6915
2.2970 1.0593 2.7912
2.2970 1.0593 2.8909
2.2970 1.0593 2.9906
2.2970 1.0593 3.0903
2.2970 1.0593 3.1900
2.3000 -2.7000 0.0000
2.3000 -2.7000 0.1000
2.3000 -2.7000 0.2000
2.3000 -2.7000 0.3000
2.3000 -2.7000 0.4000
2.3000 -2.7000 0.5000
2.3000 -2.7000 0.6000
2.3000 -2.7000 0.7000
2.3000 -2.7000 0.8000
2.3000 -2.7000 0.9000
2.3000 -2.7000 1.0000
2.3000 -2.7000 1.1000
2.3000 -2.7000 1.2000
2.3000 -2.7000 1.3000
2.3000 -2.7000 1.4000
2.3000 -2.7000 1.5000
2.3000 -2.7000 1.6000
2.3000 -2.7000 1.7000
2.3000 -2.7000 1.8000
2.3000 -2.7000 1.9000
2.3000 -2.7000 2.0000
2.3000 -2.7000 2.1000
2.3000 -2.7000 2.2000
2.3000 -2.7000 2.3000
2.3000 -2.7000 2.4000
2.3000 -2.7000 2.5000
2.3000 -2.7000 2.6000
2.3000 -2.7000 2.7000
2.3000 -2.7000 2.8000
2.3000 -2.7000 2.9000
2.3000 -2.7000 3.0000
2.3000 -2.7000 3.1000
2.3000 -2.7000 3.2000
2.3000 -2.7000 3.3000
2.3000 -2.7000 3.4000
2.3000 -2.7000 3.5000
2.3000 -2.6000 0.0000
2.3000 -2.6000 3.5000
2.3000 -2.5000 0.0000
2.3000 -2.5000 0.1000
2.3000 -2.5000 0.2000
2.3000 -2.5000 0.3000
2.3000 -2.5000 0.4000
2.3000 -2.5000 0.5000
2.3000 -2.5000 0.6000
2.3000 -2.5000 0.7000
2.3000 -2.5000 0.8000
2.3000 -2.5000 0.9000
2.3000 -2.5000 1.0000
2.3000 -2.5000 1.1000
2.3000 -2.5000 1.2000
2.3000 -2.5000 1.3000
2.3000 -2.5000 1.4000
2.3000 -2.5000 1.5000
2.3000 -2.5000 1.6000
2.3000 -2.5000 1.7000
2.3000 -2.5000 1.8000
2.3000 -2.5000 1.9000
2.3000 -2.5000 2.0000
2.3000 -2.5000 2.1000
2.3000 -2.5000 2.2000
2.3000 -2.5000 2.3000
2.3000 -2.5000 2.4000
2.3000 -2.5000 2.5000
2.3000 -2.5000 2.6000
2.3000 -2.5000 2.7000
2.3000 -2.5000 2.8000
2.3000 -2.5000 2.9000
2.3000 -2.5000 3.0000
2.3000 -2.5000 3.1000
2.3000 -2.5000 3.2000
2.3000 -2.5000 3.3000
2.3000 -2.5000 3.4000
2.3000 -2.5000 3.5000
2.3000 2.5000 0.0000
2.3000 2.5000 0.1000
2.3000 2.5000 0.2000
2.3000 2.5000 0.3000
2.3000 2.5000 0.4000
2.3000 2.5000 0.5000
2.3000 2.5000 0.6000
2.3000 2.5000 0.7000
2.3000 2.5000 0.8000
2.3000 2.5000 0.9000
2.3000 2.5000 1.0000
2.3000 2.5000 1.1000
2.3000 2.5000 1.2000
2.3000 2.5000 1.3000
2.3000 2.5000 1.4000
2.3000 2.5000 1.5000
2.3000 2.5000 1.6000
2.3000 2.5000 1.7000
2.3000 2.5000 1.8000
2.3000 2.5000 1.9000
2.3000 2.5000 2.0000
2.3000 2.5000 2.1000
2.3000 2.5000 2.2000
2.3000 2.5000 2.3000
2.3000 2.5000 2.4000
2.3000 2.5000 2.5000
2.3000 2.5000 2.6000
2.3000 2.5000 2.7000
2.3000 2.5000 2.8000
2.3000 2.5000 2.9000
2.3000 2.5000 3.0000
2.3000 2.5000 3.1000
2.3000 2.5000 3.2000
2.3000 2.5000 3.3000
2.3000 2.5000 3.4000
2.3000 2.5000 3.5000
2.3000 2.6000 0.0000
2.3000 2.6000 3.5000
2.3000 2.7000 0.0000
2.3000 2.7000 0.1000
2.3000 2.7000 0.2000
2.3000 2.7000 0.3000
2.3000 2.7000 0.4000
2.3000 2.7000 0.5000
2.3000 2.7000 0.6000
2.3000 2.7000 0.7000
2.3000 2.7000 0.8000
2.3000 2.7000 0.9000
2.3000 2.7000 1.0000
2.3000 2.7000 1.1000
2.3000 2.7000 1.2000
2.3000 2.7000 1.3000
2.3000 2.7000 1.4000
2.3000 2.7000 1.5000
2.3000 2.7000 1.6000
2.3000 2.7000 1.7000
2.3000 2.7000 1.8000
2.3000 2.7000 1.9000
2.3000 2.7000 2.0000
2.3000 2.7000 2.1000
2.3000 2.7000 2.2000
2.3000 2.7000 2.3000
2.3000 2.7000 2.4000
2.3000 2.7000 2.5000
2.3000 2.7000 2.6000
2.3000 2.7000 2.7000
2.3000 2.7000 2.8000
2.3000 2.7000 2.9000
2.3000 2.7000 3.0000
2.3000 2.7000 3.1000
2.3000 2.7000 3.2000
2.3000 2.7000 3.3000
2.3000 2.7000 3.4000
2.3000 2.7000 3.5000
2.3936 0.3827 0.0000
2.3936 0.3827 0.0997
2.3936 0.3827 0.1994
2.3936 0.3827 0.2991
2.3936 0.3827 0.3988
2.3936 0.3827 0.4985
2.3936 0.3827 0.5982
2.3936 0.3827 0.6978
2.3936 0.3827 0.7975
2.3936 0.3827 0.8972
2.3936 0.3827 0.9969
2.3936 0.3827 1.0966
2.3936 0.3827 1.1963
2.3936 0.3827 1.2959
2.3936 0.3827 1.3956
2.3936 0.3827 1.4953
2.3936 0.3827 1.5950
2.3936 0.3827 1.6947
2.3936 0.3827 1.7944
2.3936 0.3827 1.8941
2.3936 0.3827 1.9937
2.3936 0.3827 2.0934
2.3936 0.3827 2.1931
2.3936 0.3827 2.2928
2.3936 0.3827 2.3925
2.3936 0.3827 2.4922
2.3936 0.3827 2.5918
2.3936 0.3827 2.6915
2.3936 0.3827 2.7912
2.3936 0.3827 2.8909
2.3936 0.3827 2.9906
2.3936 0.3827 3.0903
2.3936 0.3827 3.1900
2.3936 0.4794 0.0000
2.3936 0.4794 3.1900
2.3936 0.5760 0.0000
2.3936 0.5760 3.1900
2.3936 0.6727 0.0000
2.3936 0.6727 3.1900
2.3936 0.7693 0.0000
2.3936 0.7693 3.1900
2.3936 0.8660 0.0000
2.3936 0.8660 3.1900
2.3936 0.9626 0.0000
2.3936 0.9626 3.1900
2.3936 1.0593 0.0000
2.3936 1.0593 0.0997
2.3936 1.0593 0.1994
2.3936 1.0593 0.2991
2.3936 1.0593 0.3988
2.3936 1.0593 0.4985
2.3936 1.0593 0.5982
2.3936 1.0593 0.6978
2.3936 1.0593 0.7975
2.3936 1.0593 0.8972
2.3936 1.0593 0.9969
2.3936 1.0593 1.0966
2.3936 1.0593 1.1963
2.3936 1.0593 1.2959
2.3936 1.0593 1.3956
2.3936 1.0593 1.4953
2.3936 1.0593 1.5950
2.3936 1.0593 1.6947
2.3936 1.0593 1.7944
2.3936 1.0593 1.8941
2.3936 1.0593 1.9937
2.3936 1.0593 2.0934
2.3936 1.0593 2.1931
2.3936 1.0593 2.2928
2.3936 1.0593 2.3925
2.3936 1.0593 2.4922
2.3936 1.0593 2.5918
2.3936 1.0593 2.6915
2.3936 1.0593 2.7912
2.3936 1.0593 2.8909
2.3936 1.0593 2.9906
2.3936 1.0593 3.0903
2.3936 1.0593 3.1900
2.4000 -2.7000 0.0000
2.4000 -2.7000 0.1000
2.4000 -2.7000 0.2000
2.4000 -2.7000 0.3000
2.4000 -2.7000 0.4000
2.4000 -2.7000 0.5000
2.4000 -2.7000 0.6000
2.4000 -2.7000 0.7000
2.4000 -2.7000 0.8000
2.4000 -2.7000 0.9000
2.4000 -2.7000 1.0000
2.4000 -2.7000 1.1000
2.4000 -2.7000 1.2000
2.4000 -2.7000 1.3000
2.4000 -2.7000 1.4000
2.4000 -2.7000 1.5000
2.4000 -2.7000 1.6000
2.4000 -2.7000 1.7000
2.4000 -2.7000 1.8000
2.4000 -2.7000 1.9000
2.4000 -2.7000 2.0000
2.4000 -2.7000 2.1000
2.4000 -2.7000 2.2000
2.4000 -2.7000 2.3000
2.4000 -2.7000 2.4000
2.4000 -2.7000 2.5000
2.4000 -2.7000 2.6000
2.4000 -2.7000 2.7000
2.4000 -2.7000 2.8000
2.4000 -2.7000 2.9000
2.4000 -2.7000 3.0000
2.4000 -2.7000 3.1000
2.4000 -2.7000 3.2000
2.4000 -2.7000 3.3000
2.4000 -2.7000 3.4000
2.4000 -2.7000 3.5000
2.4000 -2.6000 0.0000
2.4000 -2.6000 3.5000
2.4000 -2.5000 0.0000
2.4000 -2.5000 0.1000
2.4000 -2.5000 0.2000
2.4000 -2.5000 0.3000
2.4000 -2.5000 0.4000
2.4000 -2.5000 0.5000
2.4000 -2.5000 0.6000
2.4000 -2.5000 0.7000
2.4000 -2.5000 0.8000
2.4000 -2.5000 0.9000
2.4000 -2.5000 1.0000
2.4000 -2.5000 1.1000
2.4000 -2.5000 1.2000
2.4000 -2.5000 1.3000
2.4000 -2.5000 1.4000
2.4000 -2.5000 1.5000
2.4000 -2.5000 1.6000
2.4000 -2.5000 1.7000
2.4000 -2.5000 1.8000
2.4000 -2.5000 1.9000
2.4000 -2.5000 2.0000
2.4000 -2.5000 2.1000
2.4000 -2.5000 2.2000
2.4000 -2.5000 2.3000
2.4000 -2.5000 2.4000
2.4000 -2.5000 2.5000
2.4000 -2.5000 2.6000
2.4000 -2.5000 2.7000
2.4000 -2.5000 2.8000
2.4000 -2.5000 2.9000
2.4000 -2.5000 3.0000
2.4000 -2.5000 3.1000
2.4000 -2.5000 3.2000
2.4000 -2.5000 3.3000
2.4000 -2.5000 3.4000
2.4000 -2.5000 3.5000
2.4000 2.5000 0.0000
2.4000 2.5000 0.1000
2.4000 2.5000 0.2000
2.4000 2.5000 0.3000
2.4000 2.5000 0.4000
2.4000 2.5000 0.5000
2.4000 2.5000 0.6000
2.4000 2.5000 0.7000
2.4000 2.5000 0.8000
2.4000 2.5000 0.9000
2.4000 2.5000 1.0000
2.4000 2.5000 1.1000
2.4000 2.5000 1.2000
2.4000 2.5000 1.3000
2.4000 2.5000 1.4000
2.4000 2.5000 1.5000
2.4000 2.5000 1.6000
2.4000 2.5000 1.7000
2.4000 2.5000 1.8000
2.4000 2.5000 1.9000
2.4000 2.5000 2.0000
2.4000 2.5000 2.1000
2.4000 2.5000 2.2000
2.4000 2.5000 2.3000
2.4000 2.5000 2.4000
2.4000 2.5000 2.5000
2.4000 2.5000 2.6000
2.4000 2.5000 2.7000
2.4000 2.5000 2.8000
2.4000 2.5000 2.9000
2.4000 2.5000 3.0000
2.4000 2.5000 3.1000
2.4000 2.5000 3.2000
2.4000 2.5000 3.3000
2.4000 2.5000 3.4000
2.4000 2.5000 3.5000
2.4000 2.6000 0.0000
2.4000 2.6000 3.5000
2.4000 2.7000 0.0000
2.4000 2.7000 0.1000
2.4000 2.7000 0.2000
2.4000 2.7000 0.3000
2.4000 2.7000 0.4000
2.4000 2.7000 0.5000
2.4000 2.7000 0.6000
2.4000 2.7000 0.7000
2.4000 2.7000 0.8000
2.4000 2.7000 0.9000
2.4000 2.7000 1.0000
2.4000 2.7000 1.1000
2.4000 2.7000 1.2000
2.4000 2.7000 1.3000
2.4000 2.7000 1.4000
2.4000 2.7000 1.5000
2.4000 2.7000 1.6000
2.4000 2.7000 1.7000
2.4000 2.7000 1.8000
2.4000 2.7000 1.9000
2.4000 2.7000 2.0000
2.4000 2.7000 2.1000
2.4000 2.7000 2.2000
2.4000 2.7000 2.3000
2.4000 2.7000 2.4000
2.4000 2.7000 2.5000
2.4000 2.7000 2.6000
2.4000 2.7000 2.7000
2.4000 2.7000 2.8000
2.4000 2.7000 2.9000
2.4000 2.7000 3.0000
2.4000 2.7000 3.1000
2.4000 2.7000 3.2000
2.4000 2.7000 3.3000
2.4000 2.7000 3.4000
2.4000 2.7000 3.5000
2.4903 0.3827 0.0000
2.4903 0.3827 0.0997
2.4903 0.3827 0.1994
2.4903 0.3827 0.2991
2.4903 0.3827 0.3988
2.4903 0.3827 0.4985
2.4903 0.3827 0.5982
2.4903 0.3827 0.6978
2.4903 0.3827 0.7975
2.4903 0.3827 0.8972
2.4903 0.3827 0.9969
2.4903 0.3827 1.0966
2.4903 0.3827 1.1963
2.4903 0.3827 1.2959
2.4903 0.3827 1.3956
2.4903 0.3827 1.4953
2.4903 0.3827 1.5950
2.4903 0.3827 1.6947
2.4903 0.3827 1.7944
2.4903 0.3827 1.8941
2.4903 0.3827 1.9937
2.4903 0.3827 2.0934
2.4903 0.3827 2.1931
2.4903 0.3827 2.2928
2.4903 0.3827 2.3925
2.4903 0.3827 2.4922
2.4903 0.3827 2.5918
2.4903 0.3827 2.6915
2.4903 0.3827 2.7912
2.4903 0.3827 2.8909
2.4903 0.3827 2.9906
2.4903 0.3827 3.0903
2.4903 0.3827 3.1900
2.4903 0.4794 0.0000
2.4903 0.4794 3.1900
2.4903 0.5760 0.0000
2.4903 0.5760 3.1900
2.4903 0.6727 0.0000
2.4903 0.6727 3.1900
2.4903 0.7693 0.0000
2.4903 0.7693 3.1900
2.4903 0.8660 0.0000
2.4903 0.8660 3.1900
2.4903 0.9626 0.0000
2.4903 0.9626 3.1900
2.4903 1.0593 0.0000
2.4903 1.0593 0.0997
2.4903 1.0593 0.1994
2.4903 1.0593 0.2991
2.4903 1.0593 0.3988
2.4903 1.0593 0.4985
2.4903 1.0593 0.5982
2.4903 1.0593 0.6978
2.4903 1.0593 0.7975
2.4903 1.0593 0.8972
2.4903 1.0593 0.9969
2.4903 1.0593 1.0966
2.4903 1.0593 1.1963
2.4903 1.0593 1.2959
2.4903 1.0593 1.3956
2.4903 1.0593 1.4953
2.4903 1.0593 1.5950
2.4903 1.0593 1.6947
2.4903 1.0593 1.7944
2.4903 1.0593 1.8941
2.4903 1.0593 1.9937
2.4903 1.0593 2.0934
2.4903 1.0593 2.1931
2.4903 1.0593 2.2928
2.4903 1.0593 2.3925
2.4903 1.0593 2.4922
2.4903 1.0593 2.5918
2.4903 1.0593 2.6915
2.4903 1.0593 2.7912
2.4903 1.0593 2.8909
2.4903 1.0593 2.9906
2.4903 1.0593 3.0903
2.4903 1.0593 3.1900
2.5000 -2.7000 0.0000
2.5000 -2.7000 0.1000
2.5000 -2.7000 0.2000
2.5000 -2.7000 0.3000
2.5000 -2.7000 0.4000
2.5000 -2.7000 0.5000
2.5000 -2.7000 0.6000
2.5000 -2.7000 0.7000
2.5000 -2.7000 0.8000
2.5000 -2.7000 0.9000
2.5000 -2.7000 1.0000
2.5000 -2.7000 1.1000
2.5000 -2.7000 1.2000
2.5000 -2.7000 1.3000
2.5000 -2.7000 1.4000
2.5000 -2.7000 1.5000
2.5000 -2.7000 1.6000
2.5000 -2.7000 1.7000
2.5000 -2.7000 1.8000
2.5000 -2.7000 1.9000
2.5000 -2.7000 2.0000
2.5000 -2.7000 2.1000
2.5000 -2.7000 2.2000
2.5000 -2.7000 2.3000
2.5000 -2.7000 2.4000
2.5000 -2.7000 2.5000
2.5000 -2.7000 2.6000
2.5000 -2.7000 2.7000
2.5000 -2.7000 2.8000
2.5000 -2.7000 2.9000
2.5000 -2.7000 3.0000
2.5000 -2.7000 3.1000
2.5000 -2.7000 3.2000
2.5000 -2.7000 3.3000
2.5000 -2.7000 3.4000
2.5000 -2.7000 3.5000
2.5000 -2.6000 0.0000
2.5000 -2.6000 3.5000
2.5000 -2.5000 0.0000
2.5000 -2.5000 0.1000
2.5000 -2.5000 0.2000
2.5000 -2.5000 0.3000
2.5000 -2.5000 0.4000
2.5000 -2.5000 0.5000
2.5000 -2.5000 0.6000
2.5000 -2.5000 0.7000
2.5000 -2.5000 0.8000
2.5000 -2.5000 0.9000
2.5000 -2.5000 1.0000
2.5000 -2.5000 1.1000
2.5000 -2.5000 1.2000
2.5000 -2.5000 1.3000
2.5000 -2.5000 1.4000
2.5000 -2.5000 1.5000
2.5000 -2.5000 1.6000
2.5000 -2.5000 1.7000
2.5000 -2.5000 1.8000
2.5000 -2.5000 1.9000
2.5000 -2.5000 2.0000
2.5000 -2.5000 2.1000
2.5000 -2.5000 2.2000
2.5000 -2.5000 2.3000
2.5000 -2.5000 2.4000
2.5000 -2.5000 2.5000
2.5000 -2.5000 2.6000
2.5000 -2.5000 2.7000
2.5000 -2.5000 2.8000
2.5000 -2.5000 2.9000
2.5000 -2.5000 3.0000
2.5000 -2.5000 3.1000
2.5000 -2.5000 3.2000
2.5000 -2.5000 3.3000
2.5000 -2.5000 3.4000
2.5000 -2.5000 3.5000
2.5000 2.5000 0.0000
2.5000 2.5000 0.1000
2.5000 2.5000 0.2000
2.5000 2.5000 0.3000
2.5000 2.5000 0.4000
2.5000 2.5000 0.5000
2.5000 2.5000 0.6000
2.5000 2.5000 0.7000
2.5000 2.5000 0.8000
2.5000 2.5000 0.9000
2.5000 2.5000 1.0000
2.5000 2.5000 1.1000
2.5000 2.5000 1.2000
2.5000 2.5000 1.3000
2.5000 2.5000 1.4000
2.5000 2.5000 1.5000
2.5000 2.5000 1.6000
2.5000 2.5000 1.7000
2.5000 2.5000 1.8000
2.5000 2.5000 1.9000
2.5000 2.5000 2.0000
2.5000 2.5000 2.1000
2.5000 2.5000 2.2000
2.5000 2.5000 2.3000
2.5000 2.5000 2.4000
2.5000 2.5000 2.5000
2.5000 2.5000 2.6000
2.5000 2.5000 2.7000
2.5000 2.5000 2.8000
2.5000 2.5000 2.9000
2.5000 2.5000 3.0000
2.5000 2.5000 3.1000
2.5000 2.5000 3.2000
2.5000 2.5000 3.3000
2.5000 2.5000 3.4000
2.5000 2.5000 3.5000
2.5000 2.6000 0.0000
2.5000 2.6000 3.5000
2.5000 2.7000 0.0000
2.5000 2.7000 0.1000
2.5000 2.7000 0.2000
2.5000 2.7000 0.3000
2.5000 2.7000 0.4000
2.5000 2.7000 0.5000
2.5000 2.7000 0.6000
2.5000 2.7000 0.7000
2.5000 2.7000 0.8000
2.5000 2.7000 0.9000
2.5000 2.7000 1.0000
2.5000 2.7000 1.1000
2.5000 2.7000 1.2000
2.5000 2.7000 1.3000
2.5000 2.7000 1.4000
2.5000 2.7000 1.5000
2.5000 2.7000 1.6000
2.5000 2.7000 1.7000
2.5000 2.7000 1.8000
2.5000 2.7000 1.9000
2.5000 2.7000 2.0000
2.5000 2.7000 2.1000
2.5000 2.7000 2.2000
2.5000 2.7000 2.3000
2.5000 2.7000 2.4000
2.5000 2.7000 2.5000
2.5000 2.7000 2.6000
2.5000 2.7000 2.7000
2.5000 2.7000 2.8000
2.5000 2.7000 2.9000
2.5000 2.7000 3.0000
2.5000 2.7000 3.1000
2.5000 2.7000 3.2000
2.5000 2.7000 3.3000
2.5000 2.7000 3.4000
2.5000 2.7000 3.5000
2.5284 -1.1764 0.0000
2.5284 -1.1764 0.0973
2.5284 -1.1764 0.1946
2.5284 -1.1764 0.2919
2.5284 -1.1764 0.3892
2.5284 -1.1764 0.4866
2.5284 -1.1764 0.5839
2.5284 -1.1764 0.6812
2.5284 -1.1764 0.7785
2.5284 -1.1764 0.8758
2.5284 -1.1764 0.9731
2.5284 -1.1764 1.0704
2.5284 -1.1764 1.1677
2.5284 -1.1764 1.2651
2.5284 -1.1764 1.3624
2.5284 -1.1764 1.4597
2.5284 -1.1764 1.5570
2.5284 -1.1764 1.6543
2.5284 -1.1764 1.7516
2.5284 -1.1764 1.8489
2.5284 -1.1764 1.9463
2.5284 -1.1764 2.0436
2.5284 -1.1764 2.1409
2.5284 -1.1764 2.2382
2.5284 -1.1764 2.3355
2.5284 -1.1764 2.4328
2.5284 -1.1764 2.5301
2.5284 -1.1764 2.6274
2.5284 -1.1764 2.7247
2.5284 -1.1764 2.8221
2.5284 -1.1764 2.9194
2.5284 -1.1764 3.0167
2.5284 -1.1764 3.1140
2.5284 -1.0825 0.0000
2.5284 -1.0825 0.0973
2.5284 -1.0825 0.1946
2.5284 -1.0825 0.2919
2.5284 -1.0825 0.3892
2.5284 -1.0825 0.4866
2.5284 -1.0825 0.5839
2.5284 -1.0825 0.6812
2.5284 -1.0825 0.7785
2.5284 -1.0825 0.8758
2.5284 -1.0825 0.9731
2.5284 -1.0825 1.0704
2.5284 -1.0825 1.1677
2.5284 -1.0825 1.2651
2.5284 -1.0825 1.3624
2.5284 -1.0825 1.4597
2.5284 -1.0825 1.5570
2.5284 -1.0825 1.6543
2.5284 -1.0825 1.7516
2.5284 -1.0825 1.8489
2.5284 -1.0825 1.9463
2.5284 -1.0825 2.0436
2.5284 -1.0825 2.1409
2.5284 -1.0825 2.2382
2.5284 -1.0825 2.3355
2.5284 -1.0825 2.4328
2.5284 -1.0825 2.5301
2.5284 -1.0825 2.6274
2.5284 -1.0825 2.7247
2.5284 -1.0825 2.8221
2.5284 -1.0825 2.9194
2.5284 -1.0825 3.0167
2.5284 -1.0825 3.1140
2.5284 -0.9887 0.0000
2.5284 -0.9887 0.0973
2.5284 -0.9887 0.1946
2.5284 -0.9887 0.2919
2.5284 -0.9887 0.3892
2.5284 -0.9887 0.4866
2.5284 -0.9887 0.5839
2.5284 -0.9887 0.6812
2.5284 -0.9887 0.7785
2.5284 -0.9887 0.8758
2.5284 -0.9887 0.9731
2.5284 -0.9887 1.0704
2.5284 -0.9887 1.1677
2.5284 -0.9887 1.2651
2.5284 -0.9887 1.3624
2.5284 -0.9887 1.4597
2.5284 -0.9887 1.5570
2.5284 -0.9887 1.6543
2.5284 -0.9887 1.7516
2.5284 -0.9887 1.8489
2.5284 -0.9887 1.9463
2.5284 -0.9887 2.0436
2.5284 -0.9887 2.1409
2.5284 -0.9887 2.2382
2.5284 -0.9887 2.3355
2.5284 -0.9887 2.4328
2.5284 -0.9887 2.5301
2.5284 -0.9887 2.6274
2.5284 -0.9887 2.7247
2.5284 -0.9887 2.8221
2.5284 -0.9887 2.9194
2.5284 -0.9887 3.0167
2.5284 -0.9887 3.1140
2.5284 -0.8949 0.0000
2.5284 -0.8949 0.0973
2.5284 -0.8949 0.1946
2.5284 -0.8949 0.2919
2.5284 -0.8949 0.3892
2.5284 -0.8949 0.4866
2.5284 -0.8949 0.5839
2.5284 -0.8949 0.6812
2.5284 -0.8949 0.7785
2.5284 -0.8949 0.8758
2.5284 -0.8949 0.9731
2.5284 -0.8949 1.0704
2.5284 -0.8949 1.1677
2.5284 -0.8949 1.2651
2.5284 -0.8949 1.3624
2.5284 -0.8949 1.4597
2.5284 -0.8949 1.5570
2.5284 -0.8949 1.6543
2.5284 -0.8949 1.7516
2.5284 -0.8949 1.8489
2.5284 -0.8949 1.9463
2.5284 -0.8949 2.0436
2.5284 -0.8949 2.1409
2.5284 -0.8949 2.2382
2.5284 -0.8949 2.3355
2.5284 -0.8949 2.4328
2.5284 -0.8949 2.5301
2.5284 -0.8949 2.6274
2.5284 -0.8949 2.7247
2.5284 -0.8949 2.8221
2.5284 -0.8949 2.9194
2.5284 -0.8949 3.0167
2.5284 -0.8949 3.1140
2.5284 -0.8011 0.0000
2.5284 -0.8011 0.0973
2.5284 -0.8011 0.1946
2.5284 -0.8011 0.2919
2.5284 -0.8011 0.3892
2.5284 -0.8011 0.4866
2.5284 -0.8011 0.5839
2.5284 -0.8011 0.6812
2.5284 -0.8011 0.7785
2.5284 -0.8011 0.8758
2.5284 -0.8011 0.9731
2.5284 -0.8011 1.0704
2.5284 -0.8011 1.1677
2.5284 -0.8011 1.2651
2.5284 -0.8011 1.3624
2.5284 -0.8011 1.4597
2.5284 -0.8011 1.5570
2.5284 -0.8011 1.6543
2.5284 -0.8011 1.7516
2.5284 -0.8011 1.8489
2.5284 -0.8011 1.9463
2.5284 -0.8011 2.0436
2.5284 -0.8011 2.1409
2.5284 -0.8011 2.2382
2.5284 -0.8011 2.3355
2.5284 -0.8011 2.4328
2.5284 -0.8011 2.5301
2.5284 -0.8011 2.6274
2.5284 -0.8011 2.7247
2.5284 -0.8011 2.8221
2.5284 -0.8011 2.9194
2.5284 -0.8011 3.0167
2.5284 -0.8011 3.1140
2.5284 -0.7073 0.0000
2.5284 -0.7073 0.0973
2.5284 -0.7073 0.1946
2.5284 -0.7073 0.2919
2.5284 -0.7073 0.3892
2.5284 -0.7073 0.4866
2.5284 -0.7073 0.5839
2.5284 -0.7073 0.6812
2.5284 -0.7073 0.7785
2.5284 -0.7073 0.8758
2.5284 -0.7073 0.9731
2.5284 -0.7073 1.0704
2.5284 -0.7073 1.1677
2.5284 -0.7073 1.2651
2.5284 -0.7073 1.3624
2.5284 -0.7073 1.4597
2.5284 -0.7073 1.5570
2.5284 -0.7073 1.6543
2.5284 -0.7073 1.7516
2.5284 -0.7073 1.8489
2.5284 -0.7073 1.9463
2.5284 -0.7073 2.0436
2.5284 -0.7073 2.1409
2.5284 -0.7073 2.2382
2.5284 -0.7073 2.3355
2.5284 -0.7073 2.4328
2.5284 -0.7073 2.5301
2.5284 -0.7073 2.6274
2.5284 -0.7073 2.7247
2.5284 -0.7073 2.8221
2.5284 -0.7073 2.9194
2.5284 -0.7073 3.0167
2.5284 -0.7073 3.1140
2.5284 -0.6135 0.0000
2.5284 -0.6135 0.0973
2.5284 -0.6135 0.1946
2.5284 -0.6135 0.2919
2.5284 -0.6135 0.3892
2.5284 -0.6135 0.4866
2.5284 -0.6135 0.5839
2.5284 -0.6135 0.6812
2.5284 -0.6135 0.7785
2.5284 -0.6135 0.8758
2.5284 -0.6135 0.9731
2.5284 -0.6135 1.0704
2.5284 -0.6135 1.1677
2.5284 -0.6135 1.2651
2.5284 -0.6135 1.3624
2.5284 -0.6135 1.4597
2.5284 -0.6135 1.5570
2.5284 -0.6135 1.6543
2.5284 -0.6135 1.7516
2.5284 -0.6135 1.8489
2.5284 -0.6135 1.9463
2.5284 -0.6135 2.0436
2.5284 -0.6135 2.1409
2.5284 -0.6135 2.2382
2.5284 -0.6135 2.3355
2.5284 -0.6135 2.4328
2.5284 -0.6135 2.5301
2.5284 -0.6135 2.6274
2.5284 -0.6135 2.7247
2.5284 -0.6135 2.8221
2.5284 -0.6135 2.9194
2.5284 -0.6135 3.0167
2.5284 -0.6135 3.1140
2.5284 -0.5197 0.0000
2.5284 -0.5197 0.0973
2.5284 -0.5197 0.1946
2.5284 -0.5197 0.2919
2.5284 -0.5197 0.3892
2.5284 -0.5197 0.4866
2.5284 -0.5197 0.5839
2.5284 -0.5197 0.6812
2.5284 -0.5197 0.7785
2.5284 -0.5197 0.8758
2.5284 -0.5197 0.9731
2.5284 -0.5197 1.0704
2.5284 -0.5197 1.1677
2.5284 -0.5197 1.2651
2.5284 -0.5197 1.3624
2.5284 -0.5197 1.4597
2.5284 -0.5197 1.5570
2.5284 -0.5197 1.6543
2.5284 -0.5197 1.7516
2.5284 -0.5197 1.8489
2.5284 -0.5197 1.9463
2.5284 -0.5197 2.0436
2.5284 -0.5197 2.1409
2.5284 -0.5197 2.2382
2.5284 -0.5197 2.3355
2.5284 -0.5197 2.4328
2.5284 -0.5197 2.5301
2.5284 -0.5197 2.6274
2.5284 -0.5197 2.7247
2.5284 -0.5197 2.8221
2.5284 -0.5197 2.9194
2.5284 -0.5197 3.0167
2.5284 -0.5197 3.1140
2.5284 -0.4259 0.0000
2.5284 -0.4259 0.0973
2.5284 -0.4259 0.1946
2.5284 -0.4259 0.2919
2.5284 -0.4259 0.3892
2.5284 -0.4259 0.4866
2.5284 -0.4259 0.5839
2.5284 -0.4259 0.6812
2.5284 -0.4259 0.7785
2.5284 -0.4259 0.8758
2.5284 -0.4259 0.9731
2.5284 -0.4259 1.0704
2.5284 -0.4259 1.1677
2.5284 -0.4259 1.2651
2.5284 -0.4259 1.3624
2.5284 -0.4259 1.4597
2.5284 -0.4259 1.5570
2.5284 -0.4259 1.6543
2.5284 -0.4259 1.7516
2.5284 -0.4259 1.8489
2.5284 -0.4259 1.9463
2.5284 -0.4259 2.0436
2.5284 -0.4259 2.1409
2.5284 -0.4259 2.2382
2.5284 -0.4259 2.3355
2.5284 -0.4259 2.4328
2.5284 -0.4259 2.5301
2.5284 -0.4259 2.6274
2.5284 -0.4259 2.7247
2.5284 -0.4259 2.8221
2.5284 -0.4259 2.9194
2.5284 -0.4259 3.0167
2.5284 -0.4259 3.1140
2.5284 -0.3321 0.0000
2.5284 -0.3321 0.0973
2.5284 -0.3321 0.1946
2.5284 -0.3321 0.2919
2.5284 -0.3321 0.3892
2.5284 -0.3321 0.4866
2.5284 -0.3321 0.5839
2.5284 -0.3321 0.6812
2.5284 -0.3321 0.7785
2.5284 -0.3321 0.8758
2.5284 -0.3321 0.9731
2.5284 -0.3321 1.0704
2.5284 -0.3321 1.1677
2.5284 -0.3321 1.2651
2.5284 -0.3321 1.3624
2.5284 -0.3321 1.4597
2.5284 -0.3321 1.5570
2.5284 -0.3321 1.6543
2.5284 -0.3321 1.7516
2.5284 -0.3321 1.8489
2.5284 -0.3321 1.9463
2.5284 -0.3321 2.0436
2.5284 -0.3321 2.1409
2.5284 -0.3321 2.2382
2.5284 -0.3321 2.3355
2.5284 -0.3321 2.4328
2.5284 -0.3321 2.5301
2.5284 -0.3321 2.6274
2.5284 -0.3321 2.7247
2.5284 -0.3321 2.8221
2.5284 -0.3321 2.9194
2.5284 -0.3321 3.0167
2.5284 -0.3321 3.1140
2.5284 -0.2382 0.0000
2.5284 -0.2382 0.0973
2.5284 -0.2382 0.1946
2.5284 -0.2382 0.2919
2.5284 -0.2382 0.3892
2.5284 -0.2382 0.4866
2.5284 -0.2382 0.5839
2.5284 -0.2382 0.6812
2.5284 -0.2382 0.7785
2.5284 -0.2382 0.8758
2.5284 -0.2382 0.9731
2.5284 -0.2382 1.0704
2.5284 -0.2382 1.1677
2.5284 -0.2382 1.2651
2.5284 -0.2382 1.3624
2.5284 -0.2382 1.4597
2.5284 -0.2382 1.5570
2.5284 -0.2382 1.6543
2.5284 -0.2382 1.7516
2.5284 -0.2382 1.8489
2.5284 -0.2382 1.9463
2.5284 -0.2382 2.0436
2.5284 -0.2382 2.1409
2.5284 -0.2382 2.2382
2.5284 -0.2382 2.3355
2.5284 -0.2382 2.4328
2.5284 -0.2382 2.5301
2.5284 -0.2382 2.6274
2.5284 -0.2382 2.7247
2.5284 -0.2382 2.8221
2.5284 -0.2382 2.9194
2.5284 -0.2382 3.0167
2.5284 -0.2382 3.1140
2.5869 0.3827 0.0000
2.5869 0.3827 0.0997
2.5869 0.3827 0.1994
2.5869 0.3827 0.2991
2.5869 0.3827 0.3988
2.5869 0.3827 0.4985
2.5869 0.3827 0.5982
2.5869 0.3827 0.6978
2.5869 0.3827 0.7975
2.5869 0.3827 0.8972
2.5869 0.3827 0.9969
2.5869 0.3827 1.0966
2.5869 0.3827 1.1963
2.5869 0.3827 1.2959
2.5869 0.3827 1.3956
2.5869 0.3827 1.4953
2.5869 0.3827 1.5950
2.5869 0.3827 1.6947
2.5869 0.3827 1.7944
2.5869 0.3827 1.8941
2.5869 0.3827 1.9937
2.5869 0.3827 2.0934
2.5869 0.3827 2.1931
2.5869 0.3827 2.2928
2.5869 0.3827 2.3925
2.5869 0.3827 2.4922
2.5869 0.3827 2.5918
2.5869 0.3827 2.6915
2.5869 0.3827 2.7912
2.5869 0.3827 2.8909
2.5869 0.3827 2.9906
2.5869 0.3827 3.0903
2.5869 0.3827 3.1900
2.5869 0.4794 0.0000
2.5869 0.4794 3.1900
2.5869 0.5760 0.0000
2.5869 0.5760 3.1900
2.5869 0.6727 0.0000
2.5869 0.6727 3.1900
2.5869 0.7693 0.0000
2.5869 0.7693 3.1900
2.5869 0.8660 0.0000
2.5869 0.8660 3.1900
2.5869 0.9626 0.0000
2.5869 0.9626 3.1900
2.5869 1.0593 0.0000
2.5869 1.0593 0.0997
2.5869 1.0593 0.1994
2.5869 1.0593 0.2991
2.5869 1.0593 0.3988
2.5869 1.0593 0.4985
2.5869 1.0593 0.5982
2.5869 1.0593 0.6978
2.5869 1.0593 0.7975
2.5869 1.0593 0.8972
2.5869 1.0593 0.9969
2.5869 1.0593 1.0966
2.5869 1.0593 1.1963
2.5869 1.0593 1.2959
2.5869 1.0593 1.3956
2.5869 1.0593 1.4953
2.5869 1.0593 1.5950
2.5869 1.0593 1.6947
2.5869 1.0593 1.7944
2.5869 1.0593 1.8941
2.5869 1.0593 1.9937
2.5869 1.0593 2.0934
2.5869 1.0593 2.1931
2.5869 1.0593 2.2928
2.5869 1.0593 2.3925
2.5869 1.0593 2.4922
2.5869 1.0593 2.5918
2.5869 1.0593 2.6915
2.5869 1.0593 2.7912
2.5869 1.0593 2.8909
2.5869 1.0593 2.9906
2.5869 1.0593 3.0903
2.5869 1.0593 3.1900
2.6000 -2.7000 0.0000
2.6000 -2.7000 0.1000
2.6000 -2.7000 0.2000
2.6000 -2.7000 0.3000
2.6000 -2.7000 0.4000
2.6000 -2.7000 0.5000
2.6000 -2.7000 0.6000
2.6000 -2.7000 0.7000
2.6000 -2.7000 0.8000
2.6000 -2.7000 0.9000
2.6000 -2.7000 1.0000
2.6000 -2.7000 1.1000
2.6000 -2.7000 1.2000
2.6000 -2.7000 1.3000
2.6000 -2.7000 1.4000
2.6000 -2.7000 1.5000
2.6000 -2.7000 1.6000
2.6000 -2.7000 1.7000
2.6000 -2.7000 1.8000
2.6000 -2.7000 1.9000
2.6000 -2.7000 2.0000
2.6000 -2.7000 2.1000
2.6000 -2.7000 2.2000
2.6000 -2.7000 2.3000
2.6000 -2.7000 2.4000
2.6000 -2.7000 2.5000
2.6000 -2.7000 2.6000
2.6000 -2.7000 2.7000
2.6000 -2.7000 2.8000
2.6000 -2.7000 2.9000
2.6000 -2.7000 3.0000
2.6000 -2.7000 3.1000
2.6000 -2.7000 3.2000
2.6000 -2.7000 3.3000
2.6000 -2.7000 3.4000
2.6000 -2.7000 3.5000
2.6000 -2.6000 0.0000
2.6000 -2.6000 3.5000
2.6000 -2.5000 0.0000
2.6000 -2.5000 0.1000
2.6000 -2.5000 0.2000
2.6000 -2.5000 0.3000
2.6000 -2.5000 0.4000
2.6000 -2.5000 0.5000
2.6000 -2.5000 0.6000
2.6000 -2.5000 0.7000
2.6000 -2.5000 0.8000
2.6000 -2.5000 0.9000
2.6000 -2.5000 1.0000
2.6000 -2.5000 1.1000
2.6000 -2.5000 1.2000
2.6000 -2.5000 1.3000
2.6000 -2.5000 1.4000
2.6000 -2.5000 1.5000
2.6000 -2.5000 1.6000
2.6000 -2.5000 1.7000
2.6000 -2.5000 1.8000
2.6000 -2.5000 1.9000
2.6000 -2.5000 2.0000
2.6000 -2.5000 2.1000
2.6000 -2.5000 2.2000
2.6000 -2.5000 2.3000
2.6000 -2.5000 2.4000
2.6000 -2.5000 2.5000
2.6000 -2.5000 2.6000
2.6000 -2.5000 2.7000
2.6000 -2.5000 2.8000
2.6000 -2.5000 2.9000
2.6000 -2.5000 3.0000
2.6000 -2.5000 3.1000
2.6000 -2.5000 3.2000
2.6000 -2.5000 3.3000
2.6000 -2.5000 3.4000
2.6000 -2.5000 3.5000
2.6000 2.5000 0.0000
2.6000 2.5000 0.1000
2.6000 2.5000 0.2000
2.6000 2.5000 0.3000
2.6000 2.5000 0.4000
2.6000 2.5000 0.5000
2.6000 2.5000 0.6000
2.6000 2.5000 0.7000
2.6000 2.5000 0.8000
2.6000 2.5000 0.9000
2.6000 2.5000 1.0000
2.6000 2.5000 1.1000
2.6000 2.5000 1.2000
2.6000 2.5000 1.3000
2.6000 2.5000 1.4000
2.6000 2.5000 1.5000
2.6000 2.5000 1.6000
2.6000 2.5000 1.7000
2.6000 2.5000 1.8000
2.6000 2.5000 1.9000
2.6000 2.5000 2.0000
2.6000 2.5000 2.1000
2.6000 2.5000 2.2000
2.6000 2.5000 2.3000
2.6000 2.5000 2.4000
2.6000 2.5000 2.5000
2.6000 2.5000 2.6000
2.6000 2.5000 2.7000
2.6000 2.5000 2.8000
2.6000 2.5000 2.9000
2.6000 2.5000 3.0000
2.6000 2.5000 3.1000
2.6000 2.5000 3.2000
2.6000 2.5000 3.3000
2.6000 2.5000 3.4000
2.6000 2.5000 3.5000
2.6000 2.6000 0.0000
2.6000 2.6000 3.5000
2.6000 2.7000 0.0000
2.6000 2.7000 0.1000
2.6000 2.7000 0.2000
2.6000 2.7000 0.3000
2.6000 2.7000 0.4000
2.6000 2.7000 0.5000
2.6000 2.7000 0.6000
2.6000 2.7000 0.7000
2.6000 2.7000 0.8000
2.6000 2.7000 0.9000
2.6000 2.7000 1.0000
2.6000 2.7000 1.1000
2.6000 2.7000 1.2000
2.6000 2.7000 1.3000
2.6000 2.7000 1.4000
2.6000 2.7000 1.5000
2.6000 2.7000 1.6000
2.6000 2.7000 1.7000
2.6000 2.7000 1.8000
2.6000 2.7000 1.9000
2.6000 2.7000 2.0000
2.6000 2.7000 2.1000
2.6000 2.7000 2.2000
2.6000 2.7000 2.3000
2.6000 2.7000 2.4000
2.6000 2.7000 2.5000
2.6000 2.7000 2.6000
2.6000 2.7000 2.7000
2.6000 2.7000 2.8000
2.6000 2.7000 2.9000
2.6000 2.7000 3.0000
2.6000 2.7000 3.1000
2.6000 2.7000 3.2000
2.6000 2.7000 3.3000
2.6000 2.7000 3.4000
2.6000 2.7000 3.5000
2.6223 -1.1764 0.0000
2.6223 -1.1764 0.0973
2.6223 -1.1764 0.1946
2.6223 -1.1764 0.2919
2.6223 -1.1764 0.3892
2.6223 -1.1764 0.4866
2.6223 -1.1764 0.5839
2.6223 -1.1764 0.6812
2.6223 -1.1764 0.7785
2.6223 -1.1764 0.8758
2.6223 -1.1764 0.9731
2.6223 -1.1764 1.0704
2.6223 -1.1764 1.1677
2.6223 -1.1764 1.2651
2.6223 -1.1764 1.3624
2.6223 -1.1764 1.4597
2.6223 -1.1764 1.5570
2.6223 -1.1764 1.6543
2.6223 -1.1764 1.7516
2.6223 -1.1764 1.8489
2.6223 -1.1764 1.9463
2.6223 -1.1764 2.0436
2.6223 -1.1764 2.1409
2.6223 -1.1764 2.2382
2.6223 -1.1764 2.3355
2.6223 -1.1764 2.4328
2.6223 -1.1764 2.5301
2.6223 -1.1764 2.6274
2.6223 -1.1764 2.7247
2.6223 -1.1764 2.8221
2.6223 -1.1764 2.9194
2.6223 -1.1764 3.0167
2.6223 -1.1764 3.1140
2.6223 -1.0825 0.0000
2.6223 -1.0825 3.1140
2.6223 -0.9887 0.0000
2.6223 -0.9887 3.1140
2.6223 -0.8949 0.0000
2.6223 -0.8949 3.1140
2.6223 -0.8011 0.0000
2.6223 -0.8011 3.1140
2.6223 -0.7073 0.0000
2.6223 -0.7073 3.1140
2.6223 -0.6135 0.0000
2.6223 -0.6135 3.1140
2.6223 -0.5197 0.0000
2.6223 -0.5197 3.1140
2.6223 -0.4259 0.0000
2.6223 -0.4259 3.1140
2.6223 -0.3321 0.0000
2.6223 -0.3321 3.1140
2.6223 -0.2382 0.0000
2.6223 -0.2382 0.0973
2.6223 -0.2382 0.1946
2.6223 -0.2382 0.2919
2.6223 -0.2382 0.3892
2.6223 -0.2382 0.4866
2.6223 -0.2382 0.5839
2.6223 -0.2382 0.6812
2.6223 -0.2382 0.7785
2.6223 -0.2382 0.8758
2.6223 -0.2382 0.9731
2.6223 -0.2382 1.0704
2.6223 -0.2382 1.1677
2.6223 -0.2382 1.2651
2.6223 -0.2382 1.3624
2.6223 -0.2382 1.4597
2.6223 -0.2382 1.5570
2.6223 -0.2382 1.6543
2.6223 -0.2382 1.7516
2.6223 -0.2382 1.8489
2.6223 -0.2382 1.9463
2.6223 -0.2382 2.0436
2.6223 -0.2382 2.1409
2.6223 -0.2382 2.2382
2.6223 -0.2382 2.3355
2.6223 -0.2382 2.4328
2.6223 -0.2382 2.5301
2.6223 -0.2382 2.6274
2.6223 -0.2382 2.7247
2.6223 -0.2382 2.8221
2.6223 -0.2382 2.9194
2.6223 -0.2382 3.0167
2.6223 -0.2382 3.1140
2.6836 0.3827 0.0000
2.6836 0.3827 0.0997
2.6836 0.3827 0.1994
2.6836 0.3827 0.2991
2.6836 0.3827 0.3988
2.6836 0.3827 0.4985
2.6836 0.3827 0.5982
2.6836 0.3827 0.6978
2.6836 0.3827 0.7975
2.6836 0.3827 0.8972
2.6836 0.3827 0.9969
2.6836 0.3827 1.0966
2.6836 0.3827 1.1963
2.6836 0.3827 1.2959
2.6836 0.3827 1.3956
2.6836 0.3827 1.4953
2.6836 0.3827 1.5950
2.6836 0.3827 1.6947
2.6836 0.3827 1.7944
2.6836 0.3827 1.8941
2.6836 0.3827 1.9937
2.6836 0.3827 2.0934
2.6836 0.3827 2.1931
2.6836 0.3827 2.2928
2.6836 0.3827 2.3925
2.6836 0.3827 2.4922
2.6836 0.3827 2.5918
2.6836 0.3827 2.6915
2.6836 0.3827 2.7912
2.6836 0.3827 2.8909
2.6836 0.3827 2.9906
2.6836 0.3827 3.0903
2.6836 0.3827 3.1900
2.6836 0.4794 0.0000
2.6836 0.4794 3.1900
2.6836 0.5760 0.0000
2.6836 0.5760 3.1900
2.6836 0.6727 0.0000
2.6836 0.6727 3.1900
2.6836 0.7693 0.0000
2.6836 0.7693 3.1900
2.6836 0.8660 0.0000
2.6836 0.8660 3.1900
2.6836 0.9626 0.0000
2.6836 0.9626 3.1900
2.6836 1.0593 0.0000
2.6836 1.0593 0.0997
2.6836 1.0593 0.1994
2.6836 1.0593 0.2991
2.6836 1.0593 0.3988
2.6836 1.0593 0.4985
2.6836 1.0593 0.5982
2.6836 1.0593 0.6978
2.6836 1.0593 0.7975
2.6836 1.0593 0.8972
2.6836 1.0593 0.9969
2.6836 1.0593 1.0966
2.6836 1.0593 1.1963
2.6836 1.0593 1.2959
2.6836 1.0593 1.3956
2.6836 1.0593 1.4953
2.6836 1.0593 1.5950
2.6836 1.0593 1.6947
2.6836 1.0593 1.7944
2.6836 1.0593 1.8941
2.6836 1.0593 1.9937
2.6836 1.0593 2.0934
2.6836 1.0593 2.1931
2.6836 1.0593 2.2928
2.6836 1.0593 2.3925
2.6836 1.0593 2.4922
2.6836 1.0593 2.5918
2.6836 1.0593 2.6915
2.6836 1.0593 2.7912
2.6836 1.0593 2.8909
2.6836 1.0593 2.9906
2.6836 1.0593 3.0903
2.6836 1.0593 3.1900
2.7000 -2.7000 0.0000
2.7000 -2.7000 0.1000
2.7000 -2.7000 0.2000
2.7000 -2.7000 0.3000
2.7000 -2.7000 0.4000
2.7000 -2.7000 0.5000
2.7000 -2.7000 0.6000
2.7000 -2.7000 0.7000
2.7000 -2.7000 0.8000
2.7000 -2.7000 0.9000
2.7000 -2.7000 1.0000
2.7000 -2.7000 1.1000
2.7000 -2.7000 1.2000
2.7000 -2.7000 1.3000
2.7000 -2.7000 1.4000
2.7000 -2.7000 1.5000
2.7000 -2.7000 1.6000
2.7000 -2.7000 1.7000
2.7000 -2.7000 1.8000
2.7000 -2.7000 1.9000
2.7000 -2.7000 2.0000
2.7000 -2.7000 2.1000
2.7000 -2.7000 2.2000
2.7000 -2.7000 2.3000
2.7000 -2.7000 2.4000
2.7000 -2.7000 2.5000
2.7000 -2.7000 2.6000
2.7000 -2.7000 2.7000
2.7000 -2.7000 2.8000
2.7000 -2.7000 2.9000
2.7000 -2.7000 3.0000
2.7000 -2.7000 3.1000
2.7000 -2.7000 3.2000
2.7000 -2.7000 3.3000
2.7000 -2.7000 3.4000
2.7000 -2.7000 3.5000
2.7000 -2.6000 0.0000
2.7000 -2.6000 3.5000
2.7000 -2.5000 0.0000
2.7000 -2.5000 0.1000
2.7000 -2.5000 0.2000
2.7000 -2.5000 0.3000
2.7000 -2.5000 0.4000
2.7000 -2.5000 0.5000
2.7000 -2.5000 0.6000
2.7000 -2.5000 0.7000
2.7000 -2.5000 0.8000
2.7000 -2.5000 0.9000
2.7000 -2.5000 1.0000
2.7000 -2.5000 1.1000
2.7000 -2.5000 1.2000
2.7000 -2.5000 1.3000
2.7000 -2.5000 1.4000
2.7000 -2.5000 1.5000
2.7000 -2.5000 1.6000
2.7000 -2.5000 1.7000
2.7000 -2.5000 1.8000
2.7000 -2.5000 1.9000
2.7000 -2.5000 2.0000
2.7000 -2.5000 2.1000
2.7000 -2.5000 2.2000
2.7000 -2.5000 2.3000
2.7000 -2.5000 2.4000
2.7000 -2.5000 2.5000
2.7000 -2.5000 2.6000
2.7000 -2.5000 2.7000
2.7000 -2.5000 2.8000
2.7000 -2.5000 2.9000
2.7000 -2.5000 3.0000
2.7000 -2.5000 3.1000
2.7000 -2.5000 3.2000
2.7000 -2.5000 3.3000
2.7000 -2.5000 3.4000
2.7000 -2.5000 3.5000
2.7000 2.5000 0.0000
2.7000 2.5000 0.1000
2.7000 2.5000 0.2000
2.7000 2.5000 0.3000
2.7000 2.5000 0.4000
2.7000 2.5000 0.5000
2.7000 2.5000 0.6000
2.7000 2.5000 0.7000
2.7000 2.5000 0.8000
2.7000 2.5000 0.9000
2.7000 2.5000 1.0000
2.7000 2.5000 1.1000
2.7000 2.5000 1.2000
2.7000 2.5000 1.3000
2.7000 2.5000 1.4000
2.7000 2.5000 1.5000
2.7000 2.5000 1.6000
2.7000 2.5000 1.7000
2.7000 2.5000 1.8000
2.7000 2.5000 1.9000
2.7000 2.5000 2.0000
2.7000 2.5000 2.1000
2.7000 2.5000 2.2000
2.7000 2.5000 2.3000
2.7000 2.5000 2.4000
2.7000 2.5000 2.5000
2.7000 2.5000 2.6000
2.7000 2.5000 2.7000
2.7000 2.5000 2.8000
2.7000 2.5000 2.9000
2.7000 2.5000 3.0000
2.7000 2.5000 3.1000
2.7000 2.5000 3.2000
2.7000 2.5000 3.3000
2.7000 2.5000 3.4000
2.7000 2.5000 3.5000
2.7000 2.6000 0.0000
2.7000 2.6000 3.5000
2.7000 2.7000 0.0000
2.7000 2.7000 0.1000
2.7000 2.7000 0.2000
2.7000 2.7000 0.3000
2.7000 2.7000 0.4000
2.7000 2.7000 0.5000
2.7000 2.7000 0.6000
2.7000 2.7000 0.7000
2.7000 2.7000 0.8000
2.7000 2.7000 0.9000
2.7000 2.7000 1.0000
2.7000 2.7000 1.1000
2.7000 2.7000 1.2000
2.7000 2.7000 1.3000
2.7000 2.7000 1.4000
2.7000 2.7000 1.5000
2.7000 2.7000 1.6000
2.7000 2.7000 1.7000
2.7000 2.7000 1.8000
2.7000 2.7000 1.9000
2.7000 2.7000 2.0000
2.7000 2.7000 2.1000
2.7000 2.7000 2.2000
2.7000 2.7000 2.3000
2.7000 2.7000 2.4000
2.7000 2.7000 2.5000
2.7000 2.7000 2.6000
2.7000 2.7000 2.7000
2.7000 2.7000 2.8000
2.7000 2.7000 2.9000
2.7000 2.7000 3.0000
2.7000 2.7000 3.1000
2.7000 2.7000 3.2000
2.7000 2.7000 3.3000
2.7000 2.7000 3.4000
2.7000 2.7000 3.5000
2.7161 -1.1764 0.0000
2.7161 -1.1764 0.0973
2.7161 -1.1764 0.1946
2.7161 -1.1764 0.2919
2.7161 -1.1764 0.3892
2.7161 -1.1764 0.4866
2.7161 -1.1764 0.5839
2.7161 -1.1764 0.6812
2.7161 -1.1764 0.7785
2.7161 -1.1764 0.8758
2.7161 -1.1764 0.9731
2.7161 -1.1764 1.0704
2.7161 -1.1764 1.1677
2.7161 -1.1764 1.2651
2.7161 -1.1764 1.3624
2.7161 -1.1764 1.4597
2.7161 -1.1764 1.5570
2.7161 -1.1764 1.6543
2.7161 -1.1764 1.7516
2.7161 -1.1764 1.8489
2.7161 -1.1764 1.9463
2.7161 -1.1764 2.0436
2.7161 -1.1764 2.1409
2.7161 -1.1764 2.2382
2.7161 -1.1764 2.3355
2.7161 -1.1764 2.4328
2.7161 -1.1764 2.5301
2.7161 -1.1764 2.6274
2.7161 -1.1764 2.7247
2.7161 -1.1764 2.8221
2.7161 -1.1764 2.9194
2.7161 -1.1764 3.0167
2.7161 -1.1764 3.1140
2.7161 -1.0825 0.0000
2.7161 -1.0825 3.1140
2.7161 -0.9887 0.0000
2.7161 -0.9887 3.1140
2.7161 -0.8949 0.0000
2.7161 -0.8949 3.1140
2.7161 -0.8011 0.0000
2.7161 -0.8011 3.1140
2.7161 -0.7073 0.0000
2.7161 -0.7073 3.1140
2.7161 -0.6135 0.0000
2.7161 -0.6135 3.1140
2.7161 -0.5197 0.0000
2.7161 -0.5197 3.1140
2.7161 -0.4259 0.0000
2.7161 -0.4259 3.1140
2.7161 -0.3321 0.0000
2.7161 -0.3321 3.1140
2.7161 -0.2382 0.0000
2.7161 -0.2382 0.0973
2.7161 -0.2382 0.1946
2.7161 -0.2382 0.2919
2.7161 -0.2382 0.3892
2.7161 -0.2382 0.4866
2.7161 -0.2382 0.5839
2.7161 -0.2382 0.6812
2.7161 -0.2382 0.7785
2.7161 -0.2382 0.8758
2.7161 -0.2382 0.9731
2.7161 -0.2382 1.0704
2.7161 -0.2382 1.1677
2.7161 -0.2382 1.2651
2.7161 -0.2382 1.3624
2.7161 -0.2382 1.4597
2.7161 -0.2382 1.5570
2.7161 -0.2382 1.6543
2.7161 -0.2382 1.7516
2.7161 -0.2382 1.8489
2.7161 -0.2382 1.9463
2.7161 -0.2382 2.0436
2.7161 -0.2382 2.1409
2.7161 -0.2382 2.2382
2.7161 -0.2382 2.3355
2.7161 -0.2382 2.4328
2.7161 -0.2382 2.5301
2.7161 -0.2382 2.6274
2.7161 -0.2382 2.7247
2.7161 -0.2382 2.8221
2.7161 -0.2382 2.9194
2.7161 -0.2382 3.0167
2.7161 -0.2382 3.1140
2.7802 0.3827 0.0000
2.7802 0.3827 0.0997
2.7802 0.3827 0.1994
2.7802 0.3827 0.2991
2.7802 0.3827 0.3988
2.7802 0.3827 0.4985
2.7802 0.3827 0.5982
2.7802 0.3827 0.6978
2.7802 0.3827 0.7975
2.7802 0.3827 0.8972
2.7802 0.3827 0.9969
2.7802 0.3827 1.0966
2.7802 0.3827 1.1963
2.7802 0.3827 1.2959
2.7802 0.3827 1.3956
2.7802 0.3827 1.4953
2.7802 0.3827 1.5950
2.7802 0.3827 1.6947
2.7802 0.3827 1.7944
2.7802 0.3827 1.8941
2.7802 0.3827 1.9937
2.7802 0.3827 2.0934
2.7802 0.3827 2.1931
2.7802 0.3827 2.2928
2.7802 0.3827 2.3925
2.7802 0.3827 2.4922
2.7802 0.3827 2.5918
2.7802 0.3827 2.6915
2.7802 0.3827 2.7912
2.7802 0.3827 2.8909
2.7802 0.3827 2.9906
2.7802 0.3827 3.0903
2.7802 0.3827 3.1900
2.7802 0.4794 0.0000
2.7802 0.4794 3.1900
2.7802 0.5760 0.0000
2.7802 0.5760 3.1900
2.7802 0.6727 0.0000
2.7802 0.6727 3.1900
2.7802 0.7693 0.0000
2.7802 0.7693 3.1900
2.7802 0.8660 0.0000
2.7802 0.8660 3.1900
2.7802 0.9626 0.0000
2.7802 0.9626 3.1900
2.7802 1.0593 0.0000
2.7802 1.0593 0.0997
2.7802 1.0593 0.1994
2.7802 1.0593 0.2991
2.7802 1.0593 0.3988
2.7802 1.0593 0.4985
2.7802 1.0593 0.5982
2.7802 1.0593 0.6978
2.7802 1.0593 0.7975
2.7802 1.0593 0.8972
2.7802 1.0593 0.9969
2.7802 1.0593 1.0966
2.7802 1.0593 1.1963
2.7802 1.0593 1.2959
2.7802 1.0593 1.3956
2.7802 1.0593 1.4953
2.7802 1.0593 1.5950
2.7802 1.0593 1.6947
2.7802 1.0593 1.7944
2.7802 1.0593 1.8941
2.7802 1.0593 1.9937
2.7802 1.0593 2.0934
2.7802 1.0593 2.1931
2.7802 1.0593 2.2928
2.7802 1.0593 2.3925
2.7802 1.0593 2.4922
2.7802 1.0593 2.5918
2.7802 1.0593 2.6915
2.7802 1.0593 2.7912
2.7802 1.0593 2.8909
2.7802 1.0593 2.9906
2.7802 1.0593 3.0903
2.7802 1.0593 3.1900
2.8000 -2.7000 0.0000
2.8000 -2.7000 0.1000
2.8000 -2.7000 0.2000
2.8000 -2.7000 0.3000
2.8000 -2.7000 0.4000
2.8000 -2.7000 0.5000
2.8000 -2.7000 0.6000
2.8000 -2.7000 0.7000
2.8000 -2.7000 0.8000
2.8000 -2.7000 0.9000
2.8000 -2.7000 1.0000
2.8000 -2.7000 1.1000
2.8000 -2.7000 1.2000
2.8000 -2.7000 1.3000
2.8000 -2.7000 1.4000
2.8000 -2.7000 1.5000
2.8000 -2.7000 1.6000
2.8000 -2.7000 1.7000
2.8000 -2.7000 1.8000
2.8000 -2.7000 1.9000
2.8000 -2.7000 2.0000
2.8000 -2.7000 2.1000
2.8000 -2.7000 2.2000
2.8000 -2.7000 2.3000
2.8000 -2.7000 2.4000
2.8000 -2.7000 2.5000
2.8000 -2.7000 2.6000
2.8000 -2.7000 2.7000
2.8000 -2.7000 2.8000
2.8000 -2.7000 2.9000
2.8000 -2.7000 3.0000
2.8000 -2.7000 3.1000
2.8000 -2.7000 3.2000
2.8000 -2.7000 3.3000
2.8000 -2.7000 3.4000
2.8000 -2.7000 3.5000
2.8000 -2.6000 0.0000
2.8000 -2.6000 3.5000
2.8000 -2.5000 0.0000
2.8000 -2.5000 0.1000
2.8000 -2.5000 0.2000
2.8000 -2.5000 0.3000
2.8000 -2.5000 0.4000
2.8000 -2.5000 0.5000
2.8000 -2.5000 0.6000
2.8000 -2.5000 0.7000
2.8000 -2.5000 0.8000
2.8000 -2.5000 0.9000
2.8000 -2.5000 1.0000
2.8000 -2.5000 1.1000
2.8000 -2.5000 1.2000
2.8000 -2.5000 1.3000
2.8000 -2.5000 1.4000
2.8000 -2.5000 1.5000
2.8000 -2.5000 1.6000
2.8000 -2.5000 1.7000
2.8000 -2.5000 1.8000
2.8000 -2.5000 1.9000
2.8000 -2.5000 2.0000
2.8000 -2.5000 2.1000
2.8000 -2.5000 2.2000
2.8000 -2.5000 2.3000
2.8000 -2.5000 2.4000
2.8000 -2.5000 2.5000
2.8000 -2.5000 2.6000
2.8000 -2.5000 2.7000
2.8000 -2.5000 2.8000
2.8000 -2.5000 2.9000
2.8000 -2.5000 3.0000
2.8000 -2.5000 3.1000
2.8000 -2.5000 3.2000
2.8000 -2.5000 3.3000
2.8000 -2.5000 3.4000
2.8000 -2.5000 3.5000
2.8000 2.5000 0.0000
2.8000 2.5000 0.1000
2.8000 2.5000 0.2000
2.8000 2.5000 0.3000
2.8000 2.5000 0.4000
2.8000 2.5000 0.5000
2.8000 2.5000 0.6000
2.8000 2.5000 0.7000
2.8000 2.5000 0.8000
2.8000 2.5000 0.9000
2.8000 2.5000 1.0000
2.8000 2.5000 1.1000
2.8000 2.5000 1.2000
2.8000 2.5000 1.3000
2.8000 2.5000 1.4000
2.8000 2.5000 1.5000
2.8000 2.5000 1.6000
2.8000 2.5000 1.7000
2.8000 2.5000 1.8000
2.8000 2.5000 1.9000
2.8000 2.5000 2.0000
2.8000 2.5000 2.1000
2.8000 2.5000 2.2000
2.8000 2.5000 2.3000
2.8000 2.5000 2.4000
2.8000 2.5000 2.5000
2.8000 2.5000 2.6000
2.8000 2.5000 2.7000
2.8000 2.5000 2.8000
2.8000 2.5000 2.9000
2.8000 2.5000 3.0000
2.8000 2.5000 3.1000
2.8000 2.5000 3.2000
2.8000 2.5000 3.3000
2.8000 2.5000 3.4000
2.8000 2.5000 3.5000
2.8000 2.6000 0.0000
2.8000 2.6000 3.5000
2.8000 2.7000 0.0000
2.8000 2.7000 0.1000
2.8000 2.7000 0.2000
2.8000 2.7000 0.3000
2.8000 2.7000 0.4000
2.8000 2.7000 0.5000
2.8000 2.7000 0.6000
2.8000 2.7000 0.7000
2.8000 2.7000 0.8000
2.8000 2.7000 0.9000
2.8000 2.7000 1.0000
2.8000 2.7000 1.1000
2.8000 2.7000 1.2000
2.8000 2.7000 1.3000
2.8000 2.7000 1.4000
2.8000 2.7000 1.5000
2.8000 2.7000 1.6000
2.8000 2.7000 1.7000
2.8000 2.7000 1.8000
2.8000 2.7000 1.9000
2.8000 2.7000 2.0000
2.8000 2.7000 2.1000
2.8000 2.7000 2.2000
2.8000 2.7000 2.3000
2.8000 2.7000 2.4000
2.8000 2.7000 2.5000
2.8000 2.7000 2.6000
2.8000 2.7000 2.7000
2.8000 2.7000 2.8000
2.8000 2.7000 2.9000
2.8000 2.7000 3.0000
2.8000 2.7000 3.1000
2.8000 2.7000 3.2000
2.8000 2.7000 3.3000
2.8000 2.7000 3.4000
2.8000 2.7000 3.5000
2.8099 -1.1764 0.0000
2.8099 -1.1764 0.0973
2.8099 -1.1764 0.1946
2.8099 -1.1764 0.2919
2.8099 -1.1764 0.3892
2.8099 -1.1764 0.4866
2.8099 -1.1764 0.5839
2.8099 -1.1764 0.6812
2.8099 -1.1764 0.7785
2.8099 -1.1764 0.8758
2.8099 -1.1764 0.9731
2.8099 -1.1764 1.0704
2.8099 -1.1764 1.1677
2.8099 -1.1764 1.2651
2.8099 -1.1764 1.3624
2.8099 -1.1764 1.4597
2.8099 -1.1764 1.5570
2.8099 -1.1764 1.6543
2.8099 -1.1764 1.7516
2.8099 -1.1764 1.8489
2.8099 -1.1764 1.9463
2.8099 -1.1764 2.0436
2.8099 -1.1764 2.1409
2.8099 -1.1764 2.2382
2.8099 -1.1764 2.3355
2.8099 -1.1764 2.4328
2.8099 -1.1764 2.5301
2.8099 -1.1764 2.6274
2.8099 -1.1764 2.7247
2.8099 -1.1764 2.8221
2.8099 -1.1764 2.9194
2.8099 -1.1764 3.0167
2.8099 -1.1764 3.1140
2.8099 -1.0825 0.0000
2.8099 -1.0825 3.1140
2.8099 -0.9887 0.0000
2.8099 -0.9887 3.1140
2.8099 -0.8949 0.0000
2.8099 -0.8949 3.1140
2.8099 -0.8011 0.0000
2.8099 -0.8011 3.1140
2.8099 -0.7073 0.0000
2.8099 -0.7073 3.1140
2.8099 -0.6135 0.0000
2.8099 -0.6135 3.1140
2.8099 -0.5197 0.0000
2.8099 -0.5197 3.1140
2.8099 -0.4259 0.0000
2.8099 -0.4259 3.1140
2.8099 -0.3321 0.0000
2.8099 -0.3321 3.1140
2.8099 -0.2382 0.0000
2.8099 -0.2382 0.0973
2.8099 -0.2382 0.1946
2.8099 -0.2382 0.2919
2.8099 -0.2382 0.3892
2.8099 -0.2382 0.4866
2.8099 -0.2382 0.5839
2.8099 -0.2382 0.6812
2.8099 -0.2382 0.7785
2.8099 -0.2382 0.8758
2.8099 -0.2382 0.9731
2.8099 -0.2382 1.0704
2.8099 -0.2382 1.1677
2.8099 -0.2382 1.2651
2.8099 -0.2382 1.3624
2.8099 -0.2382 1.4597
2.8099 -0.2382 1.5570
2.8099 -0.2382 1.6543
2.8099 -0.2382 1.7516
2.8099 -0.2382 1.8489
2.8099 -0.2382 1.9463
2.8099 -0.2382 2.0436
2.8099 -0.2382 2.1409
2.8099 -0.2382 2.2382
2.8099 -0.2382 2.3355
2.8099 -0.2382 2.4328
2.8099 -0.2382 2.5301
2.8099 -0.2382 2.6274
2.8099 -0.2382 2.7247
2.8099 -0.2382 2.8221
2.8099 -0.2382 2.9194
2.8099 -0.2382 3.0167
2.8099 -0.2382 3.1140
2.8769 0.3827 0.0000
2.8769 0.3827 0.0997
2.8769 0.3827 0.1994
2.8769 0.3827 0.2991
2.8769 0.3827 0.3988
2.8769 0.3827 0.4985
2.8769 0.3827 0.5982
2.8769 0.3827 0.6978
2.8769 0.3827 0.7975
2.8769 0.3827 0.8972
2.8769 0.3827 0.9969
2.8769 0.3827 1.0966
2.8769 0.3827 1.1963
2.8769 0.3827 1.2959
2.8769 0.3827 1.3956
2.8769 0.3827 1.4953
2.8769 0.3827 1.5950
2.8769 0.3827 1.6947
2.8769 0.3827 1.7944
2.8769 0.3827 1.8941
2.8769 0.3827 1.9937
2.8769 0.3827 2.0934
2.8769 0.3827 2.1931
2.8769 0.3827 2.2928
2.8769 0.3827 2.3925
2.8769 0.3827 2.4922
2.8769 0.3827 2.5918
2.8769 0.3827 2.6915
2.8769 0.3827 2.7912
2.8769 0.3827 2.8909
2.8769 0.3827 2.9906
2.8769 0.3827 3.0903
2.8769 0.3827 3.1900
2.8769 0.4794 0.0000
2.8769 0.4794 0.0997
2.8769 0.4794 0.1994
2.8769 0.4794 0.2991
2.8769 0.4794 0.3988
2.8769 0.4794 0.4985
2.8769 0.4794 0.5982
2.8769 0.4794 0.6978
2.8769 0.4794 0.7975
2.8769 0.4794 0.8972
2.8769 0.4794 0.9969
2.8769 0.4794 1.0966
2.8769 0.4794 1.1963
2.8769 0.4794 1.2959
2.8769 0.4794 1.3956
2.8769 0.4794 1.4953
2.8769 0.4794 1.5950
2.8769 0.4794 1.6947
2.8769 0.4794 1.7944
2.8769 0.4794 1.8941
2.8769 0.4794 1.9937
2.8769 0.4794 2.0934
2.8769 0.4794 2.1931
2.8769 0.4794 2.2928
2.8769 0.4794 2.3925
2.8769 0.4794 2.4922
2.8769 0.4794 2.5918
2.8769 0.4794 2.6915
2.8769 0.4794 2.7912
2.8769 0.4794 2.8909
2.8769 0.4794 2.9906
2.8769 0.4794 3.0903
2.8769 0.4794 3.1900
2.8769 0.5760 0.0000
2.8769 0.5760 0.0997
2.8769 0.5760 0.1994
2.8769 0.5760 0.2991
2.8769 0.5760 0.3988
2.8769 0.5760 0.4985
2.8769 0.5760 0.5982
2.8769 0.5760 0.6978
2.8769 0.5760 0.7975
2.8769 0.5760 0.8972
2.8769 0.5760 0.9969
2.8769 0.5760 1.0966
2.8769 0.5760 1.1963
2.8769 0.5760 1.2959
2.8769 0.5760 1.3956
2.8769 0.5760 1.4953
2.8769 0.5760 1.5950
2.8769 0.5760 1.6947
2.8769 0.5760 1.7944
2.8769 0.5760 1.8941
2.8769 0.5760 1.9937
2.8769 0.5760 2.0934
2.8769 0.5760 2.1931
2.8769 0.5760 2.2928
2.8769 0.5760 2.3925
2.8769 0.5760 2.4922
2.8769 0.5760 2.5918
2.8769 0.5760 2.6915
2.8769 0.5760 2.7912
2.8769 0.5760 2.8909
2.8769 0.5760 2.9906
2.8769 0.5760 3.0903
2.8769 0.5760 3.1900
2.8769 0.6727 0.0000
2.8769 0.6727 0.0997
2.8769 0.6727 0.1994
2.8769 0.6727 0.2991
2.8769 0.6727 0.3988
2.8769 0.6727 0.4985
2.8769 0.6727 0.5982
2.8769 0.6727 0.6978
2.8769 0.6727 0.7975
2.8769 0.6727 0.8972
2.8769 0.6727 0.9969
2.8769 0.6727 1.0966
2.8769 0.6727 1.1963
2.8769 0.6727 1.2959
2.8769 0.6727 1.3956
2.8769 0.6727 1.4953
2.8769 0.6727 1.5950
2.8769 0.6727 1.6947
2.8769 0.6727 1.7944
2.8769 0.6727 1.8941
2.8769 0.6727 1.9937
2.8769 0.6727 2.0934
2.8769 0.6727 2.1931
2.8769 0.6727 2.2928
2.8769 0.6727 2.3925
2.8769 0.6727 2.4922
2.8769 0.6727 2.5918
2.8769 0.6727 2.6915
2.8769 0.6727 2.7912
2.8769 0.6727 2.8909
2.8769 0.6727 2.9906
2.8769 0.6727 3.0903
2.8769 0.6727 3.1900
2.8769 0.7693 0.0000
2.8769 0.7693 0.0997
2.8769 0.7693 0.1994
2.8769 0.7693 0.2991
2.8769 0.7693 0.3988
2.8769 0.7693 0.4985
2.8769 0.7693 0.5982
2.8769 0.7693 0.6978
2.8769 0.7693 0.7975
2.8769 0.7693 0.8972
2.8769 0.7693 0.9969
2.8769 0.7693 1.0966
2.8769 0.7693 1.1963
2.8769 0.7693 1.2959
2.8769 0.7693 1.3956
2.8769 0.7693 1.4953
2.8769 0.7693 1.5950
2.8769 0.7693 1.6947
2.8769 0.7693 1.7944
2.8769 0.7693 1.8941
2.8769 0.7693 1.9937
2.8769 0.7693 2.0934
2.8769 0.7693 2.1931
2.8769 0.7693 2.2928
2.8769 0.7693 2.3925
2.8769 0.7693 2.4922
2.8769 0.7693 2.5918
2.8769 0.7693 2.6915
2.8769 0.7693 2.7912
2.8769 0.7693 2.8909
2.8769 0.7693 2.9906
2.8769 0.7693 3.0903
2.8769 0.7693 3.1900
2.8769 0.8660 0.0000
2.8769 0.8660 0.0997
2.8769 0.8660 0.1994
2.8769 0.8660 0.2991
2.8769 0.8660 0.3988
2.8769 0.8660 0.4985
2.8769 0.8660 0.5982
2.8769 0.8660 0.6978
2.8769 0.8660 0.7975
2.8769 0.8660 0.8972
2.8769 0.8660 0.9969
2.8769 0.8660 1.0966
2.8769 0.8660 1.1963
2.8769 0.8660 1.2959
2.8769 0.8660 1.3956
2.8769 0.8660 1.4953
2.8769 0.8660 1.5950
2.8769 0.8660 1.6947
2.8769 0.8660 1.7944
2.8769 0.8660 1.8941
2.8769 0.8660 1.9937
2.8769 0.8660 2.0934
2.8769 0.8660 2.1931
2.8769 0.8660 2.2928
2.8769 0.8660 2.3925
2.8769 0.8660 2.4922
2.8769 0.8660 2.5918
2.8769 0.8660 2.6915
2.8769 0.8660 2.7912
2.8769 0.8660 2.8909
2.8769 0.8660 2.9906
2.8769 0.8660 3.0903
2.8769 0.8660 3.1900
2.8769 0.9626 0.0000
2.8769 0.9626 0.0997
2.8769 0.9626 0.1994
2.8769 0.9626 0.2991
2.8769 0.9626 0.3988
2.8769 0.9626 0.4985
2.8769 0.9626 0.5982
2.8769 0.9626 0.6978
2.8769 0.9626 0.7975
2.8769 0.9626 0.8972
2.8769 0.9626 0.9969
2.8769 0.9626 1.0966
2.8769 0.9626 1.1963
2.8769 0.9626 1.2959
2.8769 0.9626 1.3956
2.8769 0.9626 1.4953
2.8769 0.9626 1.5950
2.8769 0.9626 1.6947
2.8769 0.9626 1.7944
2.8769 0.9626 1.8941
2.8769 0.9626 1.9937
2.8769 0.9626 2.0934
2.8769 0.9626 2.1931
2.8769 0.9626 2.2928
2.8769 0.9626 2.3925
2.8769 0.9626 2.4922
2.8769 0.9626 2.5918
2.8769 0.9626 2.6915
2.8769 0.9626 2.7912
2.8769 0.9626 2.8909
2.8769 0.9626 2.9906
2.8769 0.9626 3.0903
2.8769 0.9626 3.1900
2.8769 1.0593 0.0000
2.8769 1.0593 0.0997
2.8769 1.0593 0.1994
2.8769 1.0593 0.2991
2.8769 1.0593 0.3988
2.8769 1.0593 0.4985
2.8769 1.0593 0.5982
2.8769 1.0593 0.6978
2.8769 1.0593 0.7975
2.8769 1.0593 0.8972
2.8769 1.0593 0.9969
2.8769 1.0593 1.0966
2.8769 1.0593 1.1963
2.8769 1.0593 1.2959
2.8769 1.0593 1.3956
2.8769 1.0593 1.4953
2.8769 1.0593 1.5950
2.8769 1.0593 1.6947
2.8769 1.0593 1.7944
2.8769 1.0593 1.8941
2.8769 1.0593 1.9937
2.8769 1.0593 2.0934
2.8769 1.0593 2.1931
2.8769 1.0593 2.2928
2.8769 1.0593 2.3925
2.8769 1.0593 2.4922
2.8769 1.0593 2.5918
2.8769 1.0593 2.6915
2.8769 1.0593 2.7912
2.8769 1.0593 2.8909
2.8769 1.0593 2.9906
2.8769 1.0593 3.0903
2.8769 1.0593 3.1900
2.9000 -2.7000 0.0000
2.9000 -2.7000 0.1000
2.9000 -2.7000 0.2000
2.9000 -2.7000 0.3000
2.9000 -2.7000 0.4000
2.9000 -2.7000 0.5000
2.9000 -2.7000 0.6000
2.9000 -2.7000 0.7000
2.9000 -2.7000 0.8000
2.9000 -2.7000 0.9000
2.9000 -2.7000 1.0000
2.9000 -2.7000 1.1000
2.9000 -2.7000 1.2000
2.9000 -2.7000 1.3000
2.9000 -2.7000 1.4000
2.9000 -2.7000 1.5000
2.9000 -2.7000 1.6000
2.9000 -2.7000 1.7000
2.9000 -2.7000 1.8000
2.9000 -2.7000 1.9000
2.9000 -2.7000 2.0000
2.9000 -2.7000 2.1000
2.9000 -2.7000 2.2000
2.9000 -2.7000 2.3000
2.9000 -2.7000 2.4000
2.9000 -2.7000 2.5000
2.9000 -2.7000 2.6000
2.9000 -2.7000 2.7000
2.9000 -2.7000 2.8000
2.9000 -2.7000 2.9000
2.9000 -2.7000 3.0000
2.9000 -2.7000 3.1000
2.9000 -2.7000 3.2000
2.9000 -2.7000 3.3000
2.9000 -2.7000 3.4000
2.9000 -2.7000 3.5000
2.9000 -2.6000 0.0000
2.9000 -2.6000 3.5000
2.9000 -2.5000 0.0000
2.9000 -2.5000 0.1000
2.9000 -2.5000 0.2000
2.9000 -2.5000 0.3000
2.9000 -2.5000 0.4000
2.9000 -2.5000 0.5000
2.9000 -2.5000 0.6000
2.9000 -2.5000 0.7000
2.9000 -2.5000 0.8000
2.9000 -2.5000 0.9000
2.9000 -2.5000 1.0000
2.9000 -2.5000 1.1000
2.9000 -2.5000 1.2000
2.9000 -2.5000 1.3000
2.9000 -2.5000 1.4000
2.9000 -2.5000 1.5000
2.9000 -2.5000 1.6000
2.9000 -2.5000 1.7000
2.9000 -2.5000 1.8000
2.9000 -2.5000 1.9000
2.9000 -2.5000 2.0000
2.9000 -2.5000 2.1000
2.9000 -2.5000 2.2000
2.9000 -2.5000 2.3000
2.9000 -2.5000 2.4000
2.9000 -2.5000 2.5000
2.9000 -2.5000 2.6000
2.9000 -2.5000 2.7000
2.9000 -2.5000 2.8000
2.9000 -2.5000 2.9000
2.9000 -2.5000 3.0000
2.9000 -2.5000 3.1000
2.9000 -2.5000 3.2000
2.9000 -2.5000 3.3000
2.9000 -2.5000 3.4000
2.9000 -2.5000 3.5000
2.9000 2.5000 0.0000
2.9000 2.5000 0.1000
2.9000 2.5000 0.2000
2.9000 2.5000 0.3000
2.9000 2.5000 0.4000
2.9000 2.5000 0.5000
2.9000 2.5000 0.6000
2.9000 2.5000 0.7000
2.9000 2.5000 0.8000
2.9000 2.5000 0.9000
2.9000 2.5000 1.0000
2.9000 2.5000 1.1000
2.9000 2.5000 1.2000
2.9000 2.5000 1.3000
2.9000 2.5000 1.4000
2.9000 2.5000 1.5000
2.9000 2.5000 1.6000
2.9000 2.5000 1.7000
2.9000 2.5000 1.8000
2.9000 2.5000 1.9000
2.9000 2.5000 2.0000
2.9000 2.5000 2.1000
2.9000 2.5000 2.2000
2.9000 2.5000 2.3000
2.9000 2.5000 2.4000
2.9000 2.5000 2.5000
2.9000 2.5000 2.6000
2.9000 2.5000 2.7000
2.9000 2.5000 2.8000
2.9000 2.5000 2.9000
2.9000 2.5000 3.0000
2.9000 2.5000 3.1000
2.9000 2.5000 3.2000
2.9000 2.5000 3.3000
2.9000 2.5000 3.4000
2.9000 2.5000 3.5000
2.9000 2.6000 0.0000
2.9000 2.6000 3.5000
2.9000 2.7000 0.0000
2.9000 2.7000 0.1000
2.9000 2.7000 0.2000
2.9000 2.7000 0.3000
2.9000 2.7000 0.4000
2.9000 2.7000 0.5000
2.9000 2.7000 0.6000
2.9000 2.7000 0.7000
2.9000 2.7000 0.8000
2.9000 2.7000 0.9000
2.9000 2.7000 1.0000
2.9000 2.7000 1.1000
2.9000 2.7000 1.2000
2.9000 2.7000 1.3000
2.9000 2.7000 1.4000
2.9000 2.7000 1.5000
2.9000 2.7000 1.6000
2.9000 2.7000 1.7000
2.9000 2.7000 1.8000
2.9000 2.7000 1.9000
2.9000 2.7000 2.0000
2.9000 2.7000 2.1000
2.9000 2.7000 2.2000
2.9000 2.7000 2.3000
2.9000 2.7000 2.4000
2.9000 2.7000 2.5000
2.9000 2.7000 2.6000
2.9000 2.7000 2.7000
2.9000 2.7000 2.8000
2.9000 2.7000 2.9000
2.9000 2.7000 3.0000
2.9000 2.7000 3.1000
2.9000 2.7000 3.2000
2.9000 2.7000 3.3000
2.9000 2.7000 3.4000
2.9000 2.7000 3.5000
2.9037 -1.1764 0.0000
2.9037 -1.1764 0.0973
2.9037 -1.1764 0.1946
2.9037 -1.1764 0.2919
2.9037 -1.1764 0.3892
2.9037 -1.1764 0.4866
2.9037 -1.1764 0.5839
2.9037 -1.1764 0.6812
2.9037 -1.1764 0.7785
2.9037 -1.1764 0.8758
2.9037 -1.1764 0.9731
2.9037 -1.1764 1.0704
2.9037 -1.1764 1.1677
2.9037 -1.1764 1.2651
2.9037 -1.1764 1.3624
2.9037 -1.1764 1.4597
2.9037 -1.1764 1.5570
2.9037 -1.1764 1.6543
2.9037 -1.1764 1.7516
2.9037 -1.1764 1.8489
2.9037 -1.1764 1.9463
2.9037 -1.1764 2.0436
2.9037 -1.1764 2.1409
2.9037 -1.1764 2.2382
2.9037 -1.1764 2.3355
2.9037 -1.1764 2.4328
2.9037 -1.1764 2.5301
2.9037 -1.1764 2.6274
2.9037 -1.1764 2.7247
2.9037 -1.1764 2.8221
2.9037 -1.1764 2.9194
2.9037 -1.1764 3.0167
2.9037 -1.1764 3.1140
2.9037 -1.0825 0.0000
2.9037 -1.0825 3.1140
2.9037 -0.9887 0.0000
2.9037 -0.9887 3.1140
2.9037 -0.8949 0.0000
2.9037 -0.8949 3.1140
2.9037 -0.8011 0.0000
2.9037 -0.8011 3.1140
2.9037 -0.7073 0.0000
2.9037 -0.7073 3.1140
2.9037 -0.6135 0.0000
2.9037 -0.6135 3.1140
2.9037 -0.5197 0.0000
2.9037 -0.5197 3.1140
2.9037 -0.4259 0.0000
2.9037 -0.4259 3.1140
2.9037 -0.3321 0.0000
2.9037 -0.3321 3.1140
2.9037 -0.2382 0.0000
2.9037 -0.2382 0.0973
2.9037 -0.2382 0.1946
2.9037 -0.2382 0.2919
2.9037 -0.2382 0.3892
2.9037 -0.2382 0.4866
2.9037 -0.2382 0.5839
2.9037 -0.2382 0.6812
2.9037 -0.2382 0.7785
2.9037 -0.2382 0.8758
2.9037 -0.2382 0.9731
2.9037 -0.2382 1.0704
2.9037 -0.2382 1.1677
2.9037 -0.2382 1.2651
2.9037 -0.2382 1.3624
2.9037 -0.2382 1.4597
2.9037 -0.2382 1.5570
2.9037 -0.2382 1.6543
2.9037 -0.2382 1.7516
2.9037 -0.2382 1.8489
2.9037 -0.2382 1.9463
2.9037 -0.2382 2.0436
2.9037 -0.2382 2.1409
2.9037 -0.2382 2.2382
2.9037 -0.2382 2.3355
2.9037 -0.2382 2.4328
2.9037 -0.2382 2.5301
2.9037 -0.2382 2.6274
2.9037 -0.2382 2.7247
2.9037 -0.2382 2.8221
2.9037 -0.2382 2.9194
2.9037 -0.2382 3.0167
2.9037 -0.2382 3.1140
2.9975 -1.1764 0.0000
2.9975 -1.1764 0.0973
2.9975 -1.1764 0.1946
2.9975 -1.1764 0.2919
2.9975 -1.1764 0.3892
2.9975 -1.1764 0.4866
2.9975 -1.1764 0.5839
2.9975 -1.1764 0.6812
2.9975 -1.1764 0.7785
2.9975 -1.1764 0.8758
2.9975 -1.1764 0.9731
2.9975 -1.1764 1.0704
2.9975 -1.1764 1.1677
2.9975 -1.1764 1.2651
2.9975 -1.1764 1.3624
2.9975 -1.1764 1.4597
2.9975 -1.1764 1.5570
2.9975 -1.1764 1.6543
2.9975 -1.1764 1.7516
2.9975 -1.1764 1.8489
2.9975 -1.1764 1.9463
2.9975 -1.1764 2.0436
2.9975 -1.1764 2.1409
2.9975 -1.1764 2.2382
2.9975 -1.1764 2.3355
2.9975 -1.1764 2.4328
2.9975 -1.1764 2.5301
2.9975 -1.1764 2.6274
2.9975 -1.1764 2.7247
2.9975 -1.1764 2.8221
2.9975 -1.1764 2.9194
2.9975 -1.1764 3.0167
2.9975 -1.1764 3.1140
2.9975 -1.0825 0.0000
2.9975 -1.0825 3.1140
2.9975 -0.9887 0.0000
2.9975 -0.9887 3.1140
2.9975 -0.8949 0.0000
2.9975 -0.8949 3.1140
2.9975 -0.8011 0.0000
2.9975 -0.8011 3.1140
2.9975 -0.7073 0.0000
2.9975 -0.7073 3.1140
2.9975 -0.6135 0.0000
2.9975 -0.6135 3.1140
2.9975 -0.5197 0.0000
2.9975 -0.5197 3.1140
2.9975 -0.4259 0.0000
2.9975 -0.4259 3.1140
2.9975 -0.3321 0.0000
2.9975 -0.3321 3.1140
2.9975 -0.2382 0.0000
2.9975 -0.2382 0.0973
2.9975 -0.2382 0.1946
2.9975 -0.2382 0.2919
2.9975 -0.2382 0.3892
2.9975 -0.2382 0.4866
2.9975 -0.2382 0.5839
2.9975 -0.2382 0.6812
2.9975 -0.2382 0.7785
2.9975 -0.2382 0.8758
2.9975 -0.2382 0.9731
2.9975 -0.2382 1.0704
2.9975 -0.2382 1.1677
2.9975 -0.2382 1.2651
2.9975 -0.2382 1.3624
2.9975 -0.2382 1.4597
2.9975 -0.2382 1.5570
2.9975 -0.2382 1.6543
2.9975 -0.2382 1.7516
2.9975 -0.2382 1.8489
2.9975 -0.2382 1.9463
2.9975 -0.2382 2.0436
2.9975 -0.2382 2.1409
2.9975 -0.2382 2.2382
2.9975 -0.2382 2.3355
2.9975 -0.2382 2.4328
2.9975 -0.2382 2.5301
2.9975 -0.2382 2.6274
2.9975 -0.2382 2.7247
2.9975 -0.2382 2.8221
2.9975 -0.2382 2.9194
2.9975 -0.2382 3.0167
2.9975 -0.2382 3.1140
3.0000 -2.7000 0.0000
3.0000 -2.7000 0.1000
3.0000 -2.7000 0.2000
3.0000 -2.7000 0.3000
3.0000 -2.7000 0.4000
3.0000 -2.7000 0.5000
3.0000 -2.7000 0.6000
3.0000 -2.7000 0.7000
3.0000 -2.7000 0.8000
3.0000 -2.7000 0.9000
3.0000 -2.7000 1.0000
3.0000 -2.7000 1.1000
3.0000 -2.7000 1.2000
3.0000 -2.7000 1.3000
3.0000 -2.7000 1.4000
3.0000 -2.7000 1.5000
3.0000 -2.7000 1.6000
3.0000 -2.7000 1.7000
3.0000 -2.7000 1.8000
3.0000 -2.7000 1.9000
3.0000 -2.7000 2.0000
3.0000 -2.7000 2.1000
3.0000 -2.7000 2.2000
3.0000 -2.7000 2.3000
3.0000 -2.7000 2.4000
3.0000 -2.7000 2.5000
3.0000 -2.7000 2.6000
3.0000 -2.7000 2.7000
3.0000 -2.7000 2.8000
3.0000 -2.7000 2.9000
3.0000 -2.7000 3.0000
3.0000 -2.7000 3.1000
3.0000 -2.7000 3.2000
3.0000 -2.7000 3.3000
3.0000 -2.7000 3.4000
3.0000 -2.7000 3.5000
3.0000 -2.6000 0.0000
3.0000 -2.6000 3.5000
3.0000 -2.5000 0.0000
3.0000 -2.5000 0.1000
3.0000 -2.5000 0.2000
3.0000 -2.5000 0.3000
3.0000 -2.5000 0.4000
3.0000 -2.5000 0.5000
3.0000 -2.5000 0.6000
3.0000 -2.5000 0.7000
3.0000 -2.5000 0.8000
3.0000 -2.5000 0.9000
3.0000 -2.5000 1.0000
3.0000 -2.5000 1.1000
3.0000 -2.5000 1.2000
3.0000 -2.5000 1.3000
3.0000 -2.5000 1.4000
3.0000 -2.5000 1.5000
3.0000 -2.5000 1.6000
3.0000 -2.5000 1.7000
3.0000 -2.5000 1.8000
3.0000 -2.5000 1.9000
3.0000 -2.5000 2.0000
3.0000 -2.5000 2.1000
3.0000 -2.5000 2.2000
3.0000 -2.5000 2.3000
3.0000 -2.5000 2.4000
3.0000 -2.5000 2.5000
3.0000 -2.5000 2.6000
3.0000 -2.5000 2.7000
3.0000 -2.5000 2.8000
3.0000 -2.5000 2.9000
3.0000 -2.5000 3.0000
3.0000 -2.5000 3.1000
3.0000 -2.5000 3.2000
3.0000 -2.5000 3.3000
3.0000 -2.5000 3.4000
3.0000 -2.5000 3.5000
3.0000 2.5000 0.0000
3.0000 2.5000 0.1000
3.0000 2.5000 0.2000
3.0000 2.5000 0.3000
3.0000 2.5000 0.4000
3.0000 2.5000 0.5000
3.0000 2.5000 0.6000
3.0000 2.5000 0.7000
3.0000 2.5000 0.8000
3.0000 2.5000 0.9000
3.0000 2.5000 1.0000
3.0000 2.5000 1.1000
3.0000 2.5000 1.2000
3.0000 2.5000 1.3000
3.0000 2.5000 1.4000
3.0000 2.5000 1.5000
3.0000 2.5000 1.6000
3.0000 2.5000 1.7000
3.0000 2.5000 1.8000
3.0000 2.5000 1.9000
3.0000 2.5000 2.0000
3.0000 2.5000 2.1000
3.0000 2.5000 2.2000
3.0000 2.5000 2.3000
3.0000 2.5000 2.4000
3.0000 2.5000 2.5000
3.0000 2.5000 2.6000
3.0000 2.5000 2.7000
3.0000 2.5000 2.8000
3.0000 2.5000 2.9000
3.0000 2.5000 3.0000
3.0000 2.5000 3.1000
3.0000 2.5000 3.2000
3.0000 2.5000 3.3000
3.0000 2.5000 3.4000
3.0000 2.5000 3.5000
3.0000 2.6000 0.0000
3.0000 2.6000 3.5000
3.0000 2.7000 0.0000
3.0000 2.7000 0.1000
3.0000 2.7000 0.2000
3.0000 2.7000 0.3000
3.0000 2.7000 0.4000
3.0000 2.7000 0.5000
3.0000 2.7000 0.6000
3.0000 2.7000 0.7000
3.0000 2.7000 0.8000
3.0000 2.7000 0.9000
3.0000 2.7000 1.0000
3.0000 2.7000 1.1000
3.0000 2.7000 1.2000
3.0000 2.7000 1.3000
3.0000 2.7000 1.4000
3.0000 2.7000 1.5000
3.0000 2.7000 1.6000
3.0000 2.7000 1.7000
3.0000 2.7000 1.8000
3.0000 2.7000 1.9000
3.0000 2.7000 2.0000
3.0000 2.7000 2.1000
3.0000 2.7000 2.2000
3.0000 2.7000 2.3000
3.0000 2.7000 2.4000
3.0000 2.7000 2.5000
3.0000 2.7000 2.6000
3.0000 2.7000 2.7000
3.0000 2.7000 2.8000
3.0000 2.7000 2.9000
3.0000 2.7000 3.0000
3.0000 2.7000 3.1000
3.0000 2.7000 3.2000
3.0000 2.7000 3.3000
3.0000 2.7000 3.4000
3.0000 2.7000 3.5000
3.0913 -1.1764 0.0000
3.0913 -1.1764 0.0973
3.0913 -1.1764 0.1946
3.0913 -1.1764 0.2919
3.0913 -1.1764 0.3892
3.0913 -1.1764 0.4866
3.0913 -1.1764 0.5839
3.0913 -1.1764 0.6812
3.0913 -1.1764 0.7785
3.0913 -1.1764 0.8758
3.0913 -1.1764 0.9731
3.0913 -1.1764 1.0704
3.0913 -1.1764 1.1677
3.0913 -1.1764 1.2651
3.0913 -1.1764 1.3624
3.0913 -1.1764 1.4597
3.0913 -1.1764 1.5570
3.0913 -1.1764 1.6543
3.0913 -1.1764 1.7516
3.0913 -1.1764 1.8489
3.0913 -1.1764 1.9463
3.0913 -1.1764 2.0436
3.0913 -1.1764 2.1409
3.0913 -1.1764 2.2382
3.0913 -1.1764 2.3355
3.0913 -1.1764 2.4328
3.0913 -1.1764 2.5301
3.0913 -1.1764 2.6274
3.0913 -1.1764 2.7247
3.0913 -1.1764 2.8221
3.0913 -1.1764 2.9194
3.0913 -1.1764 3.0167
3.0913 -1.1764 3.1140
3.0913 -1.0825 0.0000
3.0913 -1.0825 3.1140
3.0913 -0.9887 0.0000
3.0913 -0.9887 3.1140
3.0913 -0.8949 0.0000
3.0913 -0.8949 3.1140
3.0913 -0.8011 0.0000
3.0913 -0.8011 3.1140
3.0913 -0.7073 0.0000
3.0913 -0.7073 3.1140
3.0913 -0.6135 0.0000
3.0913 -0.6135 3.1140
3.0913 -0.5197 0.0000
3.0913 -0.5197 3.1140
3.0913 -0.4259 0.0000
3.0913 -0.4259 3.1140
3.0913 -0.3321 0.0000
3.0913 -0.3321 3.1140
3.0913 -0.2382 0.0000
3.0913 -0.2382 0.0973
3.0913 -0.2382 0.1946
3.0913 -0.2382 0.2919
3.0913 -0.2382 0.3892
3.0913 -0.2382 0.4866
3.0913 -0.2382 0.5839
3.0913 -0.2382 0.6812
3.0913 -0.2382 0.7785
3.0913 -0.2382 0.8758
3.0913 -0.2382 0.9731
3.0913 -0.2382 1.0704
3.0913 -0.2382 1.1677
3.0913 -0.2382 1.2651
3.0913 -0.2382 1.3624
3.0913 -0.2382 1.4597
3.0913 -0.2382 1.5570
3.0913 -0.2382 1.6543
3.0913 -0.2382 1.7516
3.0913 -0.2382 1.8489
3.0913 -0.2382 1.9463
3.0913 -0.2382 2.0436
3.0913 -0.2382 2.1409
3.0913 -0.2382 2.2382
3.0913 -0.2382 2.3355
3.0913 -0.2382 2.4328
3.0913 -0.2382 2.5301
3.0913 -0.2382 2.6274
3.0913 -0.2382 2.7247
3.0913 -0.2382 2.8221
3.0913 -0.2382 2.9194
3.0913 -0.2382 3.0167
3.0913 -0.2382 3.1140
3.1000 -2.7000 0.0000
3.1000 -2.7000 0.1000
3.1000 -2.7000 0.2000
3.1000 -2.7000 0.3000
3.1000 -2.7000 0.4000
3.1000 -2.7000 0.5000
3.1000 -2.7000 0.6000
3.1000 -2.7000 0.7000
3.1000 -2.7000 0.8000
3.1000 -2.7000 0.9000
3.1000 -2.7000 1.0000
3.1000 -2.7000 1.1000
3.1000 -2.7000 1.2000
3.1000 -2.7000 1.3000
3.1000 -2.7000 1.4000
3.1000 -2.7000 1.5000
3.1000 -2.7000 1.6000
3.1000 -2.7000 1.7000
3.1000 -2.7000 1.8000
3.1000 -2.7000 1.9000
3.1000 -2.7000 2.0000
3.1000 -2.7000 2.1000
3.1000 -2.7000 2.2000
3.1000 -2.7000 2.3000
3.1000 -2.7000 2.4000
3.1000 -2.7000 2.5000
3.1000 -2.7000 2.6000
3.1000 -2.7000 2.7000
3.1000 -2.7000 2.8000
3.1000 -2.7000 2.9000
3.1000 -2.7000 3.0000
3.1000 -2.7000 3.1000
3.1000 -2.7000 3.2000
3.1000 -2.7000 3.3000
3.1000 -2.7000 3.4000
3.1000 -2.7000 3.5000
3.1000 -2.6000 0.0000
3.1000 -2.6000 3.5000
3.1000 -2.5000 0.0000
3.1000 -2.5000 0.1000
3.1000 -2.5000 0.2000
3.1000 -2.5000 0.3000
3.1000 -2.5000 0.4000
3.1000 -2.5000 0.5000
3.1000 -2.5000 0.6000
3.1000 -2.5000 0.7000
3.1000 -2.5000 0.8000
3.1000 -2.5000 0.9000
3.1000 -2.5000 1.0000
3.1000 -2.5000 1.1000
3.1000 -2.5000 1.2000
3.1000 -2.5000 1.3000
3.1000 -2.5000 1.4000
3.1000 -2.5000 1.5000
3.1000 -2.5000 1.6000
3.1000 -2.5000 1.7000
3.1000 -2.5000 1.8000
3.1000 -2.5000 1.9000
3.1000 -2.5000 2.0000
3.1000 -2.5000 2.1000
3.1000 -2.5000 2.2000
3.1000 -2.5000 2.3000
3.1000 -2.5000 2.4000
3.1000 -2.5000 2.5000
3.1000 -2.5000 2.6000
3.1000 -2.5000 2.7000
3.1000 -2.5000 2.8000
3.1000 -2.5000 2.9000
3.1000 -2.5000 3.0000
3.1000 -2.5000 3.1000
3.1000 -2.5000 3.2000
3.1000 -2.5000 3.3000
3.1000 -2.5000 3.4000
3.1000 -2.5000 3.5000
3.1000 2.5000 0.0000
3.1000 2.5000 0.1000
3.1000 2.5000 0.2000
3.1000 2.5000 0.3000
3.1000 2.5000 0.4000
3.1000 2.5000 0.5000
3.1000 2.5000 0.6000
3.1000 2.5000 0.7000
3.1000 2.5000 0.8000
3.1000 2.5000 0.9000
3.1000 2.5000 1.0000
3.1000 2.5000 1.1000
3.1000 2.5000 1.2000
3.1000 2.5000 1.3000
3.1000 2.5000 1.4000
3.1000 2.5000 1.5000
3.1000 2.5000 1.6000
3.1000 2.5000 1.7000
3.1000 2.5000 1.8000
3.1000 2.5000 1.9000
3.1000 2.5000 2.0000
3.1000 2.5000 2.1000
3.1000 2.5000 2.2000
3.1000 2.5000 2.3000
3.1000 2.5000 2.4000
3.1000 2.5000 2.5000
3.1000 2.5000 2.6000
3.1000 2.5000 2.7000
3.1000 2.5000 2.8000
3.1000 2.5000 2.9000
3.1000 2.5000 3.0000
3.1000 2.5000 3.1000
3.1000 2.5000 3.2000
3.1000 2.5000 3.3000
3.1000 2.5000 3.4000
3.1000 2.5000 3.5000
3.1000 2.6000 0.0000
3.1000 2.6000 3.5000
3.1000 2.7000 0.0000
3.1000 2.7000 0.1000
3.1000 2.7000 0.2000
3.1000 2.7000 0.3000
3.1000 2.7000 0.4000
3.1000 2.7000 0.5000
3.1000 2.7000 0.6000
3.1000 2.7000 0.7000
3.1000 2.7000 0.8000
3.1000 2.7000 0.9000
3.1000 2.7000 1.0000
3.1000 2.7000 1.1000
3.1000 2.7000 1.2000
3.1000 2.7000 1.3000
3.1000 2.7000 1.4000
3.1000 2.7000 1.5000
3.1000 2.7000 1.6000
3.1000 2.7000 1.7000
3.1000 2.7000 1.8000
3.1000 2.7000 1.9000
3.1000 2.7000 2.0000
3.1000 2.7000 2.1000
3.1000 2.7000 2.2000
3.1000 2.7000 2.3000
3.1000 2.7000 2.4000
3.1000 2.7000 2.5000
3.1000 2.7000 2.6000
3.1000 2.7000 2.7000
3.1000 2.7000 2.8000
3.1000 2.7000 2.9000
3.1000 2.7000 3.0000
3.1000 2.7000 3.1000
3.1000 2.7000 3.2000
3.1000 2.7000 3.3000
3.1000 2.7000 3.4000
3.1000 2.7000 3.5000
3.1851 -1.1764 0.0000
3.1851 -1.1764 0.0973
3.1851 -1.1764 0.1946
3.1851 -1.1764 0.2919
3.1851 -1.1764 0.3892
3.1851 -1.1764 0.4866
3.1851 -1.1764 0.5839
3.1851 -1.1764 0.6812
3.1851 -1.1764 0.7785
3.1851 -1.1764 0.8758
3.1851 -1.1764 0.9731
3.1851 -1.1764 1.0704
3.1851 -1.1764 1.1677
3.1851 -1.1764 1.2651
3.1851 -1.1764 1.3624
3.1851 -1.1764 1.4597
3.1851 -1.1764 1.5570
3.1851 -1.1764 1.6543
3.1851 -1.1764 1.7516
3.1851 -1.1764 1.8489
3.1851 -1.1764 1.9463
3.1851 -1.1764 2.0436
3.1851 -1.1764 2.1409
3.1851 -1.1764 2.2382
3.1851 -1.1764 2.3355
3.1851 -1.1764 2.4328
3.1851 -1.1764 2.5301
3.1851 -1.1764 2.6274
3.1851 -1.1764 2.7247
3.1851 -1.1764 2.8221
3.1851 -1.1764 2.9194
3.1851 -1.1764 3.0167
3.1851 -1.1764 3.1140
3.1851 -1.0825 0.0000
3.1851 -1.0825 3.1140
3.1851 -0.9887 0.0000
3.1851 -0.9887 3.1140
3.1851 -0.8949 0.0000
3.1851 -0.8949 3.1140
3.1851 -0.8011 0.0000
3.1851 -0.8011 3.1140
3.1851 -0.7073 0.0000
3.1851 -0.7073 3.1140
3.1851 -0.6135 0.0000
3.1851 -0.6135 3.1140
3.1851 -0.5197 0.0000
3.1851 -0.5197 3.1140
3.1851 -0.4259 0.0000
3.1851 -0.4259 3.1140
3.1851 -0.3321 0.0000
3.1851 -0.3321 3.1140
3.1851 -0.2382 0.0000
3.1851 -0.2382 0.0973
3.1851 -0.2382 0.1946
3.1851 -0.2382 0.2919
3.1851 -0.2382 0.3892
3.1851 -0.2382 0.4866
3.1851 -0.2382 0.5839
3.1851 -0.2382 0.6812
3.1851 -0.2382 0.7785
3.1851 -0.2382 0.8758
3.1851 -0.2382 0.9731
3.1851 -0.2382 1.0704
3.1851 -0.2382 1.1677
3.1851 -0.2382 1.2651
3.1851 -0.2382 1.3624
3.1851 -0.2382 1.4597
3.1851 -0.2382 1.5570
3.1851 -0.2382 1.6543
3.1851 -0.2382 1.7516
3.1851 -0.2382 1.8489
3.1851 -0.2382 1.9463
3.1851 -0.2382 2.0436
3.1851 -0.2382 2.1409
3.1851 -0.2382 2.2382
3.1851 -0.2382 2.3355
3.1851 -0.2382 2.4328
3.1851 -0.2382 2.5301
3.1851 -0.2382 2.6274
3.1851 -0.2382 2.7247
3.1851 -0.2382 2.8221
3.1851 -0.2382 2.9194
3.1851 -0.2382 3.0167
3.1851 -0.2382 3.1140
3.2000 -2.7000 0.0000
3.2000 -2.7000 0.1000
3.2000 -2.7000 0.2000
3.2000 -2.7000 0.3000
3.2000 -2.7000 0.4000
3.2000 -2.7000 0.5000
3.2000 -2.7000 0.6000
3.2000 -2.7000 0.7000
3.2000 -2.7000 0.8000
3.2000 -2.7000 0.9000
3.2000 -2.7000 1.0000
3.2000 -2.7000 1.1000
3.2000 -2.7000 1.2000
3.2000 -2.7000 1.3000
3.2000 -2.7000 1.4000
3.2000 -2.7000 1.5000
3.2000 -2.7000 1.6000
3.2000 -2.7000 1.7000
3.2000 -2.7000 1.8000
3.2000 -2.7000 1.9000
3.2000 -2.7000 2.0000
3.2000 -2.7000 2.1000
3.2000 -2.7000 2.2000
3.2000 -2.7000 2.3000
3.2000 -2.7000 2.4000
3.2000 -2.7000 2.5000
3.2000 -2.7000 2.6000
3.2000 -2.7000 2.7000
3.2000 -2.7000 2.8000
3.2000 -2.7000 2.9000
3.2000 -2.7000 3.0000
3.2000 -2.7000 3.1000
3.2000 -2.7000 3.2000
3.2000 -2.7000 3.3000
3.2000 -2.7000 3.4000
3.2000 -2.7000 3.5000
3.2000 -2.6000 0.0000
3.2000 -2.6000 3.5000
3.2000 -2.5000 0.0000
3.2000 -2.5000 0.1000
3.2000 -2.5000 0.2000
3.2000 -2.5000 0.3000
3.2000 -2.5000 0.4000
3.2000 -2.5000 0.5000
3.2000 -2.5000 0.6000
3.2000 -2.5000 0.7000
3.2000 -2.5000 0.8000
3.2000 -2.5000 0.9000
3.2000 -2.5000 1.0000
3.2000 -2.5000 1.1000
3.2000 -2.5000 1.2000
3.2000 -2.5000 1.3000
3.2000 -2.5000 1.4000
3.2000 -2.5000 1.5000
3.2000 -2.5000 1.6000
3.2000 -2.5000 1.7000
3.2000 -2.5000 1.8000
3.2000 -2.5000 1.9000
3.2000 -2.5000 2.0000
3.2000 -2.5000 2.1000
3.2000 -2.5000 2.2000
3.2000 -2.5000 2.3000
3.2000 -2.5000 2.4000
3.2000 -2.5000 2.5000
3.2000 -2.5000 2.6000
3.2000 -2.5000 2.7000
3.2000 -2.5000 2.8000
3.2000 -2.5000 2.9000
3.2000 -2.5000 3.0000
3.2000 -2.5000 3.1000
3.2000 -2.5000 3.2000
3.2000 -2.5000 3.3000
3.2000 -2.5000 3.4000
3.2000 -2.5000 3.5000
3.2000 2.5000 0.0000
3.2000 2.5000 0.1000
3.2000 2.5000 0.2000
3.2000 2.5000 0.3000
3.2000 2.5000 0.4000
3.2000 2.5000 0.5000
3.2000 2.5000 0.6000
3.2000 2.5000 0.7000
3.2000 2.5000 0.8000
3.2000 2.5000 0.9000
3.2000 2.5000 1.0000
3.2000 2.5000 1.1000
3.2000 2.5000 1.2000
3.2000 2.5000 1.3000
3.2000 2.5000 1.4000
3.2000 2.5000 1.5000
3.2000 2.5000 1.6000
3.2000 2.5000 1.7000
3.2000 2.5000 1.8000
3.2000 2.5000 1.9000
3.2000 2.5000 2.0000
3.2000 2.5000 2.1000
3.2000 2.5000 2.2000
3.2000 2.5000 2.3000
3.2000 2.5000 2.4000
3.2000 2.5000 2.5000
3.2000 2.5000 2.6000
3.2000 2.5000 2.7000
3.2000 2.5000 2.8000
3.2000 2.5000 2.9000
3.2000 2.5000 3.0000
3.2000 2.5000 3.1000
3.2000 2.5000 3.2000
3.2000 2.5000 3.3000
3.2000 2.5000 3.4000
3.2000 2.5000 3.5000
3.2000 2.6000 0.0000
3.2000 2.6000 3.5000
3.2000 2.7000 0.0000
3.2000 2.7000 0.1000
3.2000 2.7000 0.2000
3.2000 2.7000 0.3000
3.2000 2.7000 0.4000
3.2000 2.7000 0.5000
3.2000 2.7000 0.6000
3.2000 2.7000 0.7000
3.2000 2.7000 0.8000
3.2000 2.7000 0.9000
3.2000 2.7000 1.0000
3.2000 2.7000 1.1000
3.2000 2.7000 1.2000
3.2000 2.7000 1.3000
3.2000 2.7000 1.4000
3.2000 2.7000 1.5000
3.2000 2.7000 1.6000
3.2000 2.7000 1.7000
3.2000 2.7000 1.8000
3.2000 2.7000 1.9000
3.2000 2.7000 2.0000
3.2000 2.7000 2.1000
3.2000 2.7000 2.2000
3.2000 2.7000 2.3000
3.2000 2.7000 2.4000
3.2000 2.7000 2.5000
3.2000 2.7000 2.6000
3.2000 2.7000 2.7000
3.2000 2.7000 2.8000
3.2000 2.7000 2.9000
3.2000 2.7000 3.0000
3.2000 2.7000 3.1000
3.2000 2.7000 3.2000
3.2000 2.7000 3.3000
3.2000 2.7000 3.4000
3.2000 2.7000 3.5000
3.2789 -1.1764 0.0000
3.2789 -1.1764 0.0973
3.2789 -1.1764 0.1946
3.2789 -1.1764 0.2919
3.2789 -1.1764 0.3892
3.2789 -1.1764 0.4866
3.2789 -1.1764 0.5839
3.2789 -1.1764 0.6812
3.2789 -1.1764 0.7785
3.2789 -1.1764 0.8758
3.2789 -1.1764 0.9731
3.2789 -1.1764 1.0704
3.2789 -1.1764 1.1677
3.2789 -1.1764 1.2651
3.2789 -1.1764 1.3624
3.2789 -1.1764 1.4597
3.2789 -1.1764 1.5570
3.2789 -1.1764 1.6543
3.2789 -1.1764 1.7516
3.2789 -1.1764 1.8489
3.2789 -1.1764 1.9463
3.2789 -1.1764 2.0436
3.2789 -1.1764 2.1409
3.2789 -1.1764 2.2382
3.2789 -1.1764 2.3355
3.2789 -1.1764 2.4328
3.2789 -1.1764 2.5301
3.2789 -1.1764 2.6274
3.2789 -1.1764 2.7247
3.2789 -1.1764 2.8221
3.2789 -1.1764 2.9194
3.2789 -1.1764 3.0167
3.2789 -1.1764 3.1140
3.2789 -1.0825 0.0000
3.2789 -1.0825 3.1140
3.2789 -0.9887 0.0000
3.2789 -0.9887 3.1140
3.2789 -0.8949 0.0000
3.2789 -0.8949 3.1140
3.2789 -0.8011 0.0000
3.2789 -0.8011 3.1140
3.2789 -0.7073 0.0000
3.2789 -0.7073 3.1140
3.2789 -0.6135 0.0000
3.2789 -0.6135 3.1140
3.2789 -0.5197 0.0000
3.2789 -0.5197 3.1140
3.2789 -0.4259 0.0000
3.2789 -0.4259 3.1140
3.2789 -0.3321 0.0000
3.2789 -0.3321 3.1140
3.2789 -0.2382 0.0000
3.2789 -0.2382 0.0973
3.2789 -0.2382 0.1946
3.2789 -0.2382 0.2919
3.2789 -0.2382 0.3892
3.2789 -0.2382 0.4866
3.2789 -0.2382 0.5839
3.2789 -0.2382 0.6812
3.2789 -0.2382 0.7785
3.2789 -0.2382 0.8758
3.2789 -0.2382 0.9731
3.2789 -0.2382 1.0704
3.2789 -0.2382 1.1677
3.2789 -0.2382 1.2651
3.2789 -0.2382 1.3624
3.2789 -0.2382 1.4597
3.2789 -0.2382 1.5570
3.2789 -0.2382 1.6543
3.2789 -0.2382 1.7516
3.2789 -0.2382 1.8489
3.2789 -0.2382 1.9463
3.2789 -0.2382 2.0436
3.2789 -0.2382 2.1409
3.2789 -0.2382 2.2382
3.2789 -0.2382 2.3355
3.2789 -0.2382 2.4328
3.2789 -0.2382 2.5301
3.2789 -0.2382 2.6274
3.2789 -0.2382 2.7247
3.2789 -0.2382 2.8221
3.2789 -0.2382 2.9194
3.2789 -0.2382 3.0167
3.2789 -0.2382 3.1140
3.3000 -2.7000 0.0000
3.3000 -2.7000 0.1000
3.3000 -2.7000 0.2000
3.3000 -2.7000 0.3000
3.3000 -2.7000 0.4000
3.3000 -2.7000 0.5000
3.3000 -2.7000 0.6000
3.3000 -2.7000 0.7000
3.3000 -2.7000 0.8000
3.3000 -2.7000 0.9000
3.3000 -2.7000 1.0000
3.3000 -2.7000 1.1000
3.3000 -2.7000 1.2000
3.3000 -2.7000 1.3000
3.3000 -2.7000 1.4000
3.3000 -2.7000 1.5000
3.3000 -2.7000 1.6000
3.3000 -2.7000 1.7000
3.3000 -2.7000 1.8000
3.3000 -2.7000 1.9000
3.3000 -2.7000 2.0000
3.3000 -2.7000 2.1000
3.3000 -2.7000 2.2000
3.3000 -2.7000 2.3000
3.3000 -2.7000 2.4000
3.3000 -2.7000 2.5000
3.3000 -2.7000 2.6000
3.3000 -2.7000 2.7000
3.3000 -2.7000 2.8000
3.3000 -2.7000 2.9000
3.3000 -2.7000 3.0000
3.3000 -2.7000 3.1000
3.3000 -2.7000 3.2000
3.3000 -2.7000 3.3000
3.3000 -2.7000 3.4000
3.3000 -2.7000 3.5000
3.3000 -2.6000 0.0000
3.3000 -2.6000 3.5000
3.3000 -2.5000 0.0000
3.3000 -2.5000 0.1000
3.3000 -2.5000 0.2000
3.3000 -2.5000 0.3000
3.3000 -2.5000 0.4000
3.3000 -2.5000 0.5000
3.3000 -2.5000 0.6000
3.3000 -2.5000 0.7000
3.3000 -2.5000 0.8000
3.3000 -2.5000 0.9000
3.3000 -2.5000 1.0000
3.3000 -2.5000 1.1000
3.3000 -2.5000 1.2000
3.3000 -2.5000 1.3000
3.3000 -2.5000 1.4000
3.3000 -2.5000 1.5000
3.3000 -2.5000 1.6000
3.3000 -2.5000 1.7000
3.3000 -2.5000 1.8000
3.3000 -2.5000 1.9000
3.3000 -2.5000 2.0000
3.3000 -2.5000 2.1000
3.3000 -2.5000 2.2000
3.3000 -2.5000 2.3000
3.3000 -2.5000 2.4000
3.3000 -2.5000 2.5000
3.3000 -2.5000 2.6000
3.3000 -2.5000 2.7000
3.3000 -2.5000 2.8000
3.3000 -2.5000 2.9000
3.3000 -2.5000 3.0000
3.3000 -2.5000 3.1000
3.3000 -2.5000 3.2000
3.3000 -2.5000 3.3000
3.3000 -2.5000 3.4000
3.3000 -2.5000 3.5000
3.3000 2.5000 0.0000
3.3000 2.5000 0.1000
3.3000 2.5000 0.2000
3.3000 2.5000 0.3000
3.3000 2.5000 0.4000
3.3000 2.5000 0.5000
3.3000 2.5000 0.6000
3.3000 2.5000 0.7000
3.3000 2.5000 0.8000
3.3000 2.5000 0.9000
3.3000 2.5000 1.0000
3.3000 2.5000 1.1000
3.3000 2.5000 1.2000
3.3000 2.5000 1.3000
3.3000 2.5000 1.4000
3.3000 2.5000 1.5000
3.3000 2.5000 1.6000
3.3000 2.5000 1.7000
3.3000 2.5000 1.8000
3.3000 2.5000 1.9000
3.3000 2.5000 2.0000
3.3000 2.5000 2.1000
3.3000 2.5000 2.2000
3.3000 2.5000 2.3000
3.3000 2.5000 2.4000
3.3000 2.5000 2.5000
3.3000 2.5000 2.6000
3.3000 2.5000 2.7000
3.3000 2.5000 2.8000
3.3000 2.5000 2.9000
3.3000 2.5000 3.0000
3.3000 2.5000 3.1000
3.3000 2.5000 3.2000
3.3000 2.5000 3.3000
3.3000 2.5000 3.4000
3.3000 2.5000 3.5000
3.3000 2.6000 0.0000
3.3000 2.6000 3.5000
3.3000 2.7000 0.0000
3.3000 2.7000 0.1000
3.3000 2.7000 0.2000
3.3000 2.7000 0.3000
3.3000 2.7000 0.4000
3.3000 2.7000 0.5000
3.3000 2.7000 0.6000
3.3000 2.7000 0.7000
3.3000 2.7000 0.8000
3.3000 2.7000 0.9000
3.3000 2.7000 1.0000
3.3000 2.7000 1.1000
3.3000 2.7000 1.2000
3.3000 2.7000 1.3000
3.3000 2.7000 1.4000
3.3000 2.7000 1.5000
3.3000 2.7000 1.6000
3.3000 2.7000 1.7000
3.3000 2.7000 1.8000
3.3000 2.7000 1.9000
3.3000 2.7000 2.0000
3.3000 2.7000 2.1000
3.3000 2.7000 2.2000
3.3000 2.7000 2.3000
3.3000 2.7000 2.4000
3.3000 2.7000 2.5000
3.3000 2.7000 2.6000
3.3000 2.7000 2.7000
3.3000 2.7000 2.8000
3.3000 2.7000 2.9000
3.3000 2.7000 3.0000
3.3000 2.7000 3.1000
3.3000 2.7000 3.2000
3.3000 2.7000 3.3000
3.3000 2.7000 3.4000
3.3000 2.7000 3.5000
3.3727 -1.1764 0.0000
3.3727 -1.1764 0.0973
3.3727 -1.1764 0.1946
3.3727 -1.1764 0.2919
3.3727 -1.1764 0.3892
3.3727 -1.1764 0.4866
3.3727 -1.1764 0.5839
3.3727 -1.1764 0.6812
3.3727 -1.1764 0.7785
3.3727 -1.1764 0.8758
3.3727 -1.1764 0.9731
3.3727 -1.1764 1.0704
3.3727 -1.1764 1.1677
3.3727 -1.1764 1.2651
3.3727 -1.1764 1.3624
3.3727 -1.1764 1.4597
3.3727 -1.1764 1.5570
3.3727 -1.1764 1.6543
3.3727 -1.1764 1.7516
3.3727 -1.1764 1.8489
3.3727 -1.1764 1.9463
3.3727 -1.1764 2.0436
3.3727 -1.1764 2.1409
3.3727 -1.1764 2.2382
3.3727 -1.1764 2.3355
3.3727 -1.1764 2.4328
3.3727 -1.1764 2.5301
3.3727 -1.1764 2.6274
3.3727 -1.1764 2.7247
3.3727 -1.1764 2.8221
3.3727 -1.1764 2.9194
3.3727 -1.1764 3.0167
3.3727 -1.1764 3.1140
3.3727 -1.0825 0.0000
3.3727 -1.0825 3.1140
3.3727 -0.9887 0.0000
3.3727 -0.9887 3.1140
3.3727 -0.8949 0.0000
3.3727 -0.8949 3.1140
3.3727 -0.8011 0.0000
3.3727 -0.8011 3.1140
3.3727 -0.7073 0.0000
3.3727 -0.7073 3.1140
3.3727 -0.6135 0.0000
3.3727 -0.6135 3.1140
3.3727 -0.5197 0.0000
3.3727 -0.5197 3.1140
3.3727 -0.4259 0.0000
3.3727 -0.4259 3.1140
3.3727 -0.3321 0.0000
3.3727 -0.3321 3.1140
3.3727 -0.2382 0.0000
3.3727 -0.2382 0.0973
3.3727 -0.2382 0.1946
3.3727 -0.2382 0.2919
3.3727 -0.2382 0.3892
3.3727 -0.2382 0.4866
3.3727 -0.2382 0.5839
3.3727 -0.2382 0.6812
3.3727 -0.2382 0.7785
3.3727 -0.2382 0.8758
3.3727 -0.2382 0.9731
3.3727 -0.2382 1.0704
3.3727 -0.2382 1.1677
3.3727 -0.2382 1.2651
3.3727 -0.2382 1.3624
3.3727 -0.2382 1.4597
3.3727 -0.2382 1.5570
3.3727 -0.2382 1.6543
3.3727 -0.2382 1.7516
3.3727 -0.2382 1.8489
3.3727 -0.2382 1.9463
3.3727 -0.2382 2.0436
3.3727 -0.2382 2.1409
3.3727 -0.2382 2.2382
3.3727 -0.2382 2.3355
3.3727 -0.2382 2.4328
3.3727 -0.2382 2.5301
3.3727 -0.2382 2.6274
3.3727 -0.2382 2.7247
3.3727 -0.2382 2.8221
3.3727 -0.2382 2.9194
3.3727 -0.2382 3.0167
3.3727 -0.2382 3.1140
3.4000 -2.7000 0.0000
3.4000 -2.7000 0.1000
3.4000 -2.7000 0.2000
3.4000 -2.7000 0.3000
3.4000 -2.7000 0.4000
3.4000 -2.7000 0.5000
3.4000 -2.7000 0.6000
3.4000 -2.7000 0.7000
3.4000 -2.7000 0.8000
3.4000 -2.7000 0.9000
3.4000 -2.7000 1.0000
3.4000 -2.7000 1.1000
3.4000 -2.7000 1.2000
3.4000 -2.7000 1.3000
3.4000 -2.7000 1.4000
3.4000 -2.7000 1.5000
3.4000 -2.7000 1.6000
3.4000 -2.7000 1.7000
3.4000 -2.7000 1.8000
3.4000 -2.7000 1.9000
3.4000 -2.7000 2.0000
3.4000 -2.7000 2.1000
3.4000 -2.7000 2.2000
3.4000 -2.7000 2.3000
3.4000 -2.7000 2.4000
3.4000 -2.7000 2.5000
3.4000 -2.7000 2.6000
3.4000 -2.7000 2.7000
3.4000 -2.7000 2.8000
3.4000 -2.7000 2.9000
3.4000 -2.7000 3.0000
3.4000 -2.7000 3.1000
3.4000 -2.7000 3.2000
3.4000 -2.7000 3.3000
3.4000 -2.7000 3.4000
3.4000 -2.7000 3.5000
3.4000 -2.6000 0.0000
3.4000 -2.6000 3.5000
3.4000 -2.5000 0.0000
3.4000 -2.5000 0.1000
3.4000 -2.5000 0.2000
3.4000 -2.5000 0.3000
3.4000 -2.5000 0.4000
3.4000 -2.5000 0.5000
3.4000 -2.5000 0.6000
3.4000 -2.5000 0.7000
3.4000 -2.5000 0.8000
3.4000 -2.5000 0.9000
3.4000 -2.5000 1.0000
3.4000 -2.5000 1.1000
3.4000 -2.5000 1.2000
3.4000 -2.5000 1.3000
3.4000 -2.5000 1.4000
3.4000 -2.5000 1.5000
3.4000 -2.5000 1.6000
3.4000 -2.5000 1.7000
3.4000 -2.5000 1.8000
3.4000 -2.5000 1.9000
3.4000 -2.5000 2.0000
3.4000 -2.5000 2.1000
3.4000 -2.5000 2.2000
3.4000 -2.5000 2.3000
3.4000 -2.5000 2.4000
3.4000 -2.5000 2.5000
3.4000 -2.5000 2.6000
3.4000 -2.5000 2.7000
3.4000 -2.5000 2.8000
3.4000 -2.5000 2.9000
3.4000 -2.5000 3.0000
3.4000 -2.5000 3.1000
3.4000 -2.5000 3.2000
3.4000 -2.5000 3.3000
3.4000 -2.5000 3.4000
3.4000 -2.5000 3.5000
3.4000 2.5000 0.0000
3.4000 2.5000 0.1000
3.4000 2.5000 0.2000
3.4000 2.5000 0.3000
3.4000 2.5000 0.4000
3.4000 2.5000 0.5000
3.4000 2.5000 0.6000
3.4000 2.5000 0.7000
3.4000 2.5000 0.8000
3.4000 2.5000 0.9000
3.4000 2.5000 1.0000
3.4000 2.5000 1.1000
3.4000 2.5000 1.2000
3.4000 2.5000 1.3000
3.4000 2.5000 1.4000
3.4000 2.5000 1.5000
3.4000 2.5000 1.6000
3.4000 2.5000 1.7000
3.4000 2.5000 1.8000
3.4000 2.5000 1.9000
3.4000 2.5000 2.0000
3.4000 2.5000 2.1000
3.4000 2.5000 2.2000
3.4000 2.5000 2.3000
3.4000 2.5000 2.4000
3.4000 2.5000 2.5000
3.4000 2.5000 2.6000
3.4000 2.5000 2.7000
3.4000 2.5000 2.8000
3.4000 2.5000 2.9000
3.4000 2.5000 3.0000
3.4000 2.5000 3.1000
3.4000 2.5000 3.2000
3.4000 2.5000 3.3000
3.4000 2.5000 3.4000
3.4000 2.5000 3.5000
3.4000 2.6000 0.0000
3.4000 2.6000 3.5000
3.4000 2.7000 0.0000
3.4000 2.7000 0.1000
3.4000 2.7000 0.2000
3.4000 2.7000 0.3000
3.4000 2.7000 0.4000
3.4000 2.7000 0.5000
3.4000 2.7000 0.6000
3.4000 2.7000 0.7000
3.4000 2.7000 0.8000
3.4000 2.7000 0.9000
3.4000 2.7000 1.0000
3.4000 2.7000 1.1000
3.4000 2.7000 1.2000
3.4000 2.7000 1.3000
3.4000 2.7000 1.4000
3.4000 2.7000 1.5000
3.4000 2.7000 1.6000
3.4000 2.7000 1.7000
3.4000 2.7000 1.8000
3.4000 2.7000 1.9000
3.4000 2.7000 2.0000
3.4000 2.7000 2.1000
3.4000 2.7000 2.2000
3.4000 2.7000 2.3000
3.4000 2.7000 2.4000
3.4000 2.7000 2.5000
3.4000 2.7000 2.6000
3.4000 2.7000 2.7000
3.4000 2.7000 2.8000
3.4000 2.7000 2.9000
3.4000 2.7000 3.0000
3.4000 2.7000 3.1000
3.4000 2.7000 3.2000
3.4000 2.7000 3.3000
3.4000 2.7000 3.4000
3.4000 2.7000 3.5000
3.4665 -1.1764 0.0000
3.4665 -1.1764 0.0973
3.4665 -1.1764 0.1946
3.4665 -1.1764 0.2919
3.4665 -1.1764 0.3892
3.4665 -1.1764 0.4866
3.4665 -1.1764 0.5839
3.4665 -1.1764 0.6812
3.4665 -1.1764 0.7785
3.4665 -1.1764 0.8758
3.4665 -1.1764 0.9731
3.4665 -1.1764 1.0704
3.4665 -1.1764 1.1677
3.4665 -1.1764 1.2651
3.4665 -1.1764 1.3624
3.4665 -1.1764 1.4597
3.4665 -1.1764 1.5570
3.4665 -1.1764 1.6543
3.4665 -1.1764 1.7516
3.4665 -1.1764 1.8489
3.4665 -1.1764 1.9463
3.4665 -1.1764 2.0436
3.4665 -1.1764 2.1409
3.4665 -1.1764 2.2382
3.4665 -1.1764 2.3355
3.4665 -1.1764 2.4328
3.4665 -1.1764 2.5301
3.4665 -1.1764 2.6274
3.4665 -1.1764 2.7247
3.4665 -1.1764 2.8221
3.4665 -1.1764 2.9194
3.4665 -1.1764 3.0167
3.4665 -1.1764 3.1140
3.4665 -1.0825 0.0000
3.4665 -1.0825 0.0973
3.4665 -1.0825 0.1946
3.4665 -1.0825 0.2919
3.4665 -1.0825 0.3892
3.4665 -1.0825 0.4866
3.4665 -1.0825 0.5839
3.4665 -1.0825 0.6812
3.4665 -1.0825 0.7785
3.4665 -1.0825 0.8758
3.4665 -1.0825 0.9731
3.4665 -1.0825 1.0704
3.4665 -1.0825 1.1677
3.4665 -1.0825 1.2651
3.4665 -1.0825 1.3624
3.4665 -1.0825 1.4597
3.4665 -1.0825 1.5570
3.4665 -1.0825 1.6543
3.4665 -1.0825 1.7516
3.4665 -1.0825 1.8489
3.4665 -1.0825 1.9463
3.4665 -1.0825 2.0436
3.4665 -1.0825 2.1409
3.4665 -1.0825 2.2382
3.4665 -1.0825 2.3355
3.4665 -1.0825 2.4328
3.4665 -1.0825 2.5301
3.4665 -1.0825 2.6274
3.4665 -1.0825 2.7247
3.4665 -1.0825 2.8221
3.4665 -1.0825 2.9194
3.4665 -1.0825 3.0167
3.4665 -1.0825 3.1140
3.4665 -0.9887 0.0000
3.4665 -0.9887 0.0973
3.4665 -0.9887 0.1946
3.4665 -0.9887 0.2919
3.4665 -0.9887 0.3892
3.4665 -0.9887 0.4866
3.4665 -0.9887 0.5839
3.4665 -0.9887 0.6812
3.4665 -0.9887 0.7785
3.4665 -0.9887 0.8758
3.4665 -0.9887 0.9731
3.4665 -0.9887 1.0704
3.4665 -0.9887 1.1677
3.4665 -0.9887 1.2651
3.4665 -0.9887 1.3624
3.4665 -0.9887 1.4597
3.4665 -0.9887 1.5570
3.4665 -0.9887 1.6543
3.4665 -0.9887 1.7516
3.4665 -0.9887 1.8489
3.4665 -0.9887 1.9463
3.4665 -0.9887 2.0436
3.4665 -0.9887 2.1409
3.4665 -0.9887 2.2382
3.4665 -0.9887 2.3355
3.4665 -0.9887 2.4328
3.4665 -0.9887 2.5301
3.4665 -0.9887 2.6274
3.4665 -0.9887 2.7247
3.4665 -0.9887 2.8221
3.4665 -0.9887 2.9194
3.4665 -0.9887 3.0167
3.4665 -0.9887 3.1140
3.4665 -0.8949 0.0000
3.4665 -0.8949 0.0973
3.4665 -0.8949 0.1946
3.4665 -0.8949 0.2919
3.4665 -0.8949 0.3892
3.4665 -0.8949 0.4866
3.4665 -0.8949 0.5839
3.4665 -0.8949 0.6812
3.4665 -0.8949 0.7785
3.4665 -0.8949 0.8758
3.4665 -0.8949 0.9731
3.4665 -0.8949 1.0704
3.4665 -0.8949 1.1677
3.4665 -0.8949 1.2651
3.4665 -0.8949 1.3624
3.4665 -0.8949 1.4597
3.4665 -0.8949 1.5570
3.4665 -0.8949 1.6543
3.4665 -0.8949 1.7516
3.4665 -0.8949 1.8489
3.4665 -0.8949 1.9463
3.4665 -0.8949 2.0436
3.4665 -0.8949 2.1409
3.4665 -0.8949 2.2382
3.4665 -0.8949 2.3355
3.4665 -0.8949 2.4328
3.4665 -0.8949 2.5301
3.4665 -0.8949 2.6274
3.4665 -0.8949 2.7247
3.4665 -0.8949 2.8221
3.4665 -0.8949 2.9194
3.4665 -0.8949 3.0167
3.4665 -0.8949 3.1140
3.4665 -0.8011 0.0000
3.4665 -0.8011 0.0973
3.4665 -0.8011 0.1946
3.4665 -0.8011 0.2919
3.4665 -0.8011 0.3892
3.4665 -0.8011 0.4866
3.4665 -0.8011 0.5839
3.4665 -0.8011 0.6812
3.4665 -0.8011 0.7785
3.4665 -0.8011 0.8758
3.4665 -0.8011 0.9731
3.4665 -0.8011 1.0704
3.4665 -0.8011 1.1677
3.4665 -0.8011 1.2651
3.4665 -0.8011 1.3624
3.4665 -0.8011 1.4597
3.4665 -0.8011 1.5570
3.4665 -0.8011 1.6543
3.4665 -0.8011 1.7516
3.4665 -0.8011 1.8489
3.4665 -0.8011 1.9463
3.4665 -0.8011 2.0436
3.4665 -0.8011 2.1409
3.4665 -0.8011 2.2382
3.4665 -0.8011 2.3355
3.4665 -0.8011 2.4328
3.4665 -0.8011 2.5301
3.4665 -0.8011 2.6274
3.4665 -0.8011 2.7247
3.4665 -0.8011 2.8221
3.4665 -0.8011 2.9194
3.4665 -0.8011 3.0167
3.4665 -0.8011 3.1140
3.4665 -0.7073 0.0000
3.4665 -0.7073 0.0973
3.4665 -0.7073 0.1946
3.4665 -0.7073 0.2919
3.4665 -0.7073 0.3892
3.4665 -0.7073 0.4866
3.4665 -0.7073 0.5839
3.4665 -0.7073 0.6812
3.4665 -0.7073 0.7785
3.4665 -0.7073 0.8758
3.4665 -0.7073 0.9731
3.4665 -0.7073 1.0704
3.4665 -0.7073 1.1677
3.4665 -0.7073 1.2651
3.4665 -0.7073 1.3624
3.4665 -0.7073 1.4597
3.4665 -0.7073 1.5570
3.4665 -0.7073 1.6543
3.4665 -0.7073 1.7516
3.4665 -0.7073 1.8489
3.4665 -0.7073 1.9463
3.4665 -0.7073 2.0436
3.4665 -0.7073 2.1409
3.4665 -0.7073 2.2382
3.4665 -0.7073 2.3355
3.4665 -0.7073 2.4328
3.4665 -0.7073 2.5301
3.4665 -0.7073 2.6274
3.4665 -0.7073 2.7247
3.4665 -0.7073 2.8221
3.4665 -0.7073 2.9194
3.4665 -0.7073 3.0167
3.4665 -0.7073 3.1140
3.4665 -0.6135 0.0000
3.4665 -0.6135 0.0973
3.4665 -0.6135 0.1946
3.4665 -0.6135 0.2919
3.4665 -0.6135 0.3892
3.4665 -0.6135 0.4866
3.4665 -0.6135 0.5839
3.4665 -0.6135 0.6812
3.4665 -0.6135 0.7785
3.4665 -0.6135 0.8758
3.4665 -0.6135 0.9731
3.4665 -0.6135 1.0704
3.4665 -0.6135 1.1677
3.4665 -0.6135 1.2651
3.4665 -0.6135 1.3624
3.4665 -0.6135 1.4597
3.4665 -0.6135 1.5570
3.4665 -0.6135 1.6543
3.4665 -0.6135 1.7516
3.4665 -0.6135 1.8489
3.4665 -0.6135 1.9463
3.4665 -0.6135 2.0436
3.4665 -0.6135 2.1409
3.4665 -0.6135 2.2382
3.4665 -0.6135 2.3355
3.4665 -0.6135 2.4328
3.4665 -0.6135 2.5301
3.4665 -0.6135 2.6274
3.4665 -0.6135 2.7247
3.4665 -0.6135 2.8221
3.4665 -0.6135 2.9194
3.4665 -0.6135 3.0167
3.4665 -0.6135 3.1140
3.4665 -0.5197 0.0000
3.4665 -0.5197 0.0973
3.4665 -0.5197 0.1946
3.4665 -0.5197 0.2919
3.4665 -0.5197 0.3892
3.4665 -0.5197 0.4866
3.4665 -0.5197 0.5839
3.4665 -0.5197 0.6812
3.4665 -0.5197 0.7785
3.4665 -0.5197 0.8758
3.4665 -0.5197 0.9731
3.4665 -0.5197 1.0704
3.4665 -0.5197 1.1677
3.4665 -0.5197 1.2651
3.4665 -0.5197 1.3624
3.4665 -0.5197 1.4597
3.4665 -0.5197 1.5570
3.4665 -0.5197 1.6543
3.4665 -0.5197 1.7516
3.4665 -0.5197 1.8489
3.4665 -0.5197 1.9463
3.4665 -0.5197 2.0436
3.4665 -0.5197 2.1409
3.4665 -0.5197 2.2382
3.4665 -0.5197 2.3355
3.4665 -0.5197 2.4328
3.4665 -0.5197 2.5301
3.4665 -0.5197 2.6274
3.4665 -0.5197 2.7247
3.4665 -0.5197 2.8221
3.4665 -0.5197 2.9194
3.4665 -0.5197 3.0167
3.4665 -0.5197 3.1140
3.4665 -0.4259 0.0000
3.4665 -0.4259 0.0973
3.4665 -0.4259 0.1946
3.4665 -0.4259 0.2919
3.4665 -0.4259 0.3892
3.4665 -0.4259 0.4866
3.4665 -0.4259 0.5839
3.4665 -0.4259 0.6812
3.4665 -0.4259 0.7785
3.4665 -0.4259 0.8758
3.4665 -0.4259 0.9731
3.4665 -0.4259 1.0704
3.4665 -0.4259 1.1677
3.4665 -0.4259 1.2651
3.4665 -0.4259 1.3624
3.4665 -0.4259 1.4597
3.4665 -0.4259 1.5570
3.4665 -0.4259 1.6543
3.4665 -0.4259 1.7516
3.4665 -0.4259 1.8489
3.4665 -0.4259 1.9463
3.4665 -0.4259 2.0436
3.4665 -0.4259 2.1409
3.4665 -0.4259 2.2382
3.4665 -0.4259 2.3355
3.4665 -0.4259 2.4328
3.4665 -0.4259 2.5301
3.4665 -0.4259 2.6274
3.4665 -0.4259 2.7247
3.4665 -0.4259 2.8221
3.4665 -0.4259 2.9194
3.4665 -0.4259 3.0167
3.4665 -0.4259 3.1140
3.4665 -0.3321 0.0000
3.4665 -0.3321 0.0973
3.4665 -0.3321 0.1946
3.4665 -0.3321 0.2919
3.4665 -0.3321 0.3892
3.4665 -0.3321 0.4866
3.4665 -0.3321 0.5839
3.4665 -0.3321 0.6812
3.4665 -0.3321 0.7785
3.4665 -0.3321 0.8758
3.4665 -0.3321 0.9731
3.4665 -0.3321 1.0704
3.4665 -0.3321 1.1677
3.4665 -0.3321 1.2651
3.4665 -0.3321 1.3624
3.4665 -0.3321 1.4597
3.4665 -0.3321 1.5570
3.4665 -0.3321 1.6543
3.4665 -0.3321 1.7516
3.4665 -0.3321 1.8489
3.4665 -0.3321 1.9463
3.4665 -0.3321 2.0436
3.4665 -0.3321 2.1409
3.4665 -0.3321 2.2382
3.4665 -0.3321 2.3355
3.4665 -0.3321 2.4328
3.4665 -0.3321 2.5301
3.4665 -0.3321 2.6274
3.4665 -0.3321 2.7247
3.4665 -0.3321 2.8221
3.4665 -0.3321 2.9194
3.4665 -0.3321 3.0167
3.4665 -0.3321 3.1140
3.4665 -0.2382 0.0000
3.4665 -0.2382 0.0973
3.4665 -0.2382 0.1946
3.4665 -0.2382 0.2919
3.4665 -0.2382 0.3892
3.4665 -0.2382 0.4866
3.4665 -0.2382 0.5839
3.4665 -0.2382 0.6812
3.4665 -0.2382 0.7785
3.4665 -0.2382 0.8758
3.4665 -0.2382 0.9731
3.4665 -0.2382 1.0704
3.4665 -0.2382 1.1677
3.4665 -0.2382 1.2651
3.4665 -0.2382 1.3624
3.4665 -0.2382 1.4597
3.4665 -0.2382 1.5570
3.4665 -0.2382 1.6543
3.4665 -0.2382 1.7516
3.4665 -0.2382 1.8489
3.4665 -0.2382 1.9463
3.4665 -0.2382 2.0436
3.4665 -0.2382 2.1409
3.4665 -0.2382 2.2382
3.4665 -0.2382 2.3355
3.4665 -0.2382 2.4328
3.4665 -0.2382 2.5301
3.4665 -0.2382 2.6274
3.4665 -0.2382 2.7247
3.4665 -0.2382 2.8221
3.4665 -0.2382 2.9194
3.4665 -0.2382 3.0167
3.4665 -0.2382 3.1140
3.5000 -2.7000 0.0000
3.5000 -2.7000 0.1000
3.5000 -2.7000 0.2000
3.5000 -2.7000 0.3000
3.5000 -2.7000 0.4000
3.5000 -2.7000 0.5000
3.5000 -2.7000 0.6000
3.5000 -2.7000 0.7000
3.5000 -2.7000 0.8000
3.5000 -2.7000 0.9000
3.5000 -2.7000 1.0000
3.5000 -2.7000 1.1000
3.5000 -2.7000 1.2000
3.5000 -2.7000 1.3000
3.5000 -2.7000 1.4000
3.5000 -2.7000 1.5000
3.5000 -2.7000 1.6000
3.5000 -2.7000 1.7000
3.5000 -2.7000 1.8000
3.5000 -2.7000 1.9000
3.5000 -2.7000 2.0000
3.5000 -2.7000 2.1000
3.5000 -2.7000 2.2000
3.5000 -2.7000 2.3000
3.5000 -2.7000 2.4000
3.5000 -2.7000 2.5000
3.5000 -2.7000 2.6000
3.5000 -2.7000 2.7000
3.5000 -2.7000 2.8000
3.5000 -2.7000 2.9000
3.5000 -2.7000 3.0000
3.5000 -2.7000 3.1000
3.5000 -2.7000 3.2000
3.5000 -2.7000 3.3000
3.5000 -2.7000 3.4000
3.5000 -2.7000 3.5000
3.5000 -2.6000 0.0000
3.5000 -2.6000 3.5000
3.5000 -2.5000 0.0000
3.5000 -2.5000 0.1000
3.5000 -2.5000 0.2000
3.5000 -2.5000 0.3000
3.5000 -2.5000 0.4000
3.5000 -2.5000 0.5000
3.5000 -2.5000 0.6000
3.5000 -2.5000 0.7000
3.5000 -2.5000 0.8000
3.5000 -2.5000 0.9000
3.5000 -2.5000 1.0000
3.5000 -2.5000 1.1000
3.5000 -2.5000 1.2000
3.5000 -2.5000 1.3000
3.5000 -2.5000 1.4000
3.5000 -2.5000 1.5000
3.5000 -2.5000 1.6000
3.5000 -2.5000 1.7000
3.5000 -2.5000 1.8000
3.5000 -2.5000 1.9000
3.5000 -2.5000 2.0000
3.5000 -2.5000 2.1000
3.5000 -2.5000 2.2000
3.5000 -2.5000 2.3000
3.5000 -2.5000 2.4000
3.5000 -2.5000 2.5000
3.5000 -2.5000 2.6000
3.5000 -2.5000 2.7000
3.5000 -2.5000 2.8000
3.5000 -2.5000 2.9000
3.5000 -2.5000 3.0000
3.5000 -2.5000 3.1000
3.5000 -2.5000 3.2000
3.5000 -2.5000 3.3000
3.5000 -2.5000 3.4000
3.5000 -2.5000 3.5000
3.5000 2.5000 0.0000
3.5000 2.5000 0.1000
3.5000 2.5000 0.2000
3.5000 2.5000 0.3000
3.5000 2.5000 0.4000
3.5000 2.5000 0.5000
3.5000 2.5000 0.6000
3.5000 2.5000 0.7000
3.5000 2.5000 0.8000
3.5000 2.5000 0.9000
3.5000 2.5000 1.0000
3.5000 2.5000 1.1000
3.5000 2.5000 1.2000
3.5000 2.5000 1.3000
3.5000 2.5000 1.4000
3.5000 2.5000 1.5000
3.5000 2.5000 1.6000
3.5000 2.5000 1.7000
3.5000 2.5000 1.8000
3.5000 2.5000 1.9000
3.5000 2.5000 2.0000
3.5000 2.5000 2.1000
3.5000 2.5000 2.2000
3.5000 2.5000 2.3000
3.5000 2.5000 2.4000
3.5000 2.5000 2.5000
3.5000 2.5000 2.6000
3.5000 2.5000 2.7000
3.5000 2.5000 2.8000
3.5000 2.5000 2.9000
3.5000 2.5000 3.0000
3.5000 2.5000 3.1000
3.5000 2.5000 3.2000
3.5000 2.5000 3.3000
3.5000 2.5000 3.4000
3.5000 2.5000 3.5000
3.5000 2.6000 0.0000
3.5000 2.6000 3.5000
3.5000 2.7000 0.0000
3.5000 2.7000 0.1000
3.5000 2.7000 0.2000
3.5000 2.7000 0.3000
3.5000 2.7000 0.4000
3.5000 2.7000 0.5000
3.5000 2.7000 0.6000
3.5000 2.7000 0.7000
3.5000 2.7000 0.8000
3.5000 2.7000 0.9000
3.5000 2.7000 1.0000
3.5000 2.7000 1.1000
3.5000 2.7000 1.2000
3.5000 2.7000 1.3000
3.5000 2.7000 1.4000
3.5000 2.7000 1.5000
3.5000 2.7000 1.6000
3.5000 2.7000 1.7000
3.5000 2.7000 1.8000
3.5000 2.7000 1.9000
3.5000 2.7000 2.0000
3.5000 2.7000 2.1000
3.5000 2.7000 2.2000
3.5000 2.7000 2.3000
3.5000 2.7000 2.4000
3.5000 2.7000 2.5000
3.5000 2.7000 2.6000
3.5000 2.7000 2.7000
3.5000 2.7000 2.8000
3.5000 2.7000 2.9000
3.5000 2.7000 3.0000
3.5000 2.7000 3.1000
3.5000 2.7000 3.2000
3.5000 2.7000 3.3000
3.5000 2.7000 3.4000
3.5000 2.7000 3.5000
3.6000 -2.7000 0.0000
3.6000 -2.7000 0.1000
3.6000 -2.7000 0.2000
3.6000 -2.7000 0.3000
3.6000 -2.7000 0.4000
3.6000 -2.7000 0.5000
3.6000 -2.7000 0.6000
3.6000 -2.7000 0.7000
3.6000 -2.7000 0.8000
3.6000 -2.7000 0.9000
3.6000 -2.7000 1.0000
3.6000 -2.7000 1.1000
3.6000 -2.7000 1.2000
3.6000 -2.7000 1.3000
3.6000 -2.7000 1.4000
3.6000 -2.7000 1.5000
3.6000 -2.7000 1.6000
3.6000 -2.7000 1.7000
3.6000 -2.7000 1.8000
3.6000 -2.7000 1.9000
3.6000 -2.7000 2.0000
3.6000 -2.7000 2.1000
3.6000 -2.7000 2.2000
3.6000 -2.7000 2.3000
3.6000 -2.7000 2.4000
3.6000 -2.7000 2.5000
3.6000 -2.7000 2.6000
3.6000 -2.7000 2.7000
3.6000 -2.7000 2.8000
3.6000 -2.7000 2.9000
3.6000 -2.7000 3.0000
3.6000 -2.7000 3.1000
3.6000 -2.7000 3.2000
3.6000 -2.7000 3.3000
3.6000 -2.7000 3.4000
3.6000 -2.7000 3.5000
3.6000 -2.6000 0.0000
3.6000 -2.6000 3.5000
3.6000 -2.5000 0.0000
3.6000 -2.5000 0.1000
3.6000 -2.5000 0.2000
3.6000 -2.5000 0.3000
3.6000 -2.5000 0.4000
3.6000 -2.5000 0.5000
3.6000 -2.5000 0.6000
3.6000 -2.5000 0.7000
3.6000 -2.5000 0.8000
3.6000 -2.5000 0.9000
3.6000 -2.5000 1.0000
3.6000 -2.5000 1.1000
3.6000 -2.5000 1.2000
3.6000 -2.5000 1.3000
3.6000 -2.5000 1.4000
3.6000 -2.5000 1.5000
3.6000 -2.5000 1.6000
3.6000 -2.5000 1.7000
3.6000 -2.5000 1.8000
3.6000 -2.5000 1.9000
3.6000 -2.5000 2.0000
3.6000 -2.5000 2.1000
3.6000 -2.5000 2.2000
3.6000 -2.5000 2.3000
3.6000 -2.5000 2.4000
3.6000 -2.5000 2.5000
3.6000 -2.5000 2.6000
3.6000 -2.5000 2.7000
3.6000 -2.5000 2.8000
3.6000 -2.5000 2.9000
3.6000 -2.5000 3.0000
3.6000 -2.5000 3.1000
3.6000 -2.5000 3.2000
3.6000 -2.5000 3.3000
3.6000 -2.5000 3.4000
3.6000 -2.5000 3.5000
3.6000 2.5000 0.0000
3.6000 2.5000 0.1000
3.6000 2.5000 0.2000
3.6000 2.5000 0.3000
3.6000 2.5000 0.4000
3.6000 2.5000 0.5000
3.6000 2.5000 0.6000
3.6000 2.5000 0.7000
3.6000 2.5000 0.8000
3.6000 2.5000 0.9000
3.6000 2.5000 1.0000
3.6000 2.5000 1.1000
3.6000 2.5000 1.2000
3.6000 2.5000 1.3000
3.6000 2.5000 1.4000
3.6000 2.5000 1.5000
3.6000 2.5000 1.6000
3.6000 2.5000 1.7000
3.6000 2.5000 1.8000
3.6000 2.5000 1.9000
3.6000 2.5000 2.0000
3.6000 2.5000 2.1000
3.6000 2.5000 2.2000
3.6000 2.5000 2.3000
3.6000 2.5000 2.4000
3.6000 2.5000 2.5000
3.6000 2.5000 2.6000
3.6000 2.5000 2.7000
3.6000 2.5000 2.8000
3.6000 2.5000 2.9000
3.6000 2.5000 3.0000
3.6000 2.5000 3.1000
3.6000 2.5000 3.2000
3.6000 2.5000 3.3000
3.6000 2.5000 3.4000
3.6000 2.5000 3.5000
3.6000 2.6000 0.0000
3.6000 2.6000 3.5000
3.6000 2.7000 0.0000
3.6000 2.7000 0.1000
3.6000 2.7000 0.2000
3.6000 2.7000 0.3000
3.6000 2.7000 0.4000
3.6000 2.7000 0.5000
3.6000 2.7000 0.6000
3.6000 2.7000 0.7000
3.6000 2.7000 0.8000
3.6000 2.7000 0.9000
3.6000 2.7000 1.0000
3.6000 2.7000 1.1000
3.6000 2.7000 1.2000
3.6000 2.7000 1.3000
3.6000 2.7000 1.4000
3.6000 2.7000 1.5000
3.6000 2.7000 1.6000
3.6000 2.7000 1.7000
3.6000 2.7000 1.8000
3.6000 2.7000 1.9000
3.6000 2.7000 2.0000
3.6000 2.7000 2.1000
3.6000 2.7000 2.2000
3.6000 2.7000 2.3000
3.6000 2.7000 2.4000
3.6000 2.7000 2.5000
3.6000 2.7000 2.6000
3.6000 2.7000 2.7000
3.6000 2.7000 2.8000
3.6000 2.7000 2.9000
3.6000 2.7000 3.0000
3.6000 2.7000 3.1000
3.6000 2.7000 3.2000
3.6000 2.7000 3.3000
3.6000 2.7000 3.4000
3.6000 2.7000 3.5000
3.7000 -2.7000 0.0000
3.7000 -2.7000 0.1000
3.7000 -2.7000 0.2000
3.7000 -2.7000 0.3000
3.7000 -2.7000 0.4000
3.7000 -2.7000 0.5000
3.7000 -2.7000 0.6000
3.7000 -2.7000 0.7000
3.7000 -2.7000 0.8000
3.7000 -2.7000 0.9000
3.7000 -2.7000 1.0000
3.7000 -2.7000 1.1000
3.7000 -2.7000 1.2000
3.7000 -2.7000 1.3000
3.7000 -2.7000 1.4000
3.7000 -2.7000 1.5000
3.7000 -2.7000 1.6000
3.7000 -2.7000 1.7000
3.7000 -2.7000 1.8000
3.7000 -2.7000 1.9000
3.7000 -2.7000 2.0000
3.7000 -2.7000 2.1000
3.7000 -2.7000 2.2000
3.7000 -2.7000 2.3000
3.7000 -2.7000 2.4000
3.7000 -2.7000 2.5000
3.7000 -2.7000 2.6000
3.7000 -2.7000 2.7000
3.7000 -2.7000 2.8000
3.7000 -2.7000 2.9000
3.7000 -2.7000 3.0000
3.7000 -2.7000 3.1000
3.7000 -2.7000 3.2000
3.7000 -2.7000 3.3000
3.7000 -2.7000 3.4000
3.7000 -2.7000 3.5000
3.7000 -2.6000 0.0000
3.7000 -2.6000 3.5000
3.7000 -2.5000 0.0000
3.7000 -2.5000 0.1000
3.7000 -2.5000 0.2000
3.7000 -2.5000 0.3000
3.7000 -2.5000 0.4000
3.7000 -2.5000 0.5000
3.7000 -2.5000 0.6000
3.7000 -2.5000 0.7000
3.7000 -2.5000 0.8000
3.7000 -2.5000 0.9000
3.7000 -2.5000 1.0000
3.7000 -2.5000 1.1000
3.7000 -2.5000 1.2000
3.7000 -2.5000 1.3000
3.7000 -2.5000 1.4000
3.7000 -2.5000 1.5000
3.7000 -2.5000 1.6000
3.7000 -2.5000 1.7000
3.7000 -2.5000 1.8000
3.7000 -2.5000 1.9000
3.7000 -2.5000 2.0000
3.7000 -2.5000 2.1000
3.7000 -2.5000 2.2000
3.7000 -2.5000 2.3000
3.7000 -2.5000 2.4000
3.7000 -2.5000 2.5000
3.7000 -2.5000 2.6000
3.7000 -2.5000 2.7000
3.7000 -2.5000 2.8000
3.7000 -2.5000 2.9000
3.7000 -2.5000 3.0000
3.7000 -2.5000 3.1000
3.7000 -2.5000 3.2000
3.7000 -2.5000 3.3000
3.7000 -2.5000 3.4000
3.7000 -2.5000 3.5000
3.7000 2.5000 0.0000
3.7000 2.5000 0.1000
3.7000 2.5000 0.2000
3.7000 2.5000 0.3000
3.7000 2.5000 0.4000
3.7000 2.5000 0.5000
3.7000 2.5000 0.6000
3.7000 2.5000 0.7000
3.7000 2.5000 0.8000
3.7000 2.5000 0.9000
3.7000 2.5000 1.0000
3.7000 2.5000 1.1000
3.7000 2.5000 1.2000
3.7000 2.5000 1.3000
3.7000 2.5000 1.4000
3.7000 2.5000 1.5000
3.7000 2.5000 1.6000
3.7000 2.5000 1.7000
3.7000 2.5000 1.8000
3.7000 2.5000 1.9000
3.7000 2.5000 2.0000
3.7000 2.5000 2.1000
3.7000 2.5000 2.2000
3.7000 2.5000 2.3000
3.7000 2.5000 2.4000
3.7000 2.5000 2.5000
3.7000 2.5000 2.6000
3.7000 2.5000 2.7000
3.7000 2.5000 2.8000
3.7000 2.5000 2.9000
3.7000 2.5000 3.0000
3.7000 2.5000 3.1000
3.7000 2.5000 3.2000
3.7000 2.5000 3.3000
3.7000 2.5000 3.4000
3.7000 2.5000 3.5000
3.7000 2.6000 0.0000
3.7000 2.6000 3.5000
3.7000 2.7000 0.0000
3.7000 2.7000 0.1000
3.7000 2.7000 0.2000
3.7000 2.7000 0.3000
3.7000 2.7000 0.4000
3.7000 2.7000 0.5000
3.7000 2.7000 0.6000
3.7000 2.7000 0.7000
3.7000 2.7000 0.8000
3.7000 2.7000 0.9000
3.7000 2.7000 1.0000
3.7000 2.7000 1.1000
3.7000 2.7000 1.2000
3.7000 2.7000 1.3000
3.7000 2.7000 1.4000
3.7000 2.7000 1.5000
3.7000 2.7000 1.6000
3.7000 2.7000 1.7000
3.7000 2.7000 1.8000
3.7000 2.7000 1.9000
3.7000 2.7000 2.0000
3.7000 2.7000 2.1000
3.7000 2.7000 2.2000
3.7000 2.7000 2.3000
3.7000 2.7000 2.4000
3.7000 2.7000 2.5000
3.7000 2.7000 2.6000
3.7000 2.7000 2.7000
3.7000 2.7000 2.8000
3.7000 2.7000 2.9000
3.7000 2.7000 3.0000
3.7000 2.7000 3.1000
3.7000 2.7000 3.2000
3.7000 2.7000 3.3000
3.7000 2.7000 3.4000
3.7000 2.7000 3.5000
3.8000 -2.7000 0.0000
3.8000 -2.7000 0.1000
3.8000 -2.7000 0.2000
3.8000 -2.7000 0.3000
3.8000 -2.7000 0.4000
3.8000 -2.7000 0.5000
3.8000 -2.7000 0.6000
3.8000 -2.7000 0.7000
3.8000 -2.7000 0.8000
3.8000 -2.7000 0.9000
3.8000 -2.7000 1.0000
3.8000 -2.7000 1.1000
3.8000 -2.7000 1.2000
3.8000 -2.7000 1.3000
3.8000 -2.7000 1.4000
3.8000 -2.7000 1.5000
3.8000 -2.7000 1.6000
3.8000 -2.7000 1.7000
3.8000 -2.7000 1.8000
3.8000 -2.7000 1.9000
3.8000 -2.7000 2.0000
3.8000 -2.7000 2.1000
3.8000 -2.7000 2.2000
3.8000 -2.7000 2.3000
3.8000 -2.7000 2.4000
3.8000 -2.7000 2.5000
3.8000 -2.7000 2.6000
3.8000 -2.7000 2.7000
3.8000 -2.7000 2.8000
3.8000 -2.7000 2.9000
3.8000 -2.7000 3.0000
3.8000 -2.7000 3.1000
3.8000 -2.7000 3.2000
3.8000 -2.7000 3.3000
3.8000 -2.7000 3.4000
3.8000 -2.7000 3.5000
3.8000 -2.6000 0.0000
3.8000 -2.6000 3.5000
3.8000 -2.5000 0.0000
3.8000 -2.5000 0.1000
3.8000 -2.5000 0.2000
3.8000 -2.5000 0.3000
3.8000 -2.5000 0.4000
3.8000 -2.5000 0.5000
3.8000 -2.5000 0.6000
3.8000 -2.5000 0.7000
3.8000 -2.5000 0.8000
3.8000 -2.5000 0.9000
3.8000 -2.5000 1.0000
3.8000 -2.5000 1.1000
3.8000 -2.5000 1.2000
3.8000 -2.5000 1.3000
3.8000 -2.5000 1.4000
3.8000 -2.5000 1.5000
3.8000 -2.5000 1.6000
3.8000 -2.5000 1.7000
3.8000 -2.5000 1.8000
3.8000 -2.5000 1.9000
3.8000 -2.5000 2.0000
3.8000 -2.5000 2.1000
3.8000 -2.5000 2.2000
3.8000 -2.5000 2.3000
3.8000 -2.5000 2.4000
3.8000 -2.5000 2.5000
3.8000 -2.5000 2.6000
3.8000 -2.5000 2.7000
3.8000 -2.5000 2.8000
3.8000 -2.5000 2.9000
3.8000 -2.5000 3.0000
3.8000 -2.5000 3.1000
3.8000 -2.5000 3.2000
3.8000 -2.5000 3.3000
3.8000 -2.5000 3.4000
3.8000 -2.5000 3.5000
3.8000 2.5000 0.0000
3.8000 2.5000 0.1000
3.8000 2.5000 0.2000
3.8000 2.5000 0.3000
3.8000 2.5000 0.4000
3.8000 2.5000 0.5000
3.8000 2.5000 0.6000
3.8000 2.5000 0.7000
3.8000 2.5000 0.8000
3.8000 2.5000 0.9000
3.8000 2.5000 1.0000
3.8000 2.5000 1.1000
3.8000 2.5000 1.2000
3.8000 2.5000 1.3000
3.8000 2.5000 1.4000
3.8000 2.5000 1.5000
3.8000 2.5000 1.6000
3.8000 2.5000 1.7000
3.8000 2.5000 1.8000
3.8000 2.5000 1.9000
3.8000 2.5000 2.0000
3.8000 2.5000 2.1000
3.8000 2.5000 2.2000
3.8000 2.5000 2.3000
3.8000 2.5000 2.4000
3.8000 2.5000 2.5000
3.8000 2.5000 2.6000
3.8000 2.5000 2.7000
3.8000 2.5000 2.8000
3.8000 2.5000 2.9000
3.8000 2.5000 3.0000
3.8000 2.5000 3.1000
3.8000 2.5000 3.2000
3.8000 2.5000 3.3000
3.8000 2.5000 3.4000
3.8000 2.5000 3.5000
3.8000 2.6000 0.0000
3.8000 2.6000 3.5000
3.8000 2.7000 0.0000
3.8000 2.7000 0.1000
3.8000 2.7000 0.2000
3.8000 2.7000 0.3000
3.8000 2.7000 0.4000
3.8000 2.7000 0.5000
3.8000 2.7000 0.6000
3.8000 2.7000 0.7000
3.8000 2.7000 0.8000
3.8000 2.7000 0.9000
3.8000 2.7000 1.0000
3.8000 2.7000 1.1000
3.8000 2.7000 1.2000
3.8000 2.7000 1.3000
3.8000 2.7000 1.4000
3.8000 2.7000 1.5000
3.8000 2.7000 1.6000
3.8000 2.7000 1.7000
3.8000 2.7000 1.8000
3.8000 2.7000 1.9000
3.8000 2.7000 2.0000
3.8000 2.7000 2.1000
3.8000 2.7000 2.2000
3.8000 2.7000 2.3000
3.8000 2.7000 2.4000
3.8000 2.7000 2.5000
3.8000 2.7000 2.6000
3.8000 2.7000 2.7000
3.8000 2.7000 2.8000
3.8000 2.7000 2.9000
3.8000 2.7000 3.0000
3.8000 2.7000 3.1000
3.8000 2.7000 3.2000
3.8000 2.7000 3.3000
3.8000 2.7000 3.4000
3.8000 2.7000 3.5000
3.9000 -2.7000 0.0000
3.9000 -2.7000 0.1000
3.9000 -2.7000 0.2000
3.9000 -2.7000 0.3000
3.9000 -2.7000 0.4000
3.9000 -2.7000 0.5000
3.9000 -2.7000 0.6000
3.9000 -2.7000 0.7000
3.9000 -2.7000 0.8000
3.9000 -2.7000 0.9000
3.9000 -2.7000 1.0000
3.9000 -2.7000 1.1000
3.9000 -2.7000 1.2000
3.9000 -2.7000 1.3000
3.9000 -2.7000 1.4000
3.9000 -2.7000 1.5000
3.9000 -2.7000 1.6000
3.9000 -2.7000 1.7000
3.9000 -2.7000 1.8000
3.9000 -2.7000 1.9000
3.9000 -2.7000 2.0000
3.9000 -2.7000 2.1000
3.9000 -2.7000 2.2000
3.9000 -2.7000 2.3000
3.9000 -2.7000 2.4000
3.9000 -2.7000 2.5000
3.9000 -2.7000 2.6000
3.9000 -2.7000 2.7000
3.9000 -2.7000 2.8000
3.9000 -2.7000 2.9000
3.9000 -2.7000 3.0000
3.9000 -2.7000 3.1000
3.9000 -2.7000 3.2000
3.9000 -2.7000 3.3000
3.9000 -2.7000 3.4000
3.9000 -2.7000 3.5000
3.9000 -2.6000 0.0000
3.9000 -2.6000 3.5000
3.9000 -2.5000 0.0000
3.9000 -2.5000 0.1000
3.9000 -2.5000 0.2000
3.9000 -2.5000 0.3000
3.9000 -2.5000 0.4000
3.9000 -2.5000 0.5000
3.9000 -2.5000 0.6000
3.9000 -2.5000 0.7000
3.9000 -2.5000 0.8000
3.9000 -2.5000 0.9000
3.9000 -2.5000 1.0000
3.9000 -2.5000 1.1000
3.9000 -2.5000 1.2000
3.9000 -2.5000 1.3000
3.9000 -2.5000 1.4000
3.9000 -2.5000 1.5000
3.9000 -2.5000 1.6000
3.9000 -2.5000 1.7000
3.9000 -2.5000 1.8000
3.9000 -2.5000 1.9000
3.9000 -2.5000 2.0000
3.9000 -2.5000 2.1000
3.9000 -2.5000 2.2000
3.9000 -2.5000 2.3000
3.9000 -2.5000 2.4000
3.9000 -2.5000 2.5000
3.9000 -2.5000 2.6000
3.9000 -2.5000 2.7000
3.9000 -2.5000 2.8000
3.9000 -2.5000 2.9000
3.9000 -2.5000 3.0000
3.9000 -2.5000 3.1000
3.9000 -2.5000 3.2000
3.9000 -2.5000 3.3000
3.9000 -2.5000 3.4000
3.9000 -2.5000 3.5000
3.9000 2.5000 0.0000
3.9000 2.5000 0.1000
3.9000 2.5000 0.2000
3.9000 2.5000 0.3000
3.9000 2.5000 0.4000
3.9000 2.5000 0.5000
3.9000 2.5000 0.6000
3.9000 2.5000 0.7000
3.9000 2.5000 0.8000
3.9000 2.5000 0.9000
3.9000 2.5000 1.0000
3.9000 2.5000 1.1000
3.9000 2.5000 1.2000
3.9000 2.5000 1.3000
3.9000 2.5000 1.4000
3.9000 2.5000 1.5000
3.9000 2.5000 1.6000
3.9000 2.5000 1.7000
3.9000 2.5000 1.8000
3.9000 2.5000 1.9000
3.9000 2.5000 2.0000
3.9000 2.5000 2.1000
3.9000 2.5000 2.2000
3.9000 2.5000 2.3000
3.9000 2.5000 2.4000
3.9000 2.5000 2.5000
3.9000 2.5000 2.6000
3.9000 2.5000 2.7000
3.9000 2.5000 2.8000
3.9000 2.5000 2.9000
3.9000 2.5000 3.0000
3.9000 2.5000 3.1000
3.9000 2.5000 3.2000
3.9000 2.5000 3.3000
3.9000 2.5000 3.4000
3.9000 2.5000 3.5000
3.9000 2.6000 0.0000
3.9000 2.6000 3.5000
3.9000 2.7000 0.0000
3.9000 2.7000 0.1000
3.9000 2.7000 0.2000
3.9000 2.7000 0.3000
3.9000 2.7000 0.4000
3.9000 2.7000 0.5000
3.9000 2.7000 0.6000
3.9000 2.7000 0.7000
3.9000 2.7000 0.8000
3.9000 2.7000 0.9000
3.9000 2.7000 1.0000
3.9000 2.7000 1.1000
3.9000 2.7000 1.2000
3.9000 2.7000 1.3000
3.9000 2.7000 1.4000
3.9000 2.7000 1.5000
3.9000 2.7000 1.6000
3.9000 2.7000 1.7000
3.9000 2.7000 1.8000
3.9000 2.7000 1.9000
3.9000 2.7000 2.0000
3.9000 2.7000 2.1000
3.9000 2.7000 2.2000
3.9000 2.7000 2.3000
3.9000 2.7000 2.4000
3.9000 2.7000 2.5000
3.9000 2.7000 2.6000
3.9000 2.7000 2.7000
3.9000 2.7000 2.8000
3.9000 2.7000 2.9000
3.9000 2.7000 3.0000
3.9000 2.7000 3.1000
3.9000 2.7000 3.2000
3.9000 2.7000 3.3000
3.9000 2.7000 3.4000
3.9000 2.7000 3.5000
4.0000 -2.7000 0.0000
4.0000 -2.7000 0.1000
4.0000 -2.7000 0.2000
4.0000 -2.7000 0.3000
4.0000 -2.7000 0.4000
4.0000 -2.7000 0.5000
4.0000 -2.7000 0.6000
4.0000 -2.7000 0.7000
4.0000 -2.7000 0.8000
4.0000 -2.7000 0.9000
4.0000 -2.7000 1.0000
4.0000 -2.7000 1.1000
4.0000 -2.7000 1.2000
4.0000 -2.7000 1.3000
4.0000 -2.7000 1.4000
4.0000 -2.7000 1.5000
4.0000 -2.7000 1.6000
4.0000 -2.7000 1.7000
4.0000 -2.7000 1.8000
4.0000 -2.7000 1.9000
4.0000 -2.7000 2.0000
4.0000 -2.7000 2.1000
4.0000 -2.7000 2.2000
4.0000 -2.7000 2.3000
4.0000 -2.7000 2.4000
4.0000 -2.7000 2.5000
4.0000 -2.7000 2.6000
4.0000 -2.7000 2.7000
4.0000 -2.7000 2.8000
4.0000 -2.7000 2.9000
4.0000 -2.7000 3.0000
4.0000 -2.7000 3.1000
4.0000 -2.7000 3.2000
4.0000 -2.7000 3.3000
4.0000 -2.7000 3.4000
4.0000 -2.7000 3.5000
4.0000 -2.6000 0.0000
4.0000 -2.6000 3.5000
4.0000 -2.5000 0.0000
4.0000 -2.5000 0.1000
4.0000 -2.5000 0.2000
4.0000 -2.5000 0.3000
4.0000 -2.5000 0.4000
4.0000 -2.5000 0.5000
4.0000 -2.5000 0.6000
4.0000 -2.5000 0.7000
4.0000 -2.5000 0.8000
4.0000 -2.5000 0.9000
4.0000 -2.5000 1.0000
4.0000 -2.5000 1.1000
4.0000 -2.5000 1.2000
4.0000 -2.5000 1.3000
4.0000 -2.5000 1.4000
4.0000 -2.5000 1.5000
4.0000 -2.5000 1.6000
4.0000 -2.5000 1.7000
4.0000 -2.5000 1.8000
4.0000 -2.5000 1.9000
4.0000 -2.5000 2.0000
4.0000 -2.5000 2.1000
4.0000 -2.5000 2.2000
4.0000 -2.5000 2.3000
4.0000 -2.5000 2.4000
4.0000 -2.5000 2.5000
4.0000 -2.5000 2.6000
4.0000 -2.5000 2.7000
4.0000 -2.5000 2.8000
4.0000 -2.5000 2.9000
4.0000 -2.5000 3.0000
4.0000 -2.5000 3.1000
4.0000 -2.5000 3.2000
4.0000 -2.5000 3.3000
4.0000 -2.5000 3.4000
4.0000 -2.5000 3.5000
4.0000 2.5000 0.0000
4.0000 2.5000 0.1000
4.0000 2.5000 0.2000
4.0000 2.5000 0.3000
4.0000 2.5000 0.4000
4.0000 2.5000 0.5000
4.0000 2.5000 0.6000
4.0000 2.5000 0.7000
4.0000 2.5000 0.8000
4.0000 2.5000 0.9000
4.0000 2.5000 1.0000
4.0000 2.5000 1.1000
4.0000 2.5000 1.2000
4.0000 2.5000 1.3000
4.0000 2.5000 1.4000
4.0000 2.5000 1.5000
4.0000 2.5000 1.6000
4.0000 2.5000 1.7000
4.0000 2.5000 1.8000
4.0000 2.5000 1.9000
4.0000 2.5000 2.0000
4.0000 2.5000 2.1000
4.0000 2.5000 2.2000
4.0000 2.5000 2.3000
4.0000 2.5000 2.4000
4.0000 2.5000 2.5000
4.0000 2.5000 2.6000
4.0000 2.5000 2.7000
4.0000 2.5000 2.8000
4.0000 2.5000 2.9000
4.0000 2.5000 3.0000
4.0000 2.5000 3.1000
4.0000 2.5000 3.2000
4.0000 2.5000 3.3000
4.0000 2.5000 3.4000
4.0000 2.5000 3.5000
4.0000 2.6000 0.0000
4.0000 2.6000 3.5000
4.0000 2.7000 0.0000
4.0000 2.7000 0.1000
4.0000 2.7000 0.2000
4.0000 2.7000 0.3000
4.0000 2.7000 0.4000
4.0000 2.7000 0.5000
4.0000 2.7000 0.6000
4.0000 2.7000 0.7000
4.0000 2.7000 0.8000
4.0000 2.7000 0.9000
4.0000 2.7000 1.0000
4.0000 2.7000 1.1000
4.0000 2.7000 1.2000
4.0000 2.7000 1.3000
4.0000 2.7000 1.4000
4.0000 2.7000 1.5000
4.0000 2.7000 1.6000
4.0000 2.7000 1.7000
4.0000 2.7000 1.8000
4.0000 2.7000 1.9000
4.0000 2.7000 2.0000
4.0000 2.7000 2.1000
4.0000 2.7000 2.2000
4.0000 2.7000 2.3000
4.0000 2.7000 2.4000
4.0000 2.7000 2.5000
4.0000 2.7000 2.6000
4.0000 2.7000 2.7000
4.0000 2.7000 2.8000
4.0000 2.7000 2.9000
4.0000 2.7000 3.0000
4.0000 2.7000 3.1000
4.0000 2.7000 3.2000
4.0000 2.7000 3.3000
4.0000 2.7000 3.4000
4.0000 2.7000 3.5000
4.1000 -2.7000 0.0000
4.1000 -2.7000 0.1000
4.1000 -2.7000 0.2000
4.1000 -2.7000 0.3000
4.1000 -2.7000 0.4000
4.1000 -2.7000 0.5000
4.1000 -2.7000 0.6000
4.1000 -2.7000 0.7000
4.1000 -2.7000 0.8000
4.1000 -2.7000 0.9000
4.1000 -2.7000 1.0000
4.1000 -2.7000 1.1000
4.1000 -2.7000 1.2000
4.1000 -2.7000 1.3000
4.1000 -2.7000 1.4000
4.1000 -2.7000 1.5000
4.1000 -2.7000 1.6000
4.1000 -2.7000 1.7000
4.1000 -2.7000 1.8000
4.1000 -2.7000 1.9000
4.1000 -2.7000 2.0000
4.1000 -2.7000 2.1000
4.1000 -2.7000 2.2000
4.1000 -2.7000 2.3000
4.1000 -2.7000 2.4000
4.1000 -2.7000 2.5000
4.1000 -2.7000 2.6000
4.1000 -2.7000 2.7000
4.1000 -2.7000 2.8000
4.1000 -2.7000 2.9000
4.1000 -2.7000 3.0000
4.1000 -2.7000 3.1000
4.1000 -2.7000 3.2000
4.1000 -2.7000 3.3000
4.1000 -2.7000 3.4000
4.1000 -2.7000 3.5000
4.1000 -2.6000 0.0000
4.1000 -2.6000 3.5000
4.1000 -2.5000 0.0000
4.1000 -2.5000 0.1000
4.1000 -2.5000 0.2000
4.1000 -2.5000 0.3000
4.1000 -2.5000 0.4000
4.1000 -2.5000 0.5000
4.1000 -2.5000 0.6000
4.1000 -2.5000 0.7000
4.1000 -2.5000 0.8000
4.1000 -2.5000 0.9000
4.1000 -2.5000 1.0000
4.1000 -2.5000 1.1000
4.1000 -2.5000 1.2000
4.1000 -2.5000 1.3000
4.1000 -2.5000 1.4000
4.1000 -2.5000 1.5000
4.1000 -2.5000 1.6000
4.1000 -2.5000 1.7000
4.1000 -2.5000 1.8000
4.1000 -2.5000 1.9000
4.1000 -2.5000 2.0000
4.1000 -2.5000 2.1000
4.1000 -2.5000 2.2000
4.1000 -2.5000 2.3000
4.1000 -2.5000 2.4000
4.1000 -2.5000 2.5000
4.1000 -2.5000 2.6000
4.1000 -2.5000 2.7000
4.1000 -2.5000 2.8000
4.1000 -2.5000 2.9000
4.1000 -2.5000 3.0000
4.1000 -2.5000 3.1000
4.1000 -2.5000 3.2000
4.1000 -2.5000 3.3000
4.1000 -2.5000 3.4000
4.1000 -2.5000 3.5000
4.1000 2.5000 0.0000
4.1000 2.5000 0.1000
4.1000 2.5000 0.2000
4.1000 2.5000 0.3000
4.1000 2.5000 0.4000
4.1000 2.5000 0.5000
4.1000 2.5000 0.6000
4.1000 2.5000 0.7000
4.1000 2.5000 0.8000
4.1000 2.5000 0.9000
4.1000 2.5000 1.0000
4.1000 2.5000 1.1000
4.1000 2.5000 1.2000
4.1000 2.5000 1.3000
4.1000 2.5000 1.4000
4.1000 2.5000 1.5000
4.1000 2.5000 1.6000
4.1000 2.5000 1.7000
4.1000 2.5000 1.8000
4.1000 2.5000 1.9000
4.1000 2.5000 2.0000
4.1000 2.5000 2.1000
4.1000 2.5000 2.2000
4.1000 2.5000 2.3000
4.1000 2.5000 2.4000
4.1000 2.5000 2.5000
4.1000 2.5000 2.6000
4.1000 2.5000 2.7000
4.1000 2.5000 2.8000
4.1000 2.5000 2.9000
4.1000 2.5000 3.0000
4.1000 2.5000 3.1000
4.1000 2.5000 3.2000
4.1000 2.5000 3.3000
4.1000 2.5000 3.4000
4.1000 2.5000 3.5000
4.1000 2.6000 0.0000
4.1000 2.6000 3.5000
4.1000 2.7000 0.0000
4.1000 2.7000 0.1000
4.1000 2.7000 0.2000
4.1000 2.7000 0.3000
4.1000 2.7000 0.4000
4.1000 2.7000 0.5000
4.1000 2.7000 0.6000
4.1000 2.7000 0.7000
4.1000 2.7000 0.8000
4.1000 2.7000 0.9000
4.1000 2.7000 1.0000
4.1000 2.7000 1.1000
4.1000 2.7000 1.2000
4.1000 2.7000 1.3000
4.1000 2.7000 1.4000
4.1000 2.7000 1.5000
4.1000 2.7000 1.6000
4.1000 2.7000 1.7000
4.1000 2.7000 1.8000
4.1000 2.7000 1.9000
4.1000 2.7000 2.0000
4.1000 2.7000 2.1000
4.1000 2.7000 2.2000
4.1000 2.7000 2.3000
4.1000 2.7000 2.4000
4.1000 2.7000 2.5000
4.1000 2.7000 2.6000
4.1000 2.7000 2.7000
4.1000 2.7000 2.8000
4.1000 2.7000 2.9000
4.1000 2.7000 3.0000
4.1000 2.7000 3.1000
4.1000 2.7000 3.2000
4.1000 2.7000 3.3000
4.1000 2.7000 3.4000
4.1000 2.7000 3.5000
4.2000 -2.7000 0.0000
4.2000 -2.7000 0.1000
4.2000 -2.7000 0.2000
4.2000 -2.7000 0.3000
4.2000 -2.7000 0.4000
4.2000 -2.7000 0.5000
4.2000 -2.7000 0.6000
4.2000 -2.7000 0.7000
4.2000 -2.7000 0.8000
4.2000 -2.7000 0.9000
4.2000 -2.7000 1.0000
4.2000 -2.7000 1.1000
4.2000 -2.7000 1.2000
4.2000 -2.7000 1.3000
4.2000 -2.7000 1.4000
4.2000 -2.7000 1.5000
4.2000 -2.7000 1.6000
4.2000 -2.7000 1.7000
4.2000 -2.7000 1.8000
4.2000 -2.7000 1.9000
4.2000 -2.7000 2.0000
4.2000 -2.7000 2.1000
4.2000 -2.7000 2.2000
4.2000 -2.7000 2.3000
4.2000 -2.7000 2.4000
4.2000 -2.7000 2.5000
4.2000 -2.7000 2.6000
4.2000 -2.7000 2.7000
4.2000 -2.7000 2.8000
4.2000 -2.7000 2.9000
4.2000 -2.7000 3.0000
4.2000 -2.7000 3.1000
4.2000 -2.7000 3.2000
4.2000 -2.7000 3.3000
4.2000 -2.7000 3.4000
4.2000 -2.7000 3.5000
4.2000 -2.6000 0.0000
4.2000 -2.6000 3.5000
4.2000 -2.5000 0.0000
4.2000 -2.5000 0.1000
4.2000 -2.5000 0.2000
4.2000 -2.5000 0.3000
4.2000 -2.5000 0.4000
4.2000 -2.5000 0.5000
4.2000 -2.5000 0.6000
4.2000 -2.5000 0.7000
4.2000 -2.5000 0.8000
4.2000 -2.5000 0.9000
4.2000 -2.5000 1.0000
4.2000 -2.5000 1.1000
4.2000 -2.5000 1.2000
4.2000 -2.5000 1.3000
4.2000 -2.5000 1.4000
4.2000 -2.5000 1.5000
4.2000 -2.5000 1.6000
4.2000 -2.5000 1.7000
4.2000 -2.5000 1.8000
4.2000 -2.5000 1.9000
4.2000 -2.5000 2.0000
4.2000 -2.5000 2.1000
4.2000 -2.5000 2.2000
4.2000 -2.5000 2.3000
4.2000 -2.5000 2.4000
4.2000 -2.5000 2.5000
4.2000 -2.5000 2.6000
4.2000 -2.5000 2.7000
4.2000 -2.5000 2.8000
4.2000 -2.5000 2.9000
4.2000 -2.5000 3.0000
4.2000 -2.5000 3.1000
4.2000 -2.5000 3.2000
4.2000 -2.5000 3.3000
4.2000 -2.5000 3.4000
4.2000 -2.5000 3.5000
4.2000 2.5000 0.0000
4.2000 2.5000 0.1000
4.2000 2.5000 0.2000
4.2000 2.5000 0.3000
4.2000 2.5000 0.4000
4.2000 2.5000 0.5000
4.2000 2.5000 0.6000
4.2000 2.5000 0.7000
4.2000 2.5000 0.8000
4.2000 2.5000 0.9000
4.2000 2.5000 1.0000
4.2000 2.5000 1.1000
4.2000 2.5000 1.2000
4.2000 2.5000 1.3000
4.2000 2.5000 1.4000
4.2000 2.5000 1.5000
4.2000 2.5000 1.6000
4.2000 2.5000 1.7000
4.2000 2.5000 1.8000
4.2000 2.5000 1.9000
4.2000 2.5000 2.0000
4.2000 2.5000 2.1000
4.2000 2.5000 2.2000
4.2000 2.5000 2.3000
4.2000 2.5000 2.4000
4.2000 2.5000 2.5000
4.2000 2.5000 2.6000
4.2000 2.5000 2.7000
4.2000 2.5000 2.8000
4.2000 2.5000 2.9000
4.2000 2.5000 3.0000
4.2000 2.5000 3.1000
4.2000 2.5000 3.2000
4.2000 2.5000 3.3000
4.2000 2.5000 3.4000
4.2000 2.5000 3.5000
4.2000 2.6000 0.0000
4.2000 2.6000 3.5000
4.2000 2.7000 0.0000
4.2000 2.7000 0.1000
4.2000 2.7000 0.2000
4.2000 2.7000 0.3000
4.2000 2.7000 0.4000
4.2000 2.7000 0.5000
4.2000 2.7000 0.6000
4.2000 2.7000 0.7000
4.2000 2.7000 0.8000
4.2000 2.7000 0.9000
4.2000 2.7000 1.0000
4.2000 2.7000 1.1000
4.2000 2.7000 1.2000
4.2000 2.7000 1.3000
4.2000 2.7000 1.4000
4.2000 2.7000 1.5000
4.2000 2.7000 1.6000
4.2000 2.7000 1.7000
4.2000 2.7000 1.8000
4.2000 2.7000 1.9000
4.2000 2.7000 2.0000
4.2000 2.7000 2.1000
4.2000 2.7000 2.2000
4.2000 2.7000 2.3000
4.2000 2.7000 2.4000
4.2000 2.7000 2.5000
4.2000 2.7000 2.6000
4.2000 2.7000 2.7000
4.2000 2.7000 2.8000
4.2000 2.7000 2.9000
4.2000 2.7000 3.0000
4.2000 2.7000 3.1000
4.2000 2.7000 3.2000
4.2000 2.7000 3.3000
4.2000 2.7000 3.4000
4.2000 2.7000 3.5000
4.3000 -2.7000 0.0000
4.3000 -2.7000 0.1000
4.3000 -2.7000 0.2000
4.3000 -2.7000 0.3000
4.3000 -2.7000 0.4000
4.3000 -2.7000 0.5000
4.3000 -2.7000 0.6000
4.3000 -2.7000 0.7000
4.3000 -2.7000 0.8000
4.3000 -2.7000 0.9000
4.3000 -2.7000 1.0000
4.3000 -2.7000 1.1000
4.3000 -2.7000 1.2000
4.3000 -2.7000 1.3000
4.3000 -2.7000 1.4000
4.3000 -2.7000 1.5000
4.3000 -2.7000 1.6000
4.3000 -2.7000 1.7000
4.3000 -2.7000 1.8000
4.3000 -2.7000 1.9000
4.3000 -2.7000 2.0000
4.3000 -2.7000 2.1000
4.3000 -2.7000 2.2000
4.3000 -2.7000 2.3000
4.3000 -2.7000 2.4000
4.3000 -2.7000 2.5000
4.3000 -2.7000 2.6000
4.3000 -2.7000 2.7000
4.3000 -2.7000 2.8000
4.3000 -2.7000 2.9000
4.3000 -2.7000 3.0000
4.3000 -2.7000 3.1000
4.3000 -2.7000 3.2000
4.3000 -2.7000 3.3000
4.3000 -2.7000 3.4000
4.3000 -2.7000 3.5000
4.3000 -2.6000 0.0000
4.3000 -2.6000 3.5000
4.3000 -2.5000 0.0000
4.3000 -2.5000 0.1000
4.3000 -2.5000 0.2000
4.3000 -2.5000 0.3000
4.3000 -2.5000 0.4000
4.3000 -2.5000 0.5000
4.3000 -2.5000 0.6000
4.3000 -2.5000 0.7000
4.3000 -2.5000 0.8000
4.3000 -2.5000 0.9000
4.3000 -2.5000 1.0000
4.3000 -2.5000 1.1000
4.3000 -2.5000 1.2000
4.3000 -2.5000 1.3000
4.3000 -2.5000 1.4000
4.3000 -2.5000 1.5000
4.3000 -2.5000 1.6000
4.3000 -2.5000 1.7000
4.3000 -2.5000 1.8000
4.3000 -2.5000 1.9000
4.3000 -2.5000 2.0000
4.3000 -2.5000 2.1000
4.3000 -2.5000 2.2000
4.3000 -2.5000 2.3000
4.3000 -2.5000 2.4000
4.3000 -2.5000 2.5000
4.3000 -2.5000 2.6000
4.3000 -2.5000 2.7000
4.3000 -2.5000 2.8000
4.3000 -2.5000 2.9000
4.3000 -2.5000 3.0000
4.3000 -2.5000 3.1000
4.3000 -2.5000 3.2000
4.3000 -2.5000 3.3000
4.3000 -2.5000 3.4000
4.3000 -2.5000 3.5000
4.3000 2.5000 0.0000
4.3000 2.5000 0.1000
4.3000 2.5000 0.2000
4.3000 2.5000 0.3000
4.3000 2.5000 0.4000
4.3000 2.5000 0.5000
4.3000 2.5000 0.6000
4.3000 2.5000 0.7000
4.3000 2.5000 0.8000
4.3000 2.5000 0.9000
4.3000 2.5000 1.0000
4.3000 2.5000 1.1000
4.3000 2.5000 1.2000
4.3000 2.5000 1.3000
4.3000 2.5000 1.4000
4.3000 2.5000 1.5000
4.3000 2.5000 1.6000
4.3000 2.5000 1.7000
4.3000 2.5000 1.8000
4.3000 2.5000 1.9000
4.3000 2.5000 2.0000
4.3000 2.5000 2.1000
4.3000 2.5000 2.2000
4.3000 2.5000 2.3000
4.3000 2.5000 2.4000
4.3000 2.5000 2.5000
4.3000 2.5000 2.6000
4.3000 2.5000 2.7000
4.3000 2.5000 2.8000
4.3000 2.5000 2.9000
4.3000 2.5000 3.0000
4.3000 2.5000 3.1000
4.3000 2.5000 3.2000
4.3000 2.5000 3.3000
4.3000 2.5000 3.4000
4.3000 2.5000 3.5000
4.3000 2.6000 0.0000
4.3000 2.6000 3.5000
4.3000 2.7000 0.0000
4.3000 2.7000 0.1000
4.3000 2.7000 0.2000
4.3000 2.7000 0.3000
4.3000 2.7000 0.4000
4.3000 2.7000 0.5000
4.3000 2.7000 0.6000
4.3000 2.7000 0.7000
4.3000 2.7000 0.8000
4.3000 2.7000 0.9000
4.3000 2.7000 1.0000
4.3000 2.7000 1.1000
4.3000 2.7000 1.2000
4.3000 2.7000 1.3000
4.3000 2.7000 1.4000
4.3000 2.7000 1.5000
4.3000 2.7000 1.6000
4.3000 2.7000 1.7000
4.3000 2.7000 1.8000
4.3000 2.7000 1.9000
4.3000 2.7000 2.0000
4.3000 2.7000 2.1000
4.3000 2.7000 2.2000
4.3000 2.7000 2.3000
4.3000 2.7000 2.4000
4.3000 2.7000 2.5000
4.3000 2.7000 2.6000
4.3000 2.7000 2.7000
4.3000 2.7000 2.8000
4.3000 2.7000 2.9000
4.3000 2.7000 3.0000
4.3000 2.7000 3.1000
4.3000 2.7000 3.2000
4.3000 2.7000 3.3000
4.3000 2.7000 3.4000
4.3000 2.7000 3.5000
4.4000 -2.7000 0.0000
4.4000 -2.7000 0.1000
4.4000 -2.7000 0.2000
4.4000 -2.7000 0.3000
4.4000 -2.7000 0.4000
4.4000 -2.7000 0.5000
4.4000 -2.7000 0.6000
4.4000 -2.7000 0.7000
4.4000 -2.7000 0.8000
4.4000 -2.7000 0.9000
4.4000 -2.7000 1.0000
4.4000 -2.7000 1.1000
4.4000 -2.7000 1.2000
4.4000 -2.7000 1.3000
4.4000 -2.7000 1.4000
4.4000 -2.7000 1.5000
4.4000 -2.7000 1.6000
4.4000 -2.7000 1.7000
4.4000 -2.7000 1.8000
4.4000 -2.7000 1.9000
4.4000 -2.7000 2.0000
4.4000 -2.7000 2.1000
4.4000 -2.7000 2.2000
4.4000 -2.7000 2.3000
4.4000 -2.7000 2.4000
4.4000 -2.7000 2.5000
4.4000 -2.7000 2.6000
4.4000 -2.7000 2.7000
4.4000 -2.7000 2.8000
4.4000 -2.7000 2.9000
4.4000 -2.7000 3.0000
4.4000 -2.7000 3.1000
4.4000 -2.7000 3.2000
4.4000 -2.7000 3.3000
4.4000 -2.7000 3.4000
4.4000 -2.7000 3.5000
4.4000 -2.6000 0.0000
4.4000 -2.6000 3.5000
4.4000 -2.5000 0.0000
4.4000 -2.5000 0.1000
4.4000 -2.5000 0.2000
4.4000 -2.5000 0.3000
4.4000 -2.5000 0.4000
4.4000 -2.5000 0.5000
4.4000 -2.5000 0.6000
4.4000 -2.5000 0.7000
4.4000 -2.5000 0.8000
4.4000 -2.5000 0.9000
4.4000 -2.5000 1.0000
4.4000 -2.5000 1.1000
4.4000 -2.5000 1.2000
4.4000 -2.5000 1.3000
4.4000 -2.5000 1.4000
4.4000 -2.5000 1.5000
4.4000 -2.5000 1.6000
4.4000 -2.5000 1.7000
4.4000 -2.5000 1.8000
4.4000 -2.5000 1.9000
4.4000 -2.5000 2.0000
4.4000 -2.5000 2.1000
4.4000 -2.5000 2.2000
4.4000 -2.5000 2.3000
4.4000 -2.5000 2.4000
4.4000 -2.5000 2.5000
4.4000 -2.5000 2.6000
4.4000 -2.5000 2.7000
4.4000 -2.5000 2.8000
4.4000 -2.5000 2.9000
4.4000 -2.5000 3.0000
4.4000 -2.5000 3.1000
4.4000 -2.5000 3.2000
4.4000 -2.5000 3.3000
4.4000 -2.5000 3.4000
4.4000 -2.5000 3.5000
4.4000 2.5000 0.0000
4.4000 2.5000 0.1000
4.4000 2.5000 0.2000
4.4000 2.5000 0.3000
4.4000 2.5000 0.4000
4.4000 2.5000 0.5000
4.4000 2.5000 0.6000
4.4000 2.5000 0.7000
4.4000 2.5000 0.8000
4.4000 2.5000 0.9000
4.4000 2.5000 1.0000
4.4000 2.5000 1.1000
4.4000 2.5000 1.2000
4.4000 2.5000 1.3000
4.4000 2.5000 1.4000
4.4000 2.5000 1.5000
4.4000 2.5000 1.6000
4.4000 2.5000 1.7000
4.4000 2.5000 1.8000
4.4000 2.5000 1.9000
4.4000 2.5000 2.0000
4.4000 2.5000 2.1000
4.4000 2.5000 2.2000
4.4000 2.5000 2.3000
4.4000 2.5000 2.4000
4.4000 2.5000 2.5000
4.4000 2.5000 2.6000
4.4000 2.5000 2.7000
4.4000 2.5000 2.8000
4.4000 2.5000 2.9000
4.4000 2.5000 3.0000
4.4000 2.5000 3.1000
4.4000 2.5000 3.2000
4.4000 2.5000 3.3000
4.4000 2.5000 3.4000
4.4000 2.5000 3.5000
4.4000 2.6000 0.0000
4.4000 2.6000 3.5000
4.4000 2.7000 0.0000
4.4000 2.7000 0.1000
4.4000 2.7000 0.2000
4.4000 2.7000 0.3000
4.4000 2.7000 0.4000
4.4000 2.7000 0.5000
4.4000 2.7000 0.6000
4.4000 2.7000 0.7000
4.4000 2.7000 0.8000
4.4000 2.7000 0.9000
4.4000 2.7000 1.0000
4.4000 2.7000 1.1000
4.4000 2.7000 1.2000
4.4000 2.7000 1.3000
4.4000 2.7000 1.4000
4.4000 2.7000 1.5000
4.4000 2.7000 1.6000
4.4000 2.7000 1.7000
4.4000 2.7000 1.8000
4.4000 2.7000 1.9000
4.4000 2.7000 2.0000
4.4000 2.7000 2.1000
4.4000 2.7000 2.2000
4.4000 2.7000 2.3000
4.4000 2.7000 2.4000
4.4000 2.7000 2.5000
4.4000 2.7000 2.6000
4.4000 2.7000 2.7000
4.4000 2.7000 2.8000
4.4000 2.7000 2.9000
4.4000 2.7000 3.0000
4.4000 2.7000 3.1000
4.4000 2.7000 3.2000
4.4000 2.7000 3.3000
4.4000 2.7000 3.4000
4.4000 2.7000 3.5000
4.5000 -2.7000 0.0000
4.5000 -2.7000 0.1000
4.5000 -2.7000 0.2000
4.5000 -2.7000 0.3000
4.5000 -2.7000 0.4000
4.5000 -2.7000 0.5000
4.5000 -2.7000 0.6000
4.5000 -2.7000 0.7000
4.5000 -2.7000 0.8000
4.5000 -2.7000 0.9000
4.5000 -2.7000 1.0000
4.5000 -2.7000 1.1000
4.5000 -2.7000 1.2000
4.5000 -2.7000 1.3000
4.5000 -2.7000 1.4000
4.5000 -2.7000 1.5000
4.5000 -2.7000 1.6000
4.5000 -2.7000 1.7000
4.5000 -2.7000 1.8000
4.5000 -2.7000 1.9000
4.5000 -2.7000 2.0000
4.5000 -2.7000 2.1000
4.5000 -2.7000 2.2000
4.5000 -2.7000 2.3000
4.5000 -2.7000 2.4000
4.5000 -2.7000 2.5000
4.5000 -2.7000 2.6000
4.5000 -2.7000 2.7000
4.5000 -2.7000 2.8000
4.5000 -2.7000 2.9000
4.5000 -2.7000 3.0000
4.5000 -2.7000 3.1000
4.5000 -2.7000 3.2000
4.5000 -2.7000 3.3000
4.5000 -2.7000 3.4000
4.5000 -2.7000 3.5000
4.5000 -2.6000 0.0000
4.5000 -2.6000 3.5000
4.5000 -2.5000 0.0000
4.5000 -2.5000 0.1000
4.5000 -2.5000 0.2000
4.5000 -2.5000 0.3000
4.5000 -2.5000 0.4000
4.5000 -2.5000 0.5000
4.5000 -2.5000 0.6000
4.5000 -2.5000 0.7000
4.5000 -2.5000 0.8000
4.5000 -2.5000 0.9000
4.5000 -2.5000 1.0000
4.5000 -2.5000 1.1000
4.5000 -2.5000 1.2000
4.5000 -2.5000 1.3000
4.5000 -2.5000 1.4000
4.5000 -2.5000 1.5000
4.5000 -2.5000 1.6000
4.5000 -2.5000 1.7000
4.5000 -2.5000 1.8000
4.5000 -2.5000 1.9000
4.5000 -2.5000 2.0000
4.5000 -2.5000 2.1000
4.5000 -2.5000 2.2000
4.5000 -2.5000 2.3000
4.5000 -2.5000 2.4000
4.5000 -2.5000 2.5000
4.5000 -2.5000 2.6000
4.5000 -2.5000 2.7000
4.5000 -2.5000 2.8000
4.5000 -2.5000 2.9000
4.5000 -2.5000 3.0000
4.5000 -2.5000 3.1000
4.5000 -2.5000 3.2000
4.5000 -2.5000 3.3000
4.5000 -2.5000 3.4000
4.5000 -2.5000 3.5000
4.5000 2.5000 0.0000
4.5000 2.5000 0.1000
4.5000 2.5000 0.2000
4.5000 2.5000 0.3000
4.5000 2.5000 0.4000
4.5000 2.5000 0.5000
4.5000 2.5000 0.6000
4.5000 2.5000 0.7000
4.5000 2.5000 0.8000
4.5000 2.5000 0.9000
4.5000 2.5000 1.0000
4.5000 2.5000 1.1000
4.5000 2.5000 1.2000
4.5000 2.5000 1.3000
4.5000 2.5000 1.4000
4.5000 2.5000 1.5000
4.5000 2.5000 1.6000
4.5000 2.5000 1.7000
4.5000 2.5000 1.8000
4.5000 2.5000 1.9000
4.5000 2.5000 2.0000
4.5000 2.5000 2.1000
4.5000 2.5000 2.2000
4.5000 2.5000 2.3000
4.5000 2.5000 2.4000
4.5000 2.5000 2.5000
4.5000 2.5000 2.6000
4.5000 2.5000 2.7000
4.5000 2.5000 2.8000
4.5000 2.5000 2.9000
4.5000 2.5000 3.0000
4.5000 2.5000 3.1000
4.5000 2.5000 3.2000
4.5000 2.5000 3.3000
4.5000 2.5000 3.4000
4.5000 2.5000 3.5000
4.5000 2.6000 0.0000
4.5000 2.6000 3.5000
4.5000 2.7000 0.0000
4.5000 2.7000 0.1000
4.5000 2.7000 0.2000
4.5000 2.7000 0.3000
4.5000 2.7000 0.4000
4.5000 2.7000 0.5000
4.5000 2.7000 0.6000
4.5000 2.7000 0.7000
4.5000 2.7000 0.8000
4.5000 2.7000 0.9000
4.5000 2.7000 1.0000
4.5000 2.7000 1.1000
4.5000 2.7000 1.2000
4.5000 2.7000 1.3000
4.5000 2.7000 1.4000
4.5000 2.7000 1.5000
4.5000 2.7000 1.6000
4.5000 2.7000 1.7000
4.5000 2.7000 1.8000
4.5000 2.7000 1.9000
4.5000 2.7000 2.0000
4.5000 2.7000 2.1000
4.5000 2.7000 2.2000
4.5000 2.7000 2.3000
4.5000 2.7000 2.4000
4.5000 2.7000 2.5000
4.5000 2.7000 2.6000
4.5000 2.7000 2.7000
4.5000 2.7000 2.8000
4.5000 2.7000 2.9000
4.5000 2.7000 3.0000
4.5000 2.7000 3.1000
4.5000 2.7000 3.2000
4.5000 2.7000 3.3000
4.5000 2.7000 3.4000
4.5000 2.7000 3.5000
4.6000 -2.7000 0.0000
4.6000 -2.7000 0.1000
4.6000 -2.7000 0.2000
4.6000 -2.7000 0.3000
4.6000 -2.7000 0.4000
4.6000 -2.7000 0.5000
4.6000 -2.7000 0.6000
4.6000 -2.7000 0.7000
4.6000 -2.7000 0.8000
4.6000 -2.7000 0.9000
4.6000 -2.7000 1.0000
4.6000 -2.7000 1.1000
4.6000 -2.7000 1.2000
4.6000 -2.7000 1.3000
4.6000 -2.7000 1.4000
4.6000 -2.7000 1.5000
4.6000 -2.7000 1.6000
4.6000 -2.7000 1.7000
4.6000 -2.7000 1.8000
4.6000 -2.7000 1.9000
4.6000 -2.7000 2.0000
4.6000 -2.7000 2.1000
4.6000 -2.7000 2.2000
4.6000 -2.7000 2.3000
4.6000 -2.7000 2.4000
4.6000 -2.7000 2.5000
4.6000 -2.7000 2.6000
4.6000 -2.7000 2.7000
4.6000 -2.7000 2.8000
4.6000 -2.7000 2.9000
4.6000 -2.7000 3.0000
4.6000 -2.7000 3.1000
4.6000 -2.7000 3.2000
4.6000 -2.7000 3.3000
4.6000 -2.7000 3.4000
4.6000 -2.7000 3.5000
4.6000 -2.6000 0.0000
4.6000 -2.6000 3.5000
4.6000 -2.5000 0.0000
4.6000 -2.5000 0.1000
4.6000 -2.5000 0.2000
4.6000 -2.5000 0.3000
4.6000 -2.5000 0.4000
4.6000 -2.5000 0.5000
4.6000 -2.5000 0.6000
4.6000 -2.5000 0.7000
4.6000 -2.5000 0.8000
4.6000 -2.5000 0.9000
4.6000 -2.5000 1.0000
4.6000 -2.5000 1.1000
4.6000 -2.5000 1.2000
4.6000 -2.5000 1.3000
4.6000 -2.5000 1.4000
4.6000 -2.5000 1.5000
4.6000 -2.5000 1.6000
4.6000 -2.5000 1.7000
4.6000 -2.5000 1.8000
4.6000 -2.5000 1.9000
4.6000 -2.5000 2.0000
4.6000 -2.5000 2.1000
4.6000 -2.5000 2.2000
4.6000 -2.5000 2.3000
4.6000 -2.5000 2.4000
4.6000 -2.5000 2.5000
4.6000 -2.5000 2.6000
4.6000 -2.5000 2.7000
4.6000 -2.5000 2.8000
4.6000 -2.5000 2.9000
4.6000 -2.5000 3.0000
4.6000 -2.5000 3.1000
4.6000 -2.5000 3.2000
4.6000 -2.5000 3.3000
4.6000 -2.5000 3.4000
4.6000 -2.5000 3.5000
4.6000 2.5000 0.0000
4.6000 2.5000 0.1000
4.6000 2.5000 0.2000
4.6000 2.5000 0.3000
4.6000 2.5000 0.4000
4.6000 2.5000 0.5000
4.6000 2.5000 0.6000
4.6000 2.5000 0.7000
4.6000 2.5000 0.8000
4.6000 2.5000 0.9000
4.6000 2.5000 1.0000
4.6000 2.5000 1.1000
4.6000 2.5000 1.2000
4.6000 2.5000 1.3000
4.6000 2.5000 1.4000
4.6000 2.5000 1.5000
4.6000 2.5000 1.6000
4.6000 2.5000 1.7000
4.6000 2.5000 1.8000
4.6000 2.5000 1.9000
4.6000 2.5000 2.0000
4.6000 2.5000 2.1000
4.6000 2.5000 2.2000
4.6000 2.5000 2.3000
4.6000 2.5000 2.4000
4.6000 2.5000 2.5000
4.6000 2.5000 2.6000
4.6000 2.5000 2.7000
4.6000 2.5000 2.8000
4.6000 2.5000 2.9000
4.6000 2.5000 3.0000
4.6000 2.5000 3.1000
4.6000 2.5000 3.2000
4.6000 2.5000 3.3000
4.6000 2.5000 3.4000
4.6000 2.5000 3.5000
4.6000 2.6000 0.0000
4.6000 2.6000 3.5000
4.6000 2.7000 0.0000
4.6000 2.7000 0.1000
4.6000 2.7000 0.2000
4.6000 2.7000 0.3000
4.6000 2.7000 0.4000
4.6000 2.7000 0.5000
4.6000 2.7000 0.6000
4.6000 2.7000 0.7000
4.6000 2.7000 0.8000
4.6000 2.7000 0.9000
4.6000 2.7000 1.0000
4.6000 2.7000 1.1000
4.6000 2.7000 1.2000
4.6000 2.7000 1.3000
4.6000 2.7000 1.4000
4.6000 2.7000 1.5000
4.6000 2.7000 1.6000
4.6000 2.7000 1.7000
4.6000 2.7000 1.8000
4.6000 2.7000 1.9000
4.6000 2.7000 2.0000
4.6000 2.7000 2.1000
4.6000 2.7000 2.2000
4.6000 2.7000 2.3000
4.6000 2.7000 2.4000
4.6000 2.7000 2.5000
4.6000 2.7000 2.6000
4.6000 2.7000 2.7000
4.6000 2.7000 2.8000
4.6000 2.7000 2.9000
4.6000 2.7000 3.0000
4.6000 2.7000 3.1000
4.6000 2.7000 3.2000
4.6000 2.7000 3.3000
4.6000 2.7000 3.4000
4.6000 2.7000 3.5000
4.7000 -2.7000 0.0000
4.7000 -2.7000 0.1000
4.7000 -2.7000 0.2000
4.7000 -2.7000 0.3000
4.7000 -2.7000 0.4000
4.7000 -2.7000 0.5000
4.7000 -2.7000 0.6000
4.7000 -2.7000 0.7000
4.7000 -2.7000 0.8000
4.7000 -2.7000 0.9000
4.7000 -2.7000 1.0000
4.7000 -2.7000 1.1000
4.7000 -2.7000 1.2000
4.7000 -2.7000 1.3000
4.7000 -2.7000 1.4000
4.7000 -2.7000 1.5000
4.7000 -2.7000 1.6000
4.7000 -2.7000 1.7000
4.7000 -2.7000 1.8000
4.7000 -2.7000 1.9000
4.7000 -2.7000 2.0000
4.7000 -2.7000 2.1000
4.7000 -2.7000 2.2000
4.7000 -2.7000 2.3000
4.7000 -2.7000 2.4000
4.7000 -2.7000 2.5000
4.7000 -2.7000 2.6000
4.7000 -2.7000 2.7000
4.7000 -2.7000 2.8000
4.7000 -2.7000 2.9000
4.7000 -2.7000 3.0000
4.7000 -2.7000 3.1000
4.7000 -2.7000 3.2000
4.7000 -2.7000 3.3000
4.7000 -2.7000 3.4000
4.7000 -2.7000 3.5000
4.7000 -2.6000 0.0000
4.7000 -2.6000 3.5000
4.7000 -2.5000 0.0000
4.7000 -2.5000 0.1000
4.7000 -2.5000 0.2000
4.7000 -2.5000 0.3000
4.7000 -2.5000 0.4000
4.7000 -2.5000 0.5000
4.7000 -2.5000 0.6000
4.7000 -2.5000 0.7000
4.7000 -2.5000 0.8000
4.7000 -2.5000 0.9000
4.7000 -2.5000 1.0000
4.7000 -2.5000 1.1000
4.7000 -2.5000 1.2000
4.7000 -2.5000 1.3000
4.7000 -2.5000 1.4000
4.7000 -2.5000 1.5000
4.7000 -2.5000 1.6000
4.7000 -2.5000 1.7000
4.7000 -2.5000 1.8000
4.7000 -2.5000 1.9000
4.7000 -2.5000 2.0000
4.7000 -2.5000 2.1000
4.7000 -2.5000 2.2000
4.7000 -2.5000 2.3000
4.7000 -2.5000 2.4000
4.7000 -2.5000 2.5000
4.7000 -2.5000 2.6000
4.7000 -2.5000 2.7000
4.7000 -2.5000 2.8000
4.7000 -2.5000 2.9000
4.7000 -2.5000 3.0000
4.7000 -2.5000 3.1000
4.7000 -2.5000 3.2000
4.7000 -2.5000 3.3000
4.7000 -2.5000 3.4000
4.7000 -2.5000 3.5000
4.7000 2.5000 0.0000
4.7000 2.5000 0.1000
4.7000 2.5000 0.2000
4.7000 2.5000 0.3000
4.7000 2.5000 0.4000
4.7000 2.5000 0.5000
4.7000 2.5000 0.6000
4.7000 2.5000 0.7000
4.7000 2.5000 0.8000
4.7000 2.5000 0.9000
4.7000 2.5000 1.0000
4.7000 2.5000 1.1000
4.7000 2.5000 1.2000
4.7000 2.5000 1.3000
4.7000 2.5000 1.4000
4.7000 2.5000 1.5000
4.7000 2.5000 1.6000
4.7000 2.5000 1.7000
4.7000 2.5000 1.8000
4.7000 2.5000 1.9000
4.7000 2.5000 2.0000
4.7000 2.5000 2.1000
4.7000 2.5000 2.2000
4.7000 2.5000 2.3000
4.7000 2.5000 2.4000
4.7000 2.5000 2.5000
4.7000 2.5000 2.6000
4.7000 2.5000 2.7000
4.7000 2.5000 2.8000
4.7000 2.5000 2.9000
4.7000 2.5000 3.0000
4.7000 2.5000 3.1000
4.7000 2.5000 3.2000
4.7000 2.5000 3.3000
4.7000 2.5000 3.4000
4.7000 2.5000 3.5000
4.7000 2.6000 0.0000
4.7000 2.6000 3.5000
4.7000 2.7000 0.0000
4.7000 2.7000 0.1000
4.7000 2.7000 0.2000
4.7000 2.7000 0.3000
4.7000 2.7000 0.4000
4.7000 2.7000 0.5000
4.7000 2.7000 0.6000
4.7000 2.7000 0.7000
4.7000 2.7000 0.8000
4.7000 2.7000 0.9000
4.7000 2.7000 1.0000
4.7000 2.7000 1.1000
4.7000 2.7000 1.2000
4.7000 2.7000 1.3000
4.7000 2.7000 1.4000
4.7000 2.7000 1.5000
4.7000 2.7000 1.6000
4.7000 2.7000 1.7000
4.7000 2.7000 1.8000
4.7000 2.7000 1.9000
4.7000 2.7000 2.0000
4.7000 2.7000 2.1000
4.7000 2.7000 2.2000
4.7000 2.7000 2.3000
4.7000 2.7000 2.4000
4.7000 2.7000 2.5000
4.7000 2.7000 2.6000
4.7000 2.7000 2.7000
4.7000 2.7000 2.8000
4.7000 2.7000 2.9000
4.7000 2.7000 3.0000
4.7000 2.7000 3.1000
4.7000 2.7000 3.2000
4.7000 2.7000 3.3000
4.7000 2.7000 3.4000
4.7000 2.7000 3.5000
4.8000 -2.7000 0.0000
4.8000 -2.7000 0.1000
4.8000 -2.7000 0.2000
4.8000 -2.7000 0.3000
4.8000 -2.7000 0.4000
4.8000 -2.7000 0.5000
4.8000 -2.7000 0.6000
4.8000 -2.7000 0.7000
4.8000 -2.7000 0.8000
4.8000 -2.7000 0.9000
4.8000 -2.7000 1.0000
4.8000 -2.7000 1.1000
4.8000 -2.7000 1.2000
4.8000 -2.7000 1.3000
4.8000 -2.7000 1.4000
4.8000 -2.7000 1.5000
4.8000 -2.7000 1.6000
4.8000 -2.7000 1.7000
4.8000 -2.7000 1.8000
4.8000 -2.7000 1.9000
4.8000 -2.7000 2.0000
4.8000 -2.7000 2.1000
4.8000 -2.7000 2.2000
4.8000 -2.7000 2.3000
4.8000 -2.7000 2.4000
4.8000 -2.7000 2.5000
4.8000 -2.7000 2.6000
4.8000 -2.7000 2.7000
4.8000 -2.7000 2.8000
4.8000 -2.7000 2.9000
4.8000 -2.7000 3.0000
4.8000 -2.7000 3.1000
4.8000 -2.7000 3.2000
4.8000 -2.7000 3.3000
4.8000 -2.7000 3.4000
4.8000 -2.7000 3.5000
4.8000 -2.6000 0.0000
4.8000 -2.6000 3.5000
4.8000 -2.5000 0.0000
4.8000 -2.5000 0.1000
4.8000 -2.5000 0.2000
4.8000 -2.5000 0.3000
4.8000 -2.5000 0.4000
4.8000 -2.5000 0.5000
4.8000 -2.5000 0.6000
4.8000 -2.5000 0.7000
4.8000 -2.5000 0.8000
4.8000 -2.5000 0.9000
4.8000 -2.5000 1.0000
4.8000 -2.5000 1.1000
4.8000 -2.5000 1.2000
4.8000 -2.5000 1.3000
4.8000 -2.5000 1.4000
4.8000 -2.5000 1.5000
4.8000 -2.5000 1.6000
4.8000 -2.5000 1.7000
4.8000 -2.5000 1.8000
4.8000 -2.5000 1.9000
4.8000 -2.5000 2.0000
4.8000 -2.5000 2.1000
4.8000 -2.5000 2.2000
4.8000 -2.5000 2.3000
4.8000 -2.5000 2.4000
4.8000 -2.5000 2.5000
4.8000 -2.5000 2.6000
4.8000 -2.5000 2.7000
4.8000 -2.5000 2.8000
4.8000 -2.5000 2.9000
4.8000 -2.5000 3.0000
4.8000 -2.5000 3.1000
4.8000 -2.5000 3.2000
4.8000 -2.5000 3.3000
4.8000 -2.5000 3.4000
4.8000 -2.5000 3.5000
4.8000 2.5000 0.0000
4.8000 2.5000 0.1000
4.8000 2.5000 0.2000
4.8000 2.5000 0.3000
4.8000 2.5000 0.4000
4.8000 2.5000 0.5000
4.8000 2.5000 0.6000
4.8000 2.5000 0.7000
4.8000 2.5000 0.8000
4.8000 2.5000 0.9000
4.8000 2.5000 1.0000
4.8000 2.5000 1.1000
4.8000 2.5000 1.2000
4.8000 2.5000 1.3000
4.8000 2.5000 1.4000
4.8000 2.5000 1.5000
4.8000 2.5000 1.6000
4.8000 2.5000 1.7000
4.8000 2.5000 1.8000
4.8000 2.5000 1.9000
4.8000 2.5000 2.0000
4.8000 2.5000 2.1000
4.8000 2.5000 2.2000
4.8000 2.5000 2.3000
4.8000 2.5000 2.4000
4.8000 2.5000 2.5000
4.8000 2.5000 2.6000
4.8000 2.5000 2.7000
4.8000 2.5000 2.8000
4.8000 2.5000 2.9000
4.8000 2.5000 3.0000
4.8000 2.5000 3.1000
4.8000 2.5000 3.2000
4.8000 2.5000 3.3000
4.8000 2.5000 3.4000
4.8000 2.5000 3.5000
4.8000 2.6000 0.0000
4.8000 2.6000 3.5000
4.8000 2.7000 0.0000
4.8000 2.7000 0.1000
4.8000 2.7000 0.2000
4.8000 2.7000 0.3000
4.8000 2.7000 0.4000
4.8000 2.7000 0.5000
4.8000 2.7000 0.6000
4.8000 2.7000 0.7000
4.8000 2.7000 0.8000
4.8000 2.7000 0.9000
4.8000 2.7000 1.0000
4.8000 2.7000 1.1000
4.8000 2.7000 1.2000
4.8000 2.7000 1.3000
4.8000 2.7000 1.4000
4.8000 2.7000 1.5000
4.8000 2.7000 1.6000
4.8000 2.7000 1.7000
4.8000 2.7000 1.8000
4.8000 2.7000 1.9000
4.8000 2.7000 2.0000
4.8000 2.7000 2.1000
4.8000 2.7000 2.2000
4.8000 2.7000 2.3000
4.8000 2.7000 2.4000
4.8000 2.7000 2.5000
4.8000 2.7000 2.6000
4.8000 2.7000 2.7000
4.8000 2.7000 2.8000
4.8000 2.7000 2.9000
4.8000 2.7000 3.0000
4.8000 2.7000 3.1000
4.8000 2.7000 3.2000
4.8000 2.7000 3.3000
4.8000 2.7000 3.4000
4.8000 2.7000 3.5000
4.9000 -2.7000 0.0000
4.9000 -2.7000 0.1000
4.9000 -2.7000 0.2000
4.9000 -2.7000 0.3000
4.9000 -2.7000 0.4000
4.9000 -2.7000 0.5000
4.9000 -2.7000 0.6000
4.9000 -2.7000 0.7000
4.9000 -2.7000 0.8000
4.9000 -2.7000 0.9000
4.9000 -2.7000 1.0000
4.9000 -2.7000 1.1000
4.9000 -2.7000 1.2000
4.9000 -2.7000 1.3000
4.9000 -2.7000 1.4000
4.9000 -2.7000 1.5000
4.9000 -2.7000 1.6000
4.9000 -2.7000 1.7000
4.9000 -2.7000 1.8000
4.9000 -2.7000 1.9000
4.9000 -2.7000 2.0000
4.9000 -2.7000 2.1000
4.9000 -2.7000 2.2000
4.9000 -2.7000 2.3000
4.9000 -2.7000 2.4000
4.9000 -2.7000 2.5000
4.9000 -2.7000 2.6000
4.9000 -2.7000 2.7000
4.9000 -2.7000 2.8000
4.9000 -2.7000 2.9000
4.9000 -2.7000 3.0000
4.9000 -2.7000 3.1000
4.9000 -2.7000 3.2000
4.9000 -2.7000 3.3000
4.9000 -2.7000 3.4000
4.9000 -2.7000 3.5000
4.9000 -2.6000 0.0000
4.9000 -2.6000 3.5000
4.9000 -2.5000 0.0000
4.9000 -2.5000 0.1000
4.9000 -2.5000 0.2000
4.9000 -2.5000 0.3000
4.9000 -2.5000 0.4000
4.9000 -2.5000 0.5000
4.9000 -2.5000 0.6000
4.9000 -2.5000 0.7000
4.9000 -2.5000 0.8000
4.9000 -2.5000 0.9000
4.9000 -2.5000 1.0000
4.9000 -2.5000 1.1000
4.9000 -2.5000 1.2000
4.9000 -2.5000 1.3000
4.9000 -2.5000 1.4000
4.9000 -2.5000 1.5000
4.9000 -2.5000 1.6000
4.9000 -2.5000 1.7000
4.9000 -2.5000 1.8000
4.9000 -2.5000 1.9000
4.9000 -2.5000 2.0000
4.9000 -2.5000 2.1000
4.9000 -2.5000 2.2000
4.9000 -2.5000 2.3000
4.9000 -2.5000 2.4000
4.9000 -2.5000 2.5000
4.9000 -2.5000 2.6000
4.9000 -2.5000 2.7000
4.9000 -2.5000 2.8000
4.9000 -2.5000 2.9000
4.9000 -2.5000 3.0000
4.9000 -2.5000 3.1000
4.9000 -2.5000 3.2000
4.9000 -2.5000 3.3000
4.9000 -2.5000 3.4000
4.9000 -2.5000 3.5000
4.9000 2.5000 0.0000
4.9000 2.5000 0.1000
4.9000 2.5000 0.2000
4.9000 2.5000 0.3000
4.9000 2.5000 0.4000
4.9000 2.5000 0.5000
4.9000 2.5000 0.6000
4.9000 2.5000 0.7000
4.9000 2.5000 0.8000
4.9000 2.5000 0.9000
4.9000 2.5000 1.0000
4.9000 2.5000 1.1000
4.9000 2.5000 1.2000
4.9000 2.5000 1.3000
4.9000 2.5000 1.4000
4.9000 2.5000 1.5000
4.9000 2.5000 1.6000
4.9000 2.5000 1.7000
4.9000 2.5000 1.8000
4.9000 2.5000 1.9000
4.9000 2.5000 2.0000
4.9000 2.5000 2.1000
4.9000 2.5000 2.2000
4.9000 2.5000 2.3000
4.9000 2.5000 2.4000
4.9000 2.5000 2.5000
4.9000 2.5000 2.6000
4.9000 2.5000 2.7000
4.9000 2.5000 2.8000
4.9000 2.5000 2.9000
4.9000 2.5000 3.0000
4.9000 2.5000 3.1000
4.9000 2.5000 3.2000
4.9000 2.5000 3.3000
4.9000 2.5000 3.4000
4.9000 2.5000 3.5000
4.9000 2.6000 0.0000
4.9000 2.6000 3.5000
4.9000 2.7000 0.0000
4.9000 2.7000 0.1000
4.9000 2.7000 0.2000
4.9000 2.7000 0.3000
4.9000 2.7000 0.4000
4.9000 2.7000 0.5000
4.9000 2.7000 0.6000
4.9000 2.7000 0.7000
4.9000 2.7000 0.8000
4.9000 2.7000 0.9000
4.9000 2.7000 1.0000
4.9000 2.7000 1.1000
4.9000 2.7000 1.2000
4.9000 2.7000 1.3000
4.9000 2.7000 1.4000
4.9000 2.7000 1.5000
4.9000 2.7000 1.6000
4.9000 2.7000 1.7000
4.9000 2.7000 1.8000
4.9000 2.7000 1.9000
4.9000 2.7000 2.0000
4.9000 2.7000 2.1000
4.9000 2.7000 2.2000
4.9000 2.7000 2.3000
4.9000 2.7000 2.4000
4.9000 2.7000 2.5000
4.9000 2.7000 2.6000
4.9000 2.7000 2.7000
4.9000 2.7000 2.8000
4.9000 2.7000 2.9000
4.9000 2.7000 3.0000
4.9000 2.7000 3.1000
4.9000 2.7000 3.2000
4.9000 2.7000 3.3000
4.9000 2.7000 3.4000
4.9000 2.7000 3.5000
5.0000 -2.7000 0.0000
5.0000 -2.7000 0.1000
5.0000 -2.7000 0.2000
5.0000 -2.7000 0.3000
5.0000 -2.7000 0.4000
5.0000 -2.7000 0.5000
5.0000 -2.7000 0.6000
5.0000 -2.7000 0.7000
5.0000 -2.7000 0.8000
5.0000 -2.7000 0.9000
5.0000 -2.7000 1.0000
5.0000 -2.7000 1.1000
5.0000 -2.7000 1.2000
5.0000 -2.7000 1.3000
5.0000 -2.7000 1.4000
5.0000 -2.7000 1.5000
5.0000 -2.7000 1.6000
5.0000 -2.7000 1.7000
5.0000 -2.7000 1.8000
5.0000 -2.7000 1.9000
5.0000 -2.7000 2.0000
5.0000 -2.7000 2.1000
5.0000 -2.7000 2.2000
5.0000 -2.7000 2.3000
5.0000 -2.7000 2.4000
5.0000 -2.7000 2.5000
5.0000 -2.7000 2.6000
5.0000 -2.7000 2.7000
5.0000 -2.7000 2.8000
5.0000 -2.7000 2.9000
5.0000 -2.7000 3.0000
5.0000 -2.7000 3.1000
5.0000 -2.7000 3.2000
5.0000 -2.7000 3.3000
5.0000 -2.7000 3.4000
5.0000 -2.7000 3.5000
5.0000 -2.6000 0.0000
5.0000 -2.6000 0.1000
5.0000 -2.6000 0.2000
5.0000 -2.6000 0.3000
5.0000 -2.6000 0.4000
5.0000 -2.6000 0.5000
5.0000 -2.6000 0.6000
5.0000 -2.6000 0.7000
5.0000 -2.6000 0.8000
5.0000 -2.6000 0.9000
5.0000 -2.6000 1.0000
5.0000 -2.6000 1.1000
5.0000 -2.6000 1.2000
5.0000 -2.6000 1.3000
5.0000 -2.6000 1.4000
5.0000 -2.6000 1.5000
5.0000 -2.6000 1.6000
5.0000 -2.6000 1.7000
5.0000 -2.6000 1.8000
5.0000 -2.6000 1.9000
5.0000 -2.6000 2.0000
5.0000 -2.6000 2.1000
5.0000 -2.6000 2.2000
5.0000 -2.6000 2.3000
5.0000 -2.6000 2.4000
5.0000 -2.6000 2.5000
5.0000 -2.6000 2.6000
5.0000 -2.6000 2.7000
5.0000 -2.6000 2.8000
5.0000 -2.6000 2.9000
5.0000 -2.6000 3.0000
5.0000 -2.6000 3.1000
5.0000 -2.6000 3.2000
5.0000 -2.6000 3.3000
5.0000 -2.6000 3.4000
5.0000 -2.6000 3.5000
5.0000 -2.5000 0.0000
5.0000 -2.5000 0.1000
5.0000 -2.5000 0.2000
5.0000 -2.5000 0.3000
5.0000 -2.5000 0.4000
5.0000 -2.5000 0.5000
5.0000 -2.5000 0.6000
5.0000 -2.5000 0.7000
5.0000 -2.5000 0.8000
5.0000 -2.5000 0.9000
5.0000 -2.5000 1.0000
5.0000 -2.5000 1.1000
5.0000 -2.5000 1.2000
5.0000 -2.5000 1.3000
5.0000 -2.5000 1.4000
5.0000 -2.5000 1.5000
5.0000 -2.5000 1.6000
5.0000 -2.5000 1.7000
5.0000 -2.5000 1.8000
5.0000 -2.5000 1.9000
5.0000 -2.5000 2.0000
5.0000 -2.5000 2.1000
5.0000 -2.5000 2.2000
5.0000 -2.5000 2.3000
5.0000 -2.5000 2.4000
5.0000 -2.5000 2.5000
5.0000 -2.5000 2.6000
5.0000 -2.5000 2.7000
5.0000 -2.5000 2.8000
5.0000 -2.5000 2.9000
5.0000 -2.5000 3.0000
5.0000 -2.5000 3.1000
5.0000 -2.5000 3.2000
5.0000 -2.5000 3.3000
5.0000 -2.5000 3.4000
5.0000 -2.5000 3.5000
5.0000 -2.4000 0.0000
5.0000 -2.4000 0.1000
5.0000 -2.4000 0.2000
5.0000 -2.4000 0.3000
5.0000 -2.4000 0.4000
5.0000 -2.4000 0.5000
5.0000 -2.4000 0.6000
5.0000 -2.4000 0.7000
5.0000 -2.4000 0.8000
5.0000 -2.4000 0.9000
5.0000 -2.4000 1.0000
5.0000 -2.4000 1.1000
5.0000 -2.4000 1.2000
5.0000 -2.4000 1.3000
5.0000 -2.4000 1.4000
5.0000 -2.4000 1.5000
5.0000 -2.4000 1.6000
5.0000 -2.4000 1.7000
5.0000 -2.4000 1.8000
5.0000 -2.4000 1.9000
5.0000 -2.4000 2.0000
5.0000 -2.4000 2.1000
5.0000 -2.4000 2.2000
5.0000 -2.4000 2.3000
5.0000 -2.4000 2.4000
5.0000 -2.4000 2.5000
5.0000 -2.4000 2.6000
5.0000 -2.4000 2.7000
5.0000 -2.4000 2.8000
5.0000 -2.4000 2.9000
5.0000 -2.4000 3.0000
5.0000 -2.4000 3.1000
5.0000 -2.4000 3.2000
5.0000 -2.4000 3.3000
5.0000 -2.4000 3.4000
5.0000 -2.4000 3.5000
5.0000 -2.3000 0.0000
5.0000 -2.3000 0.1000
5.0000 -2.3000 0.2000
5.0000 -2.3000 0.3000
5.0000 -2.3000 0.4000
5.0000 -2.3000 0.5000
5.0000 -2.3000 0.6000
5.0000 -2.3000 0.7000
5.0000 -2.3000 0.8000
5.0000 -2.3000 0.9000
5.0000 -2.3000 1.0000
5.0000 -2.3000 1.1000
5.0000 -2.3000 1.2000
5.0000 -2.3000 1.3000
5.0000 -2.3000 1.4000
5.0000 -2.3000 1.5000
5.0000 -2.3000 1.6000
5.0000 -2.3000 1.7000
5.0000 -2.3000 1.8000
5.0000 -2.3000 1.9000
5.0000 -2.3000 2.0000
5.0000 -2.3000 2.1000
5.0000 -2.3000 2.2000
5.0000 -2.3000 2.3000
5.0000 -2.3000 2.4000
5.0000 -2.3000 2.5000
5.0000 -2.3000 2.6000
5.0000 -2.3000 2.7000
5.0000 -2.3000 2.8000
5.0000 -2.3000 2.9000
5.0000 -2.3000 3.0000
5.0000 -2.3000 3.1000
5.0000 -2.3000 3.2000
5.0000 -2.3000 3.3000
5.0000 -2.3000 3.4000
5.0000 -2.3000 3.5000
5.0000 -2.2000 0.0000
5.0000 -2.2000 0.1000
5.0000 -2.2000 0.2000
5.0000 -2.2000 0.3000
5.0000 -2.2000 0.4000
5.0000 -2.2000 0.5000
5.0000 -2.2000 0.6000
5.0000 -2.2000 0.7000
5.0000 -2.2000 0.8000
5.0000 -2.2000 0.9000
5.0000 -2.2000 1.0000
5.0000 -2.2000 1.1000
5.0000 -2.2000 1.2000
5.0000 -2.2000 1.3000
5.0000 -2.2000 1.4000
5.0000 -2.2000 1.5000
5.0000 -2.2000 1.6000
5.0000 -2.2000 1.7000
5.0000 -2.2000 1.8000
5.0000 -2.2000 1.9000
5.0000 -2.2000 2.0000
5.0000 -2.2000 2.1000
5.0000 -2.2000 2.2000
5.0000 -2.2000 2.3000
5.0000 -2.2000 2.4000
5.0000 -2.2000 2.5000
5.0000 -2.2000 2.6000
5.0000 -2.2000 2.7000
5.0000 -2.2000 2.8000
5.0000 -2.2000 2.9000
5.0000 -2.2000 3.0000
5.0000 -2.2000 3.1000
5.0000 -2.2000 3.2000
5.0000 -2.2000 3.3000
5.0000 -2.2000 3.4000
5.0000 -2.2000 3.5000
5.0000 -2.1000 0.0000
5.0000 -2.1000 0.1000
5.0000 -2.1000 0.2000
5.0000 -2.1000 0.3000
5.0000 -2.1000 0.4000
5.0000 -2.1000 0.5000
5.0000 -2.1000 0.6000
5.0000 -2.1000 0.7000
5.0000 -2.1000 0.8000
5.0000 -2.1000 0.9000
5.0000 -2.1000 1.0000
5.0000 -2.1000 1.1000
5.0000 -2.1000 1.2000
5.0000 -2.1000 1.3000
5.0000 -2.1000 1.4000
5.0000 -2.1000 1.5000
5.0000 -2.1000 1.6000
5.0000 -2.1000 1.7000
5.0000 -2.1000 1.8000
5.0000 -2.1000 1.9000
5.0000 -2.1000 2.0000
5.0000 -2.1000 2.1000
5.0000 -2.1000 2.2000
5.0000 -2.1000 2.3000
5.0000 -2.1000 2.4000
5.0000 -2.1000 2.5000
5.0000 -2.1000 2.6000
5.0000 -2.1000 2.7000
5.0000 -2.1000 2.8000
5.0000 -2.1000 2.9000
5.0000 -2.1000 3.0000
5.0000 -2.1000 3.1000
5.0000 -2.1000 3.2000
5.0000 -2.1000 3.3000
5.0000 -2.1000 3.4000
5.0000 -2.1000 3.5000
5.0000 -2.0000 0.0000
5.0000 -2.0000 0.1000
5.0000 -2.0000 0.2000
5.0000 -2.0000 0.3000
5.0000 -2.0000 0.4000
5.0000 -2.0000 0.5000
5.0000 -2.0000 0.6000
5.0000 -2.0000 0.7000
5.0000 -2.0000 0.8000
5.0000 -2.0000 0.9000
5.0000 -2.0000 1.0000
5.0000 -2.0000 1.1000
5.0000 -2.0000 1.2000
5.0000 -2.0000 1.3000
5.0000 -2.0000 1.4000
5.0000 -2.0000 1.5000
5.0000 -2.0000 1.6000
5.0000 -2.0000 1.7000
5.0000 -2.0000 1.8000
5.0000 -2.0000 1.9000
5.0000 -2.0000 2.0000
5.0000 -2.0000 2.1000
5.0000 -2.0000 2.2000
5.0000 -2.0000 2.3000
5.0000 -2.0000 2.4000
5.0000 -2.0000 2.5000
5.0000 -2.0000 2.6000
5.0000 -2.0000 2.7000
5.0000 -2.0000 2.8000
5.0000 -2.0000 2.9000
5.0000 -2.0000 3.0000
5.0000 -2.0000 3.1000
5.0000 -2.0000 3.2000
5.0000 -2.0000 3.3000
5.0000 -2.0000 3.4000
5.0000 -2.0000 3.5000
5.0000 -1.9000 0.0000
5.0000 -1.9000 0.1000
5.0000 -1.9000 0.2000
5.0000 -1.9000 0.3000
5.0000 -1.9000 0.4000
5.0000 -1.9000 0.5000
5.0000 -1.9000 0.6000
5.0000 -1.9000 0.7000
5.0000 -1.9000 0.8000
5.0000 -1.9000 0.9000
5.0000 -1.9000 1.0000
5.0000 -1.9000 1.1000
5.0000 -1.9000 1.2000
5.0000 -1.9000 1.3000
5.0000 -1.9000 1.4000
5.0000 -1.9000 1.5000
5.0000 -1.9000 1.6000
5.0000 -1.9000 1.7000
5.0000 -1.9000 1.8000
5.0000 -1.9000 1.9000
5.0000 -1.9000 2.0000
5.0000 -1.9000 2.1000
5.0000 -1.9000 2.2000
5.0000 -1.9000 2.3000
5.0000 -1.9000 2.4000
5.0000 -1.9000 2.5000
5.0000 -1.9000 2.6000
5.0000 -1.9000 2.7000
5.0000 -1.9000 2.8000
5.0000 -1.9000 2.9000
5.0000 -1.9000 3.0000
5.0000 -1.9000 3.1000
5.0000 -1.9000 3.2000
5.0000 -1.9000 3.3000
5.0000 -1.9000 3.4000
5.0000 -1.9000 3.5000
5.0000 -1.8000 0.0000
5.0000 -1.8000 0.1000
5.0000 -1.8000 0.2000
5.0000 -1.8000 0.3000
5.0000 -1.8000 0.4000
5.0000 -1.8000 0.5000
5.0000 -1.8000 0.6000
5.0000 -1.8000 0.7000
5.0000 -1.8000 0.8000
5.0000 -1.8000 0.9000
5.0000 -1.8000 1.0000
5.0000 -1.8000 1.1000
5.0000 -1.8000 1.2000
5.0000 -1.8000 1.3000
5.0000 -1.8000 1.4000
5.0000 -1.8000 1.5000
5.0000 -1.8000 1.6000
5.0000 -1.8000 1.7000
5.0000 -1.8000 1.8000
5.0000 -1.8000 1.9000
5.0000 -1.8000 2.0000
5.0000 -1.8000 2.1000
5.0000 -1.8000 2.2000
5.0000 -1.8000 2.3000
5.0000 -1.8000 2.4000
5.0000 -1.8000 2.5000
5.0000 -1.8000 2.6000
5.0000 -1.8000 2.7000
5.0000 -1.8000 2.8000
5.0000 -1.8000 2.9000
5.0000 -1.8000 3.0000
5.0000 -1.8000 3.1000
5.0000 -1.8000 3.2000
5.0000 -1.8000 3.3000
5.0000 -1.8000 3.4000
5.0000 -1.8000 3.5000
5.0000 -1.7000 0.0000
5.0000 -1.7000 0.1000
5.0000 -1.7000 0.2000
5.0000 -1.7000 0.3000
5.0000 -1.7000 0.4000
5.0000 -1.7000 0.5000
5.0000 -1.7000 0.6000
5.0000 -1.7000 0.7000
5.0000 -1.7000 0.8000
5.0000 -1.7000 0.9000
5.0000 -1.7000 1.0000
5.0000 -1.7000 1.1000
5.0000 -1.7000 1.2000
5.0000 -1.7000 1.3000
5.0000 -1.7000 1.4000
5.0000 -1.7000 1.5000
5.0000 -1.7000 1.6000
5.0000 -1.7000 1.7000
5.0000 -1.7000 1.8000
5.0000 -1.7000 1.9000
5.0000 -1.7000 2.0000
5.0000 -1.7000 2.1000
5.0000 -1.7000 2.2000
5.0000 -1.7000 2.3000
5.0000 -1.7000 2.4000
5.0000 -1.7000 2.5000
5.0000 -1.7000 2.6000
5.0000 -1.7000 2.7000
5.0000 -1.7000 2.8000
5.0000 -1.7000 2.9000
5.0000 -1.7000 3.0000
5.0000 -1.7000 3.1000
5.0000 -1.7000 3.2000
5.0000 -1.7000 3.3000
5.0000 -1.7000 3.4000
5.0000 -1.7000 3.5000
5.0000 -1.6000 0.0000
5.0000 -1.6000 0.1000
5.0000 -1.6000 0.2000
5.0000 -1.6000 0.3000
5.0000 -1.6000 0.4000
5.0000 -1.6000 0.5000
5.0000 -1.6000 0.6000
5.0000 -1.6000 0.7000
5.0000 -1.6000 0.8000
5.0000 -1.6000 0.9000
5.0000 -1.6000 1.0000
5.0000 -1.6000 1.1000
5.0000 -1.6000 1.2000
5.0000 -1.6000 1.3000
5.0000 -1.6000 1.4000
5.0000 -1.6000 1.5000
5.0000 -1.6000 1.6000
5.0000 -1.6000 1.7000
5.0000 -1.6000 1.8000
5.0000 -1.6000 1.9000
5.0000 -1.6000 2.0000
5.0000 -1.6000 2.1000
5.0000 -1.6000 2.2000
5.0000 -1.6000 2.3000
5.0000 -1.6000 2.4000
5.0000 -1.6000 2.5000
5.0000 -1.6000 2.6000
5.0000 -1.6000 2.7000
5.0000 -1.6000 2.8000
5.0000 -1.6000 2.9000
5.0000 -1.6000 3.0000
5.0000 -1.6000 3.1000
5.0000 -1.6000 3.2000
5.0000 -1.6000 3.3000
5.0000 -1.6000 3.4000
5.0000 -1.6000 3.5000
5.0000 -1.5000 0.0000
5.0000 -1.5000 0.1000
5.0000 -1.5000 0.2000
5.0000 -1.5000 0.3000
5.0000 -1.5000 0.4000
5.0000 -1.5000 0.5000
5.0000 -1.5000 0.6000
5.0000 -1.5000 0.7000
5.0000 -1.5000 0.8000
5.0000 -1.5000 0.9000
5.0000 -1.5000 1.0000
5.0000 -1.5000 1.1000
5.0000 -1.5000 1.2000
5.0000 -1.5000 1.3000
5.0000 -1.5000 1.4000
5.0000 -1.5000 1.5000
5.0000 -1.5000 1.6000
5.0000 -1.5000 1.7000
5.0000 -1.5000 1.8000
5.0000 -1.5000 1.9000
5.0000 -1.5000 2.0000
5.0000 -1.5000 2.1000
5.0000 -1.5000 2.2000
5.0000 -1.5000 2.3000
5.0000 -1.5000 2.4000
5.0000 -1.5000 2.5000
5.0000 -1.5000 2.6000
5.0000 -1.5000 2.7000
5.0000 -1.5000 2.8000
5.0000 -1.5000 2.9000
5.0000 -1.5000 3.0000
5.0000 -1.5000 3.1000
5.0000 -1.5000 3.2000
5.0000 -1.5000 3.3000
5.0000 -1.5000 3.4000
5.0000 -1.5000 3.5000
5.0000 -1.4000 0.0000
5.0000 -1.4000 0.1000
5.0000 -1.4000 0.2000
5.0000 -1.4000 0.3000
5.0000 -1.4000 0.4000
5.0000 -1.4000 0.5000
5.0000 -1.4000 0.6000
5.0000 -1.4000 0.7000
5.0000 -1.4000 0.8000
5.0000 -1.4000 0.9000
5.0000 -1.4000 1.0000
5.0000 -1.4000 1.1000
5.0000 -1.4000 1.2000
5.0000 -1.4000 1.3000
5.0000 -1.4000 1.4000
5.0000 -1.4000 1.5000
5.0000 -1.4000 1.6000
5.0000 -1.4000 1.7000
5.0000 -1.4000 1.8000
5.0000 -1.4000 1.9000
5.0000 -1.4000 2.0000
5.0000 -1.4000 2.1000
5.0000 -1.4000 2.2000
5.0000 -1.4000 2.3000
5.0000 -1.4000 2.4000
5.0000 -1.4000 2.5000
5.0000 -1.4000 2.6000
5.0000 -1.4000 2.7000
5.0000 -1.4000 2.8000
5.0000 -1.4000 2.9000
5.0000 -1.4000 3.0000
5.0000 -1.4000 3.1000
5.0000 -1.4000 3.2000
5.0000 -1.4000 3.3000
5.0000 -1.4000 3.4000
5.0000 -1.4000 3.5000
5.0000 -1.3000 0.0000
5.0000 -1.3000 0.1000
5.0000 -1.3000 0.2000
5.0000 -1.3000 0.3000
5.0000 -1.3000 0.4000
5.0000 -1.3000 0.5000
5.0000 -1.3000 0.6000
5.0000 -1.3000 0.7000
5.0000 -1.3000 0.8000
5.0000 -1.3000 0.9000
5.0000 -1.3000 1.0000
5.0000 -1.3000 1.1000
5.0000 -1.3000 1.2000
5.0000 -1.3000 1.3000
5.0000 -1.3000 1.4000
5.0000 -1.3000 1.5000
5.0000 -1.3000 1.6000
5.0000 -1.3000 1.7000
5.0000 -1.3000 1.8000
5.0000 -1.3000 1.9000
5.0000 -1.3000 2.0000
5.0000 -1.3000 2.1000
5.0000 -1.3000 2.2000
5.0000 -1.3000 2.3000
5.0000 -1.3000 2.4000
5.0000 -1.3000 2.5000
5.0000 -1.3000 2.6000
5.0000 -1.3000 2.7000
5.0000 -1.3000 2.8000
5.0000 -1.3000 2.9000
5.0000 -1.3000 3.0000
5.0000 -1.3000 3.1000
5.0000 -1.3000 3.2000
5.0000 -1.3000 3.3000
5.0000 -1.3000 3.4000
5.0000 -1.3000 3.5000
5.0000 -1.2000 0.0000
5.0000 -1.2000 0.1000
5.0000 -1.2000 0.2000
5.0000 -1.2000 0.3000
5.0000 -1.2000 0.4000
5.0000 -1.2000 0.5000
5.0000 -1.2000 0.6000
5.0000 -1.2000 0.7000
5.0000 -1.2000 0.8000
5.0000 -1.2000 0.9000
5.0000 -1.2000 1.0000
5.0000 -1.2000 1.1000
5.0000 -1.2000 1.2000
5.0000 -1.2000 1.3000
5.0000 -1.2000 1.4000
5.0000 -1.2000 1.5000
5.0000 -1.2000 1.6000
5.0000 -1.2000 1.7000
5.0000 -1.2000 1.8000
5.0000 -1.2000 1.9000
5.0000 -1.2000 2.0000
5.0000 -1.2000 2.1000
5.0000 -1.2000 2.2000
5.0000 -1.2000 2.3000
5.0000 -1.2000 2.4000
5.0000 -1.2000 2.5000
5.0000 -1.2000 2.6000
5.0000 -1.2000 2.7000
5.0000 -1.2000 2.8000
5.0000 -1.2000 2.9000
5.0000 -1.2000 3.0000
5.0000 -1.2000 3.1000
5.0000 -1.2000 3.2000
5.0000 -1.2000 3.3000
5.0000 -1.2000 3.4000
5.0000 -1.2000 3.5000
5.0000 -1.1000 0.0000
5.0000 -1.1000 0.1000
5.0000 -1.1000 0.2000
5.0000 -1.1000 0.3000
5.0000 -1.1000 0.4000
5.0000 -1.1000 0.5000
5.0000 -1.1000 0.6000
5.0000 -1.1000 0.7000
5.0000 -1.1000 0.8000
5.0000 -1.1000 0.9000
5.0000 -1.1000 1.0000
5.0000 -1.1000 1.1000
5.0000 -1.1000 1.2000
5.0000 -1.1000 1.3000
5.0000 -1.1000 1.4000
5.0000 -1.1000 1.5000
5.0000 -1.1000 1.6000
5.0000 -1.1000 1.7000
5.0000 -1.1000 1.8000
5.0000 -1.1000 1.9000
5.0000 -1.1000 2.0000
5.0000 -1.1000 2.1000
5.0000 -1.1000 2.2000
5.0000 -1.1000 2.3000
5.0000 -1.1000 2.4000
5.0000 -1.1000 2.5000
5.0000 -1.1000 2.6000
5.0000 -1.1000 2.7000
5.0000 -1.1000 2.8000
5.0000 -1.1000 2.9000
5.0000 -1.1000 3.0000
5.0000 -1.1000 3.1000
5.0000 -1.1000 3.2000
5.0000 -1.1000 3.3000
5.0000 -1.1000 3.4000
5.0000 -1.1000 3.5000
5.0000 -1.0000 0.0000
5.0000 -1.0000 0.1000
5.0000 -1.0000 0.2000
5.0000 -1.0000 0.3000
5.0000 -1.0000 0.4000
5.0000 -1.0000 0.5000
5.0000 -1.0000 0.6000
5.0000 -1.0000 0.7000
5.0000 -1.0000 0.8000
5.0000 -1.0000 0.9000
5.0000 -1.0000 1.0000
5.0000 -1.0000 1.1000
5.0000 -1.0000 1.2000
5.0000 -1.0000 1.3000
5.0000 -1.0000 1.4000
5.0000 -1.0000 1.5000
5.0000 -1.0000 1.6000
5.0000 -1.0000 1.7000
5.0000 -1.0000 1.8000
5.0000 -1.0000 1.9000
5.0000 -1.0000 2.0000
5.0000 -1.0000 2.1000
5.0000 -1.0000 2.2000
5.0000 -1.0000 2.3000
5.0000 -1.0000 2.4000
5.0000 -1.0000 2.5000
5.0000 -1.0000 2.6000
5.0000 -1.0000 2.7000
5.0000 -1.0000 2.8000
5.0000 -1.0000 2.9000
5.0000 -1.0000 3.0000
5.0000 -1.0000 3.1000
5.0000 -1.0000 3.2000
5.0000 -1.0000 3.3000
5.0000 -1.0000 3.4000
5.0000 -1.0000 3.5000
5.0000 -0.9000 0.0000
5.0000 -0.9000 0.1000
5.0000 -0.9000 0.2000
5.0000 -0.9000 0.3000
5.0000 -0.9000 0.4000
5.0000 -0.9000 0.5000
5.0000 -0.9000 0.6000
5.0000 -0.9000 0.7000
5.0000 -0.9000 0.8000
5.0000 -0.9000 0.9000
5.0000 -0.9000 1.0000
5.0000 -0.9000 1.1000
5.0000 -0.9000 1.2000
5.0000 -0.9000 1.3000
5.0000 -0.9000 1.4000
5.0000 -0.9000 1.5000
5.0000 -0.9000 1.6000
5.0000 -0.9000 1.7000
5.0000 -0.9000 1.8000
5.0000 -0.9000 1.9000
5.0000 -0.9000 2.0000
5.0000 -0.9000 2.1000
5.0000 -0.9000 2.2000
5.0000 -0.9000 2.3000
5.0000 -0.9000 2.4000
5.0000 -0.9000 2.5000
5.0000 -0.9000 2.6000
5.0000 -0.9000 2.7000
5.0000 -0.9000 2.8000
5.0000 -0.9000 2.9000
5.0000 -0.9000 3.0000
5.0000 -0.9000 3.1000
5.0000 -0.9000 3.2000
5.0000 -0.9000 3.3000
5.0000 -0.9000 3.4000
5.0000 -0.9000 3.5000
5.0000 -0.8000 0.0000
5.0000 -0.8000 0.1000
5.0000 -0.8000 0.2000
5.0000 -0.8000 0.3000
5.0000 -0.8000 0.4000
5.0000 -0.8000 0.5000
5.0000 -0.8000 0.6000
5.0000 -0.8000 0.7000
5.0000 -0.8000 0.8000
5.0000 -0.8000 0.9000
5.0000 -0.8000 1.0000
5.0000 -0.8000 1.1000
5.0000 -0.8000 1.2000
5.0000 -0.8000 1.3000
5.0000 -0.8000 1.4000
5.0000 -0.8000 1.5000
5.0000 -0.8000 1.6000
5.0000 -0.8000 1.7000
5.0000 -0.8000 1.8000
5.0000 -0.8000 1.9000
5.0000 -0.8000 2.0000
5.0000 -0.8000 2.1000
5.0000 -0.8000 2.2000
5.0000 -0.8000 2.3000
5.0000 -0.8000 2.4000
5.0000 -0.8000 2.5000
5.0000 -0.8000 2.6000
5.0000 -0.8000 2.7000
5.0000 -0.8000 2.8000
5.0000 -0.8000 2.9000
5.0000 -0.8000 3.0000
5.0000 -0.8000 3.1000
5.0000 -0.8000 3.2000
5.0000 -0.8000 3.3000
5.0000 -0.8000 3.4000
5.0000 -0.8000 3.5000
5.0000 -0.7000 0.0000
5.0000 -0.7000 0.1000
5.0000 -0.7000 0.2000
5.0000 -0.7000 0.3000
5.0000 -0.7000 0.4000
5.0000 -0.7000 0.5000
5.0000 -0.7000 0.6000
5.0000 -0.7000 0.7000
5.0000 -0.7000 0.8000
5.0000 -0.7000 0.9000
5.0000 -0.7000 1.0000
5.0000 -0.7000 1.1000
5.0000 -0.7000 1.2000
5.0000 -0.7000 1.3000
5.0000 -0.7000 1.4000
5.0000 -0.7000 1.5000
5.0000 -0.7000 1.6000
5.0000 -0.7000 1.7000
5.0000 -0.7000 1.8000
5.0000 -0.7000 1.9000
5.0000 -0.7000 2.0000
5.0000 -0.7000 2.1000
5.0000 -0.7000 2.2000
5.0000 -0.7000 2.3000
5.0000 -0.7000 2.4000
5.0000 -0.7000 2.5000
5.0000 -0.7000 2.6000
5.0000 -0.7000 2.7000
5.0000 -0.7000 2.8000
5.0000 -0.7000 2.9000
5.0000 -0.7000 3.0000
5.0000 -0.7000 3.1000
5.0000 -0.7000 3.2000
5.0000 -0.7000 3.3000
5.0000 -0.7000 3.4000
5.0000 -0.7000 3.5000
5.0000 -0.6000 0.0000
5.0000 -0.6000 0.1000
5.0000 -0.6000 0.2000
5.0000 -0.6000 0.3000
5.0000 -0.6000 0.4000
5.0000 -0.6000 0.5000
5.0000 -0.6000 0.6000
5.0000 -0.6000 0.7000
5.0000 -0.6000 0.8000
5.0000 -0.6000 0.9000
5.0000 -0.6000 1.0000
5.0000 -0.6000 1.1000
5.0000 -0.6000 1.2000
5.0000 -0.6000 1.3000
5.0000 -0.6000 1.4000
5.0000 -0.6000 1.5000
5.0000 -0.6000 1.6000
5.0000 -0.6000 1.7000
5.0000 -0.6000 1.8000
5.0000 -0.6000 1.9000
5.0000 -0.6000 2.0000
5.0000 -0.6000 2.1000
5.0000 -0.6000 2.2000
5.0000 -0.6000 2.3000
5.0000 -0.6000 2.4000
5.0000 -0.6000 2.5000
5.0000 -0.6000 2.6000
5.0000 -0.6000 2.7000
5.0000 -0.6000 2.8000
5.0000 -0.6000 2.9000
5.0000 -0.6000 3.0000
5.0000 -0.6000 3.1000
5.0000 -0.6000 3.2000
5.0000 -0.6000 3.3000
5.0000 -0.6000 3.4000
5.0000 -0.6000 3.5000
5.0000 -0.5000 0.0000
5.0000 -0.5000 0.1000
5.0000 -0.5000 0.2000
5.0000 -0.5000 0.3000
5.0000 -0.5000 0.4000
5.0000 -0.5000 0.5000
5.0000 -0.5000 0.6000
5.0000 -0.5000 0.7000
5.0000 -0.5000 0.8000
5.0000 -0.5000 0.9000
5.0000 -0.5000 1.0000
5.0000 -0.5000 1.1000
5.0000 -0.5000 1.2000
5.0000 -0.5000 1.3000
5.0000 -0.5000 1.4000
5.0000 -0.5000 1.5000
5.0000 -0.5000 1.6000
5.0000 -0.5000 1.7000
5.0000 -0.5000 1.8000
5.0000 -0.5000 1.9000
5.0000 -0.5000 2.0000
5.0000 -0.5000 2.1000
5.0000 -0.5000 2.2000
5.0000 -0.5000 2.3000
5.0000 -0.5000 2.4000
5.0000 -0.5000 2.5000
5.0000 -0.5000 2.6000
5.0000 -0.5000 2.7000
5.0000 -0.5000 2.8000
5.0000 -0.5000 2.9000
5.0000 -0.5000 3.0000
5.0000 -0.5000 3.1000
5.0000 -0.5000 3.2000
5.0000 -0.5000 3.3000
5.0000 -0.5000 3.4000
5.0000 -0.5000 3.5000
5.0000 -0.4000 0.0000
5.0000 -0.4000 0.1000
5.0000 -0.4000 0.2000
5.0000 -0.4000 0.3000
5.0000 -0.4000 0.4000
5.0000 -0.4000 0.5000
5.0000 -0.4000 0.6000
5.0000 -0.4000 0.7000
5.0000 -0.4000 0.8000
5.0000 -0.4000 0.9000
5.0000 -0.4000 1.0000
5.0000 -0.4000 1.1000
5.0000 -0.4000 1.2000
5.0000 -0.4000 1.3000
5.0000 -0.4000 1.4000
5.0000 -0.4000 1.5000
5.0000 -0.4000 1.6000
5.0000 -0.4000 1.7000
5.0000 -0.4000 1.8000
5.0000 -0.4000 1.9000
5.0000 -0.4000 2.0000
5.0000 -0.4000 2.1000
5.0000 -0.4000 2.2000
5.0000 -0.4000 2.3000
5.0000 -0.4000 2.4000
5.0000 -0.4000 2.5000
5.0000 -0.4000 2.6000
5.0000 -0.4000 2.7000
5.0000 -0.4000 2.8000
5.0000 -0.4000 2.9000
5.0000 -0.4000 3.0000
5.0000 -0.4000 3.1000
5.0000 -0.4000 3.2000
5.0000 -0.4000 3.3000
5.0000 -0.4000 3.4000
5.0000 -0.4000 3.5000
5.0000 -0.3000 0.0000
5.0000 -0.3000 0.1000
5.0000 -0.3000 0.2000
5.0000 -0.3000 0.3000
5.0000 -0.3000 0.4000
5.0000 -0.3000 0.5000
5.0000 -0.3000 0.6000
5.0000 -0.3000 0.7000
5.0000 -0.3000 0.8000
5.0000 -0.3000 0.9000
5.0000 -0.3000 1.0000
5.0000 -0.3000 1.1000
5.0000 -0.3000 1.2000
5.0000 -0.3000 1.3000
5.0000 -0.3000 1.4000
5.0000 -0.3000 1.5000
5.0000 -0.3000 1.6000
5.0000 -0.3000 1.7000
5.0000 -0.3000 1.8000
5.0000 -0.3000 1.9000
5.0000 -0.3000 2.0000
5.0000 -0.3000 2.1000
5.0000 -0.3000 2.2000
5.0000 -0.3000 2.3000
5.0000 -0.3000 2.4000
5.0000 -0.3000 2.5000
5.0000 -0.3000 2.6000
5.0000 -0.3000 2.7000
5.0000 -0.3000 2.8000
5.0000 -0.3000 2.9000
5.0000 -0.3000 3.0000
5.0000 -0.3000 3.1000
5.0000 -0.3000 3.2000
5.0000 -0.3000 3.3000
5.0000 -0.3000 3.4000
5.0000 -0.3000 3.5000
5.0000 -0.2000 0.0000
5.0000 -0.2000 0.1000
5.0000 -0.2000 0.2000
5.0000 -0.2000 0.3000
5.0000 -0.2000 0.4000
5.0000 -0.2000 0.5000
5.0000 -0.2000 0.6000
5.0000 -0.2000 0.7000
5.0000 -0.2000 0.8000
5.0000 -0.2000 0.9000
5.0000 -0.2000 1.0000
5.0000 -0.2000 1.1000
5.0000 -0.2000 1.2000
5.0000 -0.2000 1.3000
5.0000 -0.2000 1.4000
5.0000 -0.2000 1.5000
5.0000 -0.2000 1.6000
5.0000 -0.2000 1.7000
5.0000 -0.2000 1.8000
5.0000 -0.2000 1.9000
5.0000 -0.2000 2.0000
5.0000 -0.2000 2.1000
5.0000 -0.2000 2.2000
5.0000 -0.2000 2.3000
5.0000 -0.2000 2.4000
5.0000 -0.2000 2.5000
5.0000 -0.2000 2.6000
5.0000 -0.2000 2.7000
5.0000 -0.2000 2.8000
5.0000 -0.2000 2.9000
5.0000 -0.2000 3.0000
5.0000 -0.2000 3.1000
5.0000 -0.2000 3.2000
5.0000 -0.2000 3.3000
5.0000 -0.2000 3.4000
5.0000 -0.2000 3.5000
5.0000 -0.1000 0.0000
5.0000 -0.1000 0.1000
5.0000 -0.1000 0.2000
5.0000 -0.1000 0.3000
5.0000 -0.1000 0.4000
5.0000 -0.1000 0.5000
5.0000 -0.1000 0.6000
5.0000 -0.1000 0.7000
5.0000 -0.1000 0.8000
5.0000 -0.1000 0.9000
5.0000 -0.1000 1.0000
5.0000 -0.1000 1.1000
5.0000 -0.1000 1.2000
5.0000 -0.1000 1.3000
5.0000 -0.1000 1.4000
5.0000 -0.1000 1.5000
5.0000 -0.1000 1.6000
5.0000 -0.1000 1.7000
5.0000 -0.1000 1.8000
5.0000 -0.1000 1.9000
5.0000 -0.1000 2.0000
5.0000 -0.1000 2.1000
5.0000 -0.1000 2.2000
5.0000 -0.1000 2.3000
5.0000 -0.1000 2.4000
5.0000 -0.1000 2.5000
5.0000 -0.1000 2.6000
5.0000 -0.1000 2.7000
5.0000 -0.1000 2.8000
5.0000 -0.1000 2.9000
5.0000 -0.1000 3.0000
5.0000 -0.1000 3.1000
5.0000 -0.1000 3.2000
5.0000 -0.1000 3.3000
5.0000 -0.1000 3.4000
5.0000 -0.1000 3.5000
5.0000 0.0000 0.0000
5.0000 0.0000 0.1000
5.0000 0.0000 0.2000
5.0000 0.0000 0.3000
5.0000 0.0000 0.4000
5.0000 0.0000 0.5000
5.0000 0.0000 0.6000
5.0000 0.0000 0.7000
5.0000 0.0000 0.8000
5.0000 0.0000 0.9000
5.0000 0.0000 1.0000
5.0000 0.0000 1.1000
5.0000 0.0000 1.2000
5.0000 0.0000 1.3000
5.0000 0.0000 1.4000
5.0000 0.0000 1.5000
5.0000 0.0000 1.6000
5.0000 0.0000 1.7000
5.0000 0.0000 1.8000
5.0000 0.0000 1.9000
5.0000 0.0000 2.0000
5.0000 0.0000 2.1000
5.0000 0.0000 2.2000
5.0000 0.0000 2.3000
5.0000 0.0000 2.4000
5.0000 0.0000 2.5000
5.0000 0.0000 2.6000
5.0000 0.0000 2.7000
5.0000 0.0000 2.8000
5.0000 0.0000 2.9000
5.0000 0.0000 3.0000
5.0000 0.0000 3.1000
5.0000 0.0000 3.2000
5.0000 0.0000 3.3000
5.0000 0.0000 3.4000
5.0000 0.0000 3.5000
5.0000 0.1000 0.0000
5.0000 0.1000 0.1000
5.0000 0.1000 0.2000
5.0000 0.1000 0.3000
5.0000 0.1000 0.4000
5.0000 0.1000 0.5000
5.0000 0.1000 0.6000
5.0000 0.1000 0.7000
5.0000 0.1000 0.8000
5.0000 0.1000 0.9000
5.0000 0.1000 1.0000
5.0000 0.1000 1.1000
5.0000 0.1000 1.2000
5.0000 0.1000 1.3000
5.0000 0.1000 1.4000
5.0000 0.1000 1.5000
5.0000 0.1000 1.6000
5.0000 0.1000 1.7000
5.0000 0.1000 1.8000
5.0000 0.1000 1.9000
5.0000 0.1000 2.0000
5.0000 0.1000 2.1000
5.0000 0.1000 2.2000
5.0000 0.1000 2.3000
5.0000 0.1000 2.4000
5.0000 0.1000 2.5000
5.0000 0.1000 2.6000
5.0000 0.1000 2.7000
5.0000 0.1000 2.8000
5.0000 0.1000 2.9000
5.0000 0.1000 3.0000
5.0000 0.1000 3.1000
5.0000 0.1000 3.2000
5.0000 0.1000 3.3000
5.0000 0.1000 3.4000
5.0000 0.1000 3.5000
5.0000 0.2000 0.0000
5.0000 0.2000 0.1000
5.0000 0.2000 0.2000
5.0000 0.2000 0.3000
5.0000 0.2000 0.4000
5.0000 0.2000 0.5000
5.0000 0.2000 0.6000
5.0000 0.2000 0.7000
5.0000 0.2000 0.8000
5.0000 0.2000 0.9000
5.0000 0.2000 1.0000
5.0000 0.2000 1.1000
5.0000 0.2000 1.2000
5.0000 0.2000 1.3000
5.0000 0.2000 1.4000
5.0000 0.2000 1.5000
5.0000 0.2000 1.6000
5.0000 0.2000 1.7000
5.0000 0.2000 1.8000
5.0000 0.2000 1.9000
5.0000 0.2000 2.0000
5.0000 0.2000 2.1000
5.0000 0.2000 2.2000
5.0000 0.2000 2.3000
5.0000 0.2000 2.4000
5.0000 0.2000 2.5000
5.0000 0.2000 2.6000
5.0000 0.2000 2.7000
5.0000 0.2000 2.8000
5.0000 0.2000 2.9000
5.0000 0.2000 3.0000
5.0000 0.2000 3.1000
5.0000 0.2000 3.2000
5.0000 0.2000 3.3000
5.0000 0.2000 3.4000
5.0000 0.2000 3.5000
5.0000 0.3000 0.0000
5.0000 0.3000 0.1000
5.0000 0.3000 0.2000
5.0000 0.3000 0.3000
5.0000 0.3000 0.4000
5.0000 0.3000 0.5000
5.0000 0.3000 0.6000
5.0000 0.3000 0.7000
5.0000 0.3000 0.8000
5.0000 0.3000 0.9000
5.0000 0.3000 1.0000
5.0000 0.3000 1.1000
5.0000 0.3000 1.2000
5.0000 0.3000 1.3000
5.0000 0.3000 1.4000
5.0000 0.3000 1.5000
5.0000 0.3000 1.6000
5.0000 0.3000 1.7000
5.0000 0.3000 1.8000
5.0000 0.3000 1.9000
5.0000 0.3000 2.0000
5.0000 0.3000 2.1000
5.0000 0.3000 2.2000
5.0000 0.3000 2.3000
5.0000 0.3000 2.4000
5.0000 0.3000 2.5000
5.0000 0.3000 2.6000
5.0000 0.3000 2.7000
5.0000 0.3000 2.8000
5.0000 0.3000 2.9000
5.0000 0.3000 3.0000
5.0000 0.3000 3.1000
5.0000 0.3000 3.2000
5.0000 0.3000 3.3000
5.0000 0.3000 3.4000
5.0000 0.3000 3.5000
5.0000 0.4000 0.0000
5.0000 0.4000 0.1000
5.0000 0.4000 0.2000
5.0000 0.4000 0.3000
5.0000 0.4000 0.4000
5.0000 0.4000 0.5000
5.0000 0.4000 0.6000
5.0000 0.4000 0.7000
5.0000 0.4000 0.8000
5.0000 0.4000 0.9000
5.0000 0.4000 1.0000
5.0000 0.4000 1.1000
5.0000 0.4000 1.2000
5.0000 0.4000 1.3000
5.0000 0.4000 1.4000
5.0000 0.4000 1.5000
5.0000 0.4000 1.6000
5.0000 0.4000 1.7000
5.0000 0.4000 1.8000
5.0000 0.4000 1.9000
5.0000 0.4000 2.0000
5.0000 0.4000 2.1000
5.0000 0.4000 2.2000
5.0000 0.4000 2.3000
5.0000 0.4000 2.4000
5.0000 0.4000 2.5000
5.0000 0.4000 2.6000
5.0000 0.4000 2.7000
5.0000 0.4000 2.8000
5.0000 0.4000 2.9000
5.0000 0.4000 3.0000
5.0000 0.4000 3.1000
5.0000 0.4000 3.2000
5.0000 0.4000 3.3000
5.0000 0.4000 3.4000
5.0000 0.4000 3.5000
5.0000 0.5000 0.0000
5.0000 0.5000 0.1000
5.0000 0.5000 0.2000
5.0000 0.5000 0.3000
5.0000 0.5000 0.4000
5.0000 0.5000 0.5000
5.0000 0.5000 0.6000
5.0000 0.5000 0.7000
5.0000 0.5000 0.8000
5.0000 0.5000 0.9000
5.0000 0.5000 1.0000
5.0000 0.5000 1.1000
5.0000 0.5000 1.2000
5.0000 0.5000 1.3000
5.0000 0.5000 1.4000
5.0000 0.5000 1.5000
5.0000 0.5000 1.6000
5.0000 0.5000 1.7000
5.0000 0.5000 1.8000
5.0000 0.5000 1.9000
5.0000 0.5000 2.0000
5.0000 0.5000 2.1000
5.0000 0.5000 2.2000
5.0000 0.5000 2.3000
5.0000 0.5000 2.4000
5.0000 0.5000 2.5000
5.0000 0.5000 2.6000
5.0000 0.5000 2.7000
5.0000 0.5000 2.8000
5.0000 0.5000 2.9000
5.0000 0.5000 3.0000
5.0000 0.5000 3.1000
5.0000 0.5000 3.2000
5.0000 0.5000 3.3000
5.0000 0.5000 3.4000
5.0000 0.5000 3.5000
5.0000 0.6000 0.0000
5.0000 0.6000 0.1000
5.0000 0.6000 0.2000
5.0000 0.6000 0.3000
5.0000 0.6000 0.4000
5.0000 0.6000 0.5000
5.0000 0.6000 0.6000
5.0000 0.6000 0.7000
5.0000 0.6000 0.8000
5.0000 0.6000 0.9000
5.0000 0.6000 1.0000
5.0000 0.6000 1.1000
5.0000 0.6000 1.2000
5.0000 0.6000 1.3000
5.0000 0.6000 1.4000
5.0000 0.6000 1.5000
5.0000 0.6000 1.6000
5.0000 0.6000 1.7000
5.0000 0.6000 1.8000
5.0000 0.6000 1.9000
5.0000 0.6000 2.0000
5.0000 0.6000 2.1000
5.0000 0.6000 2.2000
5.0000 0.6000 2.3000
5.0000 0.6000 2.4000
5.0000 0.6000 2.5000
5.0000 0.6000 2.6000
5.0000 0.6000 2.7000
5.0000 0.6000 2.8000
5.0000 0.6000 2.9000
5.0000 0.6000 3.0000
5.0000 0.6000 3.1000
5.0000 0.6000 3.2000
5.0000 0.6000 3.3000
5.0000 0.6000 3.4000
5.0000 0.6000 3.5000
5.0000 0.7000 0.0000
5.0000 0.7000 0.1000
5.0000 0.7000 0.2000
5.0000 0.7000 0.3000
5.0000 0.7000 0.4000
5.0000 0.7000 0.5000
5.0000 0.7000 0.6000
5.0000 0.7000 0.7000
5.0000 0.7000 0.8000
5.0000 0.7000 0.9000
5.0000 0.7000 1.0000
5.0000 0.7000 1.1000
5.0000 0.7000 1.2000
5.0000 0.7000 1.3000
5.0000 0.7000 1.4000
5.0000 0.7000 1.5000
5.0000 0.7000 1.6000
5.0000 0.7000 1.7000
5.0000 0.7000 1.8000
5.0000 0.7000 1.9000
5.0000 0.7000 2.0000
5.0000 0.7000 2.1000
5.0000 0.7000 2.2000
5.0000 0.7000 2.3000
5.0000 0.7000 2.4000
5.0000 0.7000 2.5000
5.0000 0.7000 2.6000
5.0000 0.7000 2.7000
5.0000 0.7000 2.8000
5.0000 0.7000 2.9000
5.0000 0.7000 3.0000
5.0000 0.7000 3.1000
5.0000 0.7000 3.2000
5.0000 0.7000 3.3000
5.0000 0.7000 3.4000
5.0000 0.7000 3.5000
5.0000 0.8000 0.0000
5.0000 0.8000 0.1000
5.0000 0.8000 0.2000
5.0000 0.8000 0.3000
5.0000 0.8000 0.4000
5.0000 0.8000 0.5000
5.0000 0.8000 0.6000
5.0000 0.8000 0.7000
5.0000 0.8000 0.8000
5.0000 0.8000 0.9000
5.0000 0.8000 1.0000
5.0000 0.8000 1.1000
5.0000 0.8000 1.2000
5.0000 0.8000 1.3000
5.0000 0.8000 1.4000
5.0000 0.8000 1.5000
5.0000 0.8000 1.6000
5.0000 0.8000 1.7000
5.0000 0.8000 1.8000
5.0000 0.8000 1.9000
5.0000 0.8000 2.0000
5.0000 0.8000 2.1000
5.0000 0.8000 2.2000
5.0000 0.8000 2.3000
5.0000 0.8000 2.4000
5.0000 0.8000 2.5000
5.0000 0.8000 2.6000
5.0000 0.8000 2.7000
5.0000 0.8000 2.8000
5.0000 0.8000 2.9000
5.0000 0.8000 3.0000
5.0000 0.8000 3.1000
5.0000 0.8000 3.2000
5.0000 0.8000 3.3000
5.0000 0.8000 3.4000
5.0000 0.8000 3.5000
5.0000 0.9000 0.0000
5.0000 0.9000 0.1000
5.0000 0.9000 0.2000
5.0000 0.9000 0.3000
5.0000 0.9000 0.4000
5.0000 0.9000 0.5000
5.0000 0.9000 0.6000
5.0000 0.9000 0.7000
5.0000 0.9000 0.8000
5.0000 0.9000 0.9000
5.0000 0.9000 1.0000
5.0000 0.9000 1.1000
5.0000 0.9000 1.2000
5.0000 0.9000 1.3000
5.0000 0.9000 1.4000
5.0000 0.9000 1.5000
5.0000 0.9000 1.6000
5.0000 0.9000 1.7000
5.0000 0.9000 1.8000
5.0000 0.9000 1.9000
5.0000 0.9000 2.0000
5.0000 0.9000 2.1000
5.0000 0.9000 2.2000
5.0000 0.9000 2.3000
5.0000 0.9000 2.4000
5.0000 0.9000 2.5000
5.0000 0.9000 2.6000
5.0000 0.9000 2.7000
5.0000 0.9000 2.8000
5.0000 0.9000 2.9000
5.0000 0.9000 3.0000
5.0000 0.9000 3.1000
5.0000 0.9000 3.2000
5.0000 0.9000 3.3000
5.0000 0.9000 3.4000
5.0000 0.9000 3.5000
5.0000 1.0000 0.0000
5.0000 1.0000 0.1000
5.0000 1.0000 0.2000
5.0000 1.0000 0.3000
5.0000 1.0000 0.4000
5.0000 1.0000 0.5000
5.0000 1.0000 0.6000
5.0000 1.0000 0.7000
5.0000 1.0000 0.8000
5.0000 1.0000 0.9000
5.0000 1.0000 1.0000
5.0000 1.0000 1.1000
5.0000 1.0000 1.2000
5.0000 1.0000 1.3000
5.0000 1.0000 1.4000
5.0000 1.0000 1.5000
5.0000 1.0000 1.6000
5.0000 1.0000 1.7000
5.0000 1.0000 1.8000
5.0000 1.0000 1.9000
5.0000 1.0000 2.0000
5.0000 1.0000 2.1000
5.0000 1.0000 2.2000
5.0000 1.0000 2.3000
5.0000 1.0000 2.4000
5.0000 1.0000 2.5000
5.0000 1.0000 2.6000
5.0000 1.0000 2.7000
5.0000 1.0000 2.8000
5.0000 1.0000 2.9000
5.0000 1.0000 3.0000
5.0000 1.0000 3.1000
5.0000 1.0000 3.2000
5.0000 1.0000 3.3000
5.0000 1.0000 3.4000
5.0000 1.0000 3.5000
5.0000 1.1000 0.0000
5.0000 1.1000 0.1000
5.0000 1.1000 0.2000
5.0000 1.1000 0.3000
5.0000 1.1000 0.4000
5.0000 1.1000 0.5000
5.0000 1.1000 0.6000
5.0000 1.1000 0.7000
5.0000 1.1000 0.8000
5.0000 1.1000 0.9000
5.0000 1.1000 1.0000
5.0000 1.1000 1.1000
5.0000 1.1000 1.2000
5.0000 1.1000 1.3000
5.0000 1.1000 1.4000
5.0000 1.1000 1.5000
5.0000 1.1000 1.6000
5.0000 1.1000 1.7000
5.0000 1.1000 1.8000
5.0000 1.1000 1.9000
5.0000 1.1000 2.0000
5.0000 1.1000 2.1000
5.0000 1.1000 2.2000
5.0000 1.1000 2.3000
5.0000 1.1000 2.4000
5.0000 1.1000 2.5000
5.0000 1.1000 2.6000
5.0000 1.1000 2.7000
5.0000 1.1000 2.8000
5.0000 1.1000 2.9000
5.0000 1.1000 3.0000
5.0000 1.1000 3.1000
5.0000 1.1000 3.2000
5.0000 1.1000 3.3000
5.0000 1.1000 3.4000
5.0000 1.1000 3.5000
5.0000 1.2000 0.0000
5.0000 1.2000 0.1000
5.0000 1.2000 0.2000
5.0000 1.2000 0.3000
5.0000 1.2000 0.4000
5.0000 1.2000 0.5000
5.0000 1.2000 0.6000
5.0000 1.2000 0.7000
5.0000 1.2000 0.8000
5.0000 1.2000 0.9000
5.0000 1.2000 1.0000
5.0000 1.2000 1.1000
5.0000 1.2000 1.2000
5.0000 1.2000 1.3000
5.0000 1.2000 1.4000
5.0000 1.2000 1.5000
5.0000 1.2000 1.6000
5.0000 1.2000 1.7000
5.0000 1.2000 1.8000
5.0000 1.2000 1.9000
5.0000 1.2000 2.0000
5.0000 1.2000 2.1000
5.0000 1.2000 2.2000
5.0000 1.2000 2.3000
5.0000 1.2000 2.4000
5.0000 1.2000 2.5000
5.0000 1.2000 2.6000
5.0000 1.2000 2.7000
5.0000 1.2000 2.8000
5.0000 1.2000 2.9000
5.0000 1.2000 3.0000
5.0000 1.2000 3.1000
5.0000 1.2000 3.2000
5.0000 1.2000 3.3000
5.0000 1.2000 3.4000
5.0000 1.2000 3.5000
5.0000 1.3000 0.0000
5.0000 1.3000 0.1000
5.0000 1.3000 0.2000
5.0000 1.3000 0.3000
5.0000 1.3000 0.4000
5.0000 1.3000 0.5000
5.0000 1.3000 0.6000
5.0000 1.3000 0.7000
5.0000 1.3000 0.8000
5.0000 1.3000 0.9000
5.0000 1.3000 1.0000
5.0000 1.3000 1.1000
5.0000 1.3000 1.2000
5.0000 1.3000 1.3000
5.0000 1.3000 1.4000
5.0000 1.3000 1.5000
5.0000 1.3000 1.6000
5.0000 1.3000 1.7000
5.0000 1.3000 1.8000
5.0000 1.3000 1.9000
5.0000 1.3000 2.0000
5.0000 1.3000 2.1000
5.0000 1.3000 2.2000
5.0000 1.3000 2.3000
5.0000 1.3000 2.4000
5.0000 1.3000 2.5000
5.0000 1.3000 2.6000
5.0000 1.3000 2.7000
5.0000 1.3000 2.8000
5.0000 1.3000 2.9000
5.0000 1.3000 3.0000
5.0000 1.3000 3.1000
5.0000 1.3000 3.2000
5.0000 1.3000 3.3000
5.0000 1.3000 3.4000
5.0000 1.3000 3.5000
5.0000 1.4000 0.0000
5.0000 1.4000 0.1000
5.0000 1.4000 0.2000
5.0000 1.4000 0.3000
5.0000 1.4000 0.4000
5.0000 1.4000 0.5000
5.0000 1.4000 0.6000
5.0000 1.4000 0.7000
5.0000 1.4000 0.8000
5.0000 1.4000 0.9000
5.0000 1.4000 1.0000
5.0000 1.4000 1.1000
5.0000 1.4000 1.2000
5.0000 1.4000 1.3000
5.0000 1.4000 1.4000
5.0000 1.4000 1.5000
5.0000 1.4000 1.6000
5.0000 1.4000 1.7000
5.0000 1.4000 1.8000
5.0000 1.4000 1.9000
5.0000 1.4000 2.0000
5.0000 1.4000 2.1000
5.0000 1.4000 2.2000
5.0000 1.4000 2.3000
5.0000 1.4000 2.4000
5.0000 1.4000 2.5000
5.0000 1.4000 2.6000
5.0000 1.4000 2.7000
5.0000 1.4000 2.8000
5.0000 1.4000 2.9000
5.0000 1.4000 3.0000
5.0000 1.4000 3.1000
5.0000 1.4000 3.2000
5.0000 1.4000 3.3000
5.0000 1.4000 3.4000
5.0000 1.4000 3.5000
5.0000 1.5000 0.0000
5.0000 1.5000 0.1000
5.0000 1.5000 0.2000
5.0000 1.5000 0.3000
5.0000 1.5000 0.4000
5.0000 1.5000 0.5000
5.0000 1.5000 0.6000
5.0000 1.5000 0.7000
5.0000 1.5000 0.8000
5.0000 1.5000 0.9000
5.0000 1.5000 1.0000
5.0000 1.5000 1.1000
5.0000 1.5000 1.2000
5.0000 1.5000 1.3000
5.0000 1.5000 1.4000
5.0000 1.5000 1.5000
5.0000 1.5000 1.6000
5.0000 1.5000 1.7000
5.0000 1.5000 1.8000
5.0000 1.5000 1.9000
5.0000 1.5000 2.0000
5.0000 1.5000 2.1000
5.0000 1.5000 2.2000
5.0000 1.5000 2.3000
5.0000 1.5000 2.4000
5.0000 1.5000 2.5000
5.0000 1.5000 2.6000
5.0000 1.5000 2.7000
5.0000 1.5000 2.8000
5.0000 1.5000 2.9000
5.0000 1.5000 3.0000
5.0000 1.5000 3.1000
5.0000 1.5000 3.2000
5.0000 1.5000 3.3000
5.0000 1.5000 3.4000
5.0000 1.5000 3.5000
5.0000 1.6000 0.0000
5.0000 1.6000 0.1000
5.0000 1.6000 0.2000
5.0000 1.6000 0.3000
5.0000 1.6000 0.4000
5.0000 1.6000 0.5000
5.0000 1.6000 0.6000
5.0000 1.6000 0.7000
5.0000 1.6000 0.8000
5.0000 1.6000 0.9000
5.0000 1.6000 1.0000
5.0000 1.6000 1.1000
5.0000 1.6000 1.2000
5.0000 1.6000 1.3000
5.0000 1.6000 1.4000
5.0000 1.6000 1.5000
5.0000 1.6000 1.6000
5.0000 1.6000 1.7000
5.0000 1.6000 1.8000
5.0000 1.6000 1.9000
5.0000 1.6000 2.0000
5.0000 1.6000 2.1000
5.0000 1.6000 2.2000
5.0000 1.6000 2.3000
5.0000 1.6000 2.4000
5.0000 1.6000 2.5000
5.0000 1.6000 2.6000
5.0000 1.6000 2.7000
5.0000 1.6000 2.8000
5.0000 1.6000 2.9000
5.0000 1.6000 3.0000
5.0000 1.6000 3.1000
5.0000 1.6000 3.2000
5.0000 1.6000 3.3000
5.0000 1.6000 3.4000
5.0000 1.6000 3.5000
5.0000 1.7000 0.0000
5.0000 1.7000 0.1000
5.0000 1.7000 0.2000
5.0000 1.7000 0.3000
5.0000 1.7000 0.4000
5.0000 1.7000 0.5000
5.0000 1.7000 0.6000
5.0000 1.7000 0.7000
5.0000 1.7000 0.8000
5.0000 1.7000 0.9000
5.0000 1.7000 1.0000
5.0000 1.7000 1.1000
5.0000 1.7000 1.2000
5.0000 1.7000 1.3000
5.0000 1.7000 1.4000
5.0000 1.7000 1.5000
5.0000 1.7000 1.6000
5.0000 1.7000 1.7000
5.0000 1.7000 1.8000
5.0000 1.7000 1.9000
5.0000 1.7000 2.0000
5.0000 1.7000 2.1000
5.0000 1.7000 2.2000
5.0000 1.7000 2.3000
5.0000 1.7000 2.4000
5.0000 1.7000 2.5000
5.0000 1.7000 2.6000
5.0000 1.7000 2.7000
5.0000 1.7000 2.8000
5.0000 1.7000 2.9000
5.0000 1.7000 3.0000
5.0000 1.7000 3.1000
5.0000 1.7000 3.2000
5.0000 1.7000 3.3000
5.0000 1.7000 3.4000
5.0000 1.7000 3.5000
5.0000 1.8000 0.0000
5.0000 1.8000 0.1000
5.0000 1.8000 0.2000
5.0000 1.8000 0.3000
5.0000 1.8000 0.4000
5.0000 1.8000 0.5000
5.0000 1.8000 0.6000
5.0000 1.8000 0.7000
5.0000 1.8000 0.8000
5.0000 1.8000 0.9000
5.0000 1.8000 1.0000
5.0000 1.8000 1.1000
5.0000 1.8000 1.2000
5.0000 1.8000 1.3000
5.0000 1.8000 1.4000
5.0000 1.8000 1.5000
5.0000 1.8000 1.6000
5.0000 1.8000 1.7000
5.0000 1.8000 1.8000
5.0000 1.8000 1.9000
5.0000 1.8000 2.0000
5.0000 1.8000 2.1000
5.0000 1.8000 2.2000
5.0000 1.8000 2.3000
5.0000 1.8000 2.4000
5.0000 1.8000 2.5000
5.0000 1.8000 2.6000
5.0000 1.8000 2.7000
5.0000 1.8000 2.8000
5.0000 1.8000 2.9000
5.0000 1.8000 3.0000
5.0000 1.8000 3.1000
5.0000 1.8000 3.2000
5.0000 1.8000 3.3000
5.0000 1.8000 3.4000
5.0000 1.8000 3.5000
5.0000 1.9000 0.0000
5.0000 1.9000 0.1000
5.0000 1.9000 0.2000
5.0000 1.9000 0.3000
5.0000 1.9000 0.4000
5.0000 1.9000 0.5000
5.0000 1.9000 0.6000
5.0000 1.9000 0.7000
5.0000 1.9000 0.8000
5.0000 1.9000 0.9000
5.0000 1.9000 1.0000
5.0000 1.9000 1.1000
5.0000 1.9000 1.2000
5.0000 1.9000 1.3000
5.0000 1.9000 1.4000
5.0000 1.9000 1.5000
5.0000 1.9000 1.6000
5.0000 1.9000 1.7000
5.0000 1.9000 1.8000
5.0000 1.9000 1.9000
5.0000 1.9000 2.0000
5.0000 1.9000 2.1000
5.0000 1.9000 2.2000
5.0000 1.9000 2.3000
5.0000 1.9000 2.4000
5.0000 1.9000 2.5000
5.0000 1.9000 2.6000
5.0000 1.9000 2.7000
5.0000 1.9000 2.8000
5.0000 1.9000 2.9000
5.0000 1.9000 3.0000
5.0000 1.9000 3.1000
5.0000 1.9000 3.2000
5.0000 1.9000 3.3000
5.0000 1.9000 3.4000
5.0000 1.9000 3.5000
5.0000 2.0000 0.0000
5.0000 2.0000 0.1000
5.0000 2.0000 0.2000
5.0000 2.0000 0.3000
5.0000 2.0000 0.4000
5.0000 2.0000 0.5000
5.0000 2.0000 0.6000
5.0000 2.0000 0.7000
5.0000 2.0000 0.8000
5.0000 2.0000 0.9000
5.0000 2.0000 1.0000
5.0000 2.0000 1.1000
5.0000 2.0000 1.2000
5.0000 2.0000 1.3000
5.0000 2.0000 1.4000
5.0000 2.0000 1.5000
5.0000 2.0000 1.6000
5.0000 2.0000 1.7000
5.0000 2.0000 1.8000
5.0000 2.0000 1.9000
5.0000 2.0000 2.0000
5.0000 2.0000 2.1000
5.0000 2.0000 2.2000
5.0000 2.0000 2.3000
5.0000 2.0000 2.4000
5.0000 2.0000 2.5000
5.0000 2.0000 2.6000
5.0000 2.0000 2.7000
5.0000 2.0000 2.8000
5.0000 2.0000 2.9000
5.0000 2.0000 3.0000
5.0000 2.0000 3.1000
5.0000 2.0000 3.2000
5.0000 2.0000 3.3000
5.0000 2.0000 3.4000
5.0000 2.0000 3.5000
5.0000 2.1000 0.0000
5.0000 2.1000 0.1000
5.0000 2.1000 0.2000
5.0000 2.1000 0.3000
5.0000 2.1000 0.4000
5.0000 2.1000 0.5000
5.0000 2.1000 0.6000
5.0000 2.1000 0.7000
5.0000 2.1000 0.8000
5.0000 2.1000 0.9000
5.0000 2.1000 1.0000
5.0000 2.1000 1.1000
5.0000 2.1000 1.2000
5.0000 2.1000 1.3000
5.0000 2.1000 1.4000
5.0000 2.1000 1.5000
5.0000 2.1000 1.6000
5.0000 2.1000 1.7000
5.0000 2.1000 1.8000
5.0000 2.1000 1.9000
5.0000 2.1000 2.0000
5.0000 2.1000 2.1000
5.0000 2.1000 2.2000
5.0000 2.1000 2.3000
5.0000 2.1000 2.4000
5.0000 2.1000 2.5000
5.0000 2.1000 2.6000
5.0000 2.1000 2.7000
5.0000 2.1000 2.8000
5.0000 2.1000 2.9000
5.0000 2.1000 3.0000
5.0000 2.1000 3.1000
5.0000 2.1000 3.2000
5.0000 2.1000 3.3000
5.0000 2.1000 3.4000
5.0000 2.1000 3.5000
5.0000 2.2000 0.0000
5.0000 2.2000 0.1000
5.0000 2.2000 0.2000
5.0000 2.2000 0.3000
5.0000 2.2000 0.4000
5.0000 2.2000 0.5000
5.0000 2.2000 0.6000
5.0000 2.2000 0.7000
5.0000 2.2000 0.8000
5.0000 2.2000 0.9000
5.0000 2.2000 1.0000
5.0000 2.2000 1.1000
5.0000 2.2000 1.2000
5.0000 2.2000 1.3000
5.0000 2.2000 1.4000
5.0000 2.2000 1.5000
5.0000 2.2000 1.6000
5.0000 2.2000 1.7000
5.0000 2.2000 1.8000
5.0000 2.2000 1.9000
5.0000 2.2000 2.0000
5.0000 2.2000 2.1000
5.0000 2.2000 2.2000
5.0000 2.2000 2.3000
5.0000 2.2000 2.4000
5.0000 2.2000 2.5000
5.0000 2.2000 2.6000
5.0000 2.2000 2.7000
5.0000 2.2000 2.8000
5.0000 2.2000 2.9000
5.0000 2.2000 3.0000
5.0000 2.2000 3.1000
5.0000 2.2000 3.2000
5.0000 2.2000 3.3000
5.0000 2.2000 3.4000
5.0000 2.2000 3.5000
5.0000 2.3000 0.0000
5.0000 2.3000 0.1000
5.0000 2.3000 0.2000
5.0000 2.3000 0.3000
5.0000 2.3000 0.4000
5.0000 2.3000 0.5000
5.0000 2.3000 0.6000
5.0000 2.3000 0.7000
5.0000 2.3000 0.8000
5.0000 2.3000 0.9000
5.0000 2.3000 1.0000
5.0000 2.3000 1.1000
5.0000 2.3000 1.2000
5.0000 2.3000 1.3000
5.0000 2.3000 1.4000
5.0000 2.3000 1.5000
5.0000 2.3000 1.6000
5.0000 2.3000 1.7000
5.0000 2.3000 1.8000
5.0000 2.3000 1.9000
5.0000 2.3000 2.0000
5.0000 2.3000 2.1000
5.0000 2.3000 2.2000
5.0000 2.3000 2.3000
5.0000 2.3000 2.4000
5.0000 2.3000 2.5000
5.0000 2.3000 2.6000
5.0000 2.3000 2.7000
5.0000 2.3000 2.8000
5.0000 2.3000 2.9000
5.0000 2.3000 3.0000
5.0000 2.3000 3.1000
5.0000 2.3000 3.2000
5.0000 2.3000 3.3000
5.0000 2.3000 3.4000
5.0000 2.3000 3.5000
5.0000 2.4000 0.0000
5.0000 2.4000 0.1000
5.0000 2.4000 0.2000
5.0000 2.4000 0.3000
5.0000 2.4000 0.4000
5.0000 2.4000 0.5000
5.0000 2.4000 0.6000
5.0000 2.4000 0.7000
5.0000 2.4000 0.8000
5.0000 2.4000 0.9000
5.0000 2.4000 1.0000
5.0000 2.4000 1.1000
5.0000 2.4000 1.2000
5.0000 2.4000 1.3000
5.0000 2.4000 1.4000
5.0000 2.4000 1.5000
5.0000 2.4000 1.6000
5.0000 2.4000 1.7000
5.0000 2.4000 1.8000
5.0000 2.4000 1.9000
5.0000 2.4000 2.0000
5.0000 2.4000 2.1000
5.0000 2.4000 2.2000
5.0000 2.4000 2.3000
5.0000 2.4000 2.4000
5.0000 2.4000 2.5000
5.0000 2.4000 2.6000
5.0000 2.4000 2.7000
5.0000 2.4000 2.8000
5.0000 2.4000 2.9000
5.0000 2.4000 3.0000
5.0000 2.4000 3.1000
5.0000 2.4000 3.2000
5.0000 2.4000 3.3000
5.0000 2.4000 3.4000
5.0000 2.4000 3.5000
5.0000 2.5000 0.0000
5.0000 2.5000 0.1000
5.0000 2.5000 0.2000
5.0000 2.5000 0.3000
5.0000 2.5000 0.4000
5.0000 2.5000 0.5000
5.0000 2.5000 0.6000
5.0000 2.5000 0.7000
5.0000 2.5000 0.8000
5.0000 2.5000 0.9000
5.0000 2.5000 1.0000
5.0000 2.5000 1.1000
5.0000 2.5000 1.2000
5.0000 2.5000 1.3000
5.0000 2.5000 1.4000
5.0000 2.5000 1.5000
5.0000 2.5000 1.6000
5.0000 2.5000 1.7000
5.0000 2.5000 1.8000
5.0000 2.5000 1.9000
5.0000 2.5000 2.0000
5.0000 2.5000 2.1000
5.0000 2.5000 2.2000
5.0000 2.5000 2.3000
5.0000 2.5000 2.4000
5.0000 2.5000 2.5000
5.0000 2.5000 2.6000
5.0000 2.5000 2.7000
5.0000 2.5000 2.8000
5.0000 2.5000 2.9000
5.0000 2.5000 3.0000
5.0000 2.5000 3.1000
5.0000 2.5000 3.2000
5.0000 2.5000 3.3000
5.0000 2.5000 3.4000
5.0000 2.5000 3.5000
5.0000 2.6000 0.0000
5.0000 2.6000 0.1000
5.0000 2.6000 0.2000
5.0000 2.6000 0.3000
5.0000 2.6000 0.4000
5.0000 2.6000 0.5000
5.0000 2.6000 0.6000
5.0000 2.6000 0.7000
5.0000 2.6000 0.8000
5.0000 2.6000 0.9000
5.0000 2.6000 1.0000
5.0000 2.6000 1.1000
5.0000 2.6000 1.2000
5.0000 2.6000 1.3000
5.0000 2.6000 1.4000
5.0000 2.6000 1.5000
5.0000 2.6000 1.6000
5.0000 2.6000 1.7000
5.0000 2.6000 1.8000
5.0000 2.6000 1.9000
5.0000 2.6000 2.0000
5.0000 2.6000 2.1000
5.0000 2.6000 2.2000
5.0000 2.6000 2.3000
5.0000 2.6000 2.4000
5.0000 2.6000 2.5000
5.0000 2.6000 2.6000
5.0000 2.6000 2.7000
5.0000 2.6000 2.8000
5.0000 2.6000 2.9000
5.0000 2.6000 3.0000
5.0000 2.6000 3.1000
5.0000 2.6000 3.2000
5.0000 2.6000 3.3000
5.0000 2.6000 3.4000
5.0000 2.6000 3.5000
5.0000 2.7000 0.0000
5.0000 2.7000 0.1000
5.0000 2.7000 0.2000
5.0000 2.7000 0.3000
5.0000 2.7000 0.4000
5.0000 2.7000 0.5000
5.0000 2.7000 0.6000
5.0000 2.7000 0.7000
5.0000 2.7000 0.8000
5.0000 2.7000 0.9000
5.0000 2.7000 1.0000
5.0000 2.7000 1.1000
5.0000 2.7000 1.2000
5.0000 2.7000 1.3000
5.0000 2.7000 1.4000
5.0000 2.7000 1.5000
5.0000 2.7000 1.6000
5.0000 2.7000 1.7000
5.0000 2.7000 1.8000
5.0000 2.7000 1.9000
5.0000 2.7000 2.0000
5.0000 2.7000 2.1000
5.0000 2.7000 2.2000
5.0000 2.7000 2.3000
5.0000 2.7000 2.4000
5.0000 2.7000 2.5000
5.0000 2.7000 2.6000
5.0000 2.7000 2.7000
5.0000 2.7000 2.8000
5.0000 2.7000 2.9000
5.0000 2.7000 3.0000
5.0000 2.7000 3.1000
5.0000 2.7000 3.2000
5.0000 2.7000 3.3000
5.0000 2.7000 3.4000
5.0000 2.7000 3.5000
5.1000 -2.7000 0.0000
5.1000 -2.7000 0.1000
5.1000 -2.7000 0.2000
5.1000 -2.7000 0.3000
5.1000 -2.7000 0.4000
5.1000 -2.7000 0.5000
5.1000 -2.7000 0.6000
5.1000 -2.7000 0.7000
5.1000 -2.7000 0.8000
5.1000 -2.7000 0.9000
5.1000 -2.7000 1.0000
5.1000 -2.7000 1.1000
5.1000 -2.7000 1.2000
5.1000 -2.7000 1.3000
5.1000 -2.7000 1.4000
5.1000 -2.7000 1.5000
5.1000 -2.7000 1.6000
5.1000 -2.7000 1.7000
5.1000 -2.7000 1.8000
5.1000 -2.7000 1.9000
5.1000 -2.7000 2.0000
5.1000 -2.7000 2.1000
5.1000 -2.7000 2.2000
5.1000 -2.7000 2.3000
5.1000 -2.7000 2.4000
5.1000 -2.7000 2.5000
5.1000 -2.7000 2.6000
5.1000 -2.7000 2.7000
5.1000 -2.7000 2.8000
5.1000 -2.7000 2.9000
5.1000 -2.7000 3.0000
5.1000 -2.7000 3.1000
5.1000 -2.7000 3.2000
5.1000 -2.7000 3.3000
5.1000 -2.7000 3.4000
5.1000 -2.7000 3.5000
5.1000 -2.6000 0.0000
5.1000 -2.6000 3.5000
5.1000 -2.5000 0.0000
5.1000 -2.5000 3.5000
5.1000 -2.4000 0.0000
5.1000 -2.4000 3.5000
5.1000 -2.3000 0.0000
5.1000 -2.3000 3.5000
5.1000 -2.2000 0.0000
5.1000 -2.2000 3.5000
5.1000 -2.1000 0.0000
5.1000 -2.1000 3.5000
5.1000 -2.0000 0.0000
5.1000 -2.0000 3.5000
5.1000 -1.9000 0.0000
5.1000 -1.9000 3.5000
5.1000 -1.8000 0.0000
5.1000 -1.8000 3.5000
5.1000 -1.7000 0.0000
5.1000 -1.7000 3.5000
5.1000 -1.6000 0.0000
5.1000 -1.6000 3.5000
5.1000 -1.5000 0.0000
5.1000 -1.5000 3.5000
5.1000 -1.4000 0.0000
5.1000 -1.4000 3.5000
5.1000 -1.3000 0.0000
5.1000 -1.3000 3.5000
5.1000 -1.2000 0.0000
5.1000 -1.2000 3.5000
5.1000 -1.1000 0.0000
5.1000 -1.1000 3.5000
5.1000 -1.0000 0.0000
5.1000 -1.0000 3.5000
5.1000 -0.9000 0.0000
5.1000 -0.9000 3.5000
5.1000 -0.8000 0.0000
5.1000 -0.8000 3.5000
5.1000 -0.7000 0.0000
5.1000 -0.7000 3.5000
5.1000 -0.6000 0.0000
5.1000 -0.6000 3.5000
5.1000 -0.5000 0.0000
5.1000 -0.5000 3.5000
5.1000 -0.4000 0.0000
5.1000 -0.4000 3.5000
5.1000 -0.3000 0.0000
5.1000 -0.3000 3.5000
5.1000 -0.2000 0.0000
5.1000 -0.2000 3.5000
5.1000 -0.1000 0.0000
5.1000 -0.1000 3.5000
5.1000 0.0000 0.0000
5.1000 0.0000 3.5000
5.1000 0.1000 0.0000
5.1000 0.1000 3.5000
5.1000 0.2000 0.0000
5.1000 0.2000 3.5000
5.1000 0.3000 0.0000
5.1000 0.3000 3.5000
5.1000 0.4000 0.0000
5.1000 0.4000 3.5000
5.1000 0.5000 0.0000
5.1000 0.5000 3.5000
5.1000 0.6000 0.0000
5.1000 0.6000 3.5000
5.1000 0.7000 0.0000
5.1000 0.7000 3.5000
5.1000 0.8000 0.0000
5.1000 0.8000 3.5000
5.1000 0.9000 0.0000
5.1000 0.9000 3.5000
5.1000 1.0000 0.0000
5.1000 1.0000 3.5000
5.1000 1.1000 0.0000
5.1000 1.1000 3.5000
5.1000 1.2000 0.0000
5.1000 1.2000 3.5000
5.1000 1.3000 0.0000
5.1000 1.3000 3.5000
5.1000 1.4000 0.0000
5.1000 1.4000 3.5000
5.1000 1.5000 0.0000
5.1000 1.5000 3.5000
5.1000 1.6000 0.0000
5.1000 1.6000 3.5000
5.1000 1.7000 0.0000
5.1000 1.7000 3.5000
5.1000 1.8000 0.0000
5.1000 1.8000 3.5000
5.1000 1.9000 0.0000
5.1000 1.9000 3.5000
5.1000 2.0000 0.0000
5.1000 2.0000 3.5000
5.1000 2.1000 0.0000
5.1000 2.1000 3.5000
5.1000 2.2000 0.0000
5.1000 2.2000 3.5000
5.1000 2.3000 0.0000
5.1000 2.3000 3.5000
5.1000 2.4000 0.0000
5.1000 2.4000 3.5000
5.1000 2.5000 0.0000
5.1000 2.5000 3.5000
5.1000 2.6000 0.0000
5.1000 2.6000 3.5000
5.1000 2.7000 0.0000
5.1000 2.7000 0.1000
5.1000 2.7000 0.2000
5.1000 2.7000 0.3000
5.1000 2.7000 0.4000
5.1000 2.7000 0.5000
5.1000 2.7000 0.6000
5.1000 2.7000 0.7000
5.1000 2.7000 0.8000
5.1000 2.7000 0.9000
5.1000 2.7000 1.0000
5.1000 2.7000 1.1000
5.1000 2.7000 1.2000
5.1000 2.7000 1.3000
5.1000 2.7000 1.4000
5.1000 2.7000 1.5000
5.1000 2.7000 1.6000
5.1000 2.7000 1.7000
5.1000 2.7000 1.8000
5.1000 2.7000 1.9000
5.1000 2.7000 2.0000
5.1000 2.7000 2.1000
5.1000 2.7000 2.2000
5.1000 2.7000 2.3000
5.1000 2.7000 2.4000
5.1000 2.7000 2.5000
5.1000 2.7000 2.6000
5.1000 2.7000 2.7000
5.1000 2.7000 2.8000
5.1000 2.7000 2.9000
5.1000 2.7000 3.0000
5.1000 2.7000 3.1000
5.1000 2.7000 3.2000
5.1000 2.7000 3.3000
5.1000 2.7000 3.4000
5.1000 2.7000 3.5000
5.2000 -2.7000 0.0000
5.2000 -2.7000 0.1000
5.2000 -2.7000 0.2000
5.2000 -2.7000 0.3000
5.2000 -2.7000 0.4000
5.2000 -2.7000 0.5000
5.2000 -2.7000 0.6000
5.2000 -2.7000 0.7000
5.2000 -2.7000 0.8000
5.2000 -2.7000 0.9000
5.2000 -2.7000 1.0000
5.2000 -2.7000 1.1000
5.2000 -2.7000 1.2000
5.2000 -2.7000 1.3000
5.2000 -2.7000 1.4000
5.2000 -2.7000 1.5000
5.2000 -2.7000 1.6000
5.2000 -2.7000 1.7000
5.2000 -2.7000 1.8000
5.2000 -2.7000 1.9000
5.2000 -2.7000 2.0000
5.2000 -2.7000 2.1000
5.2000 -2.7000 2.2000
5.2000 -2.7000 2.3000
5.2000 -2.7000 2.4000
5.2000 -2.7000 2.5000
5.2000 -2.7000 2.6000
5.2000 -2.7000 2.7000
5.2000 -2.7000 2.8000
5.2000 -2.7000 2.9000
5.2000 -2.7000 3.0000
5.2000 -2.7000 3.1000
5.2000 -2.7000 3.2000
5.2000 -2.7000 3.3000
5.2000 -2.7000 3.4000
5.2000 -2.7000 3.5000
5.2000 -2.6000 0.0000
5.2000 -2.6000 0.1000
5.2000 -2.6000 0.2000
5.2000 -2.6000 0.3000
5.2000 -2.6000 0.4000
5.2000 -2.6000 0.5000
5.2000 -2.6000 0.6000
5.2000 -2.6000 0.7000
5.2000 -2.6000 0.8000
5.2000 -2.6000 0.9000
5.2000 -2.6000 1.0000
5.2000 -2.6000 1.1000
5.2000 -2.6000 1.2000
5.2000 -2.6000 1.3000
5.2000 -2.6000 1.4000
5.2000 -2.6000 1.5000
5.2000 -2.6000 1.6000
5.2000 -2.6000 1.7000
5.2000 -2.6000 1.8000
5.2000 -2.6000 1.9000
5.2000 -2.6000 2.0000
5.2000 -2.6000 2.1000
5.2000 -2.6000 2.2000
5.2000 -2.6000 2.3000
5.2000 -2.6000 2.4000
5.2000 -2.6000 2.5000
5.2000 -2.6000 2.6000
5.2000 -2.6000 2.7000
5.2000 -2.6000 2.8000
5.2000 -2.6000 2.9000
5.2000 -2.6000 3.0000
5.2000 -2.6000 3.1000
5.2000 -2.6000 3.2000
5.2000 -2.6000 3.3000
5.2000 -2.6000 3.4000
5.2000 -2.6000 3.5000
5.2000 -2.5000 0.0000
5.2000 -2.5000 0.1000
5.2000 -2.5000 0.2000
5.2000 -2.5000 0.3000
5.2000 -2.5000 0.4000
5.2000 -2.5000 0.5000
5.2000 -2.5000 0.6000
5.2000 -2.5000 0.7000
5.2000 -2.5000 0.8000
5.2000 -2.5000 0.9000
5.2000 -2.5000 1.0000
5.2000 -2.5000 1.1000
5.2000 -2.5000 1.2000
5.2000 -2.5000 1.3000
5.2000 -2.5000 1.4000
5.2000 -2.5000 1.5000
5.2000 -2.5000 1.6000
5.2000 -2.5000 1.7000
5.2000 -2.5000 1.8000
5.2000 -2.5000 1.9000
5.2000 -2.5000 2.0000
5.2000 -2.5000 2.1000
5.2000 -2.5000 2.2000
5.2000 -2.5000 2.3000
5.2000 -2.5000 2.4000
5.2000 -2.5000 2.5000
5.2000 -2.5000 2.6000
5.2000 -2.5000 2.7000
5.2000 -2.5000 2.8000
5.2000 -2.5000 2.9000
5.2000 -2.5000 3.0000
5.2000 -2.5000 3.1000
5.2000 -2.5000 3.2000
5.2000 -2.5000 3.3000
5.2000 -2.5000 3.4000
5.2000 -2.5000 3.5000
5.2000 -2.4000 0.0000
5.2000 -2.4000 0.1000
5.2000 -2.4000 0.2000
5.2000 -2.4000 0.3000
5.2000 -2.4000 0.4000
5.2000 -2.4000 0.5000
5.2000 -2.4000 0.6000
5.2000 -2.4000 0.7000
5.2000 -2.4000 0.8000
5.2000 -2.4000 0.9000
5.2000 -2.4000 1.0000
5.2000 -2.4000 1.1000
5.2000 -2.4000 1.2000
5.2000 -2.4000 1.3000
5.2000 -2.4000 1.4000
5.2000 -2.4000 1.5000
5.2000 -2.4000 1.6000
5.2000 -2.4000 1.7000
5.2000 -2.4000 1.8000
5.2000 -2.4000 1.9000
5.2000 -2.4000 2.0000
5.2000 -2.4000 2.1000
5.2000 -2.4000 2.2000
5.2000 -2.4000 2.3000
5.2000 -2.4000 2.4000
5.2000 -2.4000 2.5000
5.2000 -2.4000 2.6000
5.2000 -2.4000 2.7000
5.2000 -2.4000 2.8000
5.2000 -2.4000 2.9000
5.2000 -2.4000 3.0000
5.2000 -2.4000 3.1000
5.2000 -2.4000 3.2000
5.2000 -2.4000 3.3000
5.2000 -2.4000 3.4000
5.2000 -2.4000 3.5000
5.2000 -2.3000 0.0000
5.2000 -2.3000 0.1000
5.2000 -2.3000 0.2000
5.2000 -2.3000 0.3000
5.2000 -2.3000 0.4000
5.2000 -2.3000 0.5000
5.2000 -2.3000 0.6000
5.2000 -2.3000 0.7000
5.2000 -2.3000 0.8000
5.2000 -2.3000 0.9000
5.2000 -2.3000 1.0000
5.2000 -2.3000 1.1000
5.2000 -2.3000 1.2000
5.2000 -2.3000 1.3000
5.2000 -2.3000 1.4000
5.2000 -2.3000 1.5000
5.2000 -2.3000 1.6000
5.2000 -2.3000 1.7000
5.2000 -2.3000 1.8000
5.2000 -2.3000 1.9000
5.2000 -2.3000 2.0000
5.2000 -2.3000 2.1000
5.2000 -2.3000 2.2000
5.2000 -2.3000 2.3000
5.2000 -2.3000 2.4000
5.2000 -2.3000 2.5000
5.2000 -2.3000 2.6000
5.2000 -2.3000 2.7000
5.2000 -2.3000 2.8000
5.2000 -2.3000 2.9000
5.2000 -2.3000 3.0000
5.2000 -2.3000 3.1000
5.2000 -2.3000 3.2000
5.2000 -2.3000 3.3000
5.2000 -2.3000 3.4000
5.2000 -2.3000 3.5000
5.2000 -2.2000 0.0000
5.2000 -2.2000 0.1000
5.2000 -2.2000 0.2000
5.2000 -2.2000 0.3000
5.2000 -2.2000 0.4000
5.2000 -2.2000 0.5000
5.2000 -2.2000 0.6000
5.2000 -2.2000 0.7000
5.2000 -2.2000 0.8000
5.2000 -2.2000 0.9000
5.2000 -2.2000 1.0000
5.2000 -2.2000 1.1000
5.2000 -2.2000 1.2000
5.2000 -2.2000 1.3000
5.2000 -2.2000 1.4000
5.2000 -2.2000 1.5000
5.2000 -2.2000 1.6000
5.2000 -2.2000 1.7000
5.2000 -2.2000 1.8000
5.2000 -2.2000 1.9000
5.2000 -2.2000 2.0000
5.2000 -2.2000 2.1000
5.2000 -2.2000 2.2000
5.2000 -2.2000 2.3000
5.2000 -2.2000 2.4000
5.2000 -2.2000 2.5000
5.2000 -2.2000 2.6000
5.2000 -2.2000 2.7000
5.2000 -2.2000 2.8000
5.2000 -2.2000 2.9000
5.2000 -2.2000 3.0000
5.2000 -2.2000 3.1000
5.2000 -2.2000 3.2000
5.2000 -2.2000 3.3000
5.2000 -2.2000 3.4000
5.2000 -2.2000 3.5000
5.2000 -2.1000 0.0000
5.2000 -2.1000 0.1000
5.2000 -2.1000 0.2000
5.2000 -2.1000 0.3000
5.2000 -2.1000 0.4000
5.2000 -2.1000 0.5000
5.2000 -2.1000 0.6000
5.2000 -2.1000 0.7000
5.2000 -2.1000 0.8000
5.2000 -2.1000 0.9000
5.2000 -2.1000 1.0000
5.2000 -2.1000 1.1000
5.2000 -2.1000 1.2000
5.2000 -2.1000 1.3000
5.2000 -2.1000 1.4000
5.2000 -2.1000 1.5000
5.2000 -2.1000 1.6000
5.2000 -2.1000 1.7000
5.2000 -2.1000 1.8000
5.2000 -2.1000 1.9000
5.2000 -2.1000 2.0000
5.2000 -2.1000 2.1000
5.2000 -2.1000 2.2000
5.2000 -2.1000 2.3000
5.2000 -2.1000 2.4000
5.2000 -2.1000 2.5000
5.2000 -2.1000 2.6000
5.2000 -2.1000 2.7000
5.2000 -2.1000 2.8000
5.2000 -2.1000 2.9000
5.2000 -2.1000 3.0000
5.2000 -2.1000 3.1000
5.2000 -2.1000 3.2000
5.2000 -2.1000 3.3000
5.2000 -2.1000 3.4000
5.2000 -2.1000 3.5000
5.2000 -2.0000 0.0000
5.2000 -2.0000 0.1000
5.2000 -2.0000 0.2000
5.2000 -2.0000 0.3000
5.2000 -2.0000 0.4000
5.2000 -2.0000 0.5000
5.2000 -2.0000 0.6000
5.2000 -2.0000 0.7000
5.2000 -2.0000 0.8000
5.2000 -2.0000 0.9000
5.2000 -2.0000 1.0000
5.2000 -2.0000 1.1000
5.2000 -2.0000 1.2000
5.2000 -2.0000 1.3000
5.2000 -2.0000 1.4000
5.2000 -2.0000 1.5000
5.2000 -2.0000 1.6000
5.2000 -2.0000 1.7000
5.2000 -2.0000 1.8000
5.2000 -2.0000 1.9000
5.2000 -2.0000 2.0000
5.2000 -2.0000 2.1000
5.2000 -2.0000 2.2000
5.2000 -2.0000 2.3000
5.2000 -2.0000 2.4000
5.2000 -2.0000 2.5000
5.2000 -2.0000 2.6000
5.2000 -2.0000 2.7000
5.2000 -2.0000 2.8000
5.2000 -2.0000 2.9000
5.2000 -2.0000 3.0000
5.2000 -2.0000 3.1000
5.2000 -2.0000 3.2000
5.2000 -2.0000 3.3000
5.2000 -2.0000 3.4000
5.2000 -2.0000 3.5000
5.2000 -1.9000 0.0000
5.2000 -1.9000 0.1000
5.2000 -1.9000 0.2000
5.2000 -1.9000 0.3000
5.2000 -1.9000 0.4000
5.2000 -1.9000 0.5000
5.2000 -1.9000 0.6000
5.2000 -1.9000 0.7000
5.2000 -1.9000 0.8000
5.2000 -1.9000 0.9000
5.2000 -1.9000 1.0000
5.2000 -1.9000 1.1000
5.2000 -1.9000 1.2000
5.2000 -1.9000 1.3000
5.2000 -1.9000 1.4000
5.2000 -1.9000 1.5000
5.2000 -1.9000 1.6000
5.2000 -1.9000 1.7000
5.2000 -1.9000 1.8000
5.2000 -1.9000 1.9000
5.2000 -1.9000 2.0000
5.2000 -1.9000 2.1000
5.2000 -1.9000 2.2000
5.2000 -1.9000 2.3000
5.2000 -1.9000 2.4000
5.2000 -1.9000 2.5000
5.2000 -1.9000 2.6000
5.2000 -1.9000 2.7000
5.2000 -1.9000 2.8000
5.2000 -1.9000 2.9000
5.2000 -1.9000 3.0000
5.2000 -1.9000 3.1000
5.2000 -1.9000 3.2000
5.2000 -1.9000 3.3000
5.2000 -1.9000 3.4000
5.2000 -1.9000 3.5000
5.2000 -1.8000 0.0000
5.2000 -1.8000 0.1000
5.2000 -1.8000 0.2000
5.2000 -1.8000 0.3000
5.2000 -1.8000 0.4000
5.2000 -1.8000 0.5000
5.2000 -1.8000 0.6000
5.2000 -1.8000 0.7000
5.2000 -1.8000 0.8000
5.2000 -1.8000 0.9000
5.2000 -1.8000 1.0000
5.2000 -1.8000 1.1000
5.2000 -1.8000 1.2000
5.2000 -1.8000 1.3000
5.2000 -1.8000 1.4000
5.2000 -1.8000 1.5000
5.2000 -1.8000 1.6000
5.2000 -1.8000 1.7000
5.2000 -1.8000 1.8000
5.2000 -1.8000 1.9000
5.2000 -1.8000 2.0000
5.2000 -1.8000 2.1000
5.2000 -1.8000 2.2000
5.2000 -1.8000 2.3000
5.2000 -1.8000 2.4000
5.2000 -1.8000 2.5000
5.2000 -1.8000 2.6000
5.2000 -1.8000 2.7000
5.2000 -1.8000 2.8000
5.2000 -1.8000 2.9000
5.2000 -1.8000 3.0000
5.2000 -1.8000 3.1000
5.2000 -1.8000 3.2000
5.2000 -1.8000 3.3000
5.2000 -1.8000 3.4000
5.2000 -1.8000 3.5000
5.2000 -1.7000 0.0000
5.2000 -1.7000 0.1000
5.2000 -1.7000 0.2000
5.2000 -1.7000 0.3000
5.2000 -1.7000 0.4000
5.2000 -1.7000 0.5000
5.2000 -1.7000 0.6000
5.2000 -1.7000 0.7000
5.2000 -1.7000 0.8000
5.2000 -1.7000 0.9000
5.2000 -1.7000 1.0000
5.2000 -1.7000 1.1000
5.2000 -1.7000 1.2000
5.2000 -1.7000 1.3000
5.2000 -1.7000 1.4000
5.2000 -1.7000 1.5000
5.2000 -1.7000 1.6000
5.2000 -1.7000 1.7000
5.2000 -1.7000 1.8000
5.2000 -1.7000 1.9000
5.2000 -1.7000 2.0000
5.2000 -1.7000 2.1000
5.2000 -1.7000 2.2000
5.2000 -1.7000 2.3000
5.2000 -1.7000 2.4000
5.2000 -1.7000 2.5000
5.2000 -1.7000 2.6000
5.2000 -1.7000 2.7000
5.2000 -1.7000 2.8000
5.2000 -1.7000 2.9000
5.2000 -1.7000 3.0000
5.2000 -1.7000 3.1000
5.2000 -1.7000 3.2000
5.2000 -1.7000 3.3000
5.2000 -1.7000 3.4000
5.2000 -1.7000 3.5000
5.2000 -1.6000 0.0000
5.2000 -1.6000 0.1000
5.2000 -1.6000 0.2000
5.2000 -1.6000 0.3000
5.2000 -1.6000 0.4000
5.2000 -1.6000 0.5000
5.2000 -1.6000 0.6000
5.2000 -1.6000 0.7000
5.2000 -1.6000 0.8000
5.2000 -1.6000 0.9000
5.2000 -1.6000 1.0000
5.2000 -1.6000 1.1000
5.2000 -1.6000 1.2000
5.2000 -1.6000 1.3000
5.2000 -1.6000 1.4000
5.2000 -1.6000 1.5000
5.2000 -1.6000 1.6000
5.2000 -1.6000 1.7000
5.2000 -1.6000 1.8000
5.2000 -1.6000 1.9000
5.2000 -1.6000 2.0000
5.2000 -1.6000 2.1000
5.2000 -1.6000 2.2000
5.2000 -1.6000 2.3000
5.2000 -1.6000 2.4000
5.2000 -1.6000 2.5000
5.2000 -1.6000 2.6000
5.2000 -1.6000 2.7000
5.2000 -1.6000 2.8000
5.2000 -1.6000 2.9000
5.2000 -1.6000 3.0000
5.2000 -1.6000 3.1000
5.2000 -1.6000 3.2000
5.2000 -1.6000 3.3000
5.2000 -1.6000 3.4000
5.2000 -1.6000 3.5000
5.2000 -1.5000 0.0000
5.2000 -1.5000 0.1000
5.2000 -1.5000 0.2000
5.2000 -1.5000 0.3000
5.2000 -1.5000 0.4000
5.2000 -1.5000 0.5000
5.2000 -1.5000 0.6000
5.2000 -1.5000 0.7000
5.2000 -1.5000 0.8000
5.2000 -1.5000 0.9000
5.2000 -1.5000 1.0000
5.2000 -1.5000 1.1000
5.2000 -1.5000 1.2000
5.2000 -1.5000 1.3000
5.2000 -1.5000 1.4000
5.2000 -1.5000 1.5000
5.2000 -1.5000 1.6000
5.2000 -1.5000 1.7000
5.2000 -1.5000 1.8000
5.2000 -1.5000 1.9000
5.2000 -1.5000 2.0000
5.2000 -1.5000 2.1000
5.2000 -1.5000 2.2000
5.2000 -1.5000 2.3000
5.2000 -1.5000 2.4000
5.2000 -1.5000 2.5000
5.2000 -1.5000 2.6000
5.2000 -1.5000 2.7000
5.2000 -1.5000 2.8000
5.2000 -1.5000 2.9000
5.2000 -1.5000 3.0000
5.2000 -1.5000 3.1000
5.2000 -1.5000 3.2000
5.2000 -1.5000 3.3000
5.2000 -1.5000 3.4000
5.2000 -1.5000 3.5000
5.2000 -1.4000 0.0000
5.2000 -1.4000 0.1000
5.2000 -1.4000 0.2000
5.2000 -1.4000 0.3000
5.2000 -1.4000 0.4000
5.2000 -1.4000 0.5000
5.2000 -1.4000 0.6000
5.2000 -1.4000 0.7000
5.2000 -1.4000 0.8000
5.2000 -1.4000 0.9000
5.2000 -1.4000 1.0000
5.2000 -1.4000 1.1000
5.2000 -1.4000 1.2000
5.2000 -1.4000 1.3000
5.2000 -1.4000 1.4000
5.2000 -1.4000 1.5000
5.2000 -1.4000 1.6000
5.2000 -1.4000 1.7000
5.2000 -1.4000 1.8000
5.2000 -1.4000 1.9000
5.2000 -1.4000 2.0000
5.2000 -1.4000 2.1000
5.2000 -1.4000 2.2000
5.2000 -1.4000 2.3000
5.2000 -1.4000 2.4000
5.2000 -1.4000 2.5000
5.2000 -1.4000 2.6000
5.2000 -1.4000 2.7000
5.2000 -1.4000 2.8000
5.2000 -1.4000 2.9000
5.2000 -1.4000 3.0000
5.2000 -1.4000 3.1000
5.2000 -1.4000 3.2000
5.2000 -1.4000 3.3000
5.2000 -1.4000 3.4000
5.2000 -1.4000 3.5000
5.2000 -1.3000 0.0000
5.2000 -1.3000 0.1000
5.2000 -1.3000 0.2000
5.2000 -1.3000 0.3000
5.2000 -1.3000 0.4000
5.2000 -1.3000 0.5000
5.2000 -1.3000 0.6000
5.2000 -1.3000 0.7000
5.2000 -1.3000 0.8000
5.2000 -1.3000 0.9000
5.2000 -1.3000 1.0000
5.2000 -1.3000 1.1000
5.2000 -1.3000 1.2000
5.2000 -1.3000 1.3000
5.2000 -1.3000 1.4000
5.2000 -1.3000 1.5000
5.2000 -1.3000 1.6000
5.2000 -1.3000 1.7000
5.2000 -1.3000 1.8000
5.2000 -1.3000 1.9000
5.2000 -1.3000 2.0000
5.2000 -1.3000 2.1000
5.2000 -1.3000 2.2000
5.2000 -1.3000 2.3000
5.2000 -1.3000 2.4000
5.2000 -1.3000 2.5000
5.2000 -1.3000 2.6000
5.2000 -1.3000 2.7000
5.2000 -1.3000 2.8000
5.2000 -1.3000 2.9000
5.2000 -1.3000 3.0000
5.2000 -1.3000 3.1000
5.2000 -1.3000 3.2000
5.2000 -1.3000 3.3000
5.2000 -1.3000 3.4000
5.2000 -1.3000 3.5000
5.2000 -1.2000 0.0000
5.2000 -1.2000 0.1000
5.2000 -1.2000 0.2000
5.2000 -1.2000 0.3000
5.2000 -1.2000 0.4000
5.2000 -1.2000 0.5000
5.2000 -1.2000 0.6000
5.2000 -1.2000 0.7000
5.2000 -1.2000 0.8000
5.2000 -1.2000 0.9000
5.2000 -1.2000 1.0000
5.2000 -1.2000 1.1000
5.2000 -1.2000 1.2000
5.2000 -1.2000 1.3000
5.2000 -1.2000 1.4000
5.2000 -1.2000 1.5000
5.2000 -1.2000 1.6000
5.2000 -1.2000 1.7000
5.2000 -1.2000 1.8000
5.2000 -1.2000 1.9000
5.2000 -1.2000 2.0000
5.2000 -1.2000 2.1000
5.2000 -1.2000 2.2000
5.2000 -1.2000 2.3000
5.2000 -1.2000 2.4000
5.2000 -1.2000 2.5000
5.2000 -1.2000 2.6000
5.2000 -1.2000 2.7000
5.2000 -1.2000 2.8000
5.2000 -1.2000 2.9000
5.2000 -1.2000 3.0000
5.2000 -1.2000 3.1000
5.2000 -1.2000 3.2000
5.2000 -1.2000 3.3000
5.2000 -1.2000 3.4000
5.2000 -1.2000 3.5000
5.2000 -1.1000 0.0000
5.2000 -1.1000 0.1000
5.2000 -1.1000 0.2000
5.2000 -1.1000 0.3000
5.2000 -1.1000 0.4000
5.2000 -1.1000 0.5000
5.2000 -1.1000 0.6000
5.2000 -1.1000 0.7000
5.2000 -1.1000 0.8000
5.2000 -1.1000 0.9000
5.2000 -1.1000 1.0000
5.2000 -1.1000 1.1000
5.2000 -1.1000 1.2000
5.2000 -1.1000 1.3000
5.2000 -1.1000 1.4000
5.2000 -1.1000 1.5000
5.2000 -1.1000 1.6000
5.2000 -1.1000 1.7000
5.2000 -1.1000 1.8000
5.2000 -1.1000 1.9000
5.2000 -1.1000 2.0000
5.2000 -1.1000 2.1000
5.2000 -1.1000 2.2000
5.2000 -1.1000 2.3000
5.2000 -1.1000 2.4000
5.2000 -1.1000 2.5000
5.2000 -1.1000 2.6000
5.2000 -1.1000 2.7000
5.2000 -1.1000 2.8000
5.2000 -1.1000 2.9000
5.2000 -1.1000 3.0000
5.2000 -1.1000 3.1000
5.2000 -1.1000 3.2000
5.2000 -1.1000 3.3000
5.2000 -1.1000 3.4000
5.2000 -1.1000 3.5000
5.2000 -1.0000 0.0000
5.2000 -1.0000 0.1000
5.2000 -1.0000 0.2000
5.2000 -1.0000 0.3000
5.2000 -1.0000 0.4000
5.2000 -1.0000 0.5000
5.2000 -1.0000 0.6000
5.2000 -1.0000 0.7000
5.2000 -1.0000 0.8000
5.2000 -1.0000 0.9000
5.2000 -1.0000 1.0000
5.2000 -1.0000 1.1000
5.2000 -1.0000 1.2000
5.2000 -1.0000 1.3000
5.2000 -1.0000 1.4000
5.2000 -1.0000 1.5000
5.2000 -1.0000 1.6000
5.2000 -1.0000 1.7000
5.2000 -1.0000 1.8000
5.2000 -1.0000 1.9000
5.2000 -1.0000 2.0000
5.2000 -1.0000 2.1000
5.2000 -1.0000 2.2000
5.2000 -1.0000 2.3000
5.2000 -1.0000 2.4000
5.2000 -1.0000 2.5000
5.2000 -1.0000 2.6000
5.2000 -1.0000 2.7000
5.2000 -1.0000 2.8000
5.2000 -1.0000 2.9000
5.2000 -1.0000 3.0000
5.2000 -1.0000 3.1000
5.2000 -1.0000 3.2000
5.2000 -1.0000 3.3000
5.2000 -1.0000 3.4000
5.2000 -1.0000 3.5000
5.2000 -0.9000 0.0000
5.2000 -0.9000 0.1000
5.2000 -0.9000 0.2000
5.2000 -0.9000 0.3000
5.2000 -0.9000 0.4000
5.2000 -0.9000 0.5000
5.2000 -0.9000 0.6000
5.2000 -0.9000 0.7000
5.2000 -0.9000 0.8000
5.2000 -0.9000 0.9000
5.2000 -0.9000 1.0000
5.2000 -0.9000 1.1000
5.2000 -0.9000 1.2000
5.2000 -0.9000 1.3000
5.2000 -0.9000 1.4000
5.2000 -0.9000 1.5000
5.2000 -0.9000 1.6000
5.2000 -0.9000 1.7000
5.2000 -0.9000 1.8000
5.2000 -0.9000 1.9000
5.2000 -0.9000 2.0000
5.2000 -0.9000 2.1000
5.2000 -0.9000 2.2000
5.2000 -0.9000 2.3000
5.2000 -0.9000 2.4000
5.2000 -0.9000 2.5000
5.2000 -0.9000 2.6000
5.2000 -0.9000 2.7000
5.2000 -0.9000 2.8000
5.2000 -0.9000 2.9000
5.2000 -0.9000 3.0000
5.2000 -0.9000 3.1000
5.2000 -0.9000 3.2000
5.2000 -0.9000 3.3000
5.2000 -0.9000 3.4000
5.2000 -0.9000 3.5000
5.2000 -0.8000 0.0000
5.2000 -0.8000 0.1000
5.2000 -0.8000 0.2000
5.2000 -0.8000 0.3000
5.2000 -0.8000 0.4000
5.2000 -0.8000 0.5000
5.2000 -0.8000 0.6000
5.2000 -0.8000 0.7000
5.2000 -0.8000 0.8000
5.2000 -0.8000 0.9000
5.2000 -0.8000 1.0000
5.2000 -0.8000 1.1000
5.2000 -0.8000 1.2000
5.2000 -0.8000 1.3000
5.2000 -0.8000 1.4000
5.2000 -0.8000 1.5000
5.2000 -0.8000 1.6000
5.2000 -0.8000 1.7000
5.2000 -0.8000 1.8000
5.2000 -0.8000 1.9000
5.2000 -0.8000 2.0000
5.2000 -0.8000 2.1000
5.2000 -0.8000 2.2000
5.2000 -0.8000 2.3000
5.2000 -0.8000 2.4000
5.2000 -0.8000 2.5000
5.2000 -0.8000 2.6000
5.2000 -0.8000 2.7000
5.2000 -0.8000 2.8000
5.2000 -0.8000 2.9000
5.2000 -0.8000 3.0000
5.2000 -0.8000 3.1000
5.2000 -0.8000 3.2000
5.2000 -0.8000 3.3000
5.2000 -0.8000 3.4000
5.2000 -0.8000 3.5000
5.2000 -0.7000 0.0000
5.2000 -0.7000 0.1000
5.2000 -0.7000 0.2000
5.2000 -0.7000 0.3000
5.2000 -0.7000 0.4000
5.2000 -0.7000 0.5000
5.2000 -0.7000 0.6000
5.2000 -0.7000 0.7000
5.2000 -0.7000 0.8000
5.2000 -0.7000 0.9000
5.2000 -0.7000 1.0000
5.2000 -0.7000 1.1000
5.2000 -0.7000 1.2000
5.2000 -0.7000 1.3000
5.2000 -0.7000 1.4000
5.2000 -0.7000 1.5000
5.2000 -0.7000 1.6000
5.2000 -0.7000 1.7000
5.2000 -0.7000 1.8000
5.2000 -0.7000 1.9000
5.2000 -0.7000 2.0000
5.2000 -0.7000 2.1000
5.2000 -0.7000 2.2000
5.2000 -0.7000 2.3000
5.2000 -0.7000 2.4000
5.2000 -0.7000 2.5000
5.2000 -0.7000 2.6000
5.2000 -0.7000 2.7000
5.2000 -0.7000 2.8000
5.2000 -0.7000 2.9000
5.2000 -0.7000 3.0000
5.2000 -0.7000 3.1000
5.2000 -0.7000 3.2000
5.2000 -0.7000 3.3000
5.2000 -0.7000 3.4000
5.2000 -0.7000 3.5000
5.2000 -0.6000 0.0000
5.2000 -0.6000 0.1000
5.2000 -0.6000 0.2000
5.2000 -0.6000 0.3000
5.2000 -0.6000 0.4000
5.2000 -0.6000 0.5000
5.2000 -0.6000 0.6000
5.2000 -0.6000 0.7000
5.2000 -0.6000 0.8000
5.2000 -0.6000 0.9000
5.2000 -0.6000 1.0000
5.2000 -0.6000 1.1000
5.2000 -0.6000 1.2000
5.2000 -0.6000 1.3000
5.2000 -0.6000 1.4000
5.2000 -0.6000 1.5000
5.2000 -0.6000 1.6000
5.2000 -0.6000 1.7000
5.2000 -0.6000 1.8000
5.2000 -0.6000 1.9000
5.2000 -0.6000 2.0000
5.2000 -0.6000 2.1000
5.2000 -0.6000 2.2000
5.2000 -0.6000 2.3000
5.2000 -0.6000 2.4000
5.2000 -0.6000 2.5000
5.2000 -0.6000 2.6000
5.2000 -0.6000 2.7000
5.2000 -0.6000 2.8000
5.2000 -0.6000 2.9000
5.2000 -0.6000 3.0000
5.2000 -0.6000 3.1000
5.2000 -0.6000 3.2000
5.2000 -0.6000 3.3000
5.2000 -0.6000 3.4000
5.2000 -0.6000 3.5000
5.2000 -0.5000 0.0000
5.2000 -0.5000 0.1000
5.2000 -0.5000 0.2000
5.2000 -0.5000 0.3000
5.2000 -0.5000 0.4000
5.2000 -0.5000 0.5000
5.2000 -0.5000 0.6000
5.2000 -0.5000 0.7000
5.2000 -0.5000 0.8000
5.2000 -0.5000 0.9000
5.2000 -0.5000 1.0000
5.2000 -0.5000 1.1000
5.2000 -0.5000 1.2000
5.2000 -0.5000 1.3000
5.2000 -0.5000 1.4000
5.2000 -0.5000 1.5000
5.2000 -0.5000 1.6000
5.2000 -0.5000 1.7000
5.2000 -0.5000 1.8000
5.2000 -0.5000 1.9000
5.2000 -0.5000 2.0000
5.2000 -0.5000 2.1000
5.2000 -0.5000 2.2000
5.2000 -0.5000 2.3000
5.2000 -0.5000 2.4000
5.2000 -0.5000 2.5000
5.2000 -0.5000 2.6000
5.2000 -0.5000 2.7000
5.2000 -0.5000 2.8000
5.2000 -0.5000 2.9000
5.2000 -0.5000 3.0000
5.2000 -0.5000 3.1000
5.2000 -0.5000 3.2000
5.2000 -0.5000 3.3000
5.2000 -0.5000 3.4000
5.2000 -0.5000 3.5000
5.2000 -0.4000 0.0000
5.2000 -0.4000 0.1000
5.2000 -0.4000 0.2000
5.2000 -0.4000 0.3000
5.2000 -0.4000 0.4000
5.2000 -0.4000 0.5000
5.2000 -0.4000 0.6000
5.2000 -0.4000 0.7000
5.2000 -0.4000 0.8000
5.2000 -0.4000 0.9000
5.2000 -0.4000 1.0000
5.2000 -0.4000 1.1000
5.2000 -0.4000 1.2000
5.2000 -0.4000 1.3000
5.2000 -0.4000 1.4000
5.2000 -0.4000 1.5000
5.2000 -0.4000 1.6000
5.2000 -0.4000 1.7000
5.2000 -0.4000 1.8000
5.2000 -0.4000 1.9000
5.2000 -0.4000 2.0000
5.2000 -0.4000 2.1000
5.2000 -0.4000 2.2000
5.2000 -0.4000 2.3000
5.2000 -0.4000 2.4000
5.2000 -0.4000 2.5000
5.2000 -0.4000 2.6000
5.2000 -0.4000 2.7000
5.2000 -0.4000 2.8000
5.2000 -0.4000 2.9000
5.2000 -0.4000 3.0000
5.2000 -0.4000 3.1000
5.2000 -0.4000 3.2000
5.2000 -0.4000 3.3000
5.2000 -0.4000 3.4000
5.2000 -0.4000 3.5000
5.2000 -0.3000 0.0000
5.2000 -0.3000 0.1000
5.2000 -0.3000 0.2000
5.2000 -0.3000 0.3000
5.2000 -0.3000 0.4000
5.2000 -0.3000 0.5000
5.2000 -0.3000 0.6000
5.2000 -0.3000 0.7000
5.2000 -0.3000 0.8000
5.2000 -0.3000 0.9000
5.2000 -0.3000 1.0000
5.2000 -0.3000 1.1000
5.2000 -0.3000 1.2000
5.2000 -0.3000 1.3000
5.2000 -0.3000 1.4000
5.2000 -0.3000 1.5000
5.2000 -0.3000 1.6000
5.2000 -0.3000 1.7000
5.2000 -0.3000 1.8000
5.2000 -0.3000 1.9000
5.2000 -0.3000 2.0000
5.2000 -0.3000 2.1000
5.2000 -0.3000 2.2000
5.2000 -0.3000 2.3000
5.2000 -0.3000 2.4000
5.2000 -0.3000 2.5000
5.2000 -0.3000 2.6000
5.2000 -0.3000 2.7000
5.2000 -0.3000 2.8000
5.2000 -0.3000 2.9000
5.2000 -0.3000 3.0000
5.2000 -0.3000 3.1000
5.2000 -0.3000 3.2000
5.2000 -0.3000 3.3000
5.2000 -0.3000 3.4000
5.2000 -0.3000 3.5000
5.2000 -0.2000 0.0000
5.2000 -0.2000 0.1000
5.2000 -0.2000 0.2000
5.2000 -0.2000 0.3000
5.2000 -0.2000 0.4000
5.2000 -0.2000 0.5000
5.2000 -0.2000 0.6000
5.2000 -0.2000 0.7000
5.2000 -0.2000 0.8000
5.2000 -0.2000 0.9000
5.2000 -0.2000 1.0000
5.2000 -0.2000 1.1000
5.2000 -0.2000 1.2000
5.2000 -0.2000 1.3000
5.2000 -0.2000 1.4000
5.2000 -0.2000 1.5000
5.2000 -0.2000 1.6000
5.2000 -0.2000 1.7000
5.2000 -0.2000 1.8000
5.2000 -0.2000 1.9000
5.2000 -0.2000 2.0000
5.2000 -0.2000 2.1000
5.2000 -0.2000 2.2000
5.2000 -0.2000 2.3000
5.2000 -0.2000 2.4000
5.2000 -0.2000 2.5000
5.2000 -0.2000 2.6000
5.2000 -0.2000 2.7000
5.2000 -0.2000 2.8000
5.2000 -0.2000 2.9000
5.2000 -0.2000 3.0000
5.2000 -0.2000 3.1000
5.2000 -0.2000 3.2000
5.2000 -0.2000 3.3000
5.2000 -0.2000 3.4000
5.2000 -0.2000 3.5000
5.2000 -0.1000 0.0000
5.2000 -0.1000 0.1000
5.2000 -0.1000 0.2000
5.2000 -0.1000 0.3000
5.2000 -0.1000 0.4000
5.2000 -0.1000 0.5000
5.2000 -0.1000 0.6000
5.2000 -0.1000 0.7000
5.2000 -0.1000 0.8000
5.2000 -0.1000 0.9000
5.2000 -0.1000 1.0000
5.2000 -0.1000 1.1000
5.2000 -0.1000 1.2000
5.2000 -0.1000 1.3000
5.2000 -0.1000 1.4000
5.2000 -0.1000 1.5000
5.2000 -0.1000 1.6000
5.2000 -0.1000 1.7000
5.2000 -0.1000 1.8000
5.2000 -0.1000 1.9000
5.2000 -0.1000 2.0000
5.2000 -0.1000 2.1000
5.2000 -0.1000 2.2000
5.2000 -0.1000 2.3000
5.2000 -0.1000 2.4000
5.2000 -0.1000 2.5000
5.2000 -0.1000 2.6000
5.2000 -0.1000 2.7000
5.2000 -0.1000 2.8000
5.2000 -0.1000 2.9000
5.2000 -0.1000 3.0000
5.2000 -0.1000 3.1000
5.2000 -0.1000 3.2000
5.2000 -0.1000 3.3000
5.2000 -0.1000 3.4000
5.2000 -0.1000 3.5000
5.2000 0.0000 0.0000
5.2000 0.0000 0.1000
5.2000 0.0000 0.2000
5.2000 0.0000 0.3000
5.2000 0.0000 0.4000
5.2000 0.0000 0.5000
5.2000 0.0000 0.6000
5.2000 0.0000 0.7000
5.2000 0.0000 0.8000
5.2000 0.0000 0.9000
5.2000 0.0000 1.0000
5.2000 0.0000 1.1000
5.2000 0.0000 1.2000
5.2000 0.0000 1.3000
5.2000 0.0000 1.4000
5.2000 0.0000 1.5000
5.2000 0.0000 1.6000
5.2000 0.0000 1.7000
5.2000 0.0000 1.8000
5.2000 0.0000 1.9000
5.2000 0.0000 2.0000
5.2000 0.0000 2.1000
5.2000 0.0000 2.2000
5.2000 0.0000 2.3000
5.2000 0.0000 2.4000
5.2000 0.0000 2.5000
5.2000 0.0000 2.6000
5.2000 0.0000 2.7000
5.2000 0.0000 2.8000
5.2000 0.0000 2.9000
5.2000 0.0000 3.0000
5.2000 0.0000 3.1000
5.2000 0.0000 3.2000
5.2000 0.0000 3.3000
5.2000 0.0000 3.4000
5.2000 0.0000 3.5000
5.2000 0.1000 0.0000
5.2000 0.1000 0.1000
5.2000 0.1000 0.2000
5.2000 0.1000 0.3000
5.2000 0.1000 0.4000
5.2000 0.1000 0.5000
5.2000 0.1000 0.6000
5.2000 0.1000 0.7000
5.2000 0.1000 0.8000
5.2000 0.1000 0.9000
5.2000 0.1000 1.0000
5.2000 0.1000 1.1000
5.2000 0.1000 1.2000
5.2000 0.1000 1.3000
5.2000 0.1000 1.4000
5.2000 0.1000 1.5000
5.2000 0.1000 1.6000
5.2000 0.1000 1.7000
5.2000 0.1000 1.8000
5.2000 0.1000 1.9000
5.2000 0.1000 2.0000
5.2000 0.1000 2.1000
5.2000 0.1000 2.2000
5.2000 0.1000 2.3000
5.2000 0.1000 2.4000
5.2000 0.1000 2.5000
5.2000 0.1000 2.6000
5.2000 0.1000 2.7000
5.2000 0.1000 2.8000
5.2000 0.1000 2.9000
5.2000 0.1000 3.0000
5.2000 0.1000 3.1000
5.2000 0.1000 3.2000
5.2000 0.1000 3.3000
5.2000 0.1000 3.4000
5.2000 0.1000 3.5000
5.2000 0.2000 0.0000
5.2000 0.2000 0.1000
5.2000 0.2000 0.2000
5.2000 0.2000 0.3000
5.2000 0.2000 0.4000
5.2000 0.2000 0.5000
5.2000 0.2000 0.6000
5.2000 0.2000 0.7000
5.2000 0.2000 0.8000
5.2000 0.2000 0.9000
5.2000 0.2000 1.0000
5.2000 0.2000 1.1000
5.2000 0.2000 1.2000
5.2000 0.2000 1.3000
5.2000 0.2000 1.4000
5.2000 0.2000 1.5000
5.2000 0.2000 1.6000
5.2000 0.2000 1.7000
5.2000 0.2000 1.8000
5.2000 0.2000 1.9000
5.2000 0.2000 2.0000
5.2000 0.2000 2.1000
5.2000 0.2000 2.2000
5.2000 0.2000 2.3000
5.2000 0.2000 2.4000
5.2000 0.2000 2.5000
5.2000 0.2000 2.6000
5.2000 0.2000 2.7000
5.2000 0.2000 2.8000
5.2000 0.2000 2.9000
5.2000 0.2000 3.0000
5.2000 0.2000 3.1000
5.2000 0.2000 3.2000
5.2000 0.2000 3.3000
5.2000 0.2000 3.4000
5.2000 0.2000 3.5000
5.2000 0.3000 0.0000
5.2000 0.3000 0.1000
5.2000 0.3000 0.2000
5.2000 0.3000 0.3000
5.2000 0.3000 0.4000
5.2000 0.3000 0.5000
5.2000 0.3000 0.6000
5.2000 0.3000 0.7000
5.2000 0.3000 0.8000
5.2000 0.3000 0.9000
5.2000 0.3000 1.0000
5.2000 0.3000 1.1000
5.2000 0.3000 1.2000
5.2000 0.3000 1.3000
5.2000 0.3000 1.4000
5.2000 0.3000 1.5000
5.2000 0.3000 1.6000
5.2000 0.3000 1.7000
5.2000 0.3000 1.8000
5.2000 0.3000 1.9000
5.2000 0.3000 2.0000
5.2000 0.3000 2.1000
5.2000 0.3000 2.2000
5.2000 0.3000 2.3000
5.2000 0.3000 2.4000
5.2000 0.3000 2.5000
5.2000 0.3000 2.6000
5.2000 0.3000 2.7000
5.2000 0.3000 2.8000
5.2000 0.3000 2.9000
5.2000 0.3000 3.0000
5.2000 0.3000 3.1000
5.2000 0.3000 3.2000
5.2000 0.3000 3.3000
5.2000 0.3000 3.4000
5.2000 0.3000 3.5000
5.2000 0.4000 0.0000
5.2000 0.4000 0.1000
5.2000 0.4000 0.2000
5.2000 0.4000 0.3000
5.2000 0.4000 0.4000
5.2000 0.4000 0.5000
5.2000 0.4000 0.6000
5.2000 0.4000 0.7000
5.2000 0.4000 0.8000
5.2000 0.4000 0.9000
5.2000 0.4000 1.0000
5.2000 0.4000 1.1000
5.2000 0.4000 1.2000
5.2000 0.4000 1.3000
5.2000 0.4000 1.4000
5.2000 0.4000 1.5000
5.2000 0.4000 1.6000
5.2000 0.4000 1.7000
5.2000 0.4000 1.8000
5.2000 0.4000 1.9000
5.2000 0.4000 2.0000
5.2000 0.4000 2.1000
5.2000 0.4000 2.2000
5.2000 0.4000 2.3000
5.2000 0.4000 2.4000
5.2000 0.4000 2.5000
5.2000 0.4000 2.6000
5.2000 0.4000 2.7000
5.2000 0.4000 2.8000
5.2000 0.4000 2.9000
5.2000 0.4000 3.0000
5.2000 0.4000 3.1000
5.2000 0.4000 3.2000
5.2000 0.4000 3.3000
5.2000 0.4000 3.4000
5.2000 0.4000 3.5000
5.2000 0.5000 0.0000
5.2000 0.5000 0.1000
5.2000 0.5000 0.2000
5.2000 0.5000 0.3000
5.2000 0.5000 0.4000
5.2000 0.5000 0.5000
5.2000 0.5000 0.6000
5.2000 0.5000 0.7000
5.2000 0.5000 0.8000
5.2000 0.5000 0.9000
5.2000 0.5000 1.0000
5.2000 0.5000 1.1000
5.2000 0.5000 1.2000
5.2000 0.5000 1.3000
5.2000 0.5000 1.4000
5.2000 0.5000 1.5000
5.2000 0.5000 1.6000
5.2000 0.5000 1.7000
5.2000 0.5000 1.8000
5.2000 0.5000 1.9000
5.2000 0.5000 2.0000
5.2000 0.5000 2.1000
5.2000 0.5000 2.2000
5.2000 0.5000 2.3000
5.2000 0.5000 2.4000
5.2000 0.5000 2.5000
5.2000 0.5000 2.6000
5.2000 0.5000 2.7000
5.2000 0.5000 2.8000
5.2000 0.5000 2.9000
5.2000 0.5000 3.0000
5.2000 0.5000 3.1000
5.2000 0.5000 3.2000
5.2000 0.5000 3.3000
5.2000 0.5000 3.4000
5.2000 0.5000 3.5000
5.2000 0.6000 0.0000
5.2000 0.6000 0.1000
5.2000 0.6000 0.2000
5.2000 0.6000 0.3000
5.2000 0.6000 0.4000
5.2000 0.6000 0.5000
5.2000 0.6000 0.6000
5.2000 0.6000 0.7000
5.2000 0.6000 0.8000
5.2000 0.6000 0.9000
5.2000 0.6000 1.0000
5.2000 0.6000 1.1000
5.2000 0.6000 1.2000
5.2000 0.6000 1.3000
5.2000 0.6000 1.4000
5.2000 0.6000 1.5000
5.2000 0.6000 1.6000
5.2000 0.6000 1.7000
5.2000 0.6000 1.8000
5.2000 0.6000 1.9000
5.2000 0.6000 2.0000
5.2000 0.6000 2.1000
5.2000 0.6000 2.2000
5.2000 0.6000 2.3000
5.2000 0.6000 2.4000
5.2000 0.6000 2.5000
5.2000 0.6000 2.6000
5.2000 0.6000 2.7000
5.2000 0.6000 2.8000
5.2000 0.6000 2.9000
5.2000 0.6000 3.0000
5.2000 0.6000 3.1000
5.2000 0.6000 3.2000
5.2000 0.6000 3.3000
5.2000 0.6000 3.4000
5.2000 0.6000 3.5000
5.2000 0.7000 0.0000
5.2000 0.7000 0.1000
5.2000 0.7000 0.2000
5.2000 0.7000 0.3000
5.2000 0.7000 0.4000
5.2000 0.7000 0.5000
5.2000 0.7000 0.6000
5.2000 0.7000 0.7000
5.2000 0.7000 0.8000
5.2000 0.7000 0.9000
5.2000 0.7000 1.0000
5.2000 0.7000 1.1000
5.2000 0.7000 1.2000
5.2000 0.7000 1.3000
5.2000 0.7000 1.4000
5.2000 0.7000 1.5000
5.2000 0.7000 1.6000
5.2000 0.7000 1.7000
5.2000 0.7000 1.8000
5.2000 0.7000 1.9000
5.2000 0.7000 2.0000
5.2000 0.7000 2.1000
5.2000 0.7000 2.2000
5.2000 0.7000 2.3000
5.2000 0.7000 2.4000
5.2000 0.7000 2.5000
5.2000 0.7000 2.6000
5.2000 0.7000 2.7000
5.2000 0.7000 2.8000
5.2000 0.7000 2.9000
5.2000 0.7000 3.0000
5.2000 0.7000 3.1000
5.2000 0.7000 3.2000
5.2000 0.7000 3.3000
5.2000 0.7000 3.4000
5.2000 0.7000 3.5000
5.2000 0.8000 0.0000
5.2000 0.8000 0.1000
5.2000 0.8000 0.2000
5.2000 0.8000 0.3000
5.2000 0.8000 0.4000
5.2000 0.8000 0.5000
5.2000 0.8000 0.6000
5.2000 0.8000 0.7000
5.2000 0.8000 0.8000
5.2000 0.8000 0.9000
5.2000 0.8000 1.0000
5.2000 0.8000 1.1000
5.2000 0.8000 1.2000
5.2000 0.8000 1.3000
5.2000 0.8000 1.4000
5.2000 0.8000 1.5000
5.2000 0.8000 1.6000
5.2000 0.8000 1.7000
5.2000 0.8000 1.8000
5.2000 0.8000 1.9000
5.2000 0.8000 2.0000
5.2000 0.8000 2.1000
5.2000 0.8000 2.2000
5.2000 0.8000 2.3000
5.2000 0.8000 2.4000
5.2000 0.8000 2.5000
5.2000 0.8000 2.6000
5.2000 0.8000 2.7000
5.2000 0.8000 2.8000
5.2000 0.8000 2.9000
5.2000 0.8000 3.0000
5.2000 0.8000 3.1000
5.2000 0.8000 3.2000
5.2000 0.8000 3.3000
5.2000 0.8000 3.4000
5.2000 0.8000 3.5000
5.2000 0.9000 0.0000
5.2000 0.9000 0.1000
5.2000 0.9000 0.2000
5.2000 0.9000 0.3000
5.2000 0.9000 0.4000
5.2000 0.9000 0.5000
5.2000 0.9000 0.6000
5.2000 0.9000 0.7000
5.2000 0.9000 0.8000
5.2000 0.9000 0.9000
5.2000 0.9000 1.0000
5.2000 0.9000 1.1000
5.2000 0.9000 1.2000
5.2000 0.9000 1.3000
5.2000 0.9000 1.4000
5.2000 0.9000 1.5000
5.2000 0.9000 1.6000
5.2000 0.9000 1.7000
5.2000 0.9000 1.8000
5.2000 0.9000 1.9000
5.2000 0.9000 2.0000
5.2000 0.9000 2.1000
5.2000 0.9000 2.2000
5.2000 0.9000 2.3000
5.2000 0.9000 2.4000
5.2000 0.9000 2.5000
5.2000 0.9000 2.6000
5.2000 0.9000 2.7000
5.2000 0.9000 2.8000
5.2000 0.9000 2.9000
5.2000 0.9000 3.0000
5.2000 0.9000 3.1000
5.2000 0.9000 3.2000
5.2000 0.9000 3.3000
5.2000 0.9000 3.4000
5.2000 0.9000 3.5000
5.2000 1.0000 0.0000
5.2000 1.0000 0.1000
5.2000 1.0000 0.2000
5.2000 1.0000 0.3000
5.2000 1.0000 0.4000
5.2000 1.0000 0.5000
5.2000 1.0000 0.6000
5.2000 1.0000 0.7000
5.2000 1.0000 0.8000
5.2000 1.0000 0.9000
5.2000 1.0000 1.0000
5.2000 1.0000 1.1000
5.2000 1.0000 1.2000
5.2000 1.0000 1.3000
5.2000 1.0000 1.4000
5.2000 1.0000 1.5000
5.2000 1.0000 1.6000
5.2000 1.0000 1.7000
5.2000 1.0000 1.8000
5.2000 1.0000 1.9000
5.2000 1.0000 2.0000
5.2000 1.0000 2.1000
5.2000 1.0000 2.2000
5.2000 1.0000 2.3000
5.2000 1.0000 2.4000
5.2000 1.0000 2.5000
5.2000 1.0000 2.6000
5.2000 1.0000 2.7000
5.2000 1.0000 2.8000
5.2000 1.0000 2.9000
5.2000 1.0000 3.0000
5.2000 1.0000 3.1000
5.2000 1.0000 3.2000
5.2000 1.0000 3.3000
5.2000 1.0000 3.4000
5.2000 1.0000 3.5000
5.2000 1.1000 0.0000
5.2000 1.1000 0.1000
5.2000 1.1000 0.2000
5.2000 1.1000 0.3000
5.2000 1.1000 0.4000
5.2000 1.1000 0.5000
5.2000 1.1000 0.6000
5.2000 1.1000 0.7000
5.2000 1.1000 0.8000
5.2000 1.1000 0.9000
5.2000 1.1000 1.0000
5.2000 1.1000 1.1000
5.2000 1.1000 1.2000
5.2000 1.1000 1.3000
5.2000 1.1000 1.4000
5.2000 1.1000 1.5000
5.2000 1.1000 1.6000
5.2000 1.1000 1.7000
5.2000 1.1000 1.8000
5.2000 1.1000 1.9000
5.2000 1.1000 2.0000
5.2000 1.1000 2.1000
5.2000 1.1000 2.2000
5.2000 1.1000 2.3000
5.2000 1.1000 2.4000
5.2000 1.1000 2.5000
5.2000 1.1000 2.6000
5.2000 1.1000 2.7000
5.2000 1.1000 2.8000
5.2000 1.1000 2.9000
5.2000 1.1000 3.0000
5.2000 1.1000 3.1000
5.2000 1.1000 3.2000
5.2000 1.1000 3.3000
5.2000 1.1000 3.4000
5.2000 1.1000 3.5000
5.2000 1.2000 0.0000
5.2000 1.2000 0.1000
5.2000 1.2000 0.2000
5.2000 1.2000 0.3000
5.2000 1.2000 0.4000
5.2000 1.2000 0.5000
5.2000 1.2000 0.6000
5.2000 1.2000 0.7000
5.2000 1.2000 0.8000
5.2000 1.2000 0.9000
5.2000 1.2000 1.0000
5.2000 1.2000 1.1000
5.2000 1.2000 1.2000
5.2000 1.2000 1.3000
5.2000 1.2000 1.4000
5.2000 1.2000 1.5000
5.2000 1.2000 1.6000
5.2000 1.2000 1.7000
5.2000 1.2000 1.8000
5.2000 1.2000 1.9000
5.2000 1.2000 2.0000
5.2000 1.2000 2.1000
5.2000 1.2000 2.2000
5.2000 1.2000 2.3000
5.2000 1.2000 2.4000
5.2000 1.2000 2.5000
5.2000 1.2000 2.6000
5.2000 1.2000 2.7000
5.2000 1.2000 2.8000
5.2000 1.2000 2.9000
5.2000 1.2000 3.0000
5.2000 1.2000 3.1000
5.2000 1.2000 3.2000
5.2000 1.2000 3.3000
5.2000 1.2000 3.4000
5.2000 1.2000 3.5000
5.2000 1.3000 0.0000
5.2000 1.3000 0.1000
5.2000 1.3000 0.2000
5.2000 1.3000 0.3000
5.2000 1.3000 0.4000
5.2000 1.3000 0.5000
5.2000 1.3000 0.6000
5.2000 1.3000 0.7000
5.2000 1.3000 0.8000
5.2000 1.3000 0.9000
5.2000 1.3000 1.0000
5.2000 1.3000 1.1000
5.2000 1.3000 1.2000
5.2000 1.3000 1.3000
5.2000 1.3000 1.4000
5.2000 1.3000 1.5000
5.2000 1.3000 1.6000
5.2000 1.3000 1.7000
5.2000 1.3000 1.8000
5.2000 1.3000 1.9000
5.2000 1.3000 2.0000
5.2000 1.3000 2.1000
5.2000 1.3000 2.2000
5.2000 1.3000 2.3000
5.2000 1.3000 2.4000
5.2000 1.3000 2.5000
5.2000 1.3000 2.6000
5.2000 1.3000 2.7000
5.2000 1.3000 2.8000
5.2000 1.3000 2.9000
5.2000 1.3000 3.0000
5.2000 1.3000 3.1000
5.2000 1.3000 3.2000
5.2000 1.3000 3.3000
5.2000 1.3000 3.4000
5.2000 1.3000 3.5000
5.2000 1.4000 0.0000
5.2000 1.4000 0.1000
5.2000 1.4000 0.2000
5.2000 1.4000 0.3000
5.2000 1.4000 0.4000
5.2000 1.4000 0.5000
5.2000 1.4000 0.6000
5.2000 1.4000 0.7000
5.2000 1.4000 0.8000
5.2000 1.4000 0.9000
5.2000 1.4000 1.0000
5.2000 1.4000 1.1000
5.2000 1.4000 1.2000
5.2000 1.4000 1.3000
5.2000 1.4000 1.4000
5.2000 1.4000 1.5000
5.2000 1.4000 1.6000
5.2000 1.4000 1.7000
5.2000 1.4000 1.8000
5.2000 1.4000 1.9000
5.2000 1.4000 2.0000
5.2000 1.4000 2.1000
5.2000 1.4000 2.2000
5.2000 1.4000 2.3000
5.2000 1.4000 2.4000
5.2000 1.4000 2.5000
5.2000 1.4000 2.6000
5.2000 1.4000 2.7000
5.2000 1.4000 2.8000
5.2000 1.4000 2.9000
5.2000 1.4000 3.0000
5.2000 1.4000 3.1000
5.2000 1.4000 3.2000
5.2000 1.4000 3.3000
5.2000 1.4000 3.4000
5.2000 1.4000 3.5000
5.2000 1.5000 0.0000
5.2000 1.5000 0.1000
5.2000 1.5000 0.2000
5.2000 1.5000 0.3000
5.2000 1.5000 0.4000
5.2000 1.5000 0.5000
5.2000 1.5000 0.6000
5.2000 1.5000 0.7000
5.2000 1.5000 0.8000
5.2000 1.5000 0.9000
5.2000 1.5000 1.0000
5.2000 1.5000 1.1000
5.2000 1.5000 1.2000
5.2000 1.5000 1.3000
5.2000 1.5000 1.4000
5.2000 1.5000 1.5000
5.2000 1.5000 1.6000
5.2000 1.5000 1.7000
5.2000 1.5000 1.8000
5.2000 1.5000 1.9000
5.2000 1.5000 2.0000
5.2000 1.5000 2.1000
5.2000 1.5000 2.2000
5.2000 1.5000 2.3000
5.2000 1.5000 2.4000
5.2000 1.5000 2.5000
5.2000 1.5000 2.6000
5.2000 1.5000 2.7000
5.2000 1.5000 2.8000
5.2000 1.5000 2.9000
5.2000 1.5000 3.0000
5.2000 1.5000 3.1000
5.2000 1.5000 3.2000
5.2000 1.5000 3.3000
5.2000 1.5000 3.4000
5.2000 1.5000 3.5000
5.2000 1.6000 0.0000
5.2000 1.6000 0.1000
5.2000 1.6000 0.2000
5.2000 1.6000 0.3000
5.2000 1.6000 0.4000
5.2000 1.6000 0.5000
5.2000 1.6000 0.6000
5.2000 1.6000 0.7000
5.2000 1.6000 0.8000
5.2000 1.6000 0.9000
5.2000 1.6000 1.0000
5.2000 1.6000 1.1000
5.2000 1.6000 1.2000
5.2000 1.6000 1.3000
5.2000 1.6000 1.4000
5.2000 1.6000 1.5000
5.2000 1.6000 1.6000
5.2000 1.6000 1.7000
5.2000 1.6000 1.8000
5.2000 1.6000 1.9000
5.2000 1.6000 2.0000
5.2000 1.6000 2.1000
5.2000 1.6000 2.2000
5.2000 1.6000 2.3000
5.2000 1.6000 2.4000
5.2000 1.6000 2.5000
5.2000 1.6000 2.6000
5.2000 1.6000 2.7000
5.2000 1.6000 2.8000
5.2000 1.6000 2.9000
5.2000 1.6000 3.0000
5.2000 1.6000 3.1000
5.2000 1.6000 3.2000
5.2000 1.6000 3.3000
5.2000 1.6000 3.4000
5.2000 1.6000 3.5000
5.2000 1.7000 0.0000
5.2000 1.7000 0.1000
5.2000 1.7000 0.2000
5.2000 1.7000 0.3000
5.2000 1.7000 0.4000
5.2000 1.7000 0.5000
5.2000 1.7000 0.6000
5.2000 1.7000 0.7000
5.2000 1.7000 0.8000
5.2000 1.7000 0.9000
5.2000 1.7000 1.0000
5.2000 1.7000 1.1000
5.2000 1.7000 1.2000
5.2000 1.7000 1.3000
5.2000 1.7000 1.4000
5.2000 1.7000 1.5000
5.2000 1.7000 1.6000
5.2000 1.7000 1.7000
5.2000 1.7000 1.8000
5.2000 1.7000 1.9000
5.2000 1.7000 2.0000
5.2000 1.7000 2.1000
5.2000 1.7000 2.2000
5.2000 1.7000 2.3000
5.2000 1.7000 2.4000
5.2000 1.7000 2.5000
5.2000 1.7000 2.6000
5.2000 1.7000 2.7000
5.2000 1.7000 2.8000
5.2000 1.7000 2.9000
5.2000 1.7000 3.0000
5.2000 1.7000 3.1000
5.2000 1.7000 3.2000
5.2000 1.7000 3.3000
5.2000 1.7000 3.4000
5.2000 1.7000 3.5000
5.2000 1.8000 0.0000
5.2000 1.8000 0.1000
5.2000 1.8000 0.2000
5.2000 1.8000 0.3000
5.2000 1.8000 0.4000
5.2000 1.8000 0.5000
5.2000 1.8000 0.6000
5.2000 1.8000 0.7000
5.2000 1.8000 0.8000
5.2000 1.8000 0.9000
5.2000 1.8000 1.0000
5.2000 1.8000 1.1000
5.2000 1.8000 1.2000
5.2000 1.8000 1.3000
5.2000 1.8000 1.4000
5.2000 1.8000 1.5000
5.2000 1.8000 1.6000
5.2000 1.8000 1.7000
5.2000 1.8000 1.8000
5.2000 1.8000 1.9000
5.2000 1.8000 2.0000
5.2000 1.8000 2.1000
5.2000 1.8000 2.2000
5.2000 1.8000 2.3000
5.2000 1.8000 2.4000
5.2000 1.8000 2.5000
5.2000 1.8000 2.6000
5.2000 1.8000 2.7000
5.2000 1.8000 2.8000
5.2000 1.8000 2.9000
5.2000 1.8000 3.0000
5.2000 1.8000 3.1000
5.2000 1.8000 3.2000
5.2000 1.8000 3.3000
5.2000 1.8000 3.4000
5.2000 1.8000 3.5000
5.2000 1.9000 0.0000
5.2000 1.9000 0.1000
5.2000 1.9000 0.2000
5.2000 1.9000 0.3000
5.2000 1.9000 0.4000
5.2000 1.9000 0.5000
5.2000 1.9000 0.6000
5.2000 1.9000 0.7000
5.2000 1.9000 0.8000
5.2000 1.9000 0.9000
5.2000 1.9000 1.0000
5.2000 1.9000 1.1000
5.2000 1.9000 1.2000
5.2000 1.9000 1.3000
5.2000 1.9000 1.4000
5.2000 1.9000 1.5000
5.2000 1.9000 1.6000
5.2000 1.9000 1.7000
5.2000 1.9000 1.8000
5.2000 1.9000 1.9000
5.2000 1.9000 2.0000
5.2000 1.9000 2.1000
5.2000 1.9000 2.2000
5.2000 1.9000 2.3000
5.2000 1.9000 2.4000
5.2000 1.9000 2.5000
5.2000 1.9000 2.6000
5.2000 1.9000 2.7000
5.2000 1.9000 2.8000
5.2000 1.9000 2.9000
5.2000 1.9000 3.0000
5.2000 1.9000 3.1000
5.2000 1.9000 3.2000
5.2000 1.9000 3.3000
5.2000 1.9000 3.4000
5.2000 1.9000 3.5000
5.2000 2.0000 0.0000
5.2000 2.0000 0.1000
5.2000 2.0000 0.2000
5.2000 2.0000 0.3000
5.2000 2.0000 0.4000
5.2000 2.0000 0.5000
5.2000 2.0000 0.6000
5.2000 2.0000 0.7000
5.2000 2.0000 0.8000
5.2000 2.0000 0.9000
5.2000 2.0000 1.0000
5.2000 2.0000 1.1000
5.2000 2.0000 1.2000
5.2000 2.0000 1.3000
5.2000 2.0000 1.4000
5.2000 2.0000 1.5000
5.2000 2.0000 1.6000
5.2000 2.0000 1.7000
5.2000 2.0000 1.8000
5.2000 2.0000 1.9000
5.2000 2.0000 2.0000
5.2000 2.0000 2.1000
5.2000 2.0000 2.2000
5.2000 2.0000 2.3000
5.2000 2.0000 2.4000
5.2000 2.0000 2.5000
5.2000 2.0000 2.6000
5.2000 2.0000 2.7000
5.2000 2.0000 2.8000
5.2000 2.0000 2.9000
5.2000 2.0000 3.0000
5.2000 2.0000 3.1000
5.2000 2.0000 3.2000
5.2000 2.0000 3.3000
5.2000 2.0000 3.4000
5.2000 2.0000 3.5000
5.2000 2.1000 0.0000
5.2000 2.1000 0.1000
5.2000 2.1000 0.2000
5.2000 2.1000 0.3000
5.2000 2.1000 0.4000
5.2000 2.1000 0.5000
5.2000 2.1000 0.6000
5.2000 2.1000 0.7000
5.2000 2.1000 0.8000
5.2000 2.1000 0.9000
5.2000 2.1000 1.0000
5.2000 2.1000 1.1000
5.2000 2.1000 1.2000
5.2000 2.1000 1.3000
5.2000 2.1000 1.4000
5.2000 2.1000 1.5000
5.2000 2.1000 1.6000
5.2000 2.1000 1.7000
5.2000 2.1000 1.8000
5.2000 2.1000 1.9000
5.2000 2.1000 2.0000
5.2000 2.1000 2.1000
5.2000 2.1000 2.2000
5.2000 2.1000 2.3000
5.2000 2.1000 2.4000
5.2000 2.1000 2.5000
5.2000 2.1000 2.6000
5.2000 2.1000 2.7000
5.2000 2.1000 2.8000
5.2000 2.1000 2.9000
5.2000 2.1000 3.0000
5.2000 2.1000 3.1000
5.2000 2.1000 3.2000
5.2000 2.1000 3.3000
5.2000 2.1000 3.4000
5.2000 2.1000 3.5000
5.2000 2.2000 0.0000
5.2000 2.2000 0.1000
5.2000 2.2000 0.2000
5.2000 2.2000 0.3000
5.2000 2.2000 0.4000
5.2000 2.2000 0.5000
5.2000 2.2000 0.6000
5.2000 2.2000 0.7000
5.2000 2.2000 0.8000
5.2000 2.2000 0.9000
5.2000 2.2000 1.0000
5.2000 2.2000 1.1000
5.2000 2.2000 1.2000
5.2000 2.2000 1.3000
5.2000 2.2000 1.4000
5.2000 2.2000 1.5000
5.2000 2.2000 1.6000
5.2000 2.2000 1.7000
5.2000 2.2000 1.8000
5.2000 2.2000 1.9000
5.2000 2.2000 2.0000
5.2000 2.2000 2.1000
5.2000 2.2000 2.2000
5.2000 2.2000 2.3000
5.2000 2.2000 2.4000
5.2000 2.2000 2.5000
5.2000 2.2000 2.6000
5.2000 2.2000 2.7000
5.2000 2.2000 2.8000
5.2000 2.2000 2.9000
5.2000 2.2000 3.0000
5.2000 2.2000 3.1000
5.2000 2.2000 3.2000
5.2000 2.2000 3.3000
5.2000 2.2000 3.4000
5.2000 2.2000 3.5000
5.2000 2.3000 0.0000
5.2000 2.3000 0.1000
5.2000 2.3000 0.2000
5.2000 2.3000 0.3000
5.2000 2.3000 0.4000
5.2000 2.3000 0.5000
5.2000 2.3000 0.6000
5.2000 2.3000 0.7000
5.2000 2.3000 0.8000
5.2000 2.3000 0.9000
5.2000 2.3000 1.0000
5.2000 2.3000 1.1000
5.2000 2.3000 1.2000
5.2000 2.3000 1.3000
5.2000 2.3000 1.4000
5.2000 2.3000 1.5000
5.2000 2.3000 1.6000
5.2000 2.3000 1.7000
5.2000 2.3000 1.8000
5.2000 2.3000 1.9000
5.2000 2.3000 2.0000
5.2000 2.3000 2.1000
5.2000 2.3000 2.2000
5.2000 2.3000 2.3000
5.2000 2.3000 2.4000
5.2000 2.3000 2.5000
5.2000 2.3000 2.6000
5.2000 2.3000 2.7000
5.2000 2.3000 2.8000
5.2000 2.3000 2.9000
5.2000 2.3000 3.0000
5.2000 2.3000 3.1000
5.2000 2.3000 3.2000
5.2000 2.3000 3.3000
5.2000 2.3000 3.4000
5.2000 2.3000 3.5000
5.2000 2.4000 0.0000
5.2000 2.4000 0.1000
5.2000 2.4000 0.2000
5.2000 2.4000 0.3000
5.2000 2.4000 0.4000
5.2000 2.4000 0.5000
5.2000 2.4000 0.6000
5.2000 2.4000 0.7000
5.2000 2.4000 0.8000
5.2000 2.4000 0.9000
5.2000 2.4000 1.0000
5.2000 2.4000 1.1000
5.2000 2.4000 1.2000
5.2000 2.4000 1.3000
5.2000 2.4000 1.4000
5.2000 2.4000 1.5000
5.2000 2.4000 1.6000
5.2000 2.4000 1.7000
5.2000 2.4000 1.8000
5.2000 2.4000 1.9000
5.2000 2.4000 2.0000
5.2000 2.4000 2.1000
5.2000 2.4000 2.2000
5.2000 2.4000 2.3000
5.2000 2.4000 2.4000
5.2000 2.4000 2.5000
5.2000 2.4000 2.6000
5.2000 2.4000 2.7000
5.2000 2.4000 2.8000
5.2000 2.4000 2.9000
5.2000 2.4000 3.0000
5.2000 2.4000 3.1000
5.2000 2.4000 3.2000
5.2000 2.4000 3.3000
5.2000 2.4000 3.4000
5.2000 2.4000 3.5000
5.2000 2.5000 0.0000
5.2000 2.5000 0.1000
5.2000 2.5000 0.2000
5.2000 2.5000 0.3000
5.2000 2.5000 0.4000
5.2000 2.5000 0.5000
5.2000 2.5000 0.6000
5.2000 2.5000 0.7000
5.2000 2.5000 0.8000
5.2000 2.5000 0.9000
5.2000 2.5000 1.0000
5.2000 2.5000 1.1000
5.2000 2.5000 1.2000
5.2000 2.5000 1.3000
5.2000 2.5000 1.4000
5.2000 2.5000 1.5000
5.2000 2.5000 1.6000
5.2000 2.5000 1.7000
5.2000 2.5000 1.8000
5.2000 2.5000 1.9000
5.2000 2.5000 2.0000
5.2000 2.5000 2.1000
5.2000 2.5000 2.2000
5.2000 2.5000 2.3000
5.2000 2.5000 2.4000
5.2000 2.5000 2.5000
5.2000 2.5000 2.6000
5.2000 2.5000 2.7000
5.2000 2.5000 2.8000
5.2000 2.5000 2.9000
5.2000 2.5000 3.0000
5.2000 2.5000 3.1000
5.2000 2.5000 3.2000
5.2000 2.5000 3.3000
5.2000 2.5000 3.4000
5.2000 2.5000 3.5000
5.2000 2.6000 0.0000
5.2000 2.6000 0.1000
5.2000 2.6000 0.2000
5.2000 2.6000 0.3000
5.2000 2.6000 0.4000
5.2000 2.6000 0.5000
5.2000 2.6000 0.6000
5.2000 2.6000 0.7000
5.2000 2.6000 0.8000
5.2000 2.6000 0.9000
5.2000 2.6000 1.0000
5.2000 2.6000 1.1000
5.2000 2.6000 1.2000
5.2000 2.6000 1.3000
5.2000 2.6000 1.4000
5.2000 2.6000 1.5000
5.2000 2.6000 1.6000
5.2000 2.6000 1.7000
5.2000 2.6000 1.8000
5.2000 2.6000 1.9000
5.2000 2.6000 2.0000
5.2000 2.6000 2.1000
5.2000 2.6000 2.2000
5.2000 2.6000 2.3000
5.2000 2.6000 2.4000
5.2000 2.6000 2.5000
5.2000 2.6000 2.6000
5.2000 2.6000 2.7000
5.2000 2.6000 2.8000
5.2000 2.6000 2.9000
5.2000 2.6000 3.0000
5.2000 2.6000 3.1000
5.2000 2.6000 3.2000
5.2000 2.6000 3.3000
5.2000 2.6000 3.4000
5.2000 2.6000 3.5000
5.2000 2.7000 0.0000
5.2000 2.7000 0.1000
5.2000 2.7000 0.2000
5.2000 2.7000 0.3000
5.2000 2.7000 0.4000
5.2000 2.7000 0.5000
5.2000 2.7000 0.6000
5.2000 2.7000 0.7000
5.2000 2.7000 0.8000
5.2000 2.7000 0.9000
5.2000 2.7000 1.0000
5.2000 2.7000 1.1000
5.2000 2.7000 1.2000
5.2000 2.7000 1.3000
5.2000 2.7000 1.4000
5.2000 2.7000 1.5000
5.2000 2.7000 1.6000
5.2000 2.7000 1.7000
5.2000 2.7000 1.8000
5.2000 2.7000 1.9000
5.2000 2.7000 2.0000
5.2000 2.7000 2.1000
5.2000 2.7000 2.2000
5.2000 2.7000 2.3000
5.2000 2.7000 2.4000
5.2000 2.7000 2.5000
5.2000 2.7000 2.6000
5.2000 2.7000 2.7000
5.2000 2.7000 2.8000
5.2000 2.7000 2.9000
5.2000 2.7000 3.0000
5.2000 2.7000 3.1000
5.2000 2.7000 3.2000
5.2000 2.7000 3.3000
5.2000 2.7000 3.4000
5.2000 2.7000 3.5000
