elapsed_s,bag_time_s,header_time_s,vx_mps,vy_mps,vz_mps,horizontal_speed_mps,speed_3d_mps,position_x_m,position_y_m,position_z_m
0.000000000,1788576000.631328344,1788576000.582112312,0.001355955,0.000088617,-0.000283653,0.001358848,0.001388138,13.521739960,-6.967667103,-0.943591654
0.039999232,1788576000.631337881,1788576000.622111559,0.001165836,0.000328789,-0.000572432,0.001211311,0.001339759,13.521702766,-6.967701912,-0.943501830
0.069999232,1788576000.659334898,1788576000.652111292,0.001294704,-0.000163360,-0.000282672,0.001304969,0.001335233,13.521672249,-6.967723846,-0.943423212
0.099999232,1788576000.690155268,1788576000.682111502,0.001210343,0.000114993,-0.000188764,0.001215793,0.001230359,13.521646500,-6.967745304,-0.943351030
0.139998464,1788576000.726089954,1788576000.722110748,0.001170366,0.000260210,-0.000447442,0.001198944,0.001279715,13.521617889,-6.967775345,-0.943266749
0.169998464,1788576000.758532286,1788576000.752110481,0.001171631,0.000074912,0.000056022,0.001174023,0.001175359,13.521599770,-6.967794895,-0.943191707
0.199998464,1788576000.791752338,1788576000.782110691,0.001241339,0.000112661,0.000164432,0.001246441,0.001257240,13.521582603,-6.967811108,-0.943122208
0.239997696,1788576000.826253414,1788576000.822109938,0.001199307,0.000326131,-0.000196046,0.001242859,0.001258226,13.521553993,-6.967830658,-0.943032980
0.269997696,1788576000.859366417,1788576000.852109909,0.001191776,0.000189738,0.000203161,0.001206786,0.001223767,13.521532059,-6.967844009,-0.942960203
0.299997696,1788576000.890078068,1788576000.882109880,0.001383132,0.000115750,0.000709246,0.001387967,0.001558680,13.521510124,-6.967852116,-0.942887962
0.339996928,1788576000.926052094,1788576000.922109127,0.001074435,0.000289482,0.000100819,0.001112749,0.001117307,13.521489143,-6.967865467,-0.942801714
0.369996928,1788576000.959064722,1788576000.952109098,0.001243396,0.000144448,0.000639136,0.001251758,0.001405487,13.521476746,-6.967872143,-0.942735553
0.399996928,1788576000.990071535,1788576000.982109070,0.001271885,0.000249311,0.000494914,0.001296090,0.001387367,13.521463394,-6.967876434,-0.942674100
0.439996160,1788576001.026216269,1788576001.022108316,0.001301926,0.000349275,0.000264907,0.001347963,0.001373747,13.521440506,-6.967880249,-0.942596674
0.469996160,1788576001.059292555,1788576001.052108288,0.001517639,0.000203152,0.000731954,0.001531176,0.001697131,13.521421432,-6.967879295,-0.942541063
0.499996160,1788576001.090091705,1788576001.082108498,0.001476585,0.000259792,0.000054478,0.001499265,0.001500254,13.521398544,-6.967878819,-0.942489624
0.539995392,1788576001.126402855,1788576001.122107744,0.001549009,0.000283575,0.000390913,0.001574751,0.001622546,13.521374702,-6.967876434,-0.942422986
0.569995392,1788576001.159594536,1788576001.152107477,0.001554377,0.000316966,0.000139041,0.001586365,0.001592447,13.521357536,-6.967874527,-0.942379773
0.599995392,1788576001.190032482,1788576001.182107687,0.001554939,0.000164418,0.000043863,0.001563607,0.001564222,13.521339417,-6.967872143,-0.942337394
0.639994624,1788576001.226269007,1788576001.222106934,0.001572839,0.000229999,0.000088106,0.001589567,0.001592007,13.521311760,-6.967863083,-0.942290187
0.669994624,1788576001.258643627,1788576001.252106667,0.001783360,0.000069390,0.000005857,0.001784710,0.001784719,13.521286011,-6.967853546,-0.942256689
0.699994624,1788576001.290033579,1788576001.282106876,0.001753644,-0.000016971,-0.000254041,0.001753726,0.001772031,13.521256447,-6.967849731,-0.942225873
0.739993856,1788576001.326224804,1788576001.322106123,0.001558184,0.000102602,-0.000308208,0.001561558,0.001591683,13.521233559,-6.967842579,-0.942194343
0.769993856,1788576001.359272718,1788576001.352106094,0.001416899,0.000032652,-0.000753088,0.001417275,0.001604933,13.521221161,-6.967839718,-0.942172468
0.799993856,1788576001.390130520,1788576001.382106066,0.001253857,-0.000091777,-0.000446090,0.001257212,0.001334008,13.521213531,-6.967833996,-0.942153513
0.839992832,1788576001.426395655,1788576001.422105074,0.001291515,-0.000049615,-0.000707696,0.001292468,0.001473536,13.521204948,-6.967823505,-0.942140460
0.869992832,1788576001.459548950,1788576001.452105284,0.001347856,-0.000208648,-0.000599407,0.001363909,0.001489811,13.521197319,-6.967813969,-0.942132294
0.899992832,1788576001.490073204,1788576001.482105017,0.001158325,-0.000060510,-0.000786305,0.001159905,0.001401305,13.521187782,-6.967806816,-0.942134500
0.939992320,1788576001.528614283,1788576001.522104502,0.001224955,0.000069354,-0.000655205,0.001226917,0.001390906,13.521186829,-6.967793941,-0.942137599
0.969992320,1788576001.559034586,1788576001.552104473,0.001077445,-0.000050550,-0.000736697,0.001078631,0.001306203,13.521190643,-6.967790127,-0.942147195
0.999992320,1788576001.590168715,1788576001.582104683,0.000975313,0.000064774,-0.000255620,0.000977462,0.001010333,13.521195412,-6.967788696,-0.942160845
1.039991808,1788576001.626258135,1788576001.622104168,0.000935887,-0.000088763,-0.000667299,0.000940087,0.001152845,13.521207809,-6.967784882,-0.942181051
1.069991808,1788576001.659070015,1788576001.652104139,0.001033700,0.000010106,-0.000589171,0.001033750,0.001189858,13.521212578,-6.967782974,-0.942197800
1.099991808,1788576001.690180540,1788576001.682104111,0.001056471,-0.000127110,-0.000121965,0.001064090,0.001071057,13.521215439,-6.967779160,-0.942223907
1.139991296,1788576001.726036072,1788576001.722103596,0.000947653,0.000068384,-0.000576542,0.000950117,0.001111361,13.521223068,-6.967774391,-0.942257285
1.169991296,1788576001.758651733,1788576001.752103329,0.001101756,0.000110784,-0.000191883,0.001107312,0.001123814,13.521228790,-6.967772961,-0.942283094
1.199991296,1788576001.791729450,1788576001.782103539,0.001196418,0.000147634,-0.000357504,0.001205492,0.001257386,13.521231651,-6.967770100,-0.942317963
1.239990528,1788576001.826231241,1788576001.822102785,0.001200938,0.000040484,-0.000334643,0.001201620,0.001247348,13.521235466,-6.967766762,-0.942360699
1.269990528,1788576001.859484434,1788576001.852102757,0.001277790,-0.000006160,-0.000017545,0.001277805,0.001277925,13.521233559,-6.967757702,-0.942396164
1.299990528,1788576001.890013456,1788576001.882102728,0.001430695,0.000116137,-0.000164629,0.001435401,0.001444811,13.521229744,-6.967743874,-0.942433357
1.339989760,1788576001.926057100,1788576001.922101974,0.001446785,-0.000043860,-0.000100774,0.001447449,0.001450953,13.521214485,-6.967724323,-0.942474186
1.369989760,1788576001.959271431,1788576001.952101946,0.001524073,-0.000116687,0.000014463,0.001528534,0.001528602,13.521209717,-6.967704773,-0.942507923
1.399989760,1788576001.990141630,1788576001.982101917,0.001547439,-0.000149657,-0.000454427,0.001554659,0.001619713,13.521206856,-6.967683792,-0.942542136
1.439989248,1788576002.027464867,1788576002.022101402,0.001680283,0.000015270,0.000089912,0.001680352,0.001682756,13.521196365,-6.967657089,-0.942583144
1.469989248,1788576002.057395935,1788576002.052101612,0.001653128,0.000021012,-0.000099042,0.001653262,0.001656226,13.521189690,-6.967632771,-0.942615271
1.499989248,1788576002.091353893,1788576002.082101583,0.001807669,-0.000164503,-0.000017676,0.001815138,0.001815224,13.521174431,-6.967608452,-0.942642689
1.539988480,1788576002.126034260,1788576002.122100830,0.001917772,0.000091914,0.000029031,0.001919973,0.001920193,13.521145821,-6.967576027,-0.942680001
1.569988480,1788576002.159382820,1788576002.152100801,0.001796006,-0.000053437,-0.000009263,0.001796801,0.001796824,13.521129608,-6.967551231,-0.942700267
1.599988480,1788576002.190045118,1788576002.182100773,0.001709954,0.000113401,-0.000390393,0.001713710,0.001757614,13.521116257,-6.967527390,-0.942719400
1.639987712,1788576002.226117611,1788576002.222100019,0.001683138,0.000227371,-0.000289697,0.001698426,0.001722956,13.521100998,-6.967502594,-0.942754924
1.669987712,1788576002.258981943,1788576002.252099991,0.001650188,0.000026631,-0.000676959,0.001650403,0.001783845,13.521090508,-6.967481136,-0.942779243
1.699987712,1788576002.289978981,1788576002.282099962,0.001727019,0.000050056,-0.000348129,0.001727745,0.001762469,13.521075249,-6.967460155,-0.942799985
1.739987200,1788576002.326012611,1788576002.322099447,0.001822515,0.000313890,-0.000517183,0.001849348,0.001920304,13.521052361,-6.967435837,-0.942835748
1.769987200,1788576002.358978033,1788576002.352099419,0.001637515,0.000409961,-0.000573611,0.001688053,0.001782850,13.521040916,-6.967418671,-0.942855716
1.799987200,1788576002.390078068,1788576002.382099390,0.001550972,0.000194271,-0.000017240,0.001563092,0.001563187,13.521039009,-6.967400551,-0.942872047
1.839986688,1788576002.426175594,1788576002.422098875,0.001433822,0.000295028,-0.000139060,0.001463860,0.001470450,13.521038055,-6.967381001,-0.942899168
1.869986688,1788576002.459236145,1788576002.452099085,0.001410645,0.000348268,-0.000181099,0.001453000,0.001464243,13.521036148,-6.967359066,-0.942911267
1.899986688,1788576002.490035772,1788576002.482099056,0.001319137,0.000568191,0.000118203,0.001436302,0.001441158,13.521037102,-6.967338562,-0.942924440
1.939985920,1788576002.527574539,1788576002.522098064,0.001250104,0.000309850,-0.000455599,0.001287932,0.001366140,13.521034241,-6.967311859,-0.942940652
1.969985920,1788576002.559267044,1788576002.552098274,0.001323836,0.000349365,0.000377638,0.001369160,0.001420285,13.521030426,-6.967287540,-0.942949414
1.999985920,1788576002.590044975,1788576002.582098246,0.001114281,0.000386563,0.000285558,0.001179429,0.001213506,13.521030426,-6.967262745,-0.942958236
2.039985152,1788576002.626132488,1788576002.622097492,0.001170953,0.000367942,0.000377991,0.001227401,0.001284286,13.521034241,-6.967230320,-0.942959607
2.069985152,1788576002.659304619,1788576002.652097464,0.001136441,0.000187747,0.000260448,0.001151845,0.001180923,13.521034241,-6.967198849,-0.942951739
2.099985152,1788576002.690200567,1788576002.682097435,0.001166311,0.000238298,0.000623404,0.001190407,0.001343764,13.521034241,-6.967166424,-0.942947745
2.139984384,1788576002.726352930,1788576002.722096682,0.001178911,0.000416160,0.000412708,0.001250208,0.001316567,13.521029472,-6.967129230,-0.942938685
2.169984384,1788576002.759358406,1788576002.752096653,0.001326649,0.000244284,0.000054552,0.001348953,0.001350055,13.521019936,-6.967098713,-0.942927778
2.199984384,1788576002.790035009,1788576002.782096624,0.001270462,0.000260214,-0.000098857,0.001296837,0.001300599,13.521014214,-6.967072010,-0.942922831
2.239983616,1788576002.826244593,1788576002.822095871,0.001233806,0.000421091,-0.000328420,0.001303685,0.001344416,13.521002769,-6.967041492,-0.942920506
2.269983616,1788576002.858892202,1788576002.852096081,0.001373642,0.000222258,0.000115996,0.001391506,0.001396333,13.520992279,-6.967013836,-0.942918837
2.299983616,1788576002.890062571,1788576002.882095814,0.001282118,0.000239663,-0.000686515,0.001304326,0.001473964,13.520980835,-6.966985703,-0.942917347
2.339982848,1788576002.926209450,1788576002.922095060,0.001365520,0.000239256,0.000072377,0.001386321,0.001388209,13.520960808,-6.966951370,-0.942920327
2.369982848,1788576002.959275246,1788576002.952095270,0.001376398,0.000457053,-0.000517110,0.001450300,0.001539731,13.520944595,-6.966925621,-0.942922473
2.399982848,1788576002.990127802,1788576002.982095003,0.001468301,0.000079954,-0.000553046,0.001470476,0.001571038,13.520926476,-6.966900349,-0.942916155
2.439982080,1788576003.026252270,1788576003.022094250,0.001350302,0.000062387,-0.000605886,0.001351742,0.001481319,13.520908356,-6.966870308,-0.942909718
2.469982080,1788576003.059333563,1788576003.052094460,0.001395293,0.000086084,-0.000505847,0.001397946,0.001486652,13.520898819,-6.966847897,-0.942903638
2.499982080,1788576003.090083599,1788576003.082094431,0.001321595,0.000260153,-0.000507169,0.001346957,0.001439275,13.520888329,-6.966826439,-0.942892075
2.539981312,1788576003.126250505,1788576003.122093678,0.001328232,-0.000002149,-0.000368939,0.001328234,0.001378521,13.520874023,-6.966793537,-0.942885697
2.569981312,1788576003.159220457,1788576003.152093649,0.001282969,0.000065534,-0.000569166,0.001284642,0.001405082,13.520867348,-6.966769218,-0.942877471
2.599981312,1788576003.190019608,1788576003.182093620,0.001256503,0.000009642,-0.000384780,0.001256540,0.001314134,13.520861626,-6.966746807,-0.942866683
2.639980544,1788576003.226295471,1788576003.222092867,0.001062718,-0.000034018,-0.000180466,0.001063262,0.001078469,13.520866394,-6.966717243,-0.942846715
2.669980544,1788576003.259230614,1788576003.252092838,0.000820646,-0.000136561,-0.000043428,0.000831931,0.000833064,13.520879745,-6.966696739,-0.942828476
2.699980544,1788576003.290211439,1788576003.282092810,0.000981704,-0.000020702,0.000279760,0.000981923,0.001020998,13.520894051,-6.966678143,-0.942810237
2.739979776,1788576003.326382160,1788576003.322092056,0.001011052,-0.000246831,-0.000110876,0.001040745,0.001046635,13.520912170,-6.966650486,-0.942786276
2.769979776,1788576003.359365225,1788576003.352092266,0.000907400,-0.000388982,0.000582668,0.000987260,0.001146379,13.520928383,-6.966630459,-0.942766786
2.799979776,1788576003.390073061,1788576003.382091999,0.001122850,0.000080816,0.001373319,0.001125754,0.001775761,13.520944595,-6.966613293,-0.942757308
2.839979008,1788576003.426244497,1788576003.422091246,0.000949972,-0.000126796,0.000587242,0.000958397,0.001124001,13.520969391,-6.966597557,-0.942731738
2.869979008,1788576003.458647966,1788576003.452091455,0.000966877,-0.000128979,0.000893716,0.000975442,0.001322957,13.520991325,-6.966588020,-0.942710638
2.899979008,1788576003.490050554,1788576003.482091188,0.001020719,0.000039113,0.000839258,0.001021468,0.001322025,13.521012306,-6.966583252,-0.942692578
2.939978240,1788576003.526463985,1788576003.522090435,0.001243921,-0.000183525,0.001408937,0.001257386,0.001888418,13.521031380,-6.966571808,-0.942658603
2.969978240,1788576003.557541847,1788576003.552090645,0.001131054,-0.000378185,0.001223972,0.001192606,0.001708923,13.521048546,-6.966562748,-0.942636728
2.999978240,1788576003.590122938,1788576003.582090378,0.001234546,-0.000340272,0.001031402,0.001280581,0.001644287,13.521062851,-6.966553688,-0.942620695
3.039977472,1788576003.626118898,1788576003.622089624,0.001218515,-0.000223971,0.000840978,0.001238927,0.001497393,13.521082878,-6.966542721,-0.942598104
3.069977472,1788576003.659358978,1788576003.652089834,0.001136891,-0.000445134,0.000893394,0.001220928,0.001512884,13.521104813,-6.966533184,-0.942590535
3.099977472,1788576003.690211535,1788576003.682089806,0.001046181,-0.000233997,0.000057879,0.001072030,0.001073592,13.521122932,-6.966526031,-0.942596078
3.139976704,1788576003.726032019,1788576003.722089052,0.001028109,-0.000315195,0.000201057,0.001075340,0.001093975,13.521147728,-6.966521263,-0.942591786
3.169976704,1788576003.759248734,1788576003.752089024,0.001073108,-0.000175212,0.000476505,0.001087317,0.001187146,13.521165848,-6.966516495,-0.942587852
3.199976704,1788576003.792084217,1788576003.782088995,0.001079623,-0.000319042,0.000610513,0.001125777,0.001280664,13.521182060,-6.966512203,-0.942599654
3.239975936,1788576003.826047659,1788576003.822088242,0.001184421,-0.000346848,0.000490353,0.001234162,0.001328007,13.521200180,-6.966502666,-0.942617893
3.269975936,1788576003.859113693,1788576003.852088213,0.001066952,-0.000318457,0.000312565,0.001113464,0.001156503,13.521220207,-6.966498852,-0.942630172
3.299975936,1788576003.890135527,1788576003.882088184,0.000955190,-0.000023729,-0.000295746,0.000955484,0.001000208,13.521240234,-6.966500282,-0.942644060
3.339975168,1788576003.926277161,1788576003.922087431,0.000976586,-0.000164673,-0.000165281,0.000990373,0.001004070,13.521267891,-6.966505051,-0.942666471
3.369975168,1788576003.959855080,1788576003.952087641,0.001022917,0.000067927,0.000435180,0.001025170,0.001113713,13.521283150,-6.966513157,-0.942677617
3.399975168,1788576003.990029097,1788576003.982087374,0.001209648,0.000222535,0.000449674,0.001229947,0.001309571,13.521293640,-6.966519356,-0.942698836
3.439974656,1788576004.025988102,1788576004.022086859,0.001155399,0.000117735,-0.000561562,0.001161382,0.001290024,13.521304131,-6.966524124,-0.942725003
3.469974656,1788576004.057364225,1788576004.052086830,0.001111812,-0.000046092,0.000187592,0.001112767,0.001128469,13.521317482,-6.966526985,-0.942742348
3.499974656,1788576004.091611862,1788576004.082086802,0.001086829,0.000125048,0.000188738,0.001093999,0.001110160,13.521328926,-6.966528893,-0.942769110
3.539973888,1788576004.126034737,1788576004.122086048,0.001152652,-0.000299953,-0.000014948,0.001191041,0.001191135,13.521341324,-6.966521740,-0.942804217
3.569973888,1788576004.159250498,1788576004.152086020,0.001116554,0.000109949,0.000146077,0.001121955,0.001131424,13.521347046,-6.966517925,-0.942827761
3.599973888,1788576004.190132141,1788576004.182086229,0.001177639,0.000126947,0.000385371,0.001184462,0.001245576,13.521348953,-6.966514587,-0.942853034
3.639973120,1788576004.226193428,1788576004.222085476,0.001436885,-0.000317400,0.000196623,0.001471523,0.001484602,13.521345139,-6.966503143,-0.942883015
3.669973120,1788576004.259352207,1788576004.252085209,0.001221430,-0.000122100,0.000165253,0.001227517,0.001238591,13.521344185,-6.966494083,-0.942899704
3.699973120,1788576004.290317297,1788576004.282085419,0.001222860,-0.000013514,0.000556285,0.001222934,0.001343511,13.521346092,-6.966485977,-0.942916512
3.739972352,1788576004.326040030,1788576004.322084665,0.001070646,-0.000342448,0.000025494,0.001124079,0.001124368,13.521356583,-6.966475010,-0.942932129
3.769972352,1788576004.359258652,1788576004.352084398,0.000962784,-0.000288162,0.000419173,0.001004983,0.001088897,13.521363258,-6.966464520,-0.942946196
3.799972352,1788576004.389982939,1788576004.382084608,0.000981081,-0.000410197,-0.000057413,0.001063382,0.001064931,13.521368027,-6.966454983,-0.942962050
3.839971584,1788576004.426048040,1788576004.422083855,0.001038259,-0.000296711,-0.000223522,0.001079823,0.001102715,13.521370888,-6.966438770,-0.942969859
3.869971584,1788576004.458975554,1788576004.452083826,0.000941060,-0.000258994,0.000645297,0.000976049,0.001170077,13.521373749,-6.966433048,-0.942968607
3.899971584,1788576004.489994526,1788576004.482083797,0.000845421,-0.000303254,0.000414641,0.000898165,0.000989256,13.521380424,-6.966433525,-0.942969501
3.939970816,1788576004.526386976,1788576004.522083044,0.000974018,-0.000176547,0.000560741,0.000989889,0.001137678,13.521390915,-6.966434479,-0.942959309
3.969970816,1788576004.559305429,1788576004.552083015,0.000885144,-0.000316919,0.000232564,0.000940169,0.000968506,13.521394730,-6.966435432,-0.942947686
3.999970816,1788576004.590066433,1788576004.582082987,0.000759745,-0.000364853,0.000143759,0.000842810,0.000854983,13.521397591,-6.966439247,-0.942936003
4.039970048,1788576004.626009703,1788576004.622082233,0.000885257,-0.000422456,0.000120424,0.000980892,0.000988256,13.521399498,-6.966441631,-0.942915142
4.069970048,1788576004.659064770,1788576004.652082205,0.000878281,-0.000495252,0.000540182,0.001008291,0.001143874,13.521400452,-6.966447353,-0.942900240
4.099970048,1788576004.690265179,1788576004.682082415,0.000970276,-0.000553893,-0.000002674,0.001117243,0.001117246,13.521401405,-6.966453075,-0.942893445
4.139969280,1788576004.725996017,1788576004.722081423,0.001037248,-0.000674188,0.000299768,0.001237098,0.001272899,13.521402359,-6.966459751,-0.942881346
4.169969280,1788576004.759358644,1788576004.752081394,0.001041163,-0.000649181,0.000256226,0.001226970,0.001253438,13.521398544,-6.966469765,-0.942875743
4.199969280,1788576004.791744947,1788576004.782081604,0.000991233,-0.000539801,-0.000348223,0.001128684,0.001181180,13.521391869,-6.966483116,-0.942869663
4.239968512,1788576004.826256275,1788576004.822080851,0.000891927,-0.000645202,-0.000311978,0.001100827,0.001144181,13.521383286,-6.966497421,-0.942865193
4.269968512,1788576004.859863281,1788576004.852080584,0.001130827,-0.000628029,0.000054356,0.001293518,0.001294660,13.521379471,-6.966511250,-0.942860901
4.299968512,1788576004.889982224,1788576004.882080793,0.001040232,-0.000578412,0.000266586,0.001190228,0.001219718,13.521378517,-6.966532707,-0.942861080
4.339967744,1788576004.925993919,1788576004.922080040,0.001023848,-0.000562178,-0.000077082,0.001168037,0.001170578,13.521374702,-6.966558933,-0.942859471
4.369967744,1788576004.959639311,1788576004.952079773,0.001176582,-0.000518954,0.000073238,0.001285946,0.001288030,13.521372795,-6.966585636,-0.942853510
4.399967744,1788576004.990009546,1788576004.982079983,0.001387161,-0.000462083,-0.000186130,0.001462100,0.001473900,13.521369934,-6.966611385,-0.942849040
4.439966976,1788576005.026048422,1788576005.022079229,0.001452418,-0.000499061,0.000279019,0.001535767,0.001560908,13.521353722,-6.966640949,-0.942839026
4.469966976,1788576005.059373856,1788576005.052079201,0.001628324,-0.000547359,0.000433217,0.001717860,0.001771643,13.521346092,-6.966666698,-0.942821264
4.499966976,1788576005.090133429,1788576005.082079172,0.001599393,-0.000508234,0.001182099,0.001678202,0.002052734,13.521341324,-6.966699600,-0.942797184
4.539966208,1788576005.126216412,1788576005.122078419,0.001442285,-0.000142049,0.001172913,0.001449263,0.001864427,13.521336555,-6.966743946,-0.942763448
4.569966208,1788576005.159936428,1788576005.152078390,0.001488848,-0.000440610,0.000356796,0.001552677,0.001593144,13.521337509,-6.966778755,-0.942729890
4.599966208,1788576005.190083504,1788576005.182078362,0.001640001,-0.000191169,0.000668191,0.001651106,0.001781188,13.521336555,-6.966816425,-0.942691922
4.639965440,1788576005.226013422,1788576005.222077608,0.001626877,-0.000373621,0.001323162,0.001669228,0.002130042,13.521327972,-6.966859818,-0.942645490
4.669965440,1788576005.259864092,1788576005.252077579,0.001657376,-0.000493090,0.001295890,0.001729171,0.002160871,13.521325111,-6.966892242,-0.942588925
4.699965440,1788576005.290063143,1788576005.282077789,0.001743899,-0.000383513,0.001106074,0.001785572,0.002100397,13.521324158,-6.966929436,-0.942533255
4.739964672,1788576005.326128960,1788576005.322077036,0.001542955,-0.000331801,0.001612042,0.001578228,0.002255988,13.521331787,-6.966980457,-0.942457974
4.769964672,1788576005.359772921,1788576005.352076769,0.001320345,-0.000428961,0.001289906,0.001388279,0.001895040,13.521339417,-6.967019081,-0.942384005
4.799964672,1788576005.390047312,1788576005.382076979,0.001284701,-0.000330103,0.000910488,0.001326434,0.001608855,13.521348953,-6.967061520,-0.942310810
4.839963904,1788576005.426128626,1788576005.422076225,0.001314603,-0.000292036,0.001103951,0.001346650,0.001741314,13.521361351,-6.967115879,-0.942216694
4.869963904,1788576005.459356070,1788576005.452075958,0.001285575,-0.000431940,0.001463187,0.001356199,0.001995041,13.521366119,-6.967151165,-0.942127526
4.899963904,1788576005.489956141,1788576005.482076168,0.001135324,-0.000388273,0.001162366,0.001199882,0.001670572,13.521373749,-6.967189312,-0.942040861
4.939963136,1788576005.526278257,1788576005.522075415,0.001149105,-0.000270620,0.001217290,0.001180541,0.001695722,13.521388054,-6.967240810,-0.941944838
4.969963136,1788576005.559255600,1788576005.552075148,0.001092142,-0.000146629,0.001087380,0.001101941,0.001548118,13.521395683,-6.967278957,-0.941866338
4.999963136,1788576005.590325356,1788576005.582075357,0.001004059,-0.000151062,0.000803094,0.001015360,0.001294571,13.521401405,-6.967313766,-0.941792011
5.039962368,1788576005.625991106,1788576005.622074604,0.000990617,-0.000320823,0.000644775,0.001041274,0.001224739,13.521412849,-6.967354774,-0.941713512
5.069962368,1788576005.658967972,1788576005.652074575,0.001031304,-0.000128664,0.000940758,0.001039298,0.001401844,13.521414757,-6.967382908,-0.941645503
5.099962368,1788576005.690504551,1788576005.682074547,0.001029657,-0.000191891,0.000953909,0.001047385,0.001416672,13.521414757,-6.967407703,-0.941577077
5.139961600,1788576005.726184368,1788576005.722073793,0.001083043,-0.000480517,0.000519013,0.001184854,0.001293543,13.521418571,-6.967437267,-0.941514313
5.169961600,1788576005.759321690,1788576005.752073765,0.001158616,-0.000257670,0.000829451,0.001186923,0.001448024,13.521415710,-6.967455387,-0.941459179
5.199961600,1788576005.791700840,1788576005.782073975,0.001187437,-0.000258361,0.000706028,0.001215219,0.001405430,13.521408081,-6.967469215,-0.941405714
5.239960832,1788576005.826054573,1788576005.822072983,0.001238423,-0.000299689,0.000566140,0.001274168,0.001394281,13.521396637,-6.967483997,-0.941349626
5.269960832,1788576005.858808041,1788576005.852072954,0.001236604,-0.000338267,0.000719320,0.001282035,0.001470046,13.521382332,-6.967490196,-0.941303074
5.299960832,1788576005.890135288,1788576005.882073164,0.001323396,-0.000407757,0.000698545,0.001384790,0.001551002,13.521364212,-6.967492580,-0.941256404
5.339960064,1788576005.926021814,1788576005.922072411,0.001097751,-0.000333126,0.000286091,0.001147184,0.001182319,13.521348953,-6.967502594,-0.941207409
5.369960064,1788576005.959270716,1788576005.952072144,0.001147456,-0.000207470,0.000451938,0.001166061,0.001250578,13.521341324,-6.967512131,-0.941159666
5.399960064,1788576005.990173578,1788576005.982072353,0.001153197,-0.000306629,0.000681038,0.001193266,0.001373935,13.521327972,-6.967521667,-0.941107631
5.439959296,1788576006.024690151,1788576006.022071600,0.001080487,-0.000103963,0.000787951,0.001085477,0.001341315,13.521316528,-6.967535019,-0.941047311
5.469959296,1788576006.059316158,1788576006.052071333,0.000975224,-0.000194114,0.000551186,0.000994355,0.001136903,13.521307945,-6.967545509,-0.940997124
5.499959296,1788576006.090302467,1788576006.082071543,0.000963788,-0.000249840,0.000336310,0.000995644,0.001050910,13.521300316,-6.967555523,-0.940944374
5.539958528,1788576006.125989437,1788576006.122070789,0.001049406,0.000119589,0.000605001,0.001056198,0.001217202,13.521294594,-6.967578411,-0.940878987
5.569958528,1788576006.159241915,1788576006.152070761,0.000835577,0.000074374,0.000374169,0.000838880,0.000918544,13.521294594,-6.967599869,-0.940818131
5.599958528,1788576006.190095663,1788576006.182070732,0.000624612,0.000205481,0.000100781,0.000657543,0.000665222,13.521296501,-6.967627048,-0.940754116
5.639957760,1788576006.226060390,1788576006.222069979,0.000644338,0.000176615,0.000526311,0.000668105,0.000850511,13.521300316,-6.967665195,-0.940676033
5.669957760,1788576006.259132385,1788576006.252069950,0.000727869,0.000420570,0.000234029,0.000840638,0.000872607,13.521304131,-6.967701435,-0.940605402
5.699957760,1788576006.290282726,1788576006.282069921,0.000716487,0.000526714,0.000279684,0.000889259,0.000932204,13.521306992,-6.967741966,-0.940532207
5.739956992,1788576006.326247692,1788576006.322069168,0.000766469,0.000415702,0.000212356,0.000871942,0.000897428,13.521306038,-6.967789650,-0.940442204
5.769956992,1788576006.359879971,1788576006.352069139,0.000670714,0.000557696,0.000109431,0.000872285,0.000879123,13.521313667,-6.967831612,-0.940368891
5.799956992,1788576006.390009642,1788576006.382069349,0.000716932,0.000612435,-0.000079507,0.000942904,0.000946250,13.521320343,-6.967873096,-0.940299034
5.839956224,1788576006.425994396,1788576006.422068596,0.000829891,0.000491527,-0.000197484,0.000964530,0.000984539,13.521327019,-6.967922688,-0.940212846
5.869956224,1788576006.459040880,1788576006.452068329,0.000773346,0.000413470,0.000073544,0.000876939,0.000880017,13.521333694,-6.967963219,-0.940142274
5.899956224,1788576006.490143061,1788576006.482068539,0.000857747,0.000474760,0.000217115,0.000980370,0.001004124,13.521340370,-6.967998028,-0.940071344
5.939955456,1788576006.528477669,1788576006.522067785,0.000957645,0.000228785,-0.000269790,0.000984594,0.001020888,13.521346092,-6.968038559,-0.939985573
5.969955456,1788576006.559185743,1788576006.552067518,0.000868504,0.000176896,0.000381609,0.000886335,0.000964995,13.521355629,-6.968069077,-0.939912677
5.999955456,1788576006.590180159,1788576006.582067728,0.000868054,0.000206688,0.000410306,0.000892322,0.000982135,13.521367073,-6.968098164,-0.939843655
6.039954688,1788576006.626130581,1788576006.622066975,0.000749280,0.000120674,0.000280673,0.000758935,0.000809173,13.521387100,-6.968134403,-0.939761162
6.069954688,1788576006.659605503,1788576006.652066708,0.000901282,-0.000051168,0.000778862,0.000902734,0.001192289,13.521400452,-6.968158245,-0.939697266
6.099954688,1788576006.690086365,1788576006.682066917,0.000879792,0.000316654,0.000353342,0.000935042,0.000999577,13.521410942,-6.968183041,-0.939635813
6.139953920,1788576006.726093769,1788576006.722066164,0.000848252,0.000150733,0.000625035,0.000861540,0.001064387,13.521418571,-6.968212128,-0.939557791
6.169953920,1788576006.759330511,1788576006.752066135,0.000772236,-0.000013144,0.000528314,0.000772348,0.000935754,13.521433830,-6.968236923,-0.939502120
6.199953920,1788576006.792057037,1788576006.782066107,0.000687297,0.000116535,0.000456822,0.000697107,0.000833453,13.521448135,-6.968263149,-0.939448535
6.239953152,1788576006.826021433,1788576006.822065353,0.000733810,0.000123401,0.000697964,0.000744113,0.001020225,13.521466255,-6.968294621,-0.939380586
6.269953152,1788576006.859055281,1788576006.852065325,0.000661953,0.000126162,0.000452952,0.000673868,0.000811950,13.521476746,-6.968318939,-0.939336360
6.299953152,1788576006.890147209,1788576006.882065296,0.000743571,0.000084474,0.000125485,0.000748354,0.000758801,13.521479607,-6.968347549,-0.939293385
6.339952384,1788576006.926182747,1788576006.922064543,0.000786942,0.000264502,0.000294890,0.000830204,0.000881022,13.521482468,-6.968381405,-0.939248741
6.369952384,1788576006.959787607,1788576006.952064514,0.000659836,0.000018554,0.000247043,0.000660096,0.000704810,13.521486282,-6.968405724,-0.939212620
6.399952384,1788576006.989989042,1788576006.982064724,0.000839669,-0.000054886,0.000404158,0.000841461,0.000933488,13.521489143,-6.968429089,-0.939174175
6.439951616,1788576007.025997400,1788576007.022063971,0.000965783,0.000069907,0.000393476,0.000968310,0.001045202,13.521485329,-6.968458176,-0.939126790
6.469951616,1788576007.059016705,1788576007.052063704,0.000887674,0.000140879,0.000020295,0.000898784,0.000899013,13.521479607,-6.968479633,-0.939091206
6.499951616,1788576007.090728283,1788576007.082063913,0.000978575,-0.000179626,0.000333514,0.000994924,0.001049336,13.521471024,-6.968500614,-0.939054310
6.539950848,1788576007.126020908,1788576007.122063160,0.001203921,-0.000207085,0.000155844,0.001221601,0.001231502,13.521458626,-6.968520164,-0.939013004
6.569950848,1788576007.159249306,1788576007.152062893,0.001126750,-0.000528123,0.000200217,0.001244379,0.001260383,13.521443367,-6.968526840,-0.938978612
6.599950848,1788576007.190118074,1788576007.182063103,0.001067458,-0.000126590,0.000262899,0.001074938,0.001106620,13.521434784,-6.968533039,-0.938947678
6.639950080,1788576007.226180077,1788576007.222062349,0.001034492,-0.000293478,-0.000092829,0.001075316,0.001079315,13.521422386,-6.968537807,-0.938920259
6.669950080,1788576007.259467602,1788576007.252062321,0.001014847,-0.000373673,-0.000158369,0.001081455,0.001092989,13.521412849,-6.968539715,-0.938898027
6.699950080,1788576007.290043831,1788576007.282062292,0.000915079,-0.000237073,0.000058505,0.000945290,0.000947099,13.521402359,-6.968537807,-0.938879609
6.739949312,1788576007.326060057,1788576007.322061539,0.000869265,-0.000337940,-0.000510794,0.000932644,0.001063360,13.521389961,-6.968530655,-0.938861489
6.769949312,1788576007.359239578,1788576007.352061510,0.000899948,-0.000382944,0.000263318,0.000978034,0.001012861,13.521379471,-6.968524456,-0.938843369
6.799949312,1788576007.389961958,1788576007.382061481,0.000665940,-0.000244904,0.000265422,0.000709545,0.000757564,13.521376610,-6.968520641,-0.938829660
6.839948544,1788576007.426016331,1788576007.422060728,0.000507834,-0.000526551,-0.000074743,0.000731540,0.000735349,13.521379471,-6.968513966,-0.938809574
6.869948544,1788576007.458993673,1788576007.452060699,0.000665949,-0.000262306,0.000224482,0.000715746,0.000750123,13.521378517,-6.968505859,-0.938792050
6.899948544,1788576007.490054846,1788576007.482060909,0.000550961,-0.000237811,0.000222177,0.000600093,0.000639902,13.521376610,-6.968495846,-0.938774824
6.939947776,1788576007.526423454,1788576007.522059917,0.000666420,-0.000240670,0.000248721,0.000708546,0.000750933,13.521372795,-6.968488693,-0.938751698
6.969947776,1788576007.559380770,1788576007.552059889,0.000743117,0.000043884,0.000574830,0.000744412,0.000940520,13.521364212,-6.968484402,-0.938735425
6.999947776,1788576007.589989424,1788576007.582060099,0.000716876,-0.000018945,0.000500749,0.000717127,0.000874654,13.521357536,-6.968480587,-0.938714683
7.039947008,1788576007.626015186,1788576007.622059345,0.000731999,0.000046033,0.000613168,0.000733445,0.000955990,13.521345139,-6.968482018,-0.938687801
7.069947008,1788576007.659340858,1788576007.652059078,0.000758816,-0.000116289,0.000450010,0.000767675,0.000889850,13.521335602,-6.968479633,-0.938668013
7.099947008,1788576007.690148115,1788576007.682059288,0.000766881,0.000031569,0.000174907,0.000767530,0.000787207,13.521321297,-6.968476772,-0.938641667
7.139946240,1788576007.726001740,1788576007.722058535,0.000727391,-0.000001033,0.001002951,0.000727392,0.001238955,13.521301270,-6.968474388,-0.938606024
7.169946240,1788576007.759387732,1788576007.752058268,0.000832072,0.000124598,0.000391086,0.000841349,0.000927802,13.521284103,-6.968472958,-0.938578308
7.199946240,1788576007.791674614,1788576007.782058477,0.000711396,-0.000005685,0.000329751,0.000711419,0.000784125,13.521264076,-6.968467712,-0.938544333
7.239945472,1788576007.826200247,1788576007.822057724,0.000702499,-0.000150154,0.000402624,0.000718367,0.000823503,13.521246910,-6.968456745,-0.938506544
7.269945472,1788576007.859656334,1788576007.852057695,0.000785880,-0.000387482,0.000149435,0.000876213,0.000888864,13.521232605,-6.968441486,-0.938471496
7.299945472,1788576007.889975309,1788576007.882057667,0.000705162,-0.000414415,-0.000044929,0.000817920,0.000819153,13.521214485,-6.968428135,-0.938438714
7.339944704,1788576007.927296877,1788576007.922056913,0.000803095,-0.000003720,-0.000234745,0.000803104,0.000836709,13.521188736,-6.968408585,-0.938402891
7.369944704,1788576007.957287073,1788576007.952056885,0.000686440,-0.000153110,-0.000271337,0.000703308,0.000753834,13.521163940,-6.968395710,-0.938367844
7.399944704,1788576007.989915609,1788576007.982056856,0.000756397,-0.000245348,-0.000242239,0.000795193,0.000831271,13.521140099,-6.968381405,-0.938334286
7.439943936,1788576008.026122093,1788576008.022056103,0.000624745,-0.000152380,-0.000204219,0.000643060,0.000674709,13.521118164,-6.968362808,-0.938300192
7.469943936,1788576008.058995247,1788576008.052056074,0.000599544,-0.000306249,-0.000192294,0.000673232,0.000700156,13.521098137,-6.968350410,-0.938268721
7.499943936,1788576008.090126514,1788576008.082056284,0.000609082,-0.000007644,0.000073119,0.000609130,0.000613503,13.521076202,-6.968338013,-0.938236654
7.539943168,1788576008.126187801,1788576008.122055531,0.000569750,-0.000087313,-0.000461112,0.000576401,0.000738148,13.521049500,-6.968321800,-0.938206911
7.569943168,1788576008.159788847,1788576008.152055264,0.000591981,-0.000051992,-0.000311334,0.000594259,0.000670875,13.521023750,-6.968312263,-0.938180506
7.599943168,1788576008.189929485,1788576008.182055473,0.000685740,0.000236899,0.000051513,0.000725507,0.000727333,13.520995140,-6.968301296,-0.938158154
7.639942400,1788576008.226008177,1788576008.222054720,0.000687485,-0.000075421,-0.000014203,0.000691610,0.000691756,13.520959854,-6.968288898,-0.938129842
7.669942400,1788576008.259247303,1788576008.252054453,0.000584905,0.000111209,0.000199513,0.000595384,0.000627923,13.520931244,-6.968278408,-0.938101530
7.699942400,1788576008.290002108,1788576008.282054663,0.000705677,0.000125346,0.000583580,0.000716723,0.000924261,13.520902634,-6.968266010,-0.938074529
7.739941632,1788576008.325956106,1788576008.322053909,0.000766149,-0.000011788,-0.000004616,0.000766240,0.000766254,13.520865440,-6.968247890,-0.938038349
7.769941632,1788576008.359309196,1788576008.352053642,0.000896846,-0.000023329,0.000465145,0.000897150,0.001010563,13.520831108,-6.968231678,-0.938008606
7.799941632,1788576008.390185833,1788576008.382053852,0.000901939,0.000223917,0.000410003,0.000929319,0.001015744,13.520796776,-6.968216896,-0.937976301
7.839940864,1788576008.426159620,1788576008.422053099,0.000763930,-0.000015236,0.000446040,0.000764082,0.000884745,13.520755768,-6.968203068,-0.937928557
7.869940864,1788576008.459351778,1788576008.452053070,0.000720671,0.000282831,0.000465974,0.000774183,0.000903599,13.520729065,-6.968197823,-0.937891066
7.899940864,1788576008.489962816,1788576008.482053041,0.000625775,0.000100796,0.000251673,0.000633841,0.000681977,13.520706177,-6.968193054,-0.937849462
7.939940096,1788576008.526256323,1788576008.522052288,0.000772144,0.000108951,0.000878442,0.000779793,0.001174622,13.520676613,-6.968187332,-0.937794745
7.969940096,1788576008.559279680,1788576008.552052259,0.000757865,0.000286727,0.000571305,0.000810291,0.000991444,13.520651817,-6.968184948,-0.937752128
7.999940096,1788576008.590002775,1788576008.582052469,0.000878848,0.000055194,0.000199314,0.000880580,0.000902855,13.520624161,-6.968182564,-0.937706828
8.039939328,1788576008.626079559,1788576008.622051477,0.000930952,0.000393723,0.000578043,0.001010787,0.001164398,13.520586014,-6.968183041,-0.937652588
8.069939328,1788576008.659373999,1788576008.652051449,0.000959005,0.000032596,0.000097926,0.000959559,0.000964543,13.520560265,-6.968184948,-0.937613308
8.099939328,1788576008.690279722,1788576008.682051659,0.000979732,0.000202986,0.000147487,0.001000539,0.001011351,13.520532608,-6.968189716,-0.937570691
8.139938560,1788576008.726148367,1788576008.722050905,0.001060789,0.000175319,0.000538848,0.001075179,0.001202650,13.520491600,-6.968197823,-0.937520862
8.169938560,1788576008.759737968,1788576008.752050638,0.001000592,0.000161357,-0.000085744,0.001013519,0.001017140,13.520462990,-6.968204498,-0.937479794
8.199938560,1788576008.791699886,1788576008.782050848,0.001074187,0.000207403,0.000366163,0.001094026,0.001153676,13.520435333,-6.968211174,-0.937438130
8.239937792,1788576008.826060772,1788576008.822050095,0.001086505,0.000235743,0.000060943,0.001111786,0.001113455,13.520400047,-6.968220234,-0.937391043
8.269937792,1788576008.859310150,1788576008.852049828,0.001060037,0.000363058,0.000046626,0.001120486,0.001121456,13.520384789,-6.968231201,-0.937349975
8.299937792,1788576008.890053034,1788576008.882050037,0.001040594,0.000126631,-0.000164507,0.001048271,0.001061101,13.520369530,-6.968243599,-0.937311649
8.339937024,1788576008.925975561,1788576008.922049284,0.001067218,0.000179187,-0.000540999,0.001082156,0.001209852,13.520350456,-6.968255043,-0.937272251
8.369937024,1788576008.959213018,1788576008.952049255,0.001149160,-0.000015153,-0.000239925,0.001149260,0.001174036,13.520339012,-6.968262672,-0.937234044
8.399937024,1788576008.990044594,1788576008.982049227,0.001259772,0.000330508,0.000078386,0.001302406,0.001304763,13.520329475,-6.968270302,-0.937202454
8.439936256,1788576009.026193380,1788576009.022048473,0.001274003,0.000079123,-0.000168240,0.001276458,0.001287498,13.520307541,-6.968279362,-0.937165082
8.469936256,1788576009.059382200,1788576009.052048445,0.001217510,0.000298722,-0.000349171,0.001253621,0.001301340,13.520298958,-6.968288898,-0.937134147
8.499936256,1788576009.089976549,1788576009.082048416,0.001234822,0.000292781,0.000185850,0.001269057,0.001282594,13.520292282,-6.968298435,-0.937111616
8.539935232,1788576009.125938416,1788576009.122047424,0.001294380,0.000047223,-0.000024748,0.001295241,0.001295477,13.520284653,-6.968306541,-0.937083602
8.569935232,1788576009.158925295,1788576009.152047634,0.001288466,0.000285718,0.000238646,0.001319765,0.001341167,13.520277023,-6.968313217,-0.937056243
8.599935232,1788576009.189969778,1788576009.182047606,0.001324740,0.000268892,0.000409849,0.001351754,0.001412520,13.520273209,-6.968319893,-0.937031507
8.639934976,1788576009.225983143,1788576009.222047329,0.001428554,0.000305866,0.000055306,0.001460931,0.001461978,13.520261765,-6.968326092,-0.936997056
8.669934976,1788576009.258915186,1788576009.252047300,0.001464913,0.000125889,0.000303883,0.001470312,0.001501387,13.520256996,-6.968329906,-0.936971009
8.699934976,1788576009.290385485,1788576009.282047272,0.001469487,-0.000128693,0.000168607,0.001475112,0.001484717,13.520257950,-6.968329906,-0.936945677
8.739934720,1788576009.326251984,1788576009.322046995,0.001391697,-0.000146899,0.000081984,0.001399428,0.001401828,13.520257950,-6.968330383,-0.936911464
8.769934720,1788576009.359754801,1788576009.352047205,0.001439919,0.000038941,0.000257173,0.001440445,0.001463223,13.520258904,-6.968330383,-0.936883688
8.799934720,1788576009.389970779,1788576009.382046938,0.001460786,-0.000216383,-0.000235903,0.001476725,0.001495449,13.520257950,-6.968324184,-0.936852515
8.839933952,1788576009.426011324,1788576009.422046185,0.001481659,-0.000157705,0.000030487,0.001490028,0.001490340,13.520256996,-6.968315601,-0.936818182
8.869933952,1788576009.459249735,1788576009.452046394,0.001500704,-0.000097952,-0.000154171,0.001503898,0.001511779,13.520252228,-6.968307495,-0.936792970
8.899933952,1788576009.490053892,1788576009.482046127,0.001320657,-0.000178045,-0.000547354,0.001332605,0.001440636,13.520251274,-6.968300343,-0.936765492
8.939932928,1788576009.528456688,1788576009.522045135,0.001244749,-0.000126393,-0.000180816,0.001251149,0.001264148,13.520255089,-6.968296528,-0.936736524
8.969932928,1788576009.559165955,1788576009.552045107,0.001167991,-0.000117950,-0.000577316,0.001173931,0.001308208,13.520260811,-6.968289852,-0.936712623
8.999932928,1788576009.590190887,1788576009.582045078,0.001109614,-0.000242425,-0.000649752,0.001135788,0.001308507,13.520265579,-6.968284607,-0.936687291
9.039932160,1788576009.628598928,1788576009.622044325,0.001209446,-0.000104811,-0.000386124,0.001213979,0.001273906,13.520270348,-6.968278408,-0.936665356
9.069932160,1788576009.659208775,1788576009.652044296,0.001104326,-0.000133211,-0.000914139,0.001112331,0.001439768,13.520273209,-6.968270779,-0.936643839
9.099932160,1788576009.690127850,1788576009.682044506,0.001205298,-0.000340903,-0.000411862,0.001252581,0.001318556,13.520277977,-6.968261242,-0.936615944
9.139931904,1788576009.726001501,1788576009.722044230,0.001127682,-0.000378267,-0.000435448,0.001189433,0.001266636,13.520290375,-6.968245983,-0.936588168
9.169931904,1788576009.759082079,1788576009.752043962,0.001138425,-0.000309134,-0.000457117,0.001179651,0.001265121,13.520298004,-6.968230247,-0.936553836
9.199931904,1788576009.792034626,1788576009.782044172,0.001113041,-0.000216759,0.000197577,0.001133951,0.001151035,13.520306587,-6.968216419,-0.936518371
9.239931136,1788576009.826168299,1788576009.822043419,0.000993965,-0.000263042,-0.000392869,0.001028182,0.001100683,13.520318031,-6.968198776,-0.936480284
9.269931136,1788576009.857362747,1788576009.852043152,0.000938193,-0.000187633,-0.000193640,0.000956772,0.000976170,13.520328522,-6.968181133,-0.936444700
9.299931136,1788576009.889989376,1788576009.882043362,0.000864298,-0.000186958,0.000413556,0.000884287,0.000976213,13.520346642,-6.968163967,-0.936412811
9.339930368,1788576009.925993681,1788576009.922042608,0.000741599,-0.000126342,-0.000454827,0.000752284,0.000879089,13.520373344,-6.968144894,-0.936375022
9.369930368,1788576009.958956003,1788576009.952042580,0.000909561,-0.000423005,0.000264874,0.001003112,0.001037493,13.520393372,-6.968123913,-0.936346948
9.399930368,1788576009.989944458,1788576009.982042551,0.000740482,-0.000073372,0.000221475,0.000744108,0.000776368,13.520413399,-6.968100071,-0.936327875
9.439929600,1788576010.026004314,1788576010.022041798,0.000689988,-0.000201732,-0.000008392,0.000718874,0.000718923,13.520443916,-6.968069077,-0.936300755
9.469929600,1788576010.058394194,1788576010.052041769,0.000762875,-0.000192423,0.000109378,0.000786769,0.000794336,13.520463943,-6.968040466,-0.936287165
9.499929600,1788576010.091219425,1788576010.082041740,0.000722901,0.000006237,-0.000100001,0.000722928,0.000729812,13.520484924,-6.968011856,-0.936282754
9.539928576,1788576010.126133204,1788576010.122040749,0.000675391,-0.000277782,-0.000118585,0.000730284,0.000739850,13.520515442,-6.967970371,-0.936277926
9.569928576,1788576010.159285069,1788576010.152040958,0.000656028,-0.000035033,0.000215752,0.000656963,0.000691483,13.520540237,-6.967936516,-0.936290026
9.599928576,1788576010.189978838,1788576010.182040930,0.000537617,-0.000298980,-0.000571094,0.000615160,0.000839387,13.520569801,-6.967897415,-0.936301947
9.639927808,1788576010.226050854,1788576010.222040176,0.000548719,-0.000208469,-0.000186519,0.000586985,0.000615907,13.520607948,-6.967853546,-0.936315596
9.669927808,1788576010.259155273,1788576010.252040148,0.000545307,-0.000094450,0.000480488,0.000553426,0.000732905,13.520637512,-6.967810631,-0.936349154
9.699927808,1788576010.289936543,1788576010.282040119,0.000662923,-0.000456352,-0.000839359,0.000804813,0.001162862,13.520665169,-6.967763424,-0.936385632
9.739927552,1788576010.325976610,1788576010.322039843,0.000591280,-0.000204504,-0.000920783,0.000625647,0.001113227,13.520698547,-6.967712879,-0.936420619
9.769927552,1788576010.358934879,1788576010.352040052,0.000639772,-0.000289409,-0.000898570,0.000702187,0.001140392,13.520729065,-6.967674255,-0.936459661
9.799927552,1788576010.390066862,1788576010.382039785,0.000548653,-0.000148440,0.000143965,0.000568379,0.000586328,13.520759583,-6.967637539,-0.936510026
9.839927296,1788576010.426197290,1788576010.422039509,0.000604722,-0.000255114,0.000326314,0.000656332,0.000732975,13.520794868,-6.967593193,-0.936577916
9.869927296,1788576010.459417820,1788576010.452039719,0.000620223,-0.000209020,-0.001580144,0.000654496,0.001710328,13.520825386,-6.967553139,-0.936649442
9.899927296,1788576010.489932537,1788576010.482039452,0.000816227,-0.000212815,-0.001337770,0.000843515,0.001581501,13.520849228,-6.967515469,-0.936708987
9.939926528,1788576010.526207685,1788576010.522038698,0.000726640,-0.000199094,-0.001226805,0.000753421,0.001439686,13.520881653,-6.967467785,-0.936803818
9.969926528,1788576010.558933735,1788576010.552038908,0.000844856,0.000119521,-0.000597033,0.000853268,0.001041401,13.520905495,-6.967429161,-0.936895192
9.999926528,1788576010.589945078,1788576010.582038879,0.000828376,-0.000114553,-0.000889517,0.000836259,0.001220889,13.520925522,-6.967393875,-0.936993420
10.039925760,1788576010.626034021,1788576010.622038126,0.000777296,-0.000103412,-0.001170707,0.000784145,0.001409056,13.520949364,-6.967346668,-0.937111735
10.069925760,1788576010.658437967,1788576010.652038097,0.000767995,0.000090231,-0.001499369,0.000773278,0.001687028,13.520970345,-6.967309952,-0.937206447
10.099925760,1788576010.690254927,1788576010.682038069,0.000743609,0.000094539,-0.000273741,0.000749594,0.000798014,13.520989418,-6.967273712,-0.937317014
10.139925504,1788576010.727249861,1788576010.722037792,0.000677791,-0.000000605,-0.000584332,0.000677791,0.000894900,13.521018028,-6.967224598,-0.937449813
10.169925504,1788576010.757197618,1788576010.752038002,0.000654644,0.000106703,-0.000018878,0.000663283,0.000663552,13.521047592,-6.967185497,-0.937551796
10.199925504,1788576010.791692734,1788576010.782037735,0.000603773,0.000042547,-0.000779338,0.000605270,0.000986772,13.521077156,-6.967147827,-0.937650859
10.239924736,1788576010.825977325,1788576010.822036982,0.000605012,0.000003020,-0.000987068,0.000605020,0.001157736,13.521112442,-6.967099190,-0.937770784
10.269924736,1788576010.859260321,1788576010.852037191,0.000608502,0.000103175,0.000002066,0.000617187,0.000617190,13.521139145,-6.967059612,-0.937870324
10.299924736,1788576010.889993191,1788576010.882036924,0.000907179,0.000201270,0.000400624,0.000929238,0.001011921,13.521162033,-6.967020988,-0.937974811
10.339923968,1788576010.925938606,1788576010.922036171,0.000821621,0.000188473,-0.000652228,0.000842961,0.001065826,13.521187782,-6.966974258,-0.938084662
10.369923968,1788576010.958977938,1788576010.952036381,0.000828820,0.000252676,-0.000678839,0.000866480,0.001100731,13.521208763,-6.966941833,-0.938183725
10.399923968,1788576010.990127087,1788576010.982036114,0.000975852,0.000147945,0.000161296,0.000987003,0.001000096,13.521226883,-6.966905117,-0.938280523
10.439923200,1788576011.026159525,1788576011.022035360,0.000917699,0.000051711,-0.000018640,0.000919155,0.000919344,13.521243095,-6.966855049,-0.938386381
10.469923200,1788576011.059293747,1788576011.052035570,0.000939585,0.000010480,-0.000385634,0.000939643,0.001015698,13.521256447,-6.966817379,-0.938484609
10.499923200,1788576011.090059757,1788576011.082035542,0.000961705,-0.000086747,-0.000417902,0.000965610,0.001052162,13.521267891,-6.966779232,-0.938577116
10.539922432,1788576011.125934839,1788576011.122034788,0.001217440,-0.000143949,-0.000400675,0.001225921,0.001289737,13.521277428,-6.966724396,-0.938683152
10.569922432,1788576011.158413649,1788576011.152034760,0.001094152,-0.000233879,-0.000497788,0.001118869,0.001224607,13.521287918,-6.966685295,-0.938776731
10.599922432,1788576011.190051317,1788576011.182034731,0.001043793,-0.000185824,-0.000834694,0.001060204,0.001349351,13.521302223,-6.966646671,-0.938868284
10.639921408,1788576011.225980997,1788576011.222033739,0.001171212,-0.000445992,-0.000080236,0.001253254,0.001255820,13.521317482,-6.966592789,-0.938964188
10.669921408,1788576011.259241104,1788576011.252033472,0.001077819,-0.000255200,-0.000766954,0.001107620,0.001347234,13.521329880,-6.966550827,-0.939044774
10.699921408,1788576011.290180683,1788576011.282033682,0.000900672,-0.000541056,-0.000471186,0.001050691,0.001151507,13.521345139,-6.966508865,-0.939128637
10.739920640,1788576011.325975180,1788576011.322032928,0.001014774,-0.000595292,0.000037105,0.001176494,0.001177079,13.521367073,-6.966450691,-0.939222157
10.769920640,1788576011.359293461,1788576011.352032661,0.001105551,-0.000416917,-0.000706559,0.001181551,0.001376695,13.521381378,-6.966409206,-0.939299464
10.799920640,1788576011.390048742,1788576011.382032871,0.000765311,-0.000649807,-0.000363758,0.001003968,0.001067835,13.521400452,-6.966369629,-0.939373672
10.839919872,1788576011.425956249,1788576011.422032118,0.000645718,-0.000338094,-0.000347275,0.000728875,0.000807378,13.521434784,-6.966322422,-0.939459741
10.869919872,1788576011.459264994,1788576011.452032089,0.000816560,-0.000251033,-0.000014977,0.000854276,0.000854407,13.521462440,-6.966288090,-0.939530611
10.899919872,1788576011.489993572,1788576011.482032061,0.000821405,-0.000153795,0.000221723,0.000835679,0.000864593,13.521485329,-6.966257095,-0.939598024
10.939919104,1788576011.526264429,1788576011.522031307,0.000750582,-0.000420877,0.000116442,0.000860530,0.000868372,13.521515846,-6.966215134,-0.939666033
10.969919104,1788576011.558927298,1788576011.552031279,0.000554806,-0.000050198,-0.000034057,0.000557073,0.000558113,13.521545410,-6.966183186,-0.939723909
10.999919104,1788576011.590225697,1788576011.582031250,0.000601057,-0.000069885,0.000221521,0.000605106,0.000644380,13.521576881,-6.966156483,-0.939788163
11.039918336,1788576011.626180887,1788576011.622030497,0.000625658,-0.000211201,0.000931349,0.000660344,0.001141693,13.521612167,-6.966125011,-0.939844668
11.069918336,1788576011.659318209,1788576011.652030468,0.000654745,-0.000009852,0.000798726,0.000654819,0.001032836,13.521640778,-6.966101646,-0.939888477
11.099918336,1788576011.690294266,1788576011.682030678,0.000694832,-0.000017106,0.000726714,0.000695042,0.001005583,13.521670341,-6.966079712,-0.939941764
11.139917568,1788576011.725944996,1788576011.722029924,0.000537006,-0.000276332,0.001022497,0.000603933,0.001187533,13.521708488,-6.966050625,-0.939991295
11.169917568,1788576011.758949280,1788576011.752029657,0.000502179,-0.000009112,0.000616553,0.000502262,0.000795239,13.521738052,-6.966025829,-0.940032125
11.199917568,1788576011.791663170,1788576011.782029867,0.000698151,-0.000175196,0.000726266,0.000719798,0.001022532,13.521768570,-6.966006756,-0.940086246
11.239916800,1788576011.825950623,1788576011.822029114,0.000527485,0.000159399,0.001076894,0.000551043,0.001209690,13.521808624,-6.965985775,-0.940145254
11.269916800,1788576011.859266281,1788576011.852028847,0.000451103,-0.000206287,0.000812576,0.000496032,0.000952012,13.521842003,-6.965963364,-0.940189242
11.299916800,1788576011.890055895,1788576011.882029057,0.000451592,-0.000017005,0.000234720,0.000451912,0.000509233,13.521874428,-6.965941906,-0.940238595
11.339916544,1788576011.926126003,1788576011.922028780,0.000512350,-0.000112430,0.000560004,0.000524541,0.000767299,13.521911621,-6.965913296,-0.940297902
11.369916544,1788576011.959293127,1788576011.952028751,0.000557383,-0.000189115,0.000764090,0.000588592,0.000964507,13.521940231,-6.965885639,-0.940342724
11.399916544,1788576011.989900827,1788576011.982028723,0.000625942,-0.000332088,0.000304357,0.000708580,0.000771181,13.521967888,-6.965855598,-0.940391421
11.439915520,1788576012.027203798,1788576012.022027731,0.000533264,-0.000282935,0.000287483,0.000603674,0.000668632,13.522000313,-6.965817451,-0.940461218
11.469915520,1788576012.057207823,1788576012.052027941,0.000507199,-0.000288704,0.000446684,0.000583610,0.000734933,13.522031784,-6.965785980,-0.940508723
11.499915520,1788576012.091557026,1788576012.082027674,0.000659167,-0.000209798,0.000122833,0.000691748,0.000702569,13.522057533,-6.965753555,-0.940553844
11.539915264,1788576012.125915051,1788576012.122027636,0.000650545,-0.000469110,0.000440961,0.000802043,0.000915270,13.522088051,-6.965707302,-0.940618157
11.569915264,1788576012.159462690,1788576012.152027607,0.000630637,-0.000378881,0.000653443,0.000735700,0.000983992,13.522109985,-6.965667725,-0.940662742
11.599915264,1788576012.190088749,1788576012.182027578,0.000695320,-0.000418358,0.000551265,0.000811476,0.000981013,13.522134781,-6.965627193,-0.940692127
11.639915008,1788576012.226129770,1788576012.222027302,0.000778752,-0.000614112,0.000052017,0.000991760,0.000993123,13.522163391,-6.965574265,-0.940754712
11.669915008,1788576012.259353399,1788576012.252027273,0.000648406,-0.000396330,0.000678823,0.000759939,0.001018974,13.522183418,-6.965533257,-0.940794468
11.699915008,1788576012.291263580,1788576012.282027245,0.000755450,-0.000312445,0.001146315,0.000817513,0.001407965,13.522204399,-6.965490341,-0.940815151
11.739914240,1788576012.325966597,1788576012.322026491,0.000759096,-0.000407613,0.000162110,0.000861612,0.000876729,13.522226334,-6.965435505,-0.940855563
11.769914240,1788576012.358891726,1788576012.352026701,0.000809296,-0.000276103,0.000761547,0.000855098,0.001145054,13.522235870,-6.965391159,-0.940888345
11.799914240,1788576012.389985561,1788576012.382026434,0.000862925,-0.000325923,0.001321443,0.000922423,0.001611545,13.522246361,-6.965339661,-0.940907180
11.839913984,1788576012.425947428,1788576012.422026157,0.000796352,-0.000354284,0.000584945,0.000871604,0.001049693,13.522261620,-6.965284824,-0.940935552
11.869913984,1788576012.459200621,1788576012.452026367,0.000718187,-0.000319245,0.000982791,0.000785946,0.001258407,13.522269249,-6.965236187,-0.940955877
11.899913984,1788576012.490049839,1788576012.482026339,0.000707606,-0.000158562,0.001336092,0.000725154,0.001520194,13.522276878,-6.965185642,-0.940961421
11.939913216,1788576012.526394367,1788576012.522025585,0.000818137,-0.000204249,0.000812927,0.000843247,0.001171289,13.522280693,-6.965121746,-0.940968215
11.969913216,1788576012.559407473,1788576012.552025557,0.000657674,-0.000292515,0.000655818,0.000719792,0.000973754,13.522279739,-6.965063095,-0.940981507
11.999913216,1788576012.589937687,1788576012.582025528,0.000686093,-0.000273391,0.001243554,0.000738557,0.001446338,13.522277832,-6.965000153,-0.940986514
12.039912192,1788576012.625921726,1788576012.622024536,0.000707104,-0.000414608,0.000746897,0.000819693,0.001108942,13.522279739,-6.964922428,-0.940993488
12.069912192,1788576012.659161329,1788576012.652024269,0.000756112,-0.000477391,0.000106857,0.000894208,0.000900570,13.522273064,-6.964858055,-0.941009581
12.099912192,1788576012.693041086,1788576012.682024479,0.000621085,-0.000462438,0.000632605,0.000774336,0.000999892,13.522261620,-6.964792728,-0.941025376
12.139911168,1788576012.724615335,1788576012.722023487,0.000731941,-0.000376494,0.000774756,0.000823095,0.001130368,13.522248268,-6.964711666,-0.941019952
12.169911168,1788576012.758944511,1788576012.752023458,0.000768371,-0.000406474,-0.000506447,0.000869261,0.001006034,13.522223473,-6.964646339,-0.941024363
12.199911168,1788576012.791674376,1788576012.782023430,0.000643622,-0.000446859,0.000034999,0.000783538,0.000784319,13.522194862,-6.964584351,-0.941038787
12.239910912,1788576012.826126575,1788576012.822023153,0.000708963,-0.000440244,0.000899696,0.000834532,0.001227150,13.522169113,-6.964506626,-0.941021919
12.269910912,1788576012.859819412,1788576012.852023363,0.000725963,-0.000507865,-0.000180498,0.000885974,0.000904173,13.522134781,-6.964445114,-0.941008508
12.299910912,1788576012.890043974,1788576012.882023096,0.000667668,-0.000399809,-0.000506442,0.000778221,0.000928500,13.522093773,-6.964387894,-0.940998435
12.339909888,1788576012.925992489,1788576012.922022104,0.000647771,-0.000754769,0.000419711,0.000994628,0.001079556,13.522048950,-6.964309692,-0.940961480
12.369909888,1788576012.959152460,1788576012.952022076,0.000768908,-0.000345425,-0.000130083,0.000842935,0.000852913,13.522000313,-6.964248180,-0.940925300
12.399909888,1788576012.990036964,1788576012.982022047,0.000672377,-0.000399023,-0.000329198,0.000781864,0.000848341,13.521944046,-6.964192867,-0.940902591
12.439909120,1788576013.025947571,1788576013.022021294,0.000650425,-0.000653180,0.000390317,0.000921790,0.001001021,13.521884918,-6.964121819,-0.940861523
12.469909120,1788576013.059172869,1788576013.052021265,0.000770701,-0.000486867,-0.000423591,0.000911603,0.001005211,13.521829605,-6.964067936,-0.940813243
12.499909120,1788576013.090104818,1788576013.082021475,0.000836071,-0.000333270,-0.000536160,0.000900046,0.001047641,13.521764755,-6.964022160,-0.940777540
12.539908096,1788576013.126102686,1788576013.122020245,0.000597347,-0.000574636,0.000406213,0.000828873,0.000923060,13.521689415,-6.963962555,-0.940731347
12.569908096,1788576013.159127712,1788576013.152020454,0.000840590,-0.000223072,0.000130304,0.000869685,0.000879393,13.521616936,-6.963919640,-0.940667689
12.599908096,1788576013.190124273,1788576013.182020426,0.000866836,-0.000306027,-0.000343663,0.000919270,0.000981408,13.521543503,-6.963881493,-0.940622628
12.639907584,1788576013.225908279,1788576013.222019911,0.000660486,-0.000216521,-0.000341100,0.000695071,0.000774256,13.521453857,-6.963836670,-0.940572262
12.669907584,1788576013.259118795,1788576013.252019644,0.000923057,-0.000524536,0.000117367,0.001061683,0.001068151,13.521381378,-6.963802338,-0.940504730
12.699907584,1788576013.290033102,1788576013.282019854,0.001114731,-0.000276655,-0.000180794,0.001148548,0.001162690,13.521301270,-6.963768959,-0.940450013
12.739906816,1788576013.325913906,1788576013.322019100,0.001038050,-0.000267979,0.000201136,0.001072083,0.001090787,13.521199226,-6.963731289,-0.940384150
12.769906816,1788576013.358991861,1788576013.352018833,0.001014755,-0.000407595,0.000098575,0.001093555,0.001097988,13.521117210,-6.963704586,-0.940305412
12.799906816,1788576013.390223980,1788576013.382019043,0.001254980,-0.000214058,-0.000110106,0.001273104,0.001277857,13.521027565,-6.963679314,-0.940228462
12.839906048,1788576013.426249027,1788576013.422018290,0.001136097,-0.000106795,0.000045867,0.001141106,0.001142027,13.520913124,-6.963654518,-0.940146685
12.869906048,1788576013.459866524,1788576013.452018261,0.001193317,-0.000230759,0.000447533,0.001215424,0.001295199,13.520833015,-6.963638783,-0.940057039
12.899906048,1788576013.490129709,1788576013.482018232,0.001474721,0.000079579,-0.000129045,0.001476867,0.001482494,13.520744324,-6.963631153,-0.939962983
12.939905280,1788576013.526175261,1788576013.522017479,0.001351136,0.000230477,-0.000043369,0.001370653,0.001371338,13.520630836,-6.963627338,-0.939860702
12.969905280,1788576013.559136868,1788576013.552017450,0.001118718,0.000006987,0.000112852,0.001118740,0.001124417,13.520549774,-6.963630199,-0.939764082
12.999905280,1788576013.590052366,1788576013.582017422,0.001064437,0.000220297,-0.000335070,0.001086994,0.001137465,13.520473480,-6.963635921,-0.939669311
13.039904512,1788576013.625933886,1788576013.622016668,0.001229477,0.000270160,-0.000244779,0.001258809,0.001282387,13.520371437,-6.963648796,-0.939569533
13.069904512,1788576013.659161806,1788576013.652016640,0.001087058,0.000265322,-0.000411174,0.001118969,0.001192122,13.520303726,-6.963660240,-0.939483583
13.099904512,1788576013.690184355,1788576013.682016850,0.001111197,0.000293884,-0.000692178,0.001149402,0.001341729,13.520238876,-6.963675022,-0.939392805
13.139904512,1788576013.726073742,1788576013.722016811,0.001191287,0.000435180,-0.000793029,0.001268285,0.001495808,13.520157814,-6.963696003,-0.939293027
13.169904512,1788576013.759234190,1788576013.752016783,0.001029764,0.000173742,-0.000506259,0.001044318,0.001160560,13.520101547,-6.963711262,-0.939214587
13.199904512,1788576013.790025234,1788576013.782016754,0.000941065,0.000268049,-0.000653081,0.000978495,0.001176422,13.520051956,-6.963727474,-0.939132512
13.239903744,1788576013.825989962,1788576013.822016001,0.001086979,0.000274144,-0.000800867,0.001121017,0.001377703,13.519989014,-6.963748455,-0.939037681
13.269903744,1788576013.858975410,1788576013.852016211,0.000918532,0.000353891,-0.000707732,0.000984347,0.001212363,13.519947052,-6.963762760,-0.938958883
13.299903744,1788576013.889919758,1788576013.882015944,0.000918380,0.000219632,-0.000128907,0.000944278,0.000953036,13.519910812,-6.963773727,-0.938870132
13.339902976,1788576013.925934076,1788576013.922015190,0.001047494,0.000166519,-0.000740930,0.001060648,0.001293812,13.519862175,-6.963785172,-0.938762903
13.369902976,1788576013.958920479,1788576013.952015400,0.000953462,0.000207623,-0.000586691,0.000975806,0.001138597,13.519826889,-6.963792801,-0.938688338
13.399902976,1788576013.991358757,1788576013.982015133,0.001005197,0.000383265,-0.000098378,0.001075785,0.001080274,13.519797325,-6.963802338,-0.938600838
13.439902208,1788576014.024679422,1788576014.022014380,0.001104608,0.000557467,-0.000624694,0.001237306,0.001386063,13.519753456,-6.963817120,-0.938497424
13.469902208,1788576014.059679747,1788576014.052014589,0.001208656,0.000418010,-0.000551390,0.001278898,0.001392699,13.519719124,-6.963829517,-0.938429475
13.499902208,1788576014.089896202,1788576014.082014561,0.001156677,0.000456987,-0.000075625,0.001243680,0.001245977,13.519690514,-6.963843822,-0.938359201
13.539901440,1788576014.125945091,1788576014.122013807,0.001145762,0.000393481,-0.000076263,0.001211445,0.001213843,13.519659042,-6.963854790,-0.938263595
13.569901440,1788576014.159091473,1788576014.152013779,0.001212288,0.000289030,-0.000489009,0.001246267,0.001338772,13.519636154,-6.963864803,-0.938207030
13.599901440,1788576014.190050364,1788576014.182013750,0.001137758,0.000356391,0.000133116,0.001192270,0.001199678,13.519612312,-6.963875294,-0.938151062
13.639901184,1788576014.225931883,1788576014.222013474,0.001215976,0.000172305,0.000220600,0.001228123,0.001247778,13.519580841,-6.963884830,-0.938070953
13.669901184,1788576014.259202242,1788576014.252013683,0.001369285,0.000125891,-0.000108868,0.001375060,0.001379363,13.519557953,-6.963891983,-0.938014984
13.699901184,1788576014.290298700,1788576014.282013416,0.001115100,0.000097813,0.000035816,0.001119381,0.001119954,13.519539833,-6.963899136,-0.937958837
13.739900928,1788576014.326135397,1788576014.322013140,0.001029237,0.000023434,0.000452062,0.001029503,0.001124383,13.519525528,-6.963906765,-0.937877536
13.769900928,1788576014.359373569,1788576014.352013350,0.000920573,0.000016275,-0.000115908,0.000920717,0.000927984,13.519515038,-6.963916302,-0.937821984
13.799900928,1788576014.390050650,1788576014.382013083,0.000810218,-0.000353379,-0.000335852,0.000883929,0.000945583,13.519507408,-6.963922501,-0.937774539
13.839900160,1788576014.425951481,1788576014.422012329,0.000774890,0.000024944,0.000148812,0.000775291,0.000789443,13.519500732,-6.963927746,-0.937706828
13.869900160,1788576014.458913565,1788576014.452012539,0.000696942,-0.000210156,-0.000499193,0.000727938,0.000882659,13.519492149,-6.963932514,-0.937655747
13.899900160,1788576014.489923954,1788576014.482012510,0.000814233,-0.000129333,-0.000475647,0.000824440,0.000951810,13.519486427,-6.963942051,-0.937610686
13.939900160,1788576014.526184082,1788576014.522012472,0.000719845,0.000070645,0.000284055,0.000723303,0.000777081,13.519478798,-6.963955879,-0.937551439
13.969900160,1788576014.558933973,1788576014.552012205,0.000555455,-0.000084699,-0.000160020,0.000561876,0.000584218,13.519473076,-6.963968277,-0.937501371
13.999900160,1788576014.590000391,1788576014.582012415,0.000409267,0.000159958,-0.000172974,0.000439416,0.000472235,13.519467354,-6.963982105,-0.937455833
14.039899904,1788576014.626153231,1788576014.622012138,0.000311026,-0.000107509,-0.000034710,0.000329083,0.000330908,13.519466400,-6.963997841,-0.937396169
14.069899904,1788576014.658903837,1788576014.652012110,0.000272382,-0.000092739,-0.000160058,0.000287737,0.000329259,13.519463539,-6.964013100,-0.937348366
14.099899904,1788576014.690429926,1788576014.682012081,0.000319684,0.000262555,-0.000247626,0.000413683,0.000482133,13.519463539,-6.964031219,-0.937313437
14.139899136,1788576014.725905180,1788576014.722011328,0.000177815,0.000075969,-0.000658802,0.000193364,0.000686593,13.519463539,-6.964051723,-0.937275231
14.169899136,1788576014.759130716,1788576014.752011299,0.000272868,0.000156569,-0.000004533,0.000314597,0.000314629,13.519465446,-6.964066982,-0.937245190
14.199899136,1788576014.791977406,1788576014.782011509,0.000229468,0.000258095,-0.000465399,0.000345353,0.000579538,13.519464493,-6.964082241,-0.937222600
14.239898368,1788576014.826170444,1788576014.822010517,0.000274751,0.000320322,-0.000436990,0.000422012,0.000607499,13.519462585,-6.964108467,-0.937199593
14.269898368,1788576014.859328747,1788576014.852010489,0.000238183,0.000600520,-0.000029570,0.000646030,0.000646707,13.519457817,-6.964125633,-0.937177420
14.299898368,1788576014.890175819,1788576014.882010698,0.000279853,0.000691281,-0.000076692,0.000745780,0.000749713,13.519454002,-6.964142323,-0.937155128
14.339897600,1788576014.926088333,1788576014.922009945,0.000300904,0.000819979,-0.000389733,0.000873447,0.000956452,13.519447327,-6.964168549,-0.937131763
14.369897600,1788576014.959295511,1788576014.952009678,0.000368309,0.000650660,0.000308684,0.000747670,0.000808886,13.519441605,-6.964180946,-0.937115312
14.399897600,1788576014.990158558,1788576014.982009888,0.000371592,0.000650300,-0.000147386,0.000748980,0.000763343,13.519433975,-6.964192390,-0.937097430
14.439896832,1788576015.025908470,1788576015.022009134,0.000596779,0.000727607,0.000167254,0.000941041,0.000955788,13.519417763,-6.964207172,-0.937079966
14.469896832,1788576015.059021235,1788576015.052008867,0.000511499,0.000653807,0.000110630,0.000830117,0.000837457,13.519405365,-6.964213371,-0.937065244
14.499896832,1788576015.089998245,1788576015.082009077,0.000440314,0.000679555,-0.000351801,0.000809735,0.000882856,13.519392014,-6.964221001,-0.937049985
14.539896064,1788576015.125907183,1788576015.122008324,0.000387107,0.000536241,-0.000432114,0.000661367,0.000790018,13.519380569,-6.964224815,-0.937042117
14.569896064,1788576015.158958197,1788576015.152008295,0.000510049,0.000415618,-0.000092964,0.000657942,0.000664478,13.519372940,-6.964220047,-0.937034607
14.599896064,1788576015.190182209,1788576015.182008266,0.000572731,0.000371997,-0.000458197,0.000682937,0.000822403,13.519364357,-6.964211464,-0.937022686
14.639895808,1788576015.226090431,1788576015.222007990,0.000615051,0.000220599,-0.000263469,0.000653415,0.000704534,13.519352913,-6.964192867,-0.937016487
14.669895808,1788576015.259346247,1788576015.252007961,0.000545104,-0.000007908,-0.000531067,0.000545162,0.000761074,13.519342422,-6.964172363,-0.937011838
14.699895808,1788576015.289911032,1788576015.282008171,0.000506569,-0.000100206,-0.000686776,0.000516385,0.000859253,13.519330978,-6.964150429,-0.937003553
14.739895040,1788576015.325914860,1788576015.322007179,0.000518444,0.000062824,-0.000659519,0.000522237,0.000841247,13.519318581,-6.964121342,-0.936992168
14.769895040,1788576015.359356642,1788576015.352007151,0.000418305,-0.000159557,-0.000522498,0.000447702,0.000688071,13.519316673,-6.964096546,-0.936976969
14.799895040,1788576015.389949799,1788576015.382007360,0.000296809,-0.000043348,-0.000532136,0.000299957,0.000610855,13.519314766,-6.964071751,-0.936961770
14.839894784,1788576015.425944805,1788576015.422007084,0.000259325,-0.000143359,-0.000563784,0.000296313,0.000636910,13.519318581,-6.964038372,-0.936938882
14.869894784,1788576015.459125757,1788576015.452006817,0.000189182,-0.000251523,-0.000964695,0.000314728,0.001014736,13.519319534,-6.964015484,-0.936921299
14.899894784,1788576015.490045547,1788576015.482007027,0.000410704,-0.000110127,-0.000164165,0.000425213,0.000455803,13.519319534,-6.963992119,-0.936899722
14.939894528,1788576015.526347876,1788576015.522006750,0.000391751,-0.000323417,-0.000452763,0.000508003,0.000680486,13.519317627,-6.963957310,-0.936870635
14.969894528,1788576015.559265852,1788576015.552006721,0.000291453,-0.000314218,-0.000482487,0.000428576,0.000645346,13.519316673,-6.963933468,-0.936845720
14.999894528,1788576015.589915991,1788576015.582006693,0.000294821,-0.000258423,-0.000274351,0.000392048,0.000478508,13.519319534,-6.963908672,-0.936817586
15.039893760,1788576015.625902653,1788576015.622005939,0.000334433,-0.000426409,-0.000289802,0.000541913,0.000614537,13.519322395,-6.963875294,-0.936775863
15.069893760,1788576015.658904552,1788576015.652005911,0.000438619,-0.000441986,-0.000489954,0.000622686,0.000792334,13.519320488,-6.963850498,-0.936743975
15.099893760,1788576015.690050364,1788576015.682006121,0.000562145,-0.000173672,0.000015354,0.000588361,0.000588562,13.519314766,-6.963824272,-0.936709404
15.139892992,1788576015.725885153,1788576015.722005129,0.000430141,-0.000231828,-0.000182934,0.000488636,0.000521757,13.519308090,-6.963795662,-0.936656237
15.169892992,1788576015.758962631,1788576015.752005100,0.000466095,-0.000083444,0.000214212,0.000473506,0.000519706,13.519301414,-6.963776588,-0.936613441
15.199892992,1788576015.791962624,1788576015.782005310,0.000455136,-0.000179792,-0.000134518,0.000489361,0.000507513,13.519292831,-6.963756561,-0.936565220
15.239892736,1788576015.825918674,1788576015.822005033,0.000280441,-0.000101878,-0.000092979,0.000298373,0.000312525,13.519285202,-6.963730812,-0.936498404
15.269892736,1788576015.858973026,1788576015.852004766,0.000447429,-0.000174046,0.000153885,0.000480088,0.000504148,13.519274712,-6.963709354,-0.936444759
15.299892736,1788576015.889991283,1788576015.882004976,0.000367399,-0.000111512,-0.000461734,0.000383949,0.000600512,13.519260406,-6.963691711,-0.936391950
15.339892480,1788576015.926113129,1788576015.922004700,0.000361504,-0.000131849,0.000276553,0.000384798,0.000473868,13.519242287,-6.963665485,-0.936314940
15.369892480,1788576015.959295988,1788576015.952004671,0.000443305,-0.000226915,-0.000009384,0.000498006,0.000498095,13.519232750,-6.963647842,-0.936246753
15.399892480,1788576015.989982605,1788576015.982004642,0.000356895,0.000062351,-0.000493643,0.000362301,0.000612328,13.519217491,-6.963636398,-0.936181605
15.439891712,1788576016.026026011,1788576016.022003889,0.000188045,-0.000074075,0.000309209,0.000202109,0.000369402,13.519204140,-6.963626385,-0.936098516
15.469891712,1788576016.059274435,1788576016.052003860,0.000046320,0.000136883,0.000135335,0.000144507,0.000197985,13.519192696,-6.963625908,-0.936016142
15.499891712,1788576016.092887878,1788576016.082004070,0.000083995,0.000054369,-0.000262260,0.000100056,0.000280699,13.519179344,-6.963627815,-0.935936809
15.539890944,1788576016.125905991,1788576016.122003317,0.000148768,0.000077073,0.000353822,0.000167547,0.000391488,13.519167900,-6.963628292,-0.935842693
15.569890944,1788576016.159112215,1788576016.152003050,0.000007090,-0.000103189,0.000069444,0.000103432,0.000124582,13.519160271,-6.963627338,-0.935754061
15.599890944,1788576016.190041304,1788576016.182003260,0.000004459,0.000043725,-0.000393384,0.000043952,0.000395832,13.519148827,-6.963632584,-0.935670614
15.639890688,1788576016.224951267,1788576016.222002983,-0.000159886,0.000078261,-0.000039358,0.000178012,0.000182311,13.519136429,-6.963644028,-0.935572684
15.669890688,1788576016.258966684,1788576016.252002716,-0.000183511,0.000168640,0.000009528,0.000249230,0.000249412,13.519129753,-6.963656425,-0.935480297
15.699890688,1788576016.289984703,1788576016.282002926,-0.000096693,0.000235027,-0.000290866,0.000254140,0.000386251,13.519121170,-6.963669777,-0.935391128
15.739889920,1788576016.326130629,1788576016.322002172,-0.000244326,0.000134334,-0.000144945,0.000278820,0.000314245,13.519114494,-6.963685036,-0.935280561
15.769889920,1788576016.359312534,1788576016.352002144,-0.000208203,0.000124826,0.000304278,0.000242755,0.000389249,13.519109726,-6.963700771,-0.935180664
15.799889920,1788576016.389946222,1788576016.382002115,-0.000174450,0.000555095,-0.000278547,0.000581862,0.000645098,13.519104004,-6.963718414,-0.935093999
15.839889152,1788576016.425968647,1788576016.422001362,-0.000281148,0.000229685,-0.000018021,0.000363041,0.000363488,13.519100189,-6.963737488,-0.934985876
15.869889152,1788576016.458883762,1788576016.452001333,-0.000185269,0.000300329,0.000381953,0.000352877,0.000520010,13.519100189,-6.963754654,-0.934891462
15.899889152,1788576016.489903212,1788576016.482001305,-0.000147831,0.000284627,-0.000020187,0.000320728,0.000321363,13.519097328,-6.963773727,-0.934806705
15.939888384,1788576016.526212454,1788576016.522000551,-0.000015180,0.000334587,0.000061948,0.000334931,0.000340612,13.519088745,-6.963799477,-0.934705794
15.969888384,1788576016.559240341,1788576016.552000523,0.000023376,0.000424446,0.000475021,0.000425090,0.000637453,13.519078255,-6.963816643,-0.934624195
15.999888384,1788576016.590026379,1788576016.582000732,0.000111872,0.000328102,0.000202790,0.000346650,0.000401609,13.519071579,-6.963831425,-0.934544981
16.039888128,1788576016.626131535,1788576016.622000456,-0.000057801,0.000098914,-0.000058699,0.000114564,0.000128727,13.519062042,-6.963847637,-0.934454560
16.069888128,1788576016.659321070,1788576016.652000189,0.000068152,0.000147122,0.000688514,0.000162140,0.000707348,13.519056320,-6.963860989,-0.934379101
16.099888128,1788576016.689944506,1788576016.682000399,0.000146340,0.000248679,-0.000021420,0.000288542,0.000289336,13.519048691,-6.963871956,-0.934307277
16.139887360,1788576016.725881815,1788576016.721999645,0.000145367,0.000137186,0.000283134,0.000199879,0.000346578,13.519035339,-6.963886261,-0.934221387
16.169887360,1788576016.759118557,1788576016.751999378,-0.000022042,0.000071738,0.000123038,0.000075048,0.000144120,13.519030571,-6.963892460,-0.934152782
16.199887360,1788576016.791966677,1788576016.781999588,0.000117442,0.000156815,0.000357874,0.000195917,0.000407992,13.519026756,-6.963900089,-0.934075594
16.239887104,1788576016.825919151,1788576016.821999311,-0.000162647,-0.000001264,0.000304450,0.000162652,0.000345175,13.519025803,-6.963912964,-0.933984160
16.269887104,1788576016.858995914,1788576016.851999283,-0.000214625,0.000219706,0.000472276,0.000307139,0.000563364,13.519029617,-6.963919163,-0.933908939
16.299887104,1788576016.890018463,1788576016.881999254,-0.000341970,0.000037800,0.000048014,0.000344053,0.000347387,13.519039154,-6.963923931,-0.933831215
16.339886848,1788576016.926130295,1788576016.921999216,-0.000218381,0.000327279,0.000311751,0.000393449,0.000501987,13.519045830,-6.963933945,-0.933743298
16.369886848,1788576016.959321737,1788576016.951998949,-0.000072041,-0.000034313,-0.000150529,0.000079795,0.000170371,13.519050598,-6.963932514,-0.933675289
16.399886848,1788576016.989908695,1788576016.981999159,-0.000121165,0.000298718,-0.000198287,0.000322356,0.000378459,13.519052505,-6.963932991,-0.933611333
16.439886080,1788576017.025876045,1788576017.021998405,-0.000025620,-0.000158377,-0.000330158,0.000160436,0.000367075,13.519053459,-6.963930130,-0.933544278
16.469886080,1788576017.058891058,1788576017.051998138,-0.000142787,0.000009136,-0.000189389,0.000143079,0.000237360,13.519054413,-6.963924408,-0.933486462
16.499886080,1788576017.089828491,1788576017.081998348,0.000019906,-0.000097599,-0.000268573,0.000099609,0.000286449,13.519054413,-6.963915348,-0.933423340
16.539885312,1788576017.125914574,1788576017.121997595,0.000054336,-0.000082688,-0.000587332,0.000098943,0.000595608,13.519050598,-6.963901997,-0.933361113
16.569885312,1788576017.159250021,1788576017.151997328,0.000068953,-0.000100330,-0.000155211,0.000121739,0.000197258,13.519042015,-6.963891029,-0.933303475
16.599885312,1788576017.189958334,1788576017.181997538,0.000100948,-0.000294337,0.000006721,0.000311167,0.000311239,13.519034386,-6.963875771,-0.933246255
16.639885056,1788576017.226088285,1788576017.221997261,0.000216031,-0.000170541,-0.000568461,0.000275233,0.000631587,13.519020081,-6.963853836,-0.933179200
16.669885056,1788576017.259223223,1788576017.251997232,0.000257267,-0.000363468,0.000086196,0.000445304,0.000453569,13.519004822,-6.963832378,-0.933119833
16.699885056,1788576017.289880991,1788576017.281997204,0.000398525,-0.000241259,0.000384923,0.000465862,0.000604313,13.518988609,-6.963809490,-0.933062196
16.739884288,1788576017.325915337,1788576017.321996450,0.000229639,-0.000064617,-0.000351415,0.000238557,0.000424737,13.518964767,-6.963783741,-0.932995856
16.769884288,1788576017.359179020,1788576017.351996422,0.000339143,-0.000315310,0.000374864,0.000463075,0.000595786,13.518942833,-6.963763237,-0.932937503
16.799884288,1788576017.390082121,1788576017.381996632,0.000334724,-0.000115025,0.000365277,0.000353937,0.000508624,13.518920898,-6.963741779,-0.932882667
16.839883520,1788576017.426102161,1788576017.421995878,0.000197061,-0.000177737,-0.000161535,0.000265375,0.000310672,13.518892288,-6.963719845,-0.932815850
16.869883520,1788576017.459336281,1788576017.451995611,0.000278558,0.000069715,0.000444519,0.000287150,0.000529199,13.518866539,-6.963704586,-0.932757676
16.899883520,1788576017.490138531,1788576017.481995821,0.000298028,0.000177585,0.000071450,0.000346925,0.000354206,13.518836021,-6.963689804,-0.932706654
16.939882752,1788576017.526455879,1788576017.521995068,0.000333225,0.000195471,-0.000053260,0.000386326,0.000389980,13.518796921,-6.963679790,-0.932639599
16.969882752,1788576017.559326410,1788576017.551994801,0.000238088,0.000298667,0.000315670,0.000381953,0.000495515,13.518763542,-6.963670731,-0.932583690
16.999882752,1788576017.590036392,1788576017.581995010,0.000351464,0.000252711,0.000640871,0.000432885,0.000773373,13.518729210,-6.963658333,-0.932528138
17.039881984,1788576017.625978470,1788576017.621994257,0.000195183,0.000298766,0.000668853,0.000356872,0.000758104,13.518692017,-6.963649273,-0.932459891
17.069881984,1788576017.658844948,1788576017.651994228,0.000191505,0.000262205,0.000055488,0.000324693,0.000329400,13.518661499,-6.963638783,-0.932406604
17.099881984,1788576017.690170527,1788576017.681994200,0.000188557,0.000450210,-0.000294013,0.000488101,0.000569812,13.518629074,-6.963633537,-0.932346821
17.139881216,1788576017.725900650,1788576017.721993446,0.000323653,0.000279473,0.000211792,0.000427617,0.000477192,13.518583298,-6.963630199,-0.932278812
17.169881216,1788576017.759067535,1788576017.751993418,0.000195057,0.000463389,0.000019516,0.000502769,0.000503148,13.518546104,-6.963621140,-0.932229519
17.199881216,1788576017.791590929,1788576017.781993389,0.000141827,0.000358354,-0.000467122,0.000385399,0.000605587,13.518511772,-6.963612556,-0.932175517
17.239880448,1788576017.825921774,1788576017.821992636,0.000040281,0.000223764,-0.000577878,0.000227361,0.000620996,13.518469810,-6.963595867,-0.932120621
17.269880448,1788576017.859377384,1788576017.851992607,0.000020192,0.000024573,-0.000351000,0.000031805,0.000352438,13.518436432,-6.963571548,-0.932066321
17.299880448,1788576017.889960289,1788576017.881992817,0.000063926,-0.000025609,-0.000208902,0.000068864,0.000219960,13.518406868,-6.963544369,-0.932022691
17.339879680,1788576017.925923347,1788576017.921991825,0.000206733,-0.000160590,-0.000104294,0.000261778,0.000281789,13.518364906,-6.963510513,-0.931982756
17.369879680,1788576017.959095478,1788576017.951991796,0.000206984,0.000196416,-0.001006188,0.000285345,0.001045867,13.518329620,-6.963479996,-0.931949079
17.399879680,1788576017.990025043,1788576017.981992006,0.000362108,0.000149358,-0.000659798,0.000391702,0.000767310,13.518287659,-6.963450432,-0.931916177
17.439878912,1788576018.025873423,1788576018.021991253,0.000286054,-0.000040402,-0.000704295,0.000288893,0.000761243,13.518238068,-6.963412762,-0.931888640
17.469878912,1788576018.058982849,1788576018.051990986,0.000153544,0.000024813,-0.000573537,0.000155536,0.000594253,13.518202782,-6.963382244,-0.931852937
17.499878912,1788576018.091160059,1788576018.081991196,0.000383579,0.000034400,-0.000178726,0.000385119,0.000424570,13.518165588,-6.963353157,-0.931816578
17.539878144,1788576018.126086712,1788576018.121990442,0.000473735,0.000122306,-0.000550321,0.000489269,0.000736367,13.518115044,-6.963316441,-0.931778669
17.569878144,1788576018.159297228,1788576018.151990175,0.000481406,0.000095637,0.000011827,0.000490813,0.000490956,13.518071175,-6.963290215,-0.931734979
17.599878144,1788576018.190029621,1788576018.181990385,0.000511767,0.000339368,0.000415917,0.000614065,0.000741663,13.518028259,-6.963267326,-0.931696713
17.639877376,1788576018.225898743,1788576018.221989632,0.000474075,0.000338651,-0.000391313,0.000582608,0.000701824,13.517976761,-6.963239670,-0.931649864
17.669877376,1788576018.258614540,1788576018.251989603,0.000415668,0.000146974,0.000265776,0.000440887,0.000514799,13.517937660,-6.963221073,-0.931607127
17.699877376,1788576018.291195393,1788576018.281989574,0.000477742,0.000301797,-0.000018844,0.000565083,0.000565397,13.517898560,-6.963202953,-0.931560695
17.739877120,1788576018.325928450,1788576018.321989298,0.000456318,0.000377823,-0.000310758,0.000592433,0.000668989,13.517841339,-6.963183880,-0.931503713
17.769877120,1788576018.359104156,1788576018.351989269,0.000533047,0.000201785,0.000326802,0.000569962,0.000657005,13.517795563,-6.963171482,-0.931456804
17.799877120,1788576018.390076160,1788576018.381989479,0.000636970,0.000406920,0.000057206,0.000755853,0.000758015,13.517748833,-6.963160038,-0.931411505
17.839876864,1788576018.426093817,1788576018.421989202,0.000518080,0.000441118,-0.000078145,0.000680435,0.000684907,13.517690659,-6.963149071,-0.931356013
17.869876864,1788576018.459243536,1788576018.451988935,0.000585276,0.000435500,-0.000058188,0.000729526,0.000731843,13.517646790,-6.963143826,-0.931314349
17.899876864,1788576018.489866972,1788576018.481989145,0.000628112,0.000479539,-0.000182006,0.000790242,0.000810931,13.517601013,-6.963139534,-0.931268990
17.939876096,1788576018.526149750,1788576018.521988392,0.000669379,0.000397130,0.000045616,0.000778319,0.000779654,13.517540932,-6.963134289,-0.931211591
17.969876096,1788576018.559101343,1788576018.551988125,0.000733988,0.000333314,0.000103077,0.000806124,0.000812688,13.517492294,-6.963128567,-0.931167603
17.999876096,1788576018.589893103,1788576018.581988335,0.000780322,0.000469176,-0.000389167,0.000910510,0.000990192,13.517441750,-6.963128090,-0.931117833
18.039875840,1788576018.625884771,1788576018.621988058,0.000774346,0.000328573,0.000142204,0.000841173,0.000853108,13.517374039,-6.963130951,-0.931067348
18.069875840,1788576018.658894777,1788576018.651988029,0.000914988,0.000427427,0.000099147,0.001009900,0.001014755,13.517323494,-6.963129520,-0.931018889
18.099875840,1788576018.690177202,1788576018.681988001,0.000767912,0.000127241,-0.000183597,0.000778383,0.000799742,13.517273903,-6.963127136,-0.930967927
18.139875584,1788576018.726192474,1788576018.721987724,0.000615684,0.000305322,-0.000122145,0.000687232,0.000698003,13.517217636,-6.963127136,-0.930922270
18.169875584,1788576018.759186029,1788576018.751987696,0.000713549,0.000314137,-0.000278659,0.000779637,0.000827940,13.517173767,-6.963129520,-0.930880964
18.199875584,1788576018.789859772,1788576018.781987906,0.000591130,0.000310363,-0.000002048,0.000667653,0.000667656,13.517130852,-6.963130474,-0.930838227
18.239874816,1788576018.825965166,1788576018.821987152,0.000522412,0.000463693,-0.000439552,0.000698517,0.000825307,13.517076492,-6.963138103,-0.930803120
18.269874816,1788576018.859413862,1788576018.851986885,0.000529054,0.000504287,-0.000192719,0.000730892,0.000755873,13.517042160,-6.963146210,-0.930766106
18.299874816,1788576018.889832020,1788576018.881987095,0.000460607,0.000349590,-0.000084043,0.000578249,0.000584325,13.517014503,-6.963155270,-0.930730522
18.339874048,1788576018.925928354,1788576018.921986341,0.000375250,0.000476366,-0.000841451,0.000606413,0.001037196,13.516983986,-6.963168144,-0.930700183
18.369874048,1788576018.959119558,1788576018.951986074,0.000426161,0.000714247,-0.000552708,0.000831722,0.000998623,13.516960144,-6.963179588,-0.930672467
18.399874048,1788576018.990008831,1788576018.981986284,0.000300560,0.000554654,-0.000486866,0.000630855,0.000796879,13.516942024,-6.963190079,-0.930649817
18.439873792,1788576019.026063919,1788576019.021986008,0.000158869,0.000448371,-0.000735341,0.000475685,0.000875787,13.516924858,-6.963203430,-0.930625558
18.469873792,1788576019.059259415,1788576019.051985979,0.000181899,0.000665393,-0.000464373,0.000689808,0.000831551,13.516918182,-6.963214397,-0.930600882
18.499873792,1788576019.089936733,1788576019.081985950,0.000294483,0.000547204,-0.000068293,0.000621411,0.000625153,13.516911507,-6.963225842,-0.930574059
18.539873024,1788576019.125920057,1788576019.121985197,0.000466192,0.000412979,-0.000262413,0.000622806,0.000675831,13.516897202,-6.963237286,-0.930536509
18.569873024,1788576019.158870935,1788576019.151985168,0.000345421,0.000375205,0.000003391,0.000509995,0.000510006,13.516890526,-6.963245392,-0.930505157
18.599873024,1788576019.189843416,1788576019.181985378,0.000210407,0.000664498,-0.000040917,0.000697014,0.000698214,13.516888618,-6.963257313,-0.930473149
18.639872768,1788576019.225997925,1788576019.221985102,0.000378457,0.000292690,0.000022656,0.000478432,0.000478968,13.516886711,-6.963273048,-0.930425167
18.669872768,1788576019.256198406,1788576019.251984835,0.000237139,0.000327559,-0.000018933,0.000404389,0.000404832,13.516889572,-6.963279724,-0.930387616
18.699872768,1788576019.290245056,1788576019.281985044,0.000119469,0.000059846,-0.000098814,0.000133620,0.000166188,13.516901016,-6.963284016,-0.930342793
18.739872512,1788576019.326091290,1788576019.321984768,0.000145321,0.000408679,-0.000132879,0.000433747,0.000453645,13.516918182,-6.963294506,-0.930281520
18.769872512,1788576019.359292984,1788576019.351984739,0.000240444,0.000218142,0.000031106,0.000324653,0.000326139,13.516933441,-6.963297844,-0.930232942
18.799872512,1788576019.389882326,1788576019.381984711,0.000181467,0.000029282,-0.000025509,0.000183815,0.000185576,13.516949654,-6.963298321,-0.930172801
18.839871744,1788576019.425882816,1788576019.421983957,0.000413617,0.000284974,0.000011458,0.000502284,0.000502415,13.516963005,-6.963300228,-0.930089831
18.869871744,1788576019.459104538,1788576019.451983929,0.000443720,0.000434395,-0.000290798,0.000620956,0.000685675,13.516968727,-6.963305950,-0.930033505
18.899871744,1788576019.489879131,1788576019.481983900,0.000255905,0.000289465,-0.000275273,0.000386364,0.000474397,13.516977310,-6.963310242,-0.929964662
18.939870976,1788576019.526251316,1788576019.521983147,0.000433726,0.000163450,-0.000119006,0.000463502,0.000478535,13.516986847,-6.963312626,-0.929874837
18.969870976,1788576019.559246302,1788576019.551983118,0.000486989,0.000407662,-0.000328961,0.000635096,0.000715236,13.516988754,-6.963313580,-0.929811060
18.999870976,1788576019.590103626,1788576019.581983328,0.000591716,0.000123708,-0.000251799,0.000604510,0.000654855,13.516987801,-6.963311672,-0.929743707
19.039870720,1788576019.626117468,1788576019.621983051,0.000732481,0.000231793,0.000069575,0.000768282,0.000771426,13.516979218,-6.963309288,-0.929654539
19.069870720,1788576019.659312487,1788576019.651982784,0.000648132,0.000521206,-0.000418191,0.000831704,0.000930922,13.516967773,-6.963308334,-0.929587126
19.099870720,1788576019.689919949,1788576019.681982994,0.000824335,0.000215085,0.000239589,0.000851932,0.000884981,13.516956329,-6.963302135,-0.929518402
19.139869952,1788576019.725884438,1788576019.721982241,0.000626604,0.000015351,0.000249435,0.000626792,0.000674600,13.516952515,-6.963286400,-0.929435790
19.169869952,1788576019.758927584,1788576019.751981974,0.000684198,0.000065665,-0.000179504,0.000687342,0.000710395,13.516946793,-6.963269711,-0.929372549
19.199869952,1788576019.789937735,1788576019.781982183,0.000603145,0.000112813,0.000512450,0.000613604,0.000799447,13.516939163,-6.963253975,-0.929310679
19.239869696,1788576019.825856924,1788576019.821981907,0.000403262,0.000108748,-0.000013076,0.000417668,0.000417873,13.516941071,-6.963232517,-0.929231942
19.269869696,1788576019.858955860,1788576019.851981878,0.000465253,0.000047041,0.000148359,0.000467625,0.000490596,13.516938210,-6.963216782,-0.929168224
19.299869696,1788576019.890002489,1788576019.881981850,0.000466905,0.000193360,0.000264649,0.000505360,0.000570462,13.516930580,-6.963199615,-0.929113269
19.339869440,1788576019.926122904,1788576019.921981812,0.000386883,0.000156615,0.000398439,0.000417380,0.000577027,13.516926765,-6.963183403,-0.929042637
19.369869440,1788576019.959247828,1788576019.951981544,0.000260606,0.000352397,-0.000198381,0.000438291,0.000481097,13.516921043,-6.963175297,-0.928988874
19.399869440,1788576019.990015030,1788576019.981981754,0.000230605,0.000282035,-0.000150956,0.000364311,0.000394348,13.516918182,-6.963163376,-0.928944945
19.439868672,1788576020.026001930,1788576020.021981001,0.000281461,0.000353687,-0.000209489,0.000452012,0.000498198,13.516909599,-6.963152885,-0.928890586
19.469868672,1788576020.059065819,1788576020.051980734,0.000401737,0.000435070,-0.000099811,0.000592181,0.000600533,13.516893387,-6.963146210,-0.928835928
19.499868672,1788576020.091535568,1788576020.081980944,0.000291561,0.000156020,-0.001033926,0.000330681,0.001085520,13.516874313,-6.963138580,-0.928797066
19.539868416,1788576020.126018763,1788576020.121980667,0.000327750,0.000239448,-0.000083429,0.000405901,0.000414386,13.516853333,-6.963125229,-0.928743958
19.569868416,1788576020.159141064,1788576020.151980639,0.000214427,-0.000244221,-0.000402838,0.000324996,0.000517592,13.516834259,-6.963109970,-0.928679645
19.599868416,1788576020.189919949,1788576020.181980610,0.000211676,-0.000035482,-0.000879613,0.000214629,0.000905419,13.516813278,-6.963094234,-0.928613007
19.639867648,1788576020.226170540,1788576020.221979856,0.000095816,0.000051064,-0.000392838,0.000108574,0.000407566,13.516782761,-6.963078976,-0.928529739
19.669867648,1788576020.259196997,1788576020.251979828,0.000080647,0.000046554,0.000000853,0.000093119,0.000093123,13.516755104,-6.963070393,-0.928447902
19.699867648,1788576020.291221857,1788576020.281979799,0.000125081,0.000002124,-0.001212168,0.000125099,0.001218606,13.516726494,-6.963060856,-0.928376853
19.739866880,1788576020.325879812,1788576020.321979046,0.000142975,-0.000134896,-0.001007360,0.000196568,0.001026359,13.516687393,-6.963043690,-0.928284645
19.769866880,1788576020.358952045,1788576020.351979017,0.000153082,-0.000149958,-0.000766425,0.000214293,0.000795820,13.516652107,-6.963028908,-0.928198993
19.799866880,1788576020.390010595,1788576020.381979227,0.000133715,-0.000233766,-0.000455668,0.000269307,0.000529301,13.516618729,-6.963010311,-0.928113163
19.839866112,1788576020.425945282,1788576020.421978474,0.000163679,-0.000395007,-0.000398933,0.000427576,0.000584781,13.516579628,-6.962987423,-0.928019226
19.869866112,1788576020.458979130,1788576020.451978207,0.000104112,-0.000302292,-0.000656927,0.000319718,0.000730597,13.516544342,-6.962968349,-0.927934825
19.899866112,1788576020.490178108,1788576020.481978416,0.000084454,-0.000203030,-0.000563311,0.000219895,0.000604709,13.516509056,-6.962951660,-0.927838683
19.939865344,1788576020.526362419,1788576020.521977663,-0.000010248,-0.000248899,-0.001091029,0.000249110,0.001119107,13.516463280,-6.962930679,-0.927737832
19.969865344,1788576020.559260607,1788576020.551977396,0.000054862,-0.000245309,-0.000497590,0.000251368,0.000557478,13.516426086,-6.962914944,-0.927653372
19.999865344,1788576020.590015650,1788576020.581977606,-0.000011007,-0.000197913,0.000049427,0.000198219,0.000204288,13.516388893,-6.962893009,-0.927560687
20.039864576,1788576020.625885963,1788576020.621976852,0.000163590,-0.000463021,-0.000474728,0.000491070,0.000683020,13.516343117,-6.962860107,-0.927449822
20.069864576,1788576020.659077168,1788576020.651976585,0.000055782,-0.000503707,-0.000219210,0.000506786,0.000552164,13.516302109,-6.962832451,-0.927355230
20.099864576,1788576020.689991236,1788576020.681976795,0.000028674,-0.000464782,0.000804305,0.000465665,0.000929382,13.516264915,-6.962799072,-0.927252710
20.139863808,1788576020.725910187,1788576020.721976042,0.000204471,-0.000712946,0.000929273,0.000741688,0.001188970,13.516216278,-6.962751389,-0.927117348
20.169863808,1788576020.759080648,1788576020.751976013,0.000312979,-0.000683846,0.000202680,0.000752065,0.000778897,13.516169548,-6.962712288,-0.927010655
20.199863808,1788576020.790153503,1788576020.781975985,0.000202809,-0.000803420,0.000559722,0.000828623,0.000999952,13.516125679,-6.962670803,-0.926900089
20.239863040,1788576020.826050997,1788576020.821975231,0.000306029,-0.000960374,0.000698204,0.001007954,0.001226157,13.516071320,-6.962615013,-0.926744759
20.269863040,1788576020.859462738,1788576020.851975203,0.000391200,-0.001045284,0.001068036,0.001116090,0.001544784,13.516026497,-6.962562084,-0.926623404
20.299863040,1788576020.889981031,1788576020.881975412,0.000360681,-0.001048935,0.000919955,0.001109214,0.001441066,13.515983582,-6.962510109,-0.926515758
20.339862016,1788576020.925864458,1788576020.921974182,0.000525719,-0.000931224,0.000936364,0.001069373,0.001421386,13.515926361,-6.962445259,-0.926357865
20.369862016,1788576020.958837271,1788576020.951974392,0.000512625,-0.001005831,0.000447784,0.001128929,0.001214492,13.515877724,-6.962396145,-0.926240623
20.399862016,1788576020.989981174,1788576020.981974363,0.000380975,-0.001096253,0.000821805,0.001160566,0.001422068,13.515830040,-6.962348938,-0.926135123
20.439861248,1788576021.025866747,1788576021.021973610,0.000377253,-0.001078010,0.001085909,0.001142114,0.001575952,13.515770912,-6.962292671,-0.925997794
20.469861248,1788576021.058855057,1788576021.051973581,0.000499475,-0.001118983,0.000779169,0.001225397,0.001452137,13.515724182,-6.962245464,-0.925897837
20.499861248,1788576021.090016603,1788576021.081973553,0.000423763,-0.001214025,0.000152270,0.001285859,0.001294843,13.515672684,-6.962198734,-0.925803363
20.539860992,1788576021.126117945,1788576021.121973276,0.000350227,-0.001121311,0.000356540,0.001174733,0.001227648,13.515614510,-6.962137222,-0.925682485
20.569860992,1788576021.159274340,1788576021.151973486,0.000492866,-0.001269093,0.000764025,0.001361438,0.001561169,13.515567780,-6.962085724,-0.925590575
20.599860992,1788576021.189828634,1788576021.181973219,0.000433128,-0.001186287,0.000512369,0.001262885,0.001362865,13.515522957,-6.962038040,-0.925514042
20.639860224,1788576021.225972652,1788576021.221972466,0.000242583,-0.001125144,0.000504849,0.001150997,0.001256848,13.515471458,-6.961978436,-0.925424218
20.669860224,1788576021.259180307,1788576021.251972675,0.000476585,-0.001269659,0.000205249,0.001356159,0.001371603,13.515429497,-6.961929321,-0.925354719
20.699860224,1788576021.291996717,1788576021.281972408,0.000504360,-0.001040204,-0.000085008,0.001156029,0.001159151,13.515381813,-6.961880684,-0.925291955
20.739859968,1788576021.325879097,1788576021.321972132,0.000539192,-0.001146633,-0.000078909,0.001267081,0.001269536,13.515323639,-6.961818695,-0.925227523
20.769859968,1788576021.359050512,1788576021.351972342,0.000514886,-0.001111933,0.000191262,0.001225358,0.001240195,13.515275955,-6.961768627,-0.925173223
20.799859968,1788576021.389820099,1788576021.381972313,0.000618538,-0.000820649,0.000343805,0.001027645,0.001083631,13.515227318,-6.961724281,-0.925122142
20.839859712,1788576021.426111460,1788576021.421972036,0.000404073,-0.001022929,0.000403314,0.001099845,0.001171461,13.515167236,-6.961675644,-0.925059021
20.869859712,1788576021.459326506,1788576021.451972008,0.000361311,-0.000667448,0.000132484,0.000758968,0.000770445,13.515126228,-6.961638927,-0.925005972
20.899859712,1788576021.489864111,1788576021.481971979,0.000495395,-0.000609829,0.000571848,0.000785689,0.000971760,13.515085220,-6.961604118,-0.924955368
20.939859456,1788576021.526306629,1788576021.521971703,0.000322221,-0.000763575,-0.000023891,0.000828778,0.000829122,13.515031815,-6.961561680,-0.924899042
20.969859456,1788576021.558907747,1788576021.551971912,0.000278037,-0.000465808,0.000406210,0.000542478,0.000677709,13.514995575,-6.961526871,-0.924850762
20.999859456,1788576021.589882374,1788576021.581971645,0.000127932,-0.000699603,0.000512889,0.000711204,0.000876850,13.514969826,-6.961495876,-0.924807668
21.039859200,1788576021.625856876,1788576021.621971369,0.000111025,-0.000479992,0.000634493,0.000492665,0.000803306,13.514940262,-6.961462498,-0.924754500
21.069859200,1788576021.658825874,1788576021.651971579,-0.000036008,-0.000171168,-0.000182929,0.000174915,0.000253097,13.514921188,-6.961440563,-0.924708545
21.099859200,1788576021.689949989,1788576021.681971550,-0.000050390,-0.000551230,0.000207993,0.000553528,0.000591316,13.514907837,-6.961424828,-0.924659789
21.139858944,1788576021.726002693,1788576021.721971273,-0.000027483,-0.000257728,0.000134361,0.000259189,0.000291945,13.514889717,-6.961405277,-0.924603701
21.169858944,1788576021.759662628,1788576021.751971245,0.000024966,-0.000552539,0.000335251,0.000553103,0.000646773,13.514876366,-6.961391449,-0.924550235
21.199858944,1788576021.791386366,1788576021.781971216,0.000044963,-0.000267630,0.000327836,0.000271381,0.000425587,13.514863968,-6.961379051,-0.924491346
21.239857920,1788576021.825852633,1788576021.821970224,0.000171131,-0.000355096,0.000382555,0.000394182,0.000549297,13.514846802,-6.961365223,-0.924406826
21.269857920,1788576021.859143972,1788576021.851969957,0.000044622,-0.000163030,-0.000019631,0.000169027,0.000170163,13.514834404,-6.961356163,-0.924334049
21.299857920,1788576021.889906406,1788576021.881970167,0.000188084,-0.000206959,0.000448329,0.000279656,0.000528400,13.514822960,-6.961349010,-0.924259126
21.339857664,1788576021.925872326,1788576021.921969891,0.000123812,-0.000541295,0.000294799,0.000555274,0.000628678,13.514807701,-6.961334705,-0.924167037
21.369857664,1788576021.959110737,1788576021.951969862,0.000180426,-0.000482724,0.000035524,0.000515341,0.000516564,13.514795303,-6.961323738,-0.924089193
21.399857664,1788576021.989937782,1788576021.981969833,0.000043590,-0.000547940,-0.000142572,0.000549671,0.000567860,13.514787674,-6.961311340,-0.924003303
21.439856640,1788576022.024546146,1788576022.021968842,0.000039466,-0.000584306,0.000100898,0.000585637,0.000594266,13.514780045,-6.961293221,-0.923897684
21.469856640,1788576022.059277058,1788576022.051969051,0.000119401,-0.000486426,0.000344818,0.000500866,0.000608084,13.514776230,-6.961279869,-0.923802614
21.499856640,1788576022.089913845,1788576022.081968784,-0.000088963,-0.000586230,0.000583512,0.000592941,0.000831905,13.514776230,-6.961266518,-0.923706412
21.539855872,1788576022.125848770,1788576022.121968031,0.000009162,-0.000573842,0.000559523,0.000573915,0.000801526,13.514781952,-6.961246967,-0.923585534
21.569855872,1788576022.158865929,1788576022.151968241,0.000066565,-0.000666640,0.000287711,0.000669955,0.000729121,13.514781952,-6.961229324,-0.923486233
21.599855872,1788576022.189922333,1788576022.181968212,0.000104942,-0.000690855,0.000631853,0.000698780,0.000942089,13.514781952,-6.961209774,-0.923384905
21.639854848,1788576022.225910902,1788576022.221967220,-0.000012622,-0.000529716,0.000544649,0.000529866,0.000759869,13.514783859,-6.961192131,-0.923262298
21.669854848,1788576022.258860588,1788576022.251966953,0.000235952,-0.000306704,0.000866335,0.000386963,0.000948829,13.514785767,-6.961183548,-0.923161507
21.699854848,1788576022.290166855,1788576022.281967163,0.000183354,-0.000448562,0.001095885,0.000484590,0.001198245,13.514786720,-6.961175919,-0.923057616
21.739854080,1788576022.325973749,1788576022.321966410,0.000164037,-0.000271964,0.000964242,0.000317605,0.001015203,13.514787674,-6.961167812,-0.922919750
21.769854080,1788576022.359173775,1788576022.351966143,0.000305472,-0.000366107,0.000848989,0.000476809,0.000973720,13.514782906,-6.961165905,-0.922805905
21.799854080,1788576022.390106201,1788576022.381966352,0.000290381,-0.000345809,0.001244730,0.000451558,0.001324106,13.514778137,-6.961165428,-0.922692418
21.839853056,1788576022.425912380,1788576022.421965361,0.000302182,-0.000543676,0.001392351,0.000622011,0.001524972,13.514773369,-6.961161137,-0.922546566
21.869853056,1788576022.459075928,1788576022.451965332,0.000467619,-0.000420434,0.001185810,0.000628834,0.001342229,13.514763832,-6.961155415,-0.922431529
21.899853056,1788576022.490031719,1788576022.481965303,0.000465611,-0.000663573,0.000619925,0.000810632,0.001020505,13.514749527,-6.961152077,-0.922314942
21.939852032,1788576022.526108503,1788576022.521964312,0.000460353,-0.000008721,0.000848172,0.000460435,0.000965088,13.514732361,-6.961154461,-0.922166705
21.969852032,1788576022.559070826,1788576022.551964045,0.000479843,-0.000378036,0.001275593,0.000610869,0.001414319,13.514717102,-6.961155415,-0.922040343
21.999852032,1788576022.590181828,1788576022.581964254,0.000454894,-0.000209081,0.001123019,0.000500643,0.001229559,13.514699936,-6.961158752,-0.921918869
22.039851264,1788576022.626036167,1788576022.621963501,0.000515993,-0.000269750,0.001550944,0.000582249,0.001656636,13.514678955,-6.961160660,-0.921762705
22.069851264,1788576022.659202099,1788576022.651963472,0.000394612,-0.000339058,0.000533558,0.000520268,0.000745227,13.514663696,-6.961165428,-0.921638548
22.099851264,1788576022.690016747,1788576022.681963444,0.000428872,-0.000375230,0.000724242,0.000569850,0.000921551,13.514648438,-6.961172104,-0.921521127
22.139850240,1788576022.725949287,1788576022.721962452,0.000481225,-0.000375789,0.001114164,0.000610569,0.001270494,13.514628410,-6.961176395,-0.921378613
22.169850240,1788576022.758942127,1788576022.751962662,0.000408090,-0.000076581,0.001061234,0.000415213,0.001139570,13.514616013,-6.961186886,-0.921257555
22.199850240,1788576022.791853905,1788576022.781962395,0.000397674,-0.000329631,0.000655068,0.000516528,0.000834216,13.514603615,-6.961201191,-0.921138883
22.239849216,1788576022.824469090,1788576022.821961403,0.000331275,-0.000204473,0.000808833,0.000389297,0.000897643,13.514593124,-6.961220264,-0.920993209
22.269849216,1788576022.858912706,1788576022.851961374,0.000241724,-0.000190811,0.000732153,0.000307960,0.000794284,13.514589310,-6.961232662,-0.920867026
22.299849216,1788576022.889977455,1788576022.881961584,0.000157046,-0.000017841,0.000385720,0.000158056,0.000416847,13.514585495,-6.961249352,-0.920746803
22.339848960,1788576022.925972939,1788576022.921961308,0.000259270,-0.000210907,0.000355547,0.000334220,0.000487972,13.514581680,-6.961267948,-0.920600295
22.369848960,1788576022.959588766,1788576022.951961040,0.000211802,-0.000123469,0.000676191,0.000245163,0.000719263,13.514576912,-6.961284161,-0.920477927
22.399848960,1788576022.989930868,1788576022.981961250,0.000263469,-0.000066182,0.000700967,0.000271654,0.000751765,13.514574051,-6.961298466,-0.920354724
22.439847936,1788576023.025857449,1788576023.021960258,0.000173825,0.000064646,0.000774204,0.000185457,0.000796107,13.514572144,-6.961318970,-0.920205176
22.469847936,1788576023.059097290,1788576023.051960230,0.000068178,-0.000106851,0.000613397,0.000126749,0.000626355,13.514574051,-6.961331844,-0.920084000
22.499847936,1788576023.089822769,1788576023.081960201,0.000184728,-0.000076142,0.000922518,0.000199805,0.000943907,13.514575005,-6.961342812,-0.919959188
22.539846912,1788576023.124282360,1788576023.121959209,0.000100048,-0.000290329,0.000655332,0.000307084,0.000723714,13.514576912,-6.961358070,-0.919814050
22.569846912,1788576023.159049034,1788576023.151958942,0.000205655,-0.000061162,0.000866052,0.000214557,0.000892234,13.514577866,-6.961363792,-0.919698596
22.599846912,1788576023.190001726,1788576023.181959152,0.000138186,-0.000202404,0.000582178,0.000245077,0.000631659,13.514576912,-6.961364746,-0.919584930
22.639846400,1788576023.226063967,1788576023.221958637,0.000184944,-0.000369957,0.000433933,0.000413609,0.000599475,13.514574051,-6.961363316,-0.919449031
22.669846400,1788576023.259202719,1788576023.251958847,0.000319458,-0.000061468,0.000587278,0.000325318,0.000671362,13.514567375,-6.961359978,-0.919340372
22.699846400,1788576023.291188478,1788576023.281958580,0.000257943,-0.000083600,0.000259201,0.000271152,0.000375112,13.514558792,-6.961358070,-0.919237018
22.739845376,1788576023.325894833,1788576023.321957588,0.000629827,0.000013763,0.000410753,0.000629977,0.000752057,13.514537811,-6.961358547,-0.919118285
22.769845376,1788576023.358811140,1788576023.351957560,0.000528117,-0.000122641,0.000120995,0.000542170,0.000555507,13.514513016,-6.961356640,-0.919023931
22.799845376,1788576023.389987946,1788576023.381957531,0.000434669,-0.000009187,-0.000353487,0.000434766,0.000560335,13.514490128,-6.961354733,-0.918928146
22.839845120,1788576023.425850868,1788576023.421957493,0.000622158,0.000137522,0.000112935,0.000637175,0.000647106,13.514460564,-6.961354733,-0.918813825
22.869845120,1788576023.458854675,1788576023.451957226,0.000508687,0.000092793,-0.000396775,0.000517081,0.000651770,13.514429092,-6.961354256,-0.918719769
22.899845120,1788576023.489986897,1788576023.481957436,0.000591333,0.000087141,-0.000214691,0.000597719,0.000635107,13.514396667,-6.961356163,-0.918625534
22.939844608,1788576023.526370287,1788576023.521956921,0.000642251,0.000125299,-0.000144996,0.000654359,0.000670231,13.514354706,-6.961355686,-0.918507874
22.969844608,1788576023.559216976,1788576023.551956892,0.000564513,0.000036651,-0.000707563,0.000565702,0.000905905,13.514316559,-6.961353779,-0.918410897
22.999844608,1788576023.589911699,1788576023.581956863,0.000607778,-0.000082627,-0.000452123,0.000613369,0.000761995,13.514277458,-6.961351871,-0.918317735
23.039843840,1788576023.625876665,1788576023.621956110,0.000770930,-0.000159700,-0.000557813,0.000787297,0.000964879,13.514224052,-6.961343288,-0.918210030
23.069843840,1788576023.659157991,1788576023.651956320,0.000889682,-0.000290955,-0.000339243,0.000936050,0.000995628,13.514177322,-6.961331367,-0.918121755
23.099843840,1788576023.689882517,1788576023.681956053,0.000793946,-0.000202893,-0.000701742,0.000819460,0.001078869,13.514131546,-6.961318493,-0.918035328
23.139842816,1788576023.724324942,1788576023.721955061,0.000639823,-0.000141841,-0.000770533,0.000655357,0.001011540,13.514079094,-6.961300850,-0.917923808
23.169842816,1788576023.759072304,1788576023.751955032,0.000578218,-0.000318688,-0.000338017,0.000660226,0.000741724,13.514037132,-6.961284161,-0.917832971
23.199842816,1788576023.791569948,1788576023.781955004,0.000633071,-0.000021312,-0.000123926,0.000633430,0.000645439,13.513990402,-6.961266041,-0.917748868
23.239842304,1788576023.826062441,1788576023.821954489,0.000588325,-0.000223345,-0.000202792,0.000629292,0.000661161,13.513935089,-6.961240292,-0.917641580
23.269842304,1788576023.859251499,1788576023.851954699,0.000687331,-0.000285199,-0.000062509,0.000744152,0.000746773,13.513887405,-6.961213112,-0.917553544
23.299842304,1788576023.889839411,1788576023.881954670,0.000621829,-0.000380254,-0.000222315,0.000728879,0.000762029,13.513842583,-6.961183548,-0.917471886
23.339841280,1788576023.925871372,1788576023.921953440,0.000578491,-0.000444314,-0.000334611,0.000729429,0.000802516,13.513787270,-6.961144447,-0.917370021
23.369841280,1788576023.958882809,1788576023.951953411,0.000634566,-0.000308770,-0.000010280,0.000705700,0.000705775,13.513743401,-6.961106300,-0.917296767
23.399841280,1788576023.989900827,1788576023.981953621,0.000677816,-0.000288976,-0.000155755,0.000736845,0.000753127,13.513698578,-6.961069584,-0.917227685
23.439840256,1788576024.025872469,1788576024.021952629,0.000632612,-0.000462363,-0.000095602,0.000783567,0.000789378,13.513642311,-6.961021423,-0.917142570
23.469840256,1788576024.058854818,1788576024.051952600,0.000600472,-0.000352428,0.000385103,0.000696256,0.000795661,13.513598442,-6.960979939,-0.917083621
23.499840256,1788576024.091101885,1788576024.081952572,0.000621641,-0.000321669,-0.000135450,0.000699935,0.000712921,13.513554573,-6.960941792,-0.917026162
23.539840000,1788576024.126028776,1788576024.121952295,0.000574729,-0.000336815,0.000037899,0.000666152,0.000667229,13.513504982,-6.960896015,-0.916962683
23.569840000,1788576024.159280777,1788576024.151952267,0.000474969,-0.000312602,-0.000371201,0.000568608,0.000679047,13.513472557,-6.960858345,-0.916921973
23.599840000,1788576024.189909697,1788576024.181952238,0.000610447,-0.000240306,-0.000130897,0.000656043,0.000668974,13.513438225,-6.960822582,-0.916882515
23.639838976,1788576024.225941658,1788576024.221951246,0.000460210,-0.000222209,-0.000086425,0.000511048,0.000518305,13.513395309,-6.960782528,-0.916839421
23.669838976,1788576024.259135723,1788576024.251951218,0.000483009,-0.000386272,-0.000207516,0.000618469,0.000652355,13.513367653,-6.960752487,-0.916811824
23.699838976,1788576024.290149689,1788576024.281951189,0.000543432,-0.000288248,-0.000785905,0.000615146,0.000998024,13.513340950,-6.960723877,-0.916784406
23.739838464,1788576024.326099157,1788576024.321950674,0.000623439,-0.000129734,-0.000426284,0.000636794,0.000766306,13.513306618,-6.960690975,-0.916755021
23.769838464,1788576024.359132051,1788576024.351950884,0.000544575,-0.000188012,-0.000442742,0.000576117,0.000726588,13.513284683,-6.960669041,-0.916726708
23.799838464,1788576024.389950275,1788576024.381950617,0.000604152,-0.000119258,-0.000544400,0.000615810,0.000821945,13.513263702,-6.960647583,-0.916699886
23.839837952,1788576024.425981760,1788576024.421950102,0.000540544,0.000003146,-0.000309270,0.000540553,0.000622772,13.513238907,-6.960627556,-0.916667879
23.869837952,1788576024.459184647,1788576024.451950073,0.000623491,-0.000040797,-0.000667563,0.000624825,0.000914355,13.513224602,-6.960616112,-0.916636288
23.899837952,1788576024.489781141,1788576024.481950283,0.000593134,0.000170742,-0.000615428,0.000617220,0.000871615,13.513210297,-6.960608959,-0.916604638
23.939836928,1788576024.526207447,1788576024.521949291,0.000474298,0.000327092,-0.000459273,0.000576149,0.000736803,13.513196945,-6.960603237,-0.916566372
23.969836928,1788576024.558763027,1788576024.551949263,0.000512185,-0.000044238,-0.000403041,0.000514092,0.000653248,13.513195038,-6.960602283,-0.916528046
23.999836928,1788576024.589933872,1788576024.581949234,0.000507236,0.000301008,-0.000175285,0.000589825,0.000615320,13.513197899,-6.960604191,-0.916488349
24.039836416,1788576024.625858784,1788576024.621948719,0.000428876,0.000111055,-0.000309284,0.000443021,0.000540300,13.513200760,-6.960604191,-0.916434824
24.069836416,1788576024.658804893,1788576024.651948452,0.000436969,0.000072546,-0.000042761,0.000442950,0.000445009,13.513206482,-6.960607052,-0.916389287
24.099836416,1788576024.690618038,1788576024.681948662,0.000474535,0.000366870,0.000504781,0.000599814,0.000783952,13.513216972,-6.960610867,-0.916347146
24.139835904,1788576024.726041079,1788576024.721948147,0.000399424,-0.000033349,0.000384977,0.000400814,0.000555751,13.513235092,-6.960611820,-0.916283906
24.169835904,1788576024.759167433,1788576024.751948357,0.000327193,-0.000036853,0.000764663,0.000329261,0.000832540,13.513257027,-6.960610867,-0.916238427
24.199835904,1788576024.791543484,1788576024.781948090,0.000341724,0.000029850,0.000813318,0.000343025,0.000882696,13.513284683,-6.960608482,-0.916196048
24.239834880,1788576024.825859070,1788576024.821947098,0.000296845,-0.000095475,0.000998863,0.000311821,0.001046403,13.513318062,-6.960605621,-0.916138351
24.269834880,1788576024.857375145,1788576024.851947069,0.000198583,0.000215518,0.000919164,0.000293058,0.000964751,13.513348579,-6.960604668,-0.916102052
24.299834880,1788576024.889975071,1788576024.881947041,0.000241462,-0.000235362,0.001026914,0.000337193,0.001080857,13.513379097,-6.960599899,-0.916060805
24.339833856,1788576024.925799370,1788576024.921946049,0.000278849,-0.000291864,0.000983141,0.000403660,0.001062782,13.513419151,-6.960595131,-0.916009963
24.369833856,1788576024.959050417,1788576024.951946259,0.000291202,-0.000048802,0.000994483,0.000295263,0.001037390,13.513451576,-6.960592747,-0.915978253
24.399833856,1788576024.989888906,1788576024.981946230,0.000276190,0.000013525,0.000904302,0.000276521,0.000945636,13.513483047,-6.960591793,-0.915946782
24.439833344,1788576025.026052952,1788576025.021945715,0.000305800,-0.000026399,0.001070870,0.000306938,0.001113990,13.513520241,-6.960594177,-0.915909529
24.469833344,1788576025.059210539,1788576025.051945448,0.000310002,-0.000148378,0.000758926,0.000343682,0.000833118,13.513551712,-6.960596085,-0.915887654
24.499833344,1788576025.089827538,1788576025.081945658,0.000278858,-0.000021393,0.000649977,0.000279677,0.000707594,13.513583183,-6.960598469,-0.915861189
24.539832320,1788576025.125852108,1788576025.121944666,0.000221776,-0.000163447,0.001029552,0.000275499,0.001065775,13.513620377,-6.960606098,-0.915830076
24.569832320,1788576025.158831358,1788576025.151944637,0.000074647,-0.000007413,0.000547544,0.000075014,0.000552659,13.513656616,-6.960613728,-0.915811479
24.599832320,1788576025.189842224,1788576025.181944609,0.000047634,-0.000097976,0.000096501,0.000108942,0.000145536,13.513693810,-6.960622311,-0.915794909
24.639831808,1788576025.225841999,1788576025.221944094,0.000028234,-0.000157759,0.000159376,0.000160266,0.000226022,13.513741493,-6.960632801,-0.915788770
24.669831808,1788576025.258784533,1788576025.251943827,-0.000001335,-0.000288163,0.000135618,0.000288166,0.000318483,13.513777733,-6.960639954,-0.915781379
24.699831808,1788576025.289943457,1788576025.281944036,-0.000042711,0.000093216,0.000270326,0.000102535,0.000289119,13.513812065,-6.960650921,-0.915772557
24.739831296,1788576025.326023817,1788576025.321943521,-0.000166868,-0.000289493,0.000076306,0.000334142,0.000342744,13.513862610,-6.960662365,-0.915766239
24.769831296,1788576025.359122753,1788576025.351943731,-0.000073990,-0.000135987,0.000120376,0.000154813,0.000196106,13.513899803,-6.960670948,-0.915755689
24.799831296,1788576025.389796495,1788576025.381943464,-0.000112586,-0.000189150,0.000300455,0.000220121,0.000372460,13.513934135,-6.960677147,-0.915750682
24.839830784,1788576025.425825596,1788576025.421942949,-0.000183412,-0.000355177,-0.000099508,0.000399738,0.000411937,13.513981819,-6.960678101,-0.915751398
24.869830784,1788576025.458997965,1788576025.451942921,-0.000101503,-0.000398281,0.000289683,0.000411012,0.000502839,13.514015198,-6.960674763,-0.915745497
24.899830784,1788576025.490016699,1788576025.481943130,-0.000054730,-0.000287984,0.000198996,0.000293138,0.000354301,13.514046669,-6.960669041,-0.915745139
24.939829760,1788576025.526106119,1788576025.521941900,-0.000202183,-0.000540759,0.000243757,0.000577320,0.000626671,13.514089584,-6.960659504,-0.915741086
24.969829760,1788576025.559068680,1788576025.551942110,-0.000316785,-0.000356188,0.000416203,0.000476679,0.000632810,13.514126778,-6.960651875,-0.915731728
24.999829760,1788576025.590070486,1788576025.581942081,-0.000217672,-0.000255849,0.000329057,0.000335916,0.000470232,13.514165878,-6.960643291,-0.915727139
25.039828736,1788576025.626064301,1788576025.621941090,-0.000298013,-0.000458212,0.000353442,0.000546599,0.000650916,13.514214516,-6.960630894,-0.915720642
25.069828736,1788576025.657081366,1788576025.651940823,-0.000155342,-0.000666982,0.000363243,0.000684833,0.000775204,13.514250755,-6.960614204,-0.915713370
25.099828736,1788576025.689953566,1788576025.681941032,-0.000068401,-0.000444095,0.000553934,0.000449332,0.000713261,13.514285088,-6.960592747,-0.915705919
25.139827712,1788576025.725814581,1788576025.721940041,-0.000104634,-0.000367017,0.000354363,0.000381640,0.000520790,13.514322281,-6.960567474,-0.915690362
25.169827712,1788576025.758834124,1788576025.751940012,-0.000150477,-0.000290070,0.000658033,0.000326778,0.000734705,13.514351845,-6.960550785,-0.915672660
25.199827712,1788576025.792881012,1788576025.781939983,-0.000034280,-0.000066247,0.000152134,0.000074591,0.000169436,13.514379501,-6.960536957,-0.915656388
25.239826688,1788576025.825805902,1788576025.821938992,0.000164177,-0.000104089,0.000546861,0.000194393,0.000580384,13.514408112,-6.960522652,-0.915632904
25.269826688,1788576025.858894348,1788576025.851938725,0.000095920,-0.000015206,0.000286163,0.000097117,0.000302194,13.514430046,-6.960512161,-0.915613413
25.299826688,1788576025.889916897,1788576025.881938934,0.000083375,-0.000174307,0.000039478,0.000193221,0.000197212,13.514451981,-6.960501671,-0.915583551
25.339825664,1788576025.924410105,1788576025.921937943,0.000233099,0.000006399,0.000298002,0.000233187,0.000378393,13.514472008,-6.960490704,-0.915552914
25.369825664,1788576025.959405661,1788576025.951938152,0.000130371,-0.000202251,-0.000060140,0.000240629,0.000248030,13.514488220,-6.960483551,-0.915520489
25.399825664,1788576025.989813805,1788576025.981937885,0.000112930,-0.000114620,-0.000360193,0.000160906,0.000394499,13.514510155,-6.960476875,-0.915484726
25.439824640,1788576026.025808811,1788576026.021936893,0.000002479,-0.000220526,-0.000307103,0.000220540,0.000378087,13.514536858,-6.960470676,-0.915447772
25.469824640,1788576026.059067965,1788576026.051936865,-0.000001677,0.000128522,-0.000632929,0.000128533,0.000645848,13.514557838,-6.960469723,-0.915410340
25.499824640,1788576026.092739344,1788576026.081936836,-0.000049147,0.000110989,-0.000108354,0.000121384,0.000162710,13.514577866,-6.960471153,-0.915366113
25.539824128,1788576026.125844717,1788576026.121936321,0.000057604,-0.000097200,-0.000268418,0.000112987,0.000291229,13.514602661,-6.960474491,-0.915317714
25.569824128,1788576026.159032106,1788576026.151936531,0.000114465,0.000087665,-0.000507693,0.000144178,0.000527769,13.514611244,-6.960475922,-0.915269494
25.599824128,1788576026.189885855,1788576026.181936502,-0.000144039,0.000076766,-0.000307631,0.000163218,0.000348248,13.514625549,-6.960479259,-0.915216267
25.639823104,1788576026.226043463,1788576026.221935272,-0.000096252,-0.000035697,-0.000692442,0.000102659,0.000700010,13.514645576,-6.960480213,-0.915156305
25.669823104,1788576026.259178638,1788576026.251935244,-0.000059841,-0.000062958,-0.000157748,0.000086860,0.000180080,13.514657021,-6.960481644,-0.915095568
25.699823104,1788576026.291064739,1788576026.281935453,-0.000151328,0.000095992,0.000332391,0.000179205,0.000377622,13.514670372,-6.960484982,-0.915037036
25.739822592,1788576026.325795889,1788576026.321934938,-0.000179460,0.000016324,-0.000439381,0.000180200,0.000474898,13.514688492,-6.960486412,-0.914961755
25.769822592,1788576026.357161283,1788576026.351934910,-0.000182297,0.000070551,-0.000304595,0.000195473,0.000361923,13.514700890,-6.960492134,-0.914895773
25.799822592,1788576026.389932394,1788576026.381934881,-0.000110638,0.000246117,-0.000018556,0.000269841,0.000270478,13.514712334,-6.960499763,-0.914833009
25.839822336,1788576026.425812960,1788576026.421934605,-0.000115272,0.000254201,-0.000220346,0.000279116,0.000355610,13.514726639,-6.960508823,-0.914758980
25.869822336,1788576026.458780766,1788576026.451934814,0.000043318,-0.000036064,-0.000000930,0.000056366,0.000056373,13.514730453,-6.960516453,-0.914697707
25.899822336,1788576026.489889383,1788576026.481934547,0.000047754,0.000186914,0.000074911,0.000192918,0.000206951,13.514733315,-6.960525513,-0.914638877
25.939821568,1788576026.526262760,1788576026.521933794,0.000134173,0.000050560,-0.000173319,0.000143383,0.000224940,13.514735222,-6.960536480,-0.914557397
25.969821568,1788576026.559284687,1788576026.551934004,0.000132783,0.000141895,0.000051585,0.000194333,0.000201063,13.514730453,-6.960547447,-0.914489329
25.999821568,1788576026.589828491,1788576026.581933737,0.000008674,0.000269170,-0.000069553,0.000269310,0.000278147,13.514729500,-6.960559368,-0.914424479
26.039821312,1788576026.625854969,1788576026.621933460,-0.000059630,0.000112134,0.000304362,0.000127003,0.000329797,13.514730453,-6.960574150,-0.914333880
26.069821312,1788576026.659019709,1788576026.651933670,0.000003201,0.000178021,0.000343175,0.000178050,0.000386615,13.514729500,-6.960581779,-0.914258897
26.099821312,1788576026.689856529,1788576026.681933641,-0.000100557,-0.000394810,-0.000175834,0.000407415,0.000443739,13.514727592,-6.960584164,-0.914180696
26.139820544,1788576026.725821733,1788576026.721932888,-0.000149642,-0.000051544,0.000030050,0.000158270,0.000161098,13.514727592,-6.960586071,-0.914084733
26.169820544,1788576026.759035349,1788576026.751932859,-0.000183321,-0.000218219,0.000326558,0.000285001,0.000433435,13.514728546,-6.960587025,-0.914005637
26.199820544,1788576026.791511536,1788576026.781932831,-0.000186944,-0.000018986,-0.000332592,0.000187906,0.000382002,13.514728546,-6.960585594,-0.913922250
26.239820288,1788576026.826051950,1788576026.821932554,-0.000192322,-0.000171724,0.000015384,0.000257831,0.000258290,13.514727592,-6.960581303,-0.913818657
26.269820288,1788576026.859271765,1788576026.851932764,-0.000164680,0.000007085,0.000010898,0.000164833,0.000165193,13.514725685,-6.960578918,-0.913730860
26.299820288,1788576026.889791250,1788576026.881932497,-0.000258052,-0.000184734,-0.000172027,0.000317360,0.000360986,13.514723778,-6.960574627,-0.913637817
26.339819520,1788576026.925851822,1788576026.921931744,-0.000391323,-0.000120693,0.000500513,0.000409513,0.000646694,13.514730453,-6.960569382,-0.913522184
26.369819520,1788576026.958828211,1788576026.951931953,-0.000450871,-0.000162507,0.000106694,0.000479263,0.000490996,13.514734268,-6.960562706,-0.913426280
26.399819520,1788576026.989798546,1788576026.981931686,-0.000421646,-0.000208491,-0.000000329,0.000470376,0.000470377,13.514734268,-6.960555553,-0.913326383
26.439819264,1788576027.025950909,1788576027.021931410,-0.000224941,-0.000189901,0.000130405,0.000294383,0.000321973,13.514730453,-6.960546970,-0.913216174
26.469819264,1788576027.058853626,1788576027.051931620,-0.000438619,-0.000181558,-0.000088362,0.000474711,0.000482864,13.514726639,-6.960542202,-0.913126051
26.499819264,1788576027.089991570,1788576027.081931591,-0.000400756,0.000081677,0.000289940,0.000408995,0.000501340,13.514720917,-6.960540295,-0.913032770
26.539819008,1788576027.126009226,1788576027.121931314,-0.000574988,-0.000128215,0.000102805,0.000589110,0.000598013,13.514719963,-6.960536003,-0.912924528
26.569819008,1788576027.159127474,1788576027.151931286,-0.000532993,0.000013422,0.000302423,0.000533162,0.000612962,13.514716148,-6.960534096,-0.912832618
26.599819008,1788576027.189724922,1788576027.181931257,-0.000421855,0.000042100,0.000722660,0.000423950,0.000837837,13.514710426,-6.960530758,-0.912740171
26.639818240,1788576027.225906134,1788576027.221930504,-0.000375607,-0.000087285,0.000184016,0.000385616,0.000427272,13.514698982,-6.960522175,-0.912631333
26.669818240,1788576027.259023666,1788576027.251930714,-0.000366054,-0.000044144,0.000077418,0.000368707,0.000376747,13.514682770,-6.960519314,-0.912549198
26.699818240,1788576027.289893866,1788576027.281930447,-0.000292532,-0.000025029,0.000223933,0.000293601,0.000369252,13.514661789,-6.960514545,-0.912472188
26.739817472,1788576027.325842381,1788576027.321929693,-0.000207172,0.000174045,-0.000044452,0.000270577,0.000274204,13.514636993,-6.960510254,-0.912381411
26.769817472,1788576027.359031439,1788576027.351929903,-0.000254985,-0.000040990,0.000278417,0.000258258,0.000379754,13.514609337,-6.960506916,-0.912312865
26.799817472,1788576027.390087128,1788576027.381929636,-0.000230619,0.000214717,0.000212233,0.000315101,0.000379909,13.514580727,-6.960507393,-0.912245512
26.839817216,1788576027.425938368,1788576027.421929359,-0.000202556,0.000098455,-0.000059973,0.000225216,0.000233065,13.514546394,-6.960510254,-0.912159681
26.869817216,1788576027.459100008,1788576027.451929569,-0.000255577,0.000163931,0.000042600,0.000303633,0.000306607,13.514516830,-6.960514545,-0.912098169
26.899817216,1788576027.489920139,1788576027.481929541,-0.000217426,0.000251234,0.000084803,0.000332254,0.000342905,13.514488220,-6.960519791,-0.912036657
26.939816448,1788576027.526095867,1788576027.521928787,-0.000130378,-0.000008439,0.000061519,0.000130651,0.000144410,13.514450073,-6.960527420,-0.911959946
26.969816448,1788576027.558783054,1788576027.551928759,0.000059812,0.000003334,0.000204102,0.000059905,0.000212711,13.514414787,-6.960535049,-0.911897659
26.999816448,1788576027.589859247,1788576027.581928730,0.000105968,-0.000159570,-0.000138399,0.000191551,0.000236317,13.514377594,-6.960541248,-0.911831141
27.039816192,1788576027.625859499,1788576027.621928453,0.000420303,0.000003225,-0.000102873,0.000420315,0.000432721,13.514323235,-6.960550308,-0.911747396
27.069816192,1788576027.658824205,1788576027.651928663,0.000525972,-0.000282575,0.000031177,0.000597072,0.000597885,13.514274597,-6.960552216,-0.911681116
27.099816192,1788576027.690059662,1788576027.681928396,0.000569208,-0.000234044,-0.000328066,0.000615447,0.000697425,13.514224052,-6.960554600,-0.911611676
27.139815936,1788576027.726074696,1788576027.721928120,0.000434243,-0.000129780,-0.000173067,0.000453221,0.000485141,13.514159203,-6.960554123,-0.911530137
27.169815936,1788576027.759025574,1788576027.751928329,0.000400690,-0.000280882,-0.000701910,0.000489333,0.000855643,13.514107704,-6.960556984,-0.911460757
27.199815936,1788576027.791550398,1788576027.781928301,0.000380106,-0.000062769,-0.000235192,0.000385254,0.000451371,13.514055252,-6.960562706,-0.911387980
27.239815168,1788576027.825831652,1788576027.821927309,0.000254787,-0.000411582,-0.000351096,0.000484062,0.000597983,13.513992310,-6.960567474,-0.911300957
27.269815168,1788576027.859146833,1788576027.851927519,0.000213175,-0.000354092,-0.000128170,0.000413310,0.000432727,13.513950348,-6.960572720,-0.911219537
27.299815168,1788576027.889930010,1788576027.881927490,0.000118367,-0.000299928,-0.000185520,0.000322440,0.000372002,13.513910294,-6.960581779,-0.911134005
27.339814400,1788576027.925814390,1788576027.921926737,-0.000181126,-0.000275512,-0.000184619,0.000329718,0.000377886,13.513872147,-6.960595131,-0.911032915
27.369814400,1788576027.959032059,1788576027.951926708,-0.000181471,-0.000156577,-0.000013420,0.000239683,0.000240058,13.513846397,-6.960612297,-0.910940468
27.399814400,1788576027.989851713,1788576027.981926680,-0.000152846,-0.000164356,0.000755528,0.000224443,0.000788161,13.513820648,-6.960634708,-0.910846829
27.439814144,1788576028.025976658,1788576028.021926403,-0.000259736,-0.000315236,0.000503497,0.000408456,0.000648341,13.513793945,-6.960661411,-0.910730302
27.469814144,1788576028.059323311,1788576028.051926613,-0.000394698,-0.000136174,0.000006245,0.000417529,0.000417575,13.513775826,-6.960684299,-0.910631418
27.499814144,1788576028.089807034,1788576028.081926346,-0.000285467,-0.000203740,0.000768318,0.000350715,0.000844579,13.513755798,-6.960712433,-0.910534382
27.539813376,1788576028.125908852,1788576028.121925592,-0.000554461,-0.000067323,0.000338793,0.000558533,0.000653253,13.513736725,-6.960748672,-0.910412550
27.569813376,1788576028.158730268,1788576028.151925802,-0.000569089,-0.000094529,0.000478599,0.000576886,0.000749570,13.513721466,-6.960777760,-0.910306513
27.599813376,1788576028.189795732,1788576028.181925535,-0.000571057,-0.000105603,0.000501988,0.000580739,0.000767626,13.513708115,-6.960807323,-0.910204291
27.639813120,1788576028.225855827,1788576028.221925259,-0.000587103,-0.000077898,0.000757506,0.000592248,0.000961547,13.513696671,-6.960842609,-0.910073996
27.669813120,1788576028.259117603,1788576028.251925468,-0.000635956,0.000051166,0.000364922,0.000638011,0.000735001,13.513686180,-6.960872650,-0.909965158
27.699813120,1788576028.289984465,1788576028.281925440,-0.000511907,-0.000200390,0.000450547,0.000549732,0.000710772,13.513671875,-6.960901737,-0.909858465
27.739812864,1788576028.326045275,1788576028.321925163,-0.000558044,-0.000229161,0.000519536,0.000603265,0.000796144,13.513657570,-6.960935116,-0.909722090
27.769812864,1788576028.359094381,1788576028.351925135,-0.000606333,-0.000119860,0.000309956,0.000618066,0.000691432,13.513646126,-6.960959911,-0.909612417
27.799812864,1788576028.389831781,1788576028.381925106,-0.000632678,-0.000276440,0.000213303,0.000690436,0.000722634,13.513633728,-6.960985184,-0.909501612
27.839812608,1788576028.425853014,1788576028.421924829,-0.000638405,-0.000417272,0.000296226,0.000762677,0.000818185,13.513620377,-6.961009979,-0.909363449
27.869812608,1788576028.459049940,1788576028.451925039,-0.000643033,-0.000521037,0.000202338,0.000827630,0.000852005,13.513609886,-6.961022377,-0.909252286
27.899812608,1788576028.489820004,1788576028.481924772,-0.000755340,-0.000491982,-0.000283422,0.000901435,0.000944941,13.513599396,-6.961032867,-0.909145117
27.939811840,1788576028.526042700,1788576028.521924019,-0.000703117,-0.000800054,-0.000030499,0.001065110,0.001065547,13.513585091,-6.961040020,-0.909012556
27.969811840,1788576028.559035540,1788576028.551924229,-0.000645403,-0.000633268,0.000090849,0.000904198,0.000908750,13.513573647,-6.961047173,-0.908900321
27.999811840,1788576028.590106010,1788576028.581924200,-0.000517467,-0.000658166,-0.000517951,0.000837230,0.000984493,13.513560295,-6.961051941,-0.908789098
28.039811584,1788576028.625957489,1788576028.621923923,-0.000417539,-0.000677338,-0.000011355,0.000795692,0.000795773,13.513539314,-6.961055279,-0.908655345
28.069811584,1788576028.657316446,1788576028.651923895,-0.000382727,-0.000785940,0.000184368,0.000874175,0.000893405,13.513525009,-6.961056709,-0.908540905
28.099811584,1788576028.689885139,1788576028.681923866,-0.000299156,-0.000603330,0.000282040,0.000673425,0.000730101,13.513510704,-6.961059570,-0.908423483
28.139810816,1788576028.725795746,1788576028.721923113,-0.000058983,-0.000500383,0.000026414,0.000503848,0.000504540,13.513483047,-6.961063862,-0.908286691
28.169810816,1788576028.758750677,1788576028.751923084,-0.000169859,-0.000725469,0.000208886,0.000745089,0.000773816,13.513459206,-6.961065769,-0.908178449
28.199810816,1788576028.789790630,1788576028.781923056,-0.000006002,-0.000357361,0.000301841,0.000357411,0.000467815,13.513437271,-6.961067200,-0.908072352
28.239810560,1788576028.825785398,1788576028.821922779,0.000035324,-0.000576887,0.000112635,0.000577968,0.000588841,13.513405800,-6.961065292,-0.907945752
28.269810560,1788576028.859077692,1788576028.851922989,0.000092473,-0.000645286,0.000245801,0.000651878,0.000696680,13.513379097,-6.961060047,-0.907841444
28.299810560,1788576028.889931917,1788576028.881922722,0.000171231,-0.000508936,0.000684462,0.000536969,0.000869956,13.513352394,-6.961056709,-0.907739222
28.339810304,1788576028.925884008,1788576028.921922445,0.000166400,-0.000873890,0.000594081,0.000889591,0.001069722,13.513318062,-6.961045265,-0.907618344
28.369810304,1788576028.959067583,1788576028.951922655,0.000189058,-0.000682422,0.000308474,0.000708126,0.000772398,13.513294220,-6.961033821,-0.907527447
28.399810304,1788576028.989764214,1788576028.981922626,0.000160583,-0.000836139,0.000503934,0.000851419,0.000989376,13.513272285,-6.961021900,-0.907437921
28.439809536,1788576029.025787354,1788576029.021921873,0.000192126,-0.000609180,0.000303592,0.000638759,0.000707235,13.513243675,-6.961008072,-0.907334387
28.469809536,1788576029.059008837,1788576029.051921844,0.000231813,-0.000570761,0.000517127,0.000616040,0.000804317,13.513223648,-6.960997105,-0.907252789
28.499809536,1788576029.089832306,1788576029.081921816,0.000239978,-0.000548762,0.000231323,0.000598940,0.000642059,13.513204575,-6.960988998,-0.907179654
28.539808768,1788576029.125802994,1788576029.121921062,0.000295345,-0.000663639,0.000018986,0.000726392,0.000726640,13.513175011,-6.960983276,-0.907097220
28.569808768,1788576029.158750772,1788576029.151921034,0.000349522,-0.000472572,-0.000419328,0.000587784,0.000722029,13.513152122,-6.960977554,-0.907029450
28.599808768,1788576029.189946890,1788576029.181921005,0.000261732,-0.000308526,-0.000360500,0.000404588,0.000541897,13.513130188,-6.960976124,-0.906966805
28.639808512,1788576029.225918531,1788576029.221920729,0.000268860,-0.000230220,-0.000367499,0.000353959,0.000510237,13.513104439,-6.960977554,-0.906889796
28.669808512,1788576029.259186029,1788576029.251920938,0.000237738,-0.000202850,-0.000158474,0.000312518,0.000350402,13.513082504,-6.960979939,-0.906829834
28.699808512,1788576029.290104628,1788576029.281920671,0.000194815,-0.000206351,-0.000937059,0.000283784,0.000979088,13.513062477,-6.960980892,-0.906774819
28.739807744,1788576029.325823784,1788576029.321919918,0.000202617,-0.000292056,-0.000271389,0.000355458,0.000447216,13.513038635,-6.960983276,-0.906705618
28.769807744,1788576029.358777046,1788576029.351920128,0.000111197,-0.000290647,-0.000743083,0.000311192,0.000805613,13.513017654,-6.960984230,-0.906646013
28.799807744,1788576029.389811754,1788576029.381920099,0.000245588,-0.000323376,-0.000768989,0.000406061,0.000869615,13.512994766,-6.960979939,-0.906586111
28.839807488,1788576029.425955057,1788576029.421919823,0.000269032,-0.000415410,-0.000869001,0.000494918,0.001000053,13.512966156,-6.960973740,-0.906516731
28.869807488,1788576029.458979845,1788576029.451919794,0.000308616,-0.000433837,-0.000656728,0.000532408,0.000845429,13.512943268,-6.960965157,-0.906458020
28.899807488,1788576029.489953518,1788576029.481919765,0.000321374,-0.000279933,-0.000478385,0.000426197,0.000640700,13.512923241,-6.960954666,-0.906394958
28.939806720,1788576029.526338339,1788576029.521919012,0.000304313,-0.000546108,-0.000744182,0.000625172,0.000971929,13.512896538,-6.960941315,-0.906319857
28.969806720,1788576029.556196213,1788576029.551919222,0.000283738,-0.000302337,-0.000319019,0.000414626,0.000523152,13.512879372,-6.960928440,-0.906257153
28.999806720,1788576029.589846134,1788576029.581918955,0.000204542,-0.000436805,-0.000412633,0.000482324,0.000634746,13.512864113,-6.960915089,-0.906196237
29.039805952,1788576029.625984430,1788576029.621918201,0.000160934,-0.000327161,-0.000453460,0.000364601,0.000581859,13.512845993,-6.960899830,-0.906118453
29.069805952,1788576029.659092426,1788576029.651918411,0.000224235,-0.000281840,-0.000238113,0.000360160,0.000431756,13.512833595,-6.960884094,-0.906053424
29.099805952,1788576029.689921856,1788576029.681918144,0.000317553,-0.000262143,0.000163146,0.000411776,0.000442917,13.512822151,-6.960865498,-0.905981064
29.139805184,1788576029.726040363,1788576029.721917391,0.000425788,-0.000206563,-0.000043500,0.000473248,0.000475243,13.512804031,-6.960842609,-0.905885577
29.169805184,1788576029.758826256,1788576029.751917601,0.000331254,-0.000063007,-0.000043038,0.000337193,0.000339928,13.512787819,-6.960825920,-0.905813754
29.199805184,1788576029.791526079,1788576029.781917334,0.000401980,-0.000201836,0.000343959,0.000449807,0.000566245,13.512770653,-6.960812569,-0.905744314
29.239804928,1788576029.826139212,1788576029.821917295,0.000358394,-0.000279834,0.000788062,0.000454702,0.000909832,13.512751579,-6.960790634,-0.905654848
29.269804928,1788576029.857197046,1788576029.851917267,0.000299123,-0.000030025,0.000222279,0.000300626,0.000373877,13.512742996,-6.960772514,-0.905586720
29.299804928,1788576029.889749527,1788576029.881917238,0.000237625,-0.000020837,0.000563392,0.000238537,0.000611809,13.512734413,-6.960758209,-0.905519366
29.339804160,1788576029.925940514,1788576029.921916485,0.000155869,-0.000098082,0.000434004,0.000184161,0.000471460,13.512726784,-6.960741520,-0.905432284
29.369804160,1788576029.958740473,1788576029.951916456,0.000334787,-0.000184353,0.000343544,0.000382189,0.000513898,13.512720108,-6.960722923,-0.905369639
29.399804160,1788576029.989796638,1788576029.981916428,0.000272278,-0.000036272,0.000032636,0.000274684,0.000276616,13.512712479,-6.960710049,-0.905316114
29.439803904,1788576030.025929928,1788576030.021916151,0.000220100,-0.000043976,0.000168505,0.000224451,0.000280664,13.512700081,-6.960696220,-0.905242503
29.469803904,1788576030.058993816,1788576030.051916361,0.000170488,-0.000113769,0.000008408,0.000204962,0.000205134,13.512691498,-6.960684776,-0.905189455
29.499803904,1788576030.091060162,1788576030.081916094,0.000141483,-0.000098023,-0.000155258,0.000172122,0.000231800,13.512682915,-6.960673332,-0.905144393
29.539803648,1788576030.126064777,1788576030.121915817,0.000222127,0.000001698,-0.000304672,0.000222134,0.000377053,13.512671471,-6.960655212,-0.905086756
29.569803648,1788576030.156340599,1788576030.151916027,0.000149839,-0.000169070,0.000074933,0.000225913,0.000238016,13.512660980,-6.960645676,-0.905041277
29.599803648,1788576030.189730883,1788576030.181915998,0.000057707,-0.000031047,-0.000275231,0.000065529,0.000282924,13.512650490,-6.960638523,-0.904999077
29.639803392,1788576030.225839853,1788576030.221915722,0.000246376,-0.000402089,0.000061950,0.000471569,0.000475620,13.512642860,-6.960623264,-0.904940665
29.669803392,1788576030.259019852,1788576030.251915693,0.000188667,-0.000235347,-0.000163589,0.000301634,0.000343139,13.512631416,-6.960614681,-0.904897034
29.699803392,1788576030.291965246,1788576030.281915665,0.000247417,-0.000469197,-0.000317790,0.000530435,0.000618346,13.512619972,-6.960606575,-0.904857934
29.739803136,1788576030.325816393,1788576030.321915388,0.000270740,-0.000490232,-0.000176628,0.000560025,0.000587218,13.512604713,-6.960593224,-0.904811919
29.769803136,1788576030.358803988,1788576030.351915598,0.000152602,-0.000209741,-0.000215734,0.000259381,0.000337372,13.512591362,-6.960590363,-0.904778898
29.799803136,1788576030.389757872,1788576030.381915331,0.000175120,-0.000148290,-0.000252268,0.000229471,0.000341022,13.512578964,-6.960588455,-0.904748082
29.839802368,1788576030.425844193,1788576030.421914577,0.000020460,-0.000518398,-0.000385296,0.000518802,0.000646226,13.512562752,-6.960584164,-0.904718339
29.869802368,1788576030.459086180,1788576030.451914787,0.000218272,-0.000294607,-0.000090342,0.000366655,0.000377621,13.512549400,-6.960582256,-0.904688358
29.899802368,1788576030.489777803,1788576030.481914520,0.000218118,-0.000214899,0.000106314,0.000306198,0.000324129,13.512535095,-6.960581303,-0.904660106
29.939801600,1788576030.526088953,1788576030.521913767,0.000240218,-0.000549668,0.000298480,0.000599866,0.000670022,13.512516022,-6.960578918,-0.904622316
29.969801600,1788576030.559148788,1788576030.551913977,0.000156248,-0.000194680,0.000223512,0.000249627,0.000335069,13.512502670,-6.960577488,-0.904594123
29.999801600,1788576030.589820862,1788576030.581913948,0.000228120,-0.000132667,0.000170692,0.000263892,0.000314285,13.512491226,-6.960579395,-0.904559433
30.039801344,1788576030.625788450,1788576030.621913671,0.000299295,-0.000097035,0.000323458,0.000314631,0.000451240,13.512474060,-6.960586071,-0.904517949
30.069801344,1788576030.659186840,1788576030.651913643,0.000063774,-0.000013273,0.000314969,0.000065141,0.000321635,13.512464523,-6.960590839,-0.904480577
30.099801344,1788576030.690202951,1788576030.681913614,0.000256453,-0.000080325,0.000527514,0.000268738,0.000592023,13.512452126,-6.960592270,-0.904443383
30.139801088,1788576030.725924015,1788576030.721913338,0.000243188,-0.000445577,0.000348823,0.000507621,0.000615919,13.512435913,-6.960590839,-0.904397428
30.169801088,1788576030.759531498,1788576030.751913548,0.000312570,-0.000412028,0.000371153,0.000517172,0.000636570,13.512425423,-6.960583687,-0.904360473
30.199801088,1788576030.789771795,1788576030.781913280,0.000155172,-0.000336968,0.000184798,0.000370979,0.000414459,13.512416840,-6.960576534,-0.904324532
30.239800832,1788576030.825802565,1788576030.821913004,0.000192122,-0.000266337,0.000785209,0.000328399,0.000851116,13.512413025,-6.960569859,-0.904276490
30.269800832,1788576030.859327078,1788576030.851913214,0.000206936,-0.000378700,0.000310419,0.000431551,0.000531598,13.512412071,-6.960560322,-0.904239595
30.299800832,1788576030.889806032,1788576030.881913185,0.000216899,-0.000347265,0.000084162,0.000409436,0.000417997,13.512409210,-6.960551739,-0.904202878
30.339800064,1788576030.924268007,1788576030.921912432,0.000127737,-0.000313898,0.000225516,0.000338894,0.000407070,13.512407303,-6.960537910,-0.904155195
30.369800064,1788576030.959079742,1788576030.951912403,0.000130833,-0.000595148,0.000299423,0.000609359,0.000678949,13.512412071,-6.960522652,-0.904114366
30.399800064,1788576030.989986897,1788576030.981912374,0.000113915,-0.000631448,-0.000013974,0.000641641,0.000641793,13.512417793,-6.960505486,-0.904077053
30.439799808,1788576031.025877714,1788576031.021912098,0.000144807,-0.000835715,-0.000114346,0.000848168,0.000855841,13.512425423,-6.960478306,-0.904031396
30.469799808,1788576031.059576511,1788576031.051912308,0.000060281,-0.000723625,-0.000161017,0.000726132,0.000743770,13.512434006,-6.960458279,-0.903998077
30.499799808,1788576031.089697123,1788576031.081912041,0.000109137,-0.000839387,0.000081412,0.000846453,0.000850359,13.512443542,-6.960436821,-0.903964937
30.539799552,1788576031.125919580,1788576031.121911764,0.000168998,-0.000674789,-0.000200218,0.000695629,0.000723870,13.512454987,-6.960405350,-0.903925836
30.569799552,1788576031.159075022,1788576031.151911974,0.000095221,-0.000845918,-0.000092592,0.000851260,0.000856281,13.512465477,-6.960381031,-0.903892457
30.599799552,1788576031.189758062,1788576031.181911707,-0.000036792,-0.000593902,-0.000132559,0.000595040,0.000609627,13.512478828,-6.960358143,-0.903863192
30.639799296,1788576031.225787640,1788576031.221911669,-0.000109642,-0.000802877,-0.000283162,0.000810329,0.000858379,13.512501717,-6.960334778,-0.903835237
30.669799296,1788576031.258982182,1788576031.251911640,-0.000093313,-0.000306078,-0.000170994,0.000319986,0.000362808,13.512521744,-6.960325718,-0.903814077
30.699799296,1788576031.289797783,1788576031.281911612,-0.000087861,-0.000379830,-0.000317262,0.000389859,0.000502638,13.512542725,-6.960318565,-0.903795540
30.739799040,1788576031.325903893,1788576031.321911335,-0.000053756,-0.000141711,-0.000459047,0.000151564,0.000483421,13.512562752,-6.960315704,-0.903774917
30.769799040,1788576031.359311104,1788576031.351911306,0.000105218,-0.000229229,0.000058877,0.000252224,0.000259005,13.512579918,-6.960316658,-0.903752327
30.799799040,1788576031.389761209,1788576031.381911278,0.000025547,-0.000047506,-0.000019647,0.000053940,0.000057407,13.512598038,-6.960319042,-0.903733611
30.839798784,1788576031.427063465,1788576031.421911001,0.000077684,0.000179960,-0.000118741,0.000196011,0.000229172,13.512617111,-6.960333347,-0.903709590
30.869798784,1788576031.457199097,1788576031.451911211,0.000147684,0.000070887,0.000296469,0.000163816,0.000338717,13.512631416,-6.960344315,-0.903683424
30.899798784,1788576031.489799976,1788576031.481910944,0.000156767,0.000159792,0.000186011,0.000223851,0.000291049,13.512645721,-6.960356712,-0.903650522
30.939798016,1788576031.526055336,1788576031.521910191,0.000246403,0.000335700,0.000583873,0.000416424,0.000717159,13.512661934,-6.960377216,-0.903608084
30.969798016,1788576031.559143066,1788576031.551910400,0.000266133,0.000200648,-0.000006289,0.000333296,0.000333355,13.512674332,-6.960393429,-0.903574765
30.999798016,1788576031.589969397,1788576031.581910372,0.000332532,0.000121668,0.000208300,0.000354091,0.000410816,13.512684822,-6.960410595,-0.903537452
31.039797760,1788576031.625921488,1788576031.621910095,0.000377990,0.000318905,0.000466496,0.000494547,0.000679850,13.512696266,-6.960431576,-0.903490186
31.069797760,1788576031.658837318,1788576031.651910067,0.000449878,0.000058994,-0.000029662,0.000453730,0.000454699,13.512707710,-6.960446835,-0.903445899
31.099797760,1788576031.689942598,1788576031.681910038,0.000269189,0.000067764,-0.000328690,0.000277587,0.000430223,13.512719154,-6.960460663,-0.903401732
31.139796992,1788576031.725794315,1788576031.721909285,0.000375943,0.000028970,0.000107308,0.000377057,0.000392030,13.512733459,-6.960475922,-0.903349340
31.169796992,1788576031.758725643,1788576031.751909494,0.000332913,-0.000004022,-0.000528459,0.000332937,0.000624593,13.512745857,-6.960480690,-0.903298974
31.199796992,1788576031.791843653,1788576031.781909227,0.000399380,0.000000611,-0.000675514,0.000399380,0.000784744,13.512759209,-6.960485458,-0.903243899
31.239796736,1788576031.825800180,1788576031.821908951,0.000376378,-0.000061145,0.000003639,0.000381313,0.000381330,13.512775421,-6.960493088,-0.903173864
31.269796736,1788576031.859095335,1788576031.851909161,0.000278979,0.000047722,-0.000459319,0.000283031,0.000539519,13.512792587,-6.960501671,-0.903112054
31.299796736,1788576031.889857292,1788576031.881908894,0.000323198,-0.000112008,-0.000301154,0.000342057,0.000455738,13.512810707,-6.960507870,-0.903049767
31.339796480,1788576031.925909996,1788576031.921908617,0.000388836,-0.000032509,-0.000505360,0.000390193,0.000638466,13.512834549,-6.960516453,-0.902976811
31.369796480,1788576031.959114075,1788576031.951908827,0.000382094,-0.000191837,-0.000202733,0.000427547,0.000473178,13.512853622,-6.960522652,-0.902913213
31.399796480,1788576031.989745855,1788576031.981908798,0.000447459,0.000255762,-0.000284349,0.000515397,0.000588632,13.512873650,-6.960528374,-0.902854562
31.439795456,1788576032.025759935,1788576032.021907806,0.000438707,-0.000028035,-0.000502043,0.000439601,0.000667306,13.512898445,-6.960535526,-0.902784109
31.469795456,1788576032.059037447,1788576032.051907539,0.000415367,-0.000150904,-0.000161657,0.000441929,0.000470568,13.512915611,-6.960540771,-0.902721226
31.499795456,1788576032.089772940,1788576032.081907749,0.000362323,0.000020159,-0.000029965,0.000362883,0.000364118,13.512935638,-6.960541248,-0.902656496
31.539795200,1788576032.125788450,1788576032.121907473,0.000309628,-0.000269760,-0.000297964,0.000410658,0.000507368,13.512962341,-6.960541725,-0.902576268
31.569795200,1788576032.158721447,1788576032.151907444,0.000456499,-0.000004827,0.000267882,0.000456524,0.000529315,13.512981415,-6.960541248,-0.902513206
31.599795200,1788576032.189923286,1788576032.181907415,0.000374101,-0.000059119,0.000054693,0.000378743,0.000382672,13.513001442,-6.960541725,-0.902453244
31.639794944,1788576032.225920916,1788576032.221907139,0.000462268,-0.000228330,0.000113970,0.000515583,0.000528029,13.513024330,-6.960543633,-0.902376473
31.669794944,1788576032.259107351,1788576032.251907110,0.000476364,-0.000034268,0.000100325,0.000477595,0.000488019,13.513044357,-6.960548401,-0.902317047
31.699794944,1788576032.291050434,1788576032.281907082,0.000478693,-0.000050723,0.000085533,0.000481373,0.000488913,13.513067245,-6.960556030,-0.902256191
31.739794176,1788576032.325824976,1788576032.321906328,0.000549277,0.000155191,0.000109696,0.000570780,0.000581225,13.513092995,-6.960567951,-0.902183533
31.769794176,1788576032.358711958,1788576032.351906300,0.000441540,0.000103880,0.000202692,0.000453595,0.000496823,13.513113976,-6.960580349,-0.902134597
31.799794176,1788576032.389736414,1788576032.381906509,0.000569430,-0.000035757,-0.000050619,0.000570551,0.000572792,13.513129234,-6.960595131,-0.902084351
31.839793920,1788576032.425848246,1788576032.421906233,0.000615880,-0.000000613,0.000214953,0.000615880,0.000652314,13.513145447,-6.960612297,-0.902018607
31.869793920,1788576032.458999872,1788576032.451905966,0.000684055,0.000198228,-0.000177077,0.000712198,0.000733882,13.513160706,-6.960626602,-0.901974678
31.899793920,1788576032.489870310,1788576032.481906176,0.000666683,0.000020021,0.000039248,0.000666984,0.000668137,13.513175011,-6.960640430,-0.901927829
31.939793664,1788576032.526149988,1788576032.521905899,0.000711573,0.000165731,0.000444180,0.000730619,0.000855044,13.513186455,-6.960657120,-0.901867986
31.969793664,1788576032.559031248,1788576032.551905870,0.000631170,0.000102549,-0.000148232,0.000639446,0.000656403,13.513199806,-6.960671425,-0.901823878
31.999793664,1788576032.589778423,1788576032.581905842,0.000665121,0.000003029,-0.000234684,0.000665128,0.000705317,13.513209343,-6.960688114,-0.901778400
32.039793408,1788576032.625763655,1788576032.621905565,0.000752277,0.000179072,-0.000213274,0.000773297,0.000802168,13.513220787,-6.960706711,-0.901726127
32.069793408,1788576032.658983469,1788576032.651905537,0.000926442,0.000053613,-0.000276992,0.000927992,0.000968449,13.513224602,-6.960719585,-0.901685655
32.099793408,1788576032.689952612,1788576032.681905746,0.001013861,0.000178727,-0.000116998,0.001029494,0.001036120,13.513229370,-6.960731030,-0.901646018
32.139793152,1788576032.725876331,1788576032.721905470,0.000982347,-0.000018101,-0.000359916,0.000982514,0.001046362,13.513236046,-6.960740566,-0.901601732
32.169793152,1788576032.758745670,1788576032.751905203,0.001010789,0.000268801,-0.000517108,0.001045920,0.001166769,13.513240814,-6.960747242,-0.901570499
32.199793152,1788576032.791537762,1788576032.781905413,0.001110368,0.000084890,-0.000189468,0.001113608,0.001129611,13.513242722,-6.960754395,-0.901545763
32.239792896,1788576032.825912714,1788576032.821905136,0.000926288,0.000189402,-0.000365781,0.000945454,0.001013745,13.513244629,-6.960764408,-0.901516080
32.269792896,1788576032.857221127,1788576032.851905107,0.001019199,0.000147416,-0.000336835,0.001029805,0.001083493,13.513250351,-6.960770607,-0.901493311
32.299792896,1788576032.889732838,1788576032.881905079,0.000957080,0.000135790,0.000029533,0.000966665,0.000967116,13.513260841,-6.960772991,-0.901476145
32.339792128,1788576032.925747633,1788576032.921904325,0.000840287,0.000375710,-0.000495548,0.000920456,0.001045374,13.513277054,-6.960780144,-0.901455700
32.369792128,1788576032.957097530,1788576032.951904297,0.001021034,0.000179596,0.000156352,0.001036709,0.001048433,13.513292313,-6.960783482,-0.901443005
32.399792128,1788576032.989897490,1788576032.981904268,0.001134766,0.000433908,0.000403531,0.001214895,0.001280159,13.513300896,-6.960787296,-0.901433527
32.439791872,1788576033.025751829,1788576033.021904230,0.001137358,0.000492868,0.000215287,0.001239557,0.001258114,13.513309479,-6.960793018,-0.901412427
32.469791872,1788576033.058975935,1788576033.051903963,0.001250211,0.000386143,0.000531081,0.001308486,0.001412155,13.513313293,-6.960795879,-0.901399910
32.499791872,1788576033.089927197,1788576033.081904173,0.001217555,0.000329879,0.000620869,0.001261451,0.001405965,13.513319016,-6.960797310,-0.901384950
32.539791616,1788576033.125872612,1788576033.121903896,0.001275989,0.000239683,0.000478740,0.001298305,0.001383759,13.513325691,-6.960798264,-0.901362360
32.569791616,1788576033.159090757,1788576033.151903629,0.001063534,0.000229169,0.000515785,0.001087944,0.001204017,13.513331413,-6.960800171,-0.901349425
32.599791616,1788576033.189738035,1788576033.181903839,0.001042813,0.000273971,0.000311696,0.001078202,0.001122352,13.513340950,-6.960804462,-0.901336968
32.639791104,1788576033.225754976,1788576033.221903324,0.000996545,0.000354881,0.000403416,0.001057848,0.001132161,13.513351440,-6.960813999,-0.901317120
32.669791104,1788576033.259103298,1788576033.251903534,0.001091861,0.000466634,0.000686462,0.001187396,0.001371546,13.513356209,-6.960820675,-0.901305079
32.699791104,1788576033.289726019,1788576033.281903267,0.000914996,0.000274942,0.000276428,0.000955411,0.000994597,13.513365746,-6.960831165,-0.901291430
32.739790336,1788576033.325814009,1788576033.321902514,0.000861280,0.000231639,0.000728734,0.000891886,0.001151743,13.513387680,-6.960843563,-0.901277602
32.769790336,1788576033.358706713,1788576033.351902723,0.000655446,0.000255830,0.000445186,0.000703604,0.000832616,13.513405800,-6.960851192,-0.901267886
32.799790336,1788576033.389867544,1788576033.381902695,0.000472373,-0.000031947,0.000064237,0.000473452,0.000477790,13.513428688,-6.960855484,-0.901252627
32.839790080,1788576033.425976753,1788576033.421902418,0.000614800,-0.000116244,0.000277214,0.000625693,0.000684353,13.513456345,-6.960857391,-0.901240349
32.869790080,1788576033.459181786,1788576033.451902390,0.000420629,-0.000308649,-0.000336251,0.000521721,0.000620692,13.513477325,-6.960852623,-0.901230991
32.899790080,1788576033.489797592,1788576033.481902361,0.000454883,-0.000314038,-0.000310633,0.000552756,0.000634060,13.513500214,-6.960844994,-0.901218772
32.939789056,1788576033.526015282,1788576033.521901369,0.000471257,-0.000175384,-0.000540587,0.000502835,0.000738293,13.513527870,-6.960833073,-0.901210487
32.969789056,1788576033.558949947,1788576033.551901102,0.000563140,-0.000387277,-0.000275430,0.000683455,0.000736867,13.513545036,-6.960820675,-0.901186049
32.999789056,1788576033.589735270,1788576033.581901312,0.000486014,-0.000559410,-0.000196405,0.000741046,0.000766631,13.513558388,-6.960803509,-0.901160300
33.039788544,1788576033.625786304,1788576033.621900797,0.000563618,-0.000334333,0.000010210,0.000655319,0.000655399,13.513577461,-6.960783005,-0.901126385
33.069788544,1788576033.659136057,1788576033.651901007,0.000488353,-0.000355846,-0.000148588,0.000604247,0.000622249,13.513587952,-6.960767746,-0.901083589
33.099788544,1788576033.689959764,1788576033.681900740,0.000440908,-0.000321334,0.000284018,0.000545578,0.000615079,13.513595581,-6.960753441,-0.901035905
33.139788032,1788576033.725915670,1788576033.721900225,0.000321868,-0.000220696,-0.000017793,0.000390264,0.000390669,13.513610840,-6.960740089,-0.900972188
33.169788032,1788576033.759240150,1788576033.751900196,0.000268891,-0.000186839,0.000514665,0.000327431,0.000609993,13.513621330,-6.960732460,-0.900908053
33.199788032,1788576033.791508198,1788576033.781900406,0.000504908,-0.000198242,0.000906930,0.000542432,0.001056766,13.513625145,-6.960723877,-0.900837004
33.239787520,1788576033.825995922,1788576033.821899891,0.000285845,-0.000155935,0.000612107,0.000325612,0.000693323,13.513634682,-6.960711002,-0.900742352
33.269787520,1788576033.859094381,1788576033.851899862,0.000266246,-0.000090316,0.001082893,0.000281147,0.001118794,13.513637543,-6.960703850,-0.900656939
33.299787520,1788576033.889728785,1788576033.881899834,0.000405032,-0.000164859,0.001472888,0.000437298,0.001536433,13.513636589,-6.960691929,-0.900568128
33.339787008,1788576033.925893545,1788576033.921899319,0.000400873,-0.000316524,0.001130092,0.000510771,0.001240159,13.513632774,-6.960675716,-0.900450885
33.369787008,1788576033.959066868,1788576033.951899052,0.000335146,-0.000391384,0.001212826,0.000515271,0.001317745,13.513631821,-6.960661888,-0.900357842
33.399787008,1788576033.989905834,1788576033.981899261,0.000176963,-0.000459876,0.001223564,0.000492750,0.001319057,13.513630867,-6.960648060,-0.900266826
33.439785984,1788576034.025887728,1788576034.021898270,0.000026090,-0.000375996,0.001365246,0.000376900,0.001416316,13.513634682,-6.960630417,-0.900143445
33.469785984,1788576034.059068680,1788576034.051898479,0.000182986,-0.000392219,0.001664289,0.000432804,0.001719644,13.513633728,-6.960617542,-0.900043309
33.499785984,1788576034.089812279,1788576034.081898212,0.000208334,-0.000460257,0.000841970,0.000505212,0.000981913,13.513629913,-6.960603714,-0.899941325
33.539784960,1788576034.125750303,1788576034.121897221,0.000193534,-0.000582619,0.001328328,0.000613922,0.001463337,13.513625145,-6.960580826,-0.899816453
33.569784960,1788576034.158988476,1788576034.151897192,0.000104558,-0.000720929,0.000998678,0.000728472,0.001236135,13.513621330,-6.960561752,-0.899717927
33.599784960,1788576034.189748764,1788576034.181897163,-0.000100637,-0.000682811,0.000742609,0.000690187,0.001013818,13.513621330,-6.960546017,-0.899617255
33.639784448,1788576034.225811005,1788576034.221896648,-0.000214879,-0.000707992,0.000989544,0.000739883,0.001235566,13.513627052,-6.960523605,-0.899503827
33.669784448,1788576034.258948088,1788576034.251896858,-0.000197469,-0.000623115,0.000724177,0.000653656,0.000975551,13.513628960,-6.960511208,-0.899413586
33.699784448,1788576034.290122509,1788576034.281896591,-0.000199357,-0.000752678,0.000226566,0.000778632,0.000810925,13.513628006,-6.960501194,-0.899319649
33.739783936,1788576034.325934887,1788576034.321896076,-0.000230798,-0.000694477,0.000207951,0.000731824,0.000760796,13.513631821,-6.960489750,-0.899211943
33.769783936,1788576034.359107256,1788576034.351896048,-0.000196519,-0.000865790,0.000340860,0.000887813,0.000950998,13.513629913,-6.960485458,-0.899123073
33.799783936,1788576034.389680386,1788576034.381896257,-0.000165614,-0.000610626,0.000017006,0.000632686,0.000632915,13.513624191,-6.960485458,-0.899034917
33.839783424,1788576034.425811529,1788576034.421895742,-0.000119375,-0.000603482,0.000249544,0.000615176,0.000663862,13.513616562,-6.960484028,-0.898934007
33.869783424,1788576034.458795071,1788576034.451895714,-0.000339400,-0.000750427,-0.000035650,0.000823610,0.000824381,13.513610840,-6.960487366,-0.898844719
33.899783424,1788576034.489696026,1788576034.481895685,-0.000132826,-0.000514096,0.000051536,0.000530978,0.000533473,13.513604164,-6.960491180,-0.898755968
33.939782400,1788576034.526034355,1788576034.521894693,-0.000113725,-0.000749785,0.000073105,0.000758361,0.000761876,13.513591766,-6.960494041,-0.898653030
33.969782400,1788576034.558685303,1788576034.551894426,-0.000280494,-0.000413578,0.000032034,0.000499724,0.000500750,13.513582230,-6.960501194,-0.898565412
33.999782400,1788576034.589954853,1788576034.581894636,-0.000213741,-0.000547422,0.000331112,0.000587670,0.000674531,13.513573647,-6.960509300,-0.898479462
34.039782144,1788576034.625953436,1788576034.621894360,-0.000452567,-0.000435431,-0.000348764,0.000628027,0.000718369,13.513564110,-6.960517406,-0.898377180
34.069782144,1788576034.659075737,1788576034.651894331,-0.000320844,-0.000609214,-0.000015066,0.000688536,0.000688701,13.513555527,-6.960526466,-0.898290396
34.099782144,1788576034.689793110,1788576034.681894302,-0.000255319,-0.000310388,0.000403841,0.000401906,0.000569751,13.513545036,-6.960536003,-0.898208857
34.139781120,1788576034.725822687,1788576034.721893311,-0.000323089,-0.000326457,0.000152600,0.000459305,0.000483991,13.513528824,-6.960551739,-0.898105145
34.169781120,1788576034.758971453,1788576034.751893520,-0.000340565,-0.000310480,0.000435104,0.000460850,0.000633796,13.513514519,-6.960565567,-0.898022354
34.199781120,1788576034.789747953,1788576034.781893492,-0.000221387,-0.000256629,0.000251875,0.000338925,0.000422270,13.513500214,-6.960579395,-0.897941828
34.239780608,1788576034.825823545,1788576034.821892977,-0.000208397,-0.000297347,0.000035015,0.000363104,0.000364788,13.513481140,-6.960600853,-0.897837520
34.269780608,1788576034.859053373,1788576034.851892710,-0.000120075,-0.000258552,0.000459133,0.000285074,0.000540435,13.513460159,-6.960613251,-0.897753119
34.299780608,1788576034.889795065,1788576034.881892920,-0.000079831,-0.000420003,0.000156148,0.000427523,0.000455146,13.513434410,-6.960621834,-0.897667170
34.339780096,1788576034.925973415,1788576034.921892405,-0.000134125,-0.000165410,0.000417910,0.000212955,0.000469040,13.513402939,-6.960632801,-0.897551358
34.369780096,1788576034.959013939,1788576034.951892376,-0.000148224,-0.000241809,0.000329773,0.000283623,0.000434962,13.513372421,-6.960639954,-0.897460997
34.399780096,1788576034.989756584,1788576034.981892347,-0.000238616,-0.000227242,0.000043038,0.000329509,0.000332308,13.513339996,-6.960647583,-0.897363663
34.439779072,1788576035.025797367,1788576035.021891356,-0.000082960,0.000098765,0.000221223,0.000128984,0.000256080,13.513298035,-6.960658550,-0.897244930
34.469779072,1788576035.058880091,1788576035.051891088,-0.000161946,-0.000182291,0.000408177,0.000243837,0.000475463,13.513261795,-6.960657597,-0.897149384
34.499779072,1788576035.089711905,1788576035.081891298,-0.000084182,-0.000026583,0.000023302,0.000088279,0.000091303,13.513222694,-6.960658550,-0.897048414
34.539778048,1788576035.125834227,1788576035.121890306,-0.000001023,-0.000080903,0.000359701,0.000080910,0.000368688,13.513167381,-6.960658550,-0.896925330
34.569778048,1788576035.158727169,1788576035.151890516,-0.000040447,-0.000042982,-0.000105074,0.000059020,0.000120515,13.513119698,-6.960654736,-0.896832108
34.599778048,1788576035.189951181,1788576035.181890249,0.000008996,-0.000100911,-0.000138825,0.000101311,0.000171862,13.513072014,-6.960646629,-0.896733820
34.639777536,1788576035.225978136,1788576035.221889734,0.000070517,-0.000199500,0.000490543,0.000211596,0.000534234,13.513011932,-6.960631847,-0.896620512
34.669777536,1788576035.259291887,1788576035.251889706,-0.000060301,-0.000027568,-0.000039190,0.000066304,0.000077020,13.512964249,-6.960617065,-0.896530032
34.699777536,1788576035.289686441,1788576035.281889677,-0.000033929,-0.000269452,0.000416062,0.000271580,0.000496853,13.512917519,-6.960598469,-0.896440387
34.739776512,1788576035.325763226,1788576035.321888685,-0.000100311,-0.000281154,0.000003440,0.000298512,0.000298532,13.512862206,-6.960575104,-0.896340668
34.769776512,1788576035.358916283,1788576035.351888895,0.000116543,-0.000049012,-0.000087580,0.000126430,0.000153801,13.512815475,-6.960555077,-0.896258712
34.799776512,1788576035.389733791,1788576035.381888866,0.000254044,-0.000263449,0.000629364,0.000365983,0.000728041,13.512764931,-6.960530281,-0.896177530
34.839776000,1788576035.425765276,1788576035.421888351,0.000058881,-0.000185296,-0.000320054,0.000194426,0.000374481,13.512706757,-6.960498810,-0.896082580
34.869776000,1788576035.458955526,1788576035.451888084,0.000080865,-0.000440089,0.000316205,0.000447457,0.000547908,13.512664795,-6.960468292,-0.896001518
34.899776000,1788576035.489854097,1788576035.481888294,-0.000025576,-0.000338554,0.000383777,0.000339519,0.000512404,13.512626648,-6.960436344,-0.895927489
34.939774976,1788576035.524430752,1788576035.521887302,0.000125387,-0.000431112,0.000378136,0.000448976,0.000586998,13.512576103,-6.960398197,-0.895834088
34.969774976,1788576035.559036732,1788576035.551887274,0.000138046,-0.000196565,0.000096634,0.000240197,0.000258906,13.512537003,-6.960366249,-0.895763457
34.999774976,1788576035.589797735,1788576035.581887245,0.000294879,-0.000322541,0.000645771,0.000437020,0.000779748,13.512501717,-6.960338593,-0.895695150
35.039774464,1788576035.625780821,1788576035.621886730,0.000353376,0.000022000,0.000493688,0.000354060,0.000607525,13.512449265,-6.960305691,-0.895607591
35.069774464,1788576035.658730268,1788576035.651886702,0.000359273,-0.000070574,0.000803615,0.000366139,0.000883094,13.512410164,-6.960284710,-0.895542860
35.099774464,1788576035.689796209,1788576035.681886673,0.000433345,-0.000042170,0.000520462,0.000435392,0.000678562,13.512376785,-6.960261822,-0.895481646
35.139773440,1788576035.725795984,1788576035.721885681,0.000256282,0.000000163,0.000401114,0.000256282,0.000475997,13.512335777,-6.960232735,-0.895401061
35.169773440,1788576035.759067535,1788576035.751885891,0.000316135,-0.000449915,0.000611163,0.000549877,0.000822123,13.512307167,-6.960206985,-0.895343781
35.199773440,1788576035.789918184,1788576035.781885624,0.000181859,-0.000344084,0.000266278,0.000389187,0.000471562,13.512281418,-6.960183144,-0.895292878
35.239772928,1788576035.825989008,1788576035.821885109,-0.000049665,-0.000226781,0.000469698,0.000232155,0.000523939,13.512255669,-6.960160732,-0.895228446
35.269772928,1788576035.859644175,1788576035.851885080,-0.000046727,-0.000037334,0.000603169,0.000059810,0.000606127,13.512240410,-6.960150719,-0.895187199
35.299772928,1788576035.889730930,1788576035.881885290,-0.000182992,-0.000161496,-0.000100284,0.000244064,0.000263864,13.512231827,-6.960143566,-0.895148098
35.339771904,1788576035.925731421,1788576035.921884060,-0.000202058,-0.000050664,0.000332591,0.000208313,0.000392442,13.512221336,-6.960137844,-0.895102978
35.369771904,1788576035.959180832,1788576035.951884270,-0.000085375,0.000040548,0.000259275,0.000094515,0.000275965,13.512214661,-6.960139751,-0.895071089
35.399771904,1788576035.991613626,1788576035.981884241,-0.000008189,0.000150486,0.000390679,0.000150708,0.000418740,13.512202263,-6.960144520,-0.895034730
35.439770880,1788576036.025749683,1788576036.021883249,-0.000032696,0.000101455,0.000283875,0.000106593,0.000303228,13.512187004,-6.960155010,-0.894992352
35.469770880,1788576036.059034109,1788576036.051882982,-0.000115078,0.000318158,-0.000072577,0.000338330,0.000346027,13.512175560,-6.960163593,-0.894965768
35.499770880,1788576036.090992451,1788576036.081883192,-0.000008112,0.000222362,0.000253592,0.000222510,0.000337371,13.512164116,-6.960175991,-0.894938231
35.539770368,1788576036.125813246,1788576036.121882677,-0.000054073,0.000355075,0.000453389,0.000359169,0.000578415,13.512147903,-6.960196972,-0.894911647
35.569770368,1788576036.159086704,1788576036.151882648,-0.000036058,0.000327356,-0.000358539,0.000329336,0.000486839,13.512136459,-6.960209846,-0.894893527
35.599770368,1788576036.189744473,1788576036.181882620,-0.000106989,0.000038029,0.000362329,0.000113547,0.000379704,13.512125969,-6.960221291,-0.894871533
35.639769856,1788576036.225731373,1788576036.221882105,-0.000278287,0.000074777,-0.000082284,0.000288159,0.000299677,13.512119293,-6.960231781,-0.894861698
35.669769856,1788576036.259523869,1788576036.251882076,-0.000353934,0.000333462,0.000655703,0.000486278,0.000816341,13.512118340,-6.960236549,-0.894864976
35.699769856,1788576036.289705515,1788576036.281882048,-0.000351227,-0.000006240,0.000282053,0.000351282,0.000450503,13.512120247,-6.960238457,-0.894873917
35.739768832,1788576036.325731277,1788576036.321881056,-0.000412426,0.000028128,-0.000454036,0.000413384,0.000614032,13.512124062,-6.960240841,-0.894886076
35.769768832,1788576036.359127760,1788576036.351881266,-0.000316140,-0.000082255,-0.000491918,0.000326666,0.000590503,13.512128830,-6.960234642,-0.894895673
35.799768832,1788576036.389827490,1788576036.381880999,-0.000264769,0.000122832,0.000471993,0.000291874,0.000554948,13.512133598,-6.960228443,-0.894920766
35.839768320,1788576036.425874949,1788576036.421880484,-0.000355847,0.000127296,0.000060021,0.000377931,0.000382667,13.512137413,-6.960222721,-0.894953310
35.869768320,1788576036.455906153,1788576036.451880455,-0.000293423,0.000117013,-0.000033838,0.000315895,0.000317702,13.512142181,-6.960216999,-0.894992232
35.899768320,1788576036.489867449,1788576036.481880665,-0.000357424,0.000201660,-0.000663350,0.000410389,0.000780034,13.512147903,-6.960208893,-0.895027578
35.939767296,1788576036.525937557,1788576036.521879435,-0.000379323,0.000085232,-0.001318399,0.000388780,0.001374527,13.512153625,-6.960203171,-0.895078599
35.969767296,1788576036.558922052,1788576036.551879644,-0.000356726,0.000085262,0.000039198,0.000366774,0.000368863,13.512156487,-6.960192680,-0.895121396
35.999767296,1788576036.589856863,1788576036.581879616,-0.000384417,-0.000001466,-0.000410545,0.000384420,0.000562428,13.512161255,-6.960181236,-0.895170331
36.039767040,1788576036.625766993,1788576036.621879339,-0.000248305,0.000181154,-0.000217982,0.000307363,0.000376813,13.512162209,-6.960171223,-0.895218909
36.069767040,1788576036.659139633,1788576036.651879311,-0.000319815,-0.000007885,-0.000892018,0.000319912,0.000947650,13.512159348,-6.960161209,-0.895259082
36.099767040,1788576036.689858675,1788576036.681879282,-0.000284871,-0.000202173,-0.000476412,0.000349321,0.000590757,13.512159348,-6.960145950,-0.895294607
36.139766528,1788576036.725879908,1788576036.721878767,-0.000269730,-0.000037737,-0.000650062,0.000272357,0.000704811,13.512155533,-6.960123539,-0.895342946
36.169766528,1788576036.759075880,1788576036.751878738,-0.000263066,-0.000377835,-0.000346288,0.000460394,0.000576089,13.512154579,-6.960105896,-0.895384550
36.199766528,1788576036.791514397,1788576036.781878710,-0.000239188,-0.000242456,-0.000689682,0.000340582,0.000769192,13.512150764,-6.960087776,-0.895417750
36.239766016,1788576036.825714350,1788576036.821878195,-0.000203808,-0.000379424,-0.000409740,0.000430697,0.000594463,13.512145042,-6.960060596,-0.895457983
36.269766016,1788576036.858836412,1788576036.851878405,-0.000216948,-0.000157584,-0.000688093,0.000268140,0.000738493,13.512142181,-6.960046291,-0.895491064
36.299766016,1788576036.889769554,1788576036.881878376,-0.000176597,-0.000236072,-0.000201079,0.000294816,0.000356860,13.512138367,-6.960029602,-0.895518601
36.339764992,1788576036.925729275,1788576036.921877146,-0.000044146,-0.000494599,-0.000323487,0.000496565,0.000592639,13.512130737,-6.960006237,-0.895554423
36.369764992,1788576036.958708763,1788576036.951877117,0.000062371,-0.000105193,-0.000069243,0.000122294,0.000140536,13.512124062,-6.959986687,-0.895585656
36.399764992,1788576036.989902020,1788576036.981877327,0.000144105,-0.000278344,0.000140836,0.000313436,0.000343623,13.512116432,-6.959968090,-0.895611763
36.439763968,1788576037.025831699,1788576037.021876335,0.000266119,0.000007445,-0.000341687,0.000266223,0.000433156,13.512103081,-6.959947586,-0.895647049
36.469763968,1788576037.055994511,1788576037.051876307,0.000308563,-0.000171034,-0.000562042,0.000352794,0.000663592,13.512089729,-6.959926128,-0.895681381
36.499763968,1788576037.089695692,1788576037.081876278,0.000500001,-0.000159745,0.000512676,0.000524900,0.000733728,13.512074471,-6.959902287,-0.895709991
36.539762944,1788576037.125758410,1788576037.121875286,0.000440247,-0.000114492,0.000079043,0.000454891,0.000461708,13.512055397,-6.959875107,-0.895746052
36.569762944,1788576037.159162521,1788576037.151875019,0.000628359,-0.000065267,0.000102806,0.000631740,0.000640050,13.512036324,-6.959849834,-0.895779371
36.599762944,1788576037.189764500,1788576037.181875229,0.000655766,-0.000164588,0.000338697,0.000676105,0.000756197,13.512016296,-6.959819794,-0.895816147
36.639762432,1788576037.225692511,1788576037.221874714,0.000599668,-0.000233927,0.000456681,0.000643680,0.000789228,13.511988640,-6.959780693,-0.895850897
36.669762432,1788576037.259084940,1788576037.251874924,0.000562843,-0.000270940,0.000561508,0.000624661,0.000839936,13.511982918,-6.959746838,-0.895886719
36.699762432,1788576037.289842129,1788576037.281874657,0.000679149,-0.000216812,0.000855764,0.000712917,0.001113815,13.511977196,-6.959712982,-0.895927370
36.739761920,1788576037.325845718,1788576037.321874142,0.000675042,-0.000212093,0.000624145,0.000707577,0.000943516,13.511964798,-6.959678173,-0.895969510
36.769761920,1788576037.359109163,1788576037.351874113,0.000668439,-0.000100388,0.000402656,0.000675935,0.000786778,13.511960030,-6.959645748,-0.896017849
36.799761920,1788576037.389667749,1788576037.381874084,0.000736664,-0.000235490,0.000589704,0.000773388,0.000972563,13.511957169,-6.959612846,-0.896072030
36.839761408,1788576037.425717592,1788576037.421873569,0.000744410,0.000057550,0.000505670,0.000746632,0.000901754,13.511945724,-6.959577560,-0.896133363
36.869761408,1788576037.458763599,1788576037.451873779,0.000830257,-0.000156811,0.000391127,0.000844936,0.000931073,13.511940956,-6.959547997,-0.896196425
36.899761408,1788576037.489667654,1788576037.481873751,0.000823936,0.000001030,-0.000171001,0.000823936,0.000841494,13.511937141,-6.959518909,-0.896265030
36.939760384,1788576037.526025295,1788576037.521872759,0.000748924,0.000095949,0.000232762,0.000755045,0.000790109,13.511932373,-6.959485531,-0.896338880
36.969760384,1788576037.558729887,1788576037.551872492,0.000751995,0.000055671,0.000191729,0.000754052,0.000778046,13.511931419,-6.959461689,-0.896416783
36.999760384,1788576037.590175629,1788576037.581872702,0.000706613,0.000162761,-0.000282074,0.000725116,0.000778048,13.511930466,-6.959439754,-0.896493316
37.039759872,1788576037.625883102,1788576037.621872187,0.000558936,0.000224507,-0.000525762,0.000602340,0.000799524,13.511931419,-6.959415436,-0.896597862
37.069759872,1788576037.656278610,1788576037.651872158,0.000670026,0.000235847,0.000109225,0.000710323,0.000718671,13.511934280,-6.959396362,-0.896682978
37.099759872,1788576037.690370798,1788576037.681872129,0.000542659,-0.000012771,-0.000201475,0.000542809,0.000578994,13.511942863,-6.959372997,-0.896769941
37.139758848,1788576037.725749731,1788576037.721871138,0.000505076,-0.000007445,0.000445551,0.000505131,0.000673552,13.511958122,-6.959342480,-0.896872163
37.169758848,1788576037.758947611,1788576037.751870871,0.000485172,0.000010860,-0.000132561,0.000485293,0.000503072,13.511970520,-6.959314346,-0.896954298
37.199758848,1788576037.791825294,1788576037.781871080,0.000446992,-0.000138667,0.000280379,0.000468007,0.000545566,13.511983871,-6.959284782,-0.897031903
37.239758336,1788576037.825731516,1788576037.821870565,0.000316769,-0.000135721,0.000122265,0.000344619,0.000365666,13.512006760,-6.959249973,-0.897131085
37.269758336,1788576037.859058142,1788576037.851870775,0.000285579,0.000070441,0.000928458,0.000294138,0.000973937,13.512024879,-6.959223270,-0.897214830
37.299758336,1788576037.890025377,1788576037.881870508,0.000177014,0.000190266,0.000413199,0.000259875,0.000488128,13.512047768,-6.959199905,-0.897303820
37.339757824,1788576037.925943136,1788576037.921869993,0.000272304,0.000094437,0.000468923,0.000288215,0.000550415,13.512073517,-6.959174633,-0.897408903
37.369757824,1788576037.956949711,1788576037.951869965,0.000234299,0.000188843,0.000478177,0.000300928,0.000564987,13.512092590,-6.959153652,-0.897493720
37.399757824,1788576037.989665270,1788576037.981870174,0.000200748,-0.000091038,0.001023808,0.000220426,0.001047268,13.512115479,-6.959129333,-0.897583187
37.439756800,1788576038.025784731,1788576038.021868944,0.000289230,-0.000061004,0.000747667,0.000295593,0.000803979,13.512143135,-6.959097385,-0.897693992
37.469756800,1788576038.059036970,1788576038.051869154,0.000156429,-0.000014865,0.000671917,0.000157134,0.000690046,13.512165070,-6.959073067,-0.897789001
37.499756800,1788576038.089801788,1788576038.081869125,0.000245668,0.000203066,0.000700551,0.000318730,0.000769649,13.512187958,-6.959054470,-0.897880673
37.539755776,1788576038.125682831,1788576038.121868134,0.000263685,-0.000099724,0.000621122,0.000281912,0.000682105,13.512217522,-6.959031105,-0.897995055
37.569755776,1788576038.158719540,1788576038.151867867,0.000352524,0.000011749,0.000690518,0.000352720,0.000775388,13.512242317,-6.959012985,-0.898093939
37.599755776,1788576038.189812183,1788576038.181868076,0.000358024,-0.000260026,0.000722167,0.000442487,0.000846947,13.512260437,-6.958994865,-0.898189664
37.639755264,1788576038.225868225,1788576038.221867561,0.000563132,-0.000220956,0.000984397,0.000604929,0.001155412,13.512282372,-6.958964348,-0.898302138
37.669755264,1788576038.259117126,1788576038.251867533,0.000472567,-0.000299589,0.000364043,0.000559530,0.000667533,13.512300491,-6.958938122,-0.898390055
37.699755264,1788576038.289714575,1788576038.281867504,0.000474247,-0.000374313,0.000580770,0.000604169,0.000838042,13.512318611,-6.958914757,-0.898475647
37.739754240,1788576038.325754642,1788576038.321866512,0.000331270,-0.000490360,0.000758712,0.000591771,0.000962204,13.512344360,-6.958883286,-0.898579776
37.769754240,1788576038.358945847,1788576038.351866484,0.000369156,-0.000397857,0.000653939,0.000542740,0.000849825,13.512367249,-6.958861828,-0.898657978
37.799754240,1788576038.389739752,1788576038.381866455,0.000196735,-0.000445818,0.000242343,0.000487297,0.000544232,13.512391090,-6.958844662,-0.898737967
37.839753728,1788576038.425684214,1788576038.421865940,0.000175233,-0.000566891,0.000368514,0.000593357,0.000698480,13.512419701,-6.958821774,-0.898831725
37.869753728,1788576038.458926439,1788576038.451866150,0.000217820,-0.000440966,0.000185661,0.000491830,0.000525706,13.512441635,-6.958806992,-0.898898721
37.899753728,1788576038.489792585,1788576038.481865883,0.000089366,-0.000580484,0.000089794,0.000587323,0.000594147,13.512466431,-6.958791733,-0.898969412
37.939753216,1788576038.526990414,1788576038.521865368,0.000017032,-0.000439616,-0.000060304,0.000439946,0.000444060,13.512502670,-6.958778858,-0.899066806
37.969753216,1788576038.557007790,1788576038.551865339,-0.000017407,-0.000442358,0.000020708,0.000442700,0.000443184,13.512534142,-6.958773136,-0.899141312
37.999753216,1788576038.589750767,1788576038.581865549,-0.000138018,-0.000397436,0.000132118,0.000420719,0.000440976,13.512569427,-6.958768845,-0.899206758
38.039752704,1788576038.625698090,1788576038.621865034,-0.000128393,-0.000531555,0.000070212,0.000546841,0.000551330,13.512613297,-6.958770752,-0.899289548
38.069752704,1788576038.658757687,1788576038.651865005,-0.000202838,-0.000006547,0.000315745,0.000202943,0.000375341,13.512650490,-6.958779812,-0.899351835
38.099752704,1788576038.689710379,1788576038.681864977,-0.000281577,-0.000478607,0.000419372,0.000555293,0.000695862,13.512691498,-6.958786964,-0.899401128
38.139752192,1788576038.725692749,1788576038.721864462,-0.000127778,-0.000487501,0.000187886,0.000503969,0.000537853,13.512737274,-6.958794117,-0.899459779
38.169752192,1788576038.758738279,1788576038.751864433,-0.000011423,-0.000261028,0.000663142,0.000261278,0.000712758,13.512772560,-6.958800316,-0.899504960
38.199752192,1788576038.789824486,1788576038.781864405,0.000006930,-0.000243236,0.000654775,0.000243335,0.000698529,13.512804985,-6.958806992,-0.899543881
38.239751680,1788576038.825910568,1788576038.821863890,0.000053648,-0.000323648,0.000796445,0.000328064,0.000861365,13.512845993,-6.958811283,-0.899582446
38.269751680,1788576038.859140396,1788576038.851864100,-0.000066930,-0.000282238,0.000783336,0.000290066,0.000835316,13.512877464,-6.958816051,-0.899607837
38.299751680,1788576038.889728069,1788576038.881863832,-0.000067890,-0.000291326,0.000920280,0.000299132,0.000967676,13.512910843,-6.958824158,-0.899624288
38.339750656,1788576038.925695896,1788576038.921862841,-0.000035752,-0.000117946,0.001007240,0.000123245,0.001014752,13.512948036,-6.958838463,-0.899636924
38.369750656,1788576038.958996773,1788576038.951862812,-0.000088246,-0.000126397,0.000831945,0.000154154,0.000846107,13.512977600,-6.958851337,-0.899648905
38.399750656,1788576038.989670753,1788576038.981863022,0.000012500,-0.000257992,0.000730127,0.000258295,0.000774468,13.513002396,-6.958865643,-0.899657190
38.439750144,1788576039.025679827,1788576039.021862507,0.000023709,0.000019930,0.001208847,0.000030973,0.001209244,13.513035774,-6.958884716,-0.899661422
38.469750144,1788576039.058927536,1788576039.051862478,0.000026126,0.000005059,0.000388704,0.000026612,0.000389614,13.513058662,-6.958899498,-0.899655700
38.499750144,1788576039.089683056,1788576039.081862450,-0.000097269,-0.000374578,0.000866100,0.000387001,0.000948630,13.513082504,-6.958914757,-0.899648547
38.539749120,1788576039.124312639,1788576039.121861458,-0.000054355,-0.000234708,0.001181405,0.000240920,0.001205719,13.513113022,-6.958932877,-0.899634659
38.569749120,1788576039.156144619,1788576039.151861191,0.000004111,-0.000270470,0.000685446,0.000270501,0.000736890,13.513136864,-6.958946228,-0.899622500
38.599749120,1788576039.189764977,1788576039.181861401,-0.000030723,-0.000201464,-0.000204540,0.000203793,0.000288736,13.513152122,-6.958963394,-0.899610996
38.639748608,1788576039.225688219,1788576039.221860886,0.000042211,-0.000185940,-0.000006296,0.000190671,0.000190775,13.513170242,-6.958987236,-0.899589121
38.669748608,1788576039.258703709,1788576039.251861095,0.000092550,-0.000373805,0.000392479,0.000385092,0.000549851,13.513181686,-6.959004402,-0.899559677
38.699748608,1788576039.289979219,1788576039.281860828,0.000081216,0.000026397,0.000564064,0.000085398,0.000570492,13.513188362,-6.959026337,-0.899535418
38.739748096,1788576039.325735092,1788576039.321860313,0.000176405,0.000001886,0.000667866,0.000176415,0.000690773,13.513192177,-6.959056854,-0.899494827
38.769748096,1788576039.358749628,1788576039.351860285,0.000127197,-0.000035928,-0.000024544,0.000132173,0.000134433,13.513195038,-6.959083557,-0.899444997
38.799748096,1788576039.389775276,1788576039.381860256,-0.000025958,0.000172620,-0.000169789,0.000174561,0.000243516,13.513195038,-6.959115505,-0.899389744
38.839747584,1788576039.425887585,1788576039.421859741,-0.000034368,0.000020905,0.000016282,0.000040226,0.000043397,13.513196945,-6.959155560,-0.899327815
38.869747584,1788576039.459048510,1788576039.451859951,0.000118119,0.000071375,0.001113672,0.000138009,0.001122191,13.513196945,-6.959187984,-0.899262786
38.899747584,1788576039.489651442,1788576039.481859922,0.000086780,0.000004873,0.000211580,0.000086916,0.000228737,13.513195992,-6.959218979,-0.899195790
38.939747072,1788576039.525980949,1788576039.521859407,0.000081614,0.000334064,0.000193301,0.000343889,0.000394493,13.513194084,-6.959260941,-0.899106085
38.969747072,1788576039.557100058,1788576039.551859140,-0.000025814,0.000069465,0.000701235,0.000074106,0.000705140,13.513189316,-6.959291935,-0.899021745
38.999747072,1788576039.589709282,1788576039.581859350,0.000042980,0.000197882,0.001082575,0.000202496,0.001101350,13.513188362,-6.959321976,-0.898938835
39.039746560,1788576039.625713348,1788576039.621858835,-0.000195996,0.000060326,0.000876044,0.000205070,0.000899726,13.513192177,-6.959358215,-0.898839355
39.069746560,1788576039.658957005,1788576039.651859045,-0.000150915,-0.000013760,0.000955446,0.000151541,0.000967389,13.513189316,-6.959381104,-0.898742616
39.099746560,1788576039.689915180,1788576039.681858778,-0.000223033,0.000175955,0.000411802,0.000284084,0.000500285,13.513190269,-6.959403992,-0.898644865
39.139745280,1788576039.725897074,1788576039.721857548,-0.000360477,0.000098508,0.001029477,0.000373695,0.001095203,13.513194084,-6.959435463,-0.898522079
39.169745280,1788576039.755952835,1788576039.751857758,-0.000384762,0.000090348,0.001617560,0.000395227,0.001665144,13.513196945,-6.959458828,-0.898417473
39.199745280,1788576039.789683819,1788576039.781857491,-0.000466377,0.000005076,0.001516414,0.000466405,0.001586520,13.513200760,-6.959481716,-0.898304880
39.239744768,1788576039.825702190,1788576039.821856976,-0.000424928,-0.000083219,0.001341052,0.000433000,0.001409223,13.513209343,-6.959507465,-0.898163497
39.269744768,1788576039.858828306,1788576039.851856947,-0.000539767,0.000081314,0.001211822,0.000545858,0.001329087,13.513211250,-6.959523678,-0.898042440
39.299744768,1788576039.889691591,1788576039.881856918,-0.000451358,-0.000020448,0.001258421,0.000451821,0.001337073,13.513210297,-6.959544659,-0.897916019
39.339743744,1788576039.925698519,1788576039.921855927,-0.000426006,0.000053361,0.001111308,0.000429335,0.001191358,13.513211250,-6.959569931,-0.897766471
39.369743744,1788576039.958697796,1788576039.951856136,-0.000455919,-0.000089126,0.001119298,0.000464548,0.001211872,13.513205528,-6.959588528,-0.897639036
39.399743744,1788576039.989860058,1788576039.981856108,-0.000508888,-0.000091942,0.000632998,0.000517127,0.000817378,13.513199806,-6.959608078,-0.897505939
39.439742720,1788576040.025897741,1788576040.021854877,-0.000451077,0.000082993,0.000678452,0.000458648,0.000818935,13.513190269,-6.959628582,-0.897347033
39.469742720,1788576040.055877447,1788576040.051854849,-0.000605807,-0.000039748,0.000819009,0.000607110,0.001019489,13.513178825,-6.959643364,-0.897213161
39.499742720,1788576040.089677811,1788576040.081855059,-0.000538950,-0.000204777,0.000888331,0.000576543,0.001059025,13.513169289,-6.959655762,-0.897074342
39.539741440,1788576040.125685930,1788576040.121853590,-0.000522476,-0.000013082,0.000717007,0.000522639,0.000887272,13.513154984,-6.959673405,-0.896908700
39.569741440,1788576040.158918858,1788576040.151853561,-0.000460427,-0.000049419,0.000501744,0.000463072,0.000682776,13.513134956,-6.959689140,-0.896774769
39.599741440,1788576040.189671278,1788576040.181853771,-0.000428851,-0.000124994,0.000530815,0.000446696,0.000693759,13.513112068,-6.959702015,-0.896642566
39.639740928,1788576040.225688934,1788576040.221853256,-0.000388092,-0.000025244,0.000101787,0.000388912,0.000402012,13.513083458,-6.959715366,-0.896487951
39.669740928,1788576040.258948565,1788576040.251853228,-0.000375721,-0.000003655,0.000276849,0.000375739,0.000466717,13.513058662,-6.959725857,-0.896364212
39.699740928,1788576040.289822102,1788576040.281853199,-0.000313541,-0.000266561,0.000622431,0.000411537,0.000746179,13.513031960,-6.959733009,-0.896238863
39.739740416,1788576040.325868607,1788576040.321852684,-0.000229080,-0.000040185,-0.000030807,0.000232578,0.000234610,13.512999535,-6.959737778,-0.896082580
39.769740416,1788576040.355846643,1788576040.351852655,-0.000262822,-0.000277953,0.000784477,0.000382535,0.000872775,13.512968063,-6.959741116,-0.895962417
39.799740416,1788576040.389649630,1788576040.381852627,-0.000226234,0.000084706,0.000584536,0.000241572,0.000632487,13.512938499,-6.959743023,-0.895846426
39.839739904,1788576040.425709486,1788576040.421852112,-0.000260541,-0.000322128,0.000497469,0.000414304,0.000647398,13.512902260,-6.959741116,-0.895699143
39.869739904,1788576040.459205151,1788576040.451852322,-0.000159071,-0.000074856,0.000582391,0.000175804,0.000608347,13.512869835,-6.959738731,-0.895585537
39.899739904,1788576040.489660740,1788576040.481852055,-0.000296214,-0.000332710,0.000804076,0.000445465,0.000919227,13.512840271,-6.959734917,-0.895472288
39.939739392,1788576040.525953531,1788576040.521851540,-0.000301092,0.000002238,0.000560673,0.000301101,0.000636409,13.512806892,-6.959733009,-0.895330250
39.969739392,1788576040.558625937,1788576040.551851511,-0.000094825,0.000072362,0.000987285,0.000119281,0.000994465,13.512777328,-6.959729671,-0.895223618
39.999739392,1788576040.590001822,1788576040.581851721,-0.000073709,0.000060469,0.000800712,0.000095339,0.000806368,13.512741089,-6.959729671,-0.895122528
40.039738880,1788576040.625943184,1788576040.621851206,0.000061966,0.000303892,0.001006881,0.000310146,0.001053566,13.512690544,-6.959733009,-0.894994378
40.069738880,1788576040.656195164,1788576040.651851177,0.000181925,0.000067987,0.000572969,0.000194213,0.000604989,13.512649536,-6.959731102,-0.894894719
40.099738880,1788576040.689925909,1788576040.681851149,0.000260182,0.000219631,0.000359102,0.000340488,0.000494860,13.512601852,-6.959731579,-0.894792676
40.139737856,1788576040.725731134,1788576040.721850157,0.000285292,0.000127179,0.000701527,0.000312356,0.000767924,13.512541771,-6.959732533,-0.894670010
40.169737856,1788576040.758966923,1788576040.751849890,0.000393747,0.000201604,0.000969867,0.000442358,0.001065984,13.512496948,-6.959728241,-0.894584894
40.199737856,1788576040.791546345,1788576040.781850100,0.000414654,0.000328282,-0.000001469,0.000528874,0.000528876,13.512448311,-6.959725380,-0.894502938
40.239737344,1788576040.825715542,1788576040.821849585,0.000432618,0.000226382,0.000227565,0.000488269,0.000538696,13.512387276,-6.959723949,-0.894399822
40.269737344,1788576040.859095573,1788576040.851849794,0.000406574,0.000237681,-0.000303498,0.000470951,0.000560273,13.512338638,-6.959717751,-0.894322574
40.299737344,1788576040.890004635,1788576040.881849527,0.000355610,0.000333349,0.000530920,0.000487422,0.000720733,13.512293816,-6.959715843,-0.894254208
40.339737088,1788576040.925887823,1788576040.921849251,0.000301009,0.000447518,0.000221992,0.000539332,0.000583232,13.512241364,-6.959714413,-0.894175649
40.369737088,1788576040.955847740,1788576040.951849461,0.000300060,-0.000058723,-0.000044038,0.000305753,0.000308908,13.512202263,-6.959710598,-0.894117713
40.399737088,1788576040.989759445,1788576040.981849432,0.000367404,0.000164648,-0.000130574,0.000402610,0.000423254,13.512166023,-6.959705830,-0.894060433
40.439736320,1788576041.025731802,1788576041.021848679,0.000353724,0.000077507,-0.000134375,0.000362116,0.000386244,13.512123108,-6.959698200,-0.893994212
40.469736320,1788576041.056313515,1788576041.051848650,0.000111777,0.000019540,0.000052477,0.000113472,0.000125019,13.512096405,-6.959689140,-0.893954158
40.499736320,1788576041.089826107,1788576041.081848621,0.000122031,0.000173324,0.000210689,0.000211974,0.000298869,13.512073517,-6.959680557,-0.893920183
40.539735296,1788576041.125671625,1788576041.121847630,-0.000090769,-0.000160052,0.000136795,0.000183999,0.000229279,13.512049675,-6.959671974,-0.893872976
40.569735296,1788576041.158651829,1788576041.151847363,-0.000096204,0.000251220,0.000059710,0.000269010,0.000275557,13.512036324,-6.959666252,-0.893849552
40.599735296,1788576041.189806938,1788576041.181847572,-0.000094533,0.000228923,0.000450282,0.000247674,0.000513903,13.512026787,-6.959661484,-0.893834054
40.639735040,1788576041.225764751,1788576041.221847296,-0.000228810,0.000133186,0.000188910,0.000264750,0.000325238,13.512021065,-6.959654808,-0.893811464
40.669735040,1788576041.258959770,1788576041.251847267,-0.000190940,0.000251342,0.000662399,0.000315643,0.000733760,13.512022972,-6.959650993,-0.893811166
40.699735040,1788576041.289913654,1788576041.281847239,-0.000091431,0.000168517,0.000970161,0.000191722,0.000988924,13.512026787,-6.959645748,-0.893813610
40.739734784,1788576041.325664520,1788576041.321846962,-0.000146898,0.000159596,0.000794352,0.000216910,0.000823434,13.512033463,-6.959636688,-0.893807769
40.769734784,1788576041.355847120,1788576041.351846933,-0.000008784,0.000280375,0.001305552,0.000280512,0.001335347,13.512037277,-6.959631920,-0.893818438
40.799734784,1788576041.389693022,1788576041.381847143,0.000061603,0.000131360,0.001009245,0.000145088,0.001019621,13.512040138,-6.959624290,-0.893833518
40.839734528,1788576041.425723314,1788576041.421846867,-0.000085804,-0.000021693,0.000931605,0.000088504,0.000935799,13.512039185,-6.959609509,-0.893848598
40.869734528,1788576041.458912611,1788576041.451846600,-0.000129270,0.000003288,0.001049152,0.000129312,0.001057091,13.512044907,-6.959596634,-0.893880010
40.899734528,1788576041.489629984,1788576041.481846809,-0.000178832,0.000188196,0.000373915,0.000259613,0.000455205,13.512050629,-6.959588528,-0.893915951
40.939733760,1788576041.526028395,1788576041.521846056,-0.000285777,-0.000134984,0.000705774,0.000316053,0.000773309,13.512063026,-6.959574699,-0.893958509
40.969733760,1788576041.558877707,1788576041.551845789,-0.000008822,-0.000111347,0.001089154,0.000111695,0.001094866,13.512070656,-6.959560394,-0.894005477
40.999733760,1788576041.589670420,1788576041.581845999,-0.000122947,-0.000351805,0.000571384,0.000372670,0.000682175,13.512077332,-6.959542274,-0.894061506
41.039733504,1788576041.625705957,1788576041.621845722,0.000012521,-0.000286876,0.001035947,0.000287149,0.001075007,13.512084961,-6.959519386,-0.894133151
41.069733504,1788576041.658671379,1788576041.651845694,0.000024531,-0.000361006,0.000080016,0.000361838,0.000370580,13.512084961,-6.959500790,-0.894207597
41.099733504,1788576041.689900398,1788576041.681845665,-0.000014782,-0.000358732,0.000115930,0.000359037,0.000377289,13.512084007,-6.959482193,-0.894286335
41.139733248,1788576041.725916147,1788576041.721845388,0.000155299,-0.000379804,0.000606584,0.000410327,0.000732334,13.512084007,-6.959455967,-0.894393086
41.169733248,1788576041.755788803,1788576041.751845360,0.000091710,-0.000358986,0.000003204,0.000370515,0.000370529,13.512084007,-6.959437847,-0.894488454
41.199733248,1788576041.791459560,1788576041.781845570,0.000038357,-0.000230529,0.000016871,0.000233698,0.000234306,13.512083054,-6.959423065,-0.894584000
41.239732992,1788576041.825724363,1788576041.821845293,0.000147886,-0.000345745,0.000031446,0.000376045,0.000377357,13.512084007,-6.959406376,-0.894713938
41.269732992,1788576041.859029293,1788576041.851845026,-0.000083035,-0.000090343,-0.000627634,0.000122706,0.000639516,13.512083054,-6.959397316,-0.894821525
41.299732992,1788576041.889702082,1788576041.881845236,0.000082646,-0.000120508,-0.000125561,0.000146125,0.000192661,13.512085915,-6.959391594,-0.894939840
41.339732736,1788576041.925858736,1788576041.921844959,0.000202836,-0.000101124,-0.000650451,0.000226646,0.000688807,13.512085915,-6.959382057,-0.895095766
41.369732736,1788576041.958989382,1788576041.951844931,0.000213497,-0.000085625,-0.000689352,0.000230028,0.000726718,13.512086868,-6.959376335,-0.895223379
41.399732736,1788576041.989768028,1788576041.981844902,0.000184696,-0.000012488,-0.000511735,0.000185118,0.000544189,13.512088776,-6.959373474,-0.895355463
41.439731712,1788576042.024271727,1788576042.021843910,0.000130770,0.000014724,-0.000569993,0.000131596,0.000584987,13.512090683,-6.959369659,-0.895524323
41.469731712,1788576042.055776834,1788576042.051844120,0.000167820,-0.000052400,-0.000483897,0.000175811,0.000514846,13.512097359,-6.959364891,-0.895652950
41.499731712,1788576042.090976238,1788576042.081843853,0.000121881,0.000018817,-0.000407075,0.000123325,0.000425346,13.512103081,-6.959361553,-0.895783901
41.539731200,1788576042.125727654,1788576042.121843338,-0.000128753,-0.000207851,-0.000517473,0.000244498,0.000572326,13.512118340,-6.959358692,-0.895943880
41.569731200,1788576042.156073332,1788576042.151843309,-0.000027150,-0.000114099,0.000102829,0.000117285,0.000155979,13.512134552,-6.959353924,-0.896067858
41.599731200,1788576042.189622641,1788576042.181843519,-0.000031357,0.000038889,-0.000048438,0.000049956,0.000069584,13.512151718,-6.959350109,-0.896192610
41.639730944,1788576042.225685358,1788576042.221843243,-0.000082059,-0.000019602,0.000067979,0.000084367,0.000108347,13.512171745,-6.959348202,-0.896338880
41.669730944,1788576042.258650780,1788576042.251842976,0.000056191,-0.000040475,-0.000025127,0.000069251,0.000073668,13.512187958,-6.959341049,-0.896458328
41.699730944,1788576042.289956570,1788576042.281843185,-0.000000984,-0.000115059,-0.000105207,0.000115063,0.000155910,13.512203217,-6.959329128,-0.896574914
41.739730688,1788576042.325891018,1788576042.321842909,-0.000083389,-0.000089797,-0.000076843,0.000122544,0.000144645,13.512228012,-6.959316730,-0.896722019
41.769730688,1788576042.355895758,1788576042.351842880,-0.000036431,-0.000088972,0.000030948,0.000096142,0.000101000,13.512244225,-6.959301949,-0.896841705
41.799730688,1788576042.389962196,1788576042.381842852,-0.000186518,-0.000197733,-0.000721848,0.000271822,0.000771331,13.512259483,-6.959284782,-0.896958649
41.839729664,1788576042.425685167,1788576042.421841860,-0.000240320,-0.000057126,-0.000297142,0.000247017,0.000386407,13.512281418,-6.959267616,-0.897105157
41.869729664,1788576042.458920717,1788576042.451842070,-0.000281887,-0.000137725,-0.000784171,0.000313733,0.000844602,13.512294769,-6.959249496,-0.897224128
41.899729664,1788576042.489788055,1788576042.481841803,-0.000294138,-0.000359370,-0.000553659,0.000464396,0.000722636,13.512308121,-6.959228039,-0.897336245
41.939728896,1788576042.525932789,1788576042.521841049,-0.000205119,-0.000324375,-0.000256436,0.000383787,0.000461576,13.512324333,-6.959199429,-0.897478521
41.969728896,1788576042.558907509,1788576042.551841259,-0.000221713,-0.000231725,-0.000822576,0.000320707,0.000882884,13.512328148,-6.959170818,-0.897591650
41.999728896,1788576042.589859724,1788576042.581841230,-0.000339703,-0.000239289,-0.000746846,0.000415521,0.000854656,13.512330055,-6.959144592,-0.897699773
42.039728640,1788576042.625847816,1788576042.621840954,-0.000270788,-0.000314804,-0.000544750,0.000415244,0.000684967,13.512337685,-6.959108829,-0.897836864
42.069728640,1788576042.656065702,1788576042.651840925,-0.000132514,-0.000249877,-0.000426083,0.000282840,0.000511415,13.512327194,-6.959076881,-0.897941947
42.099728640,1788576042.689861298,1788576042.681840897,-0.000196282,-0.000060574,-0.000682725,0.000205416,0.000712958,13.512313843,-6.959044933,-0.898049176
42.139727616,1788576042.725653410,1788576042.721839905,-0.000182384,-0.000188098,-0.000874451,0.000262001,0.000912857,13.512298584,-6.959004879,-0.898178220
42.169727616,1788576042.758763552,1788576042.751839638,-0.000183484,-0.000113739,-0.000675814,0.000215877,0.000709456,13.512277603,-6.958971500,-0.898275971
42.199727616,1788576042.789833784,1788576042.781839848,-0.000083334,-0.000156051,0.000076690,0.000176908,0.000192816,13.512250900,-6.958934784,-0.898374975
42.239727360,1788576042.825708866,1788576042.821839571,-0.000073047,-0.000117640,-0.000718485,0.000138474,0.000731707,13.512214661,-6.958888054,-0.898493588
42.269727360,1788576042.858821392,1788576042.851839542,0.000034551,-0.000169748,-0.000163543,0.000173229,0.000238232,13.512179375,-6.958847046,-0.898582816
42.299727360,1788576042.889972210,1788576042.881839514,-0.000026259,-0.000032746,0.000093379,0.000041974,0.000102379,13.512140274,-6.958804607,-0.898670137
42.339727104,1788576042.925882101,1788576042.921839476,0.000043447,-0.000190548,-0.000194355,0.000195438,0.000275627,13.512093544,-6.958749771,-0.898770332
42.369727104,1788576042.958634138,1788576042.951839209,0.000086918,-0.000192293,0.000496773,0.000211024,0.000539736,13.512050629,-6.958700180,-0.898844659
42.399727104,1788576042.989748716,1788576042.981839418,0.000098090,-0.000091919,0.000217413,0.000134427,0.000255615,13.512006760,-6.958647251,-0.898922503
42.439726336,1788576043.025710344,1788576043.021838665,0.000117535,-0.000103558,0.000047686,0.000156648,0.000163746,13.511951447,-6.958582401,-0.899006248
42.469726336,1788576043.058917284,1788576043.051838398,0.000192951,-0.000139851,0.000366627,0.000238304,0.000437269,13.511902809,-6.958531857,-0.899072945
42.499726336,1788576043.091264486,1788576043.081838608,0.000143463,-0.000175223,0.000351054,0.000226461,0.000417760,13.511855125,-6.958478451,-0.899139464
42.539726080,1788576043.125651360,1788576043.121838331,0.000255756,0.000029150,0.000603784,0.000257412,0.000656365,13.511793137,-6.958420277,-0.899212599
42.569726080,1788576043.158891439,1788576043.151838303,0.000211496,-0.000047509,0.000565586,0.000216767,0.000605702,13.511744499,-6.958374500,-0.899272323
42.599726080,1788576043.189744711,1788576043.181838274,0.000022707,-0.000159576,-0.000193718,0.000161184,0.000252006,13.511697769,-6.958327293,-0.899331331
42.639725824,1788576043.225807905,1788576043.221837997,0.000041839,-0.000089185,-0.000067977,0.000098511,0.000119689,13.511640549,-6.958268642,-0.899401724
42.669725824,1788576043.255784273,1788576043.251837969,0.000197863,-0.000001958,-0.000039486,0.000197873,0.000201774,13.511596680,-6.958220005,-0.899457872
42.699725824,1788576043.290987492,1788576043.281838179,0.000142393,-0.000214490,-0.000269876,0.000257453,0.000372981,13.511555672,-6.958171844,-0.899513543
42.739725312,1788576043.325796843,1788576043.321837664,0.000217837,0.000156728,0.000149889,0.000268359,0.000307381,13.511500359,-6.958117008,-0.899585366
42.769725312,1788576043.359102964,1788576043.351837635,0.000249789,0.000079491,-0.000377216,0.000262132,0.000459353,13.511462212,-6.958071709,-0.899638593
42.799725312,1788576043.389629126,1788576043.381837606,0.000145622,-0.000209597,-0.000705212,0.000255219,0.000749974,13.511426926,-6.958025932,-0.899689376
42.839724800,1788576043.425664425,1788576043.421837091,0.000235629,-0.000139901,-0.000322893,0.000274031,0.000423501,13.511382103,-6.957964897,-0.899759591
42.869724800,1788576043.458639860,1788576043.451836824,0.000250893,-0.000202314,-0.000492754,0.000322302,0.000588799,13.511354446,-6.957917213,-0.899804592
42.899724800,1788576043.489732027,1788576043.481837034,0.000292823,-0.000024454,-0.000565994,0.000293842,0.000637724,13.511325836,-6.957872391,-0.899849594
42.939724544,1788576043.526067972,1788576043.521836758,0.000223128,-0.000271727,-0.000536916,0.000351599,0.000641795,13.511293411,-6.957811832,-0.899908364
42.969724544,1788576043.555802584,1788576043.551836729,0.000182523,-0.000164181,-0.000685422,0.000245500,0.000728061,13.511279106,-6.957765102,-0.899942100
42.999724544,1788576043.591525793,1788576043.581836700,0.000203895,-0.000149794,0.000108595,0.000253005,0.000275326,13.511270523,-6.957718372,-0.899977088
43.039724288,1788576043.625691175,1788576043.621836662,0.000120915,-0.000352503,-0.000195350,0.000372664,0.000420761,13.511260033,-6.957658768,-0.900021493
43.069724288,1788576043.658899307,1788576043.651836395,0.000145938,-0.000369467,-0.000170844,0.000397245,0.000432425,13.511262894,-6.957613945,-0.900049090
43.099724288,1788576043.689760208,1788576043.681836605,0.000150749,-0.000408271,0.000110975,0.000435213,0.000449139,13.511272430,-6.957569599,-0.900077045
43.139723264,1788576043.725652218,1788576043.721835613,0.000075947,-0.000306722,-0.000444414,0.000315985,0.000545298,13.511282921,-6.957514286,-0.900110781
43.169723264,1788576043.758919716,1788576043.751835585,0.000078715,-0.000190083,0.000054287,0.000205737,0.000212779,13.511297226,-6.957476616,-0.900137365
43.199723264,1788576043.791470289,1788576043.781835556,0.000160397,-0.000176501,-0.000135310,0.000238495,0.000274205,13.511313438,-6.957443237,-0.900174379
43.239722752,1788576043.825864792,1788576043.821835041,0.000121887,0.000159679,-0.000211831,0.000200882,0.000291935,13.511333466,-6.957406998,-0.900213242
43.269722752,1788576043.855817318,1788576043.851834774,-0.000011278,-0.000119619,-0.000010412,0.000120150,0.000120600,13.511357307,-6.957386017,-0.900244534
43.299722752,1788576043.889776468,1788576043.881834984,0.000079205,0.000259919,0.000097311,0.000271719,0.000288619,13.511382103,-6.957370758,-0.900273979
43.339721728,1788576043.925622702,1788576043.921833992,-0.000039493,0.000255585,0.000170652,0.000258618,0.000309847,13.511409760,-6.957354069,-0.900305033
43.369721728,1788576043.958639383,1788576043.951834202,-0.000085719,0.000011490,0.000260956,0.000086486,0.000274914,13.511441231,-6.957346439,-0.900338292
43.399721728,1788576043.989583731,1788576043.981833935,-0.000115915,0.000237249,-0.000166605,0.000264051,0.000312218,13.511474609,-6.957342148,-0.900370836
43.439720704,1788576044.025677681,1788576044.021832943,-0.000075677,-0.000083525,0.000014420,0.000112709,0.000113628,13.511513710,-6.957335472,-0.900406063
43.469720704,1788576044.058639288,1788576044.051832914,-0.000181963,-0.000058698,-0.000185025,0.000191196,0.000266065,13.511548996,-6.957333565,-0.900442481
43.499720704,1788576044.089891434,1788576044.081832886,-0.000241255,-0.000051164,-0.000452433,0.000246621,0.000515284,13.511584282,-6.957335472,-0.900477827
43.539720192,1788576044.125787973,1788576044.121832371,-0.000080869,0.000090260,0.000128266,0.000121189,0.000176462,13.511625290,-6.957335472,-0.900520146
43.569720192,1788576044.156089306,1788576044.151832581,-0.000050865,-0.000178507,0.000068325,0.000185612,0.000197788,13.511659622,-6.957334995,-0.900561631
43.599720192,1788576044.189811230,1788576044.181832552,0.000017796,0.000024601,-0.000504546,0.000030363,0.000505459,13.511692047,-6.957335472,-0.900600553
43.639719680,1788576044.225646496,1788576044.221832037,0.000093508,-0.000200495,-0.000389060,0.000221229,0.000447560,13.511731148,-6.957331657,-0.900652885
43.669719680,1788576044.258981943,1788576044.251831770,-0.000005806,-0.000088231,-0.000488163,0.000088422,0.000496107,13.511767387,-6.957332134,-0.900699914
43.699719680,1788576044.290048838,1788576044.281831980,-0.000077517,-0.000281266,-0.000324009,0.000291753,0.000436006,13.511803627,-6.957331181,-0.900749207
43.739719168,1788576044.325670481,1788576044.321831465,-0.000047569,-0.000232524,-0.000392015,0.000237340,0.000458264,13.511849403,-6.957330227,-0.900813937
43.769719168,1788576044.358904600,1788576044.351831436,0.000024257,-0.000157065,-0.000274487,0.000158927,0.000317177,13.511885643,-6.957331657,-0.900864065
43.799719168,1788576044.389920950,1788576044.381831408,-0.000065814,-0.000190638,-0.000368597,0.000201679,0.000420164,13.511923790,-6.957335472,-0.900920391
43.839718656,1788576044.425698280,1788576044.421830893,0.000007308,-0.000259585,-0.000220664,0.000259688,0.000340779,13.511970520,-6.957340717,-0.900995374
43.869718656,1788576044.455738544,1788576044.451830864,0.000102382,-0.000157466,-0.000083775,0.000187823,0.000205659,13.512006760,-6.957345009,-0.901059270
43.899718656,1788576044.489729881,1788576044.481830835,0.000116867,-0.000140613,-0.000197620,0.000182839,0.000269228,13.512044907,-6.957349777,-0.901130080
43.939717632,1788576044.525946617,1788576044.521829844,0.000166747,-0.000168261,-0.000401935,0.000236889,0.000466549,13.512091637,-6.957357407,-0.901217937
43.969717632,1788576044.558681488,1788576044.551830053,0.000179665,-0.000179436,0.000076221,0.000253923,0.000265116,13.512130737,-6.957361698,-0.901290357
43.999717632,1788576044.589801788,1788576044.581829786,0.000252407,0.000040848,0.000031075,0.000255691,0.000257573,13.512166977,-6.957370281,-0.901368558
44.039716608,1788576044.625666618,1788576044.621828794,0.000391185,0.000124062,0.000016798,0.000410386,0.000410730,13.512210846,-6.957384109,-0.901462853
44.069716608,1788576044.658657551,1788576044.651828766,0.000372785,0.000262336,0.000050134,0.000455839,0.000458587,13.512241364,-6.957395077,-0.901541948
44.099716608,1788576044.690603733,1788576044.681828976,0.000421914,0.000127078,0.000045476,0.000440636,0.000442976,13.512273788,-6.957405090,-0.901628435
44.139716096,1788576044.725868225,1788576044.721828461,0.000364090,0.000433078,-0.000043789,0.000565790,0.000567482,13.512312889,-6.957427025,-0.901732147
44.169716096,1788576044.755767107,1788576044.751828432,0.000381175,0.000285642,-0.000141910,0.000476325,0.000497015,13.512344360,-6.957442760,-0.901820779
44.199716096,1788576044.789815187,1788576044.781828403,0.000317711,0.000551534,-0.000006654,0.000636498,0.000636533,13.512376785,-6.957459927,-0.901911438
44.239715584,1788576044.825720787,1788576044.821827888,0.000181336,0.000608017,-0.000058944,0.000634482,0.000637214,13.512417793,-6.957485676,-0.902015388
44.269715584,1788576044.856979609,1788576044.851827621,0.000263712,0.000599475,0.000157212,0.000654916,0.000673521,13.512451172,-6.957507133,-0.902099490
44.299715584,1788576044.889938354,1788576044.881827831,0.000144711,0.000546727,-0.000449892,0.000565555,0.000722672,13.512482643,-6.957524776,-0.902183831
44.339714560,1788576044.924231768,1788576044.921826839,0.000056090,0.000762585,-0.000077877,0.000764645,0.000768601,13.512524605,-6.957552433,-0.902288556
44.369714560,1788576044.958922863,1788576044.951827049,0.000095285,0.000543938,-0.000072671,0.000552220,0.000556981,13.512560844,-6.957567215,-0.902375460
44.399714560,1788576044.989819050,1788576044.981826782,0.000084620,0.000721921,-0.000788432,0.000726864,0.001072360,13.512596130,-6.957582951,-0.902465343
44.439714304,1788576045.025886774,1788576045.021826506,0.000127073,0.000594790,-0.000399010,0.000608212,0.000727414,13.512639999,-6.957602024,-0.902573824
44.469714304,1788576045.055743217,1788576045.051826715,-0.000005567,0.000556895,-0.000584628,0.000556923,0.000807436,13.512673378,-6.957610607,-0.902665555
44.499714304,1788576045.089615345,1788576045.081826448,-0.000145241,0.000624381,-0.000647763,0.000641051,0.000911342,13.512709618,-6.957613945,-0.902754307
44.539713280,1788576045.124662876,1788576045.121825457,-0.000120795,0.000288778,-0.000665873,0.000313024,0.000735779,13.512759209,-6.957615376,-0.902868509
44.569713280,1788576045.158647060,1788576045.151825428,-0.000099140,0.000111107,-0.000547194,0.000148907,0.000567093,13.512795448,-6.957606792,-0.902956963
44.599713280,1788576045.189761639,1788576045.181825638,-0.000183669,0.000444564,-0.000241900,0.000481010,0.000538411,13.512835503,-6.957592964,-0.903042197
44.639712768,1788576045.225635767,1788576045.221825123,-0.000295386,0.000070205,-0.000480854,0.000303614,0.000568685,13.512889862,-6.957573891,-0.903150022
44.669712768,1788576045.258951187,1788576045.251825094,-0.000258671,0.000017368,-0.000552774,0.000259253,0.000610550,13.512928009,-6.957551956,-0.903231621
44.699712768,1788576045.289862633,1788576045.281825066,-0.000240001,0.000072687,0.000279376,0.000250767,0.000375413,13.512966156,-6.957524776,-0.903308928
44.739712256,1788576045.325680733,1788576045.321824551,-0.000367588,-0.000124218,-0.000122922,0.000388009,0.000407014,13.513016701,-6.957483292,-0.903405249
44.769712256,1788576045.355859280,1788576045.351824284,-0.000332690,-0.000011113,0.000115754,0.000332876,0.000352428,13.513054848,-6.957448483,-0.903478324
44.799712256,1788576045.389774561,1788576045.381824493,-0.000257501,0.000017163,0.000442091,0.000258072,0.000511904,13.513088226,-6.957417011,-0.903550148
44.839711744,1788576045.425719738,1788576045.421823978,-0.000392211,-0.000108751,0.000094021,0.000407009,0.000417727,13.513133049,-6.957376957,-0.903640211
44.869711744,1788576045.458908319,1788576045.451824188,-0.000335539,-0.000182156,0.000444916,0.000381795,0.000586275,13.513165474,-6.957344532,-0.903711140
44.899711744,1788576045.489640951,1788576045.481823921,-0.000470120,-0.000038980,0.000247590,0.000471733,0.000532760,13.513201714,-6.957314491,-0.903785706
44.939710720,1788576045.524117470,1788576045.521822929,-0.000444027,-0.000085425,0.000062945,0.000452170,0.000456530,13.513246536,-6.957280159,-0.903879166
44.969710720,1788576045.558889866,1788576045.551822901,-0.000370273,-0.000197665,0.000336889,0.000419730,0.000538208,13.513278008,-6.957254887,-0.903955638
44.999710720,1788576045.589768648,1788576045.581822872,-0.000344721,-0.000112113,-0.000146333,0.000362494,0.000390916,13.513303757,-6.957230091,-0.904042602
45.039710208,1788576045.625885487,1788576045.621822357,-0.000462118,-0.000185830,0.000040055,0.000498082,0.000499690,13.513338089,-6.957198143,-0.904152811
45.069710208,1788576045.656075954,1788576045.651822567,-0.000484811,-0.000074744,-0.000131223,0.000490539,0.000507787,13.513366699,-6.957179546,-0.904245019
45.099710208,1788576045.689666033,1788576045.681822538,-0.000566329,-0.000134275,-0.000602242,0.000582030,0.000837528,13.513395309,-6.957165718,-0.904340088
45.139709184,1788576045.725665331,1788576045.721821547,-0.000460708,-0.000066882,-0.000210205,0.000465537,0.000510795,13.513429642,-6.957147598,-0.904458940
45.169709184,1788576045.758667707,1788576045.751821280,-0.000480276,-0.000068206,-0.000436401,0.000485095,0.000652505,13.513454437,-6.957136631,-0.904555082
45.199709184,1788576045.789610147,1788576045.781821489,-0.000492091,-0.000283813,-0.000543534,0.000568069,0.000786214,13.513480186,-6.957123756,-0.904648244
45.239708672,1788576045.825796366,1788576045.821820974,-0.000487573,-0.000063045,-0.000506435,0.000491632,0.000705818,13.513510704,-6.957111835,-0.904764652
45.269708672,1788576045.858760595,1788576045.851820946,-0.000493770,-0.000424689,-0.000688562,0.000651283,0.000947781,13.513533592,-6.957102776,-0.904854417
45.299708672,1788576045.889769793,1788576045.881820917,-0.000453674,-0.000211623,-0.000719938,0.000500603,0.000876878,13.513557434,-6.957093239,-0.904944777
45.339708160,1788576045.925889969,1788576045.921820402,-0.000395252,-0.000431295,-0.000739998,0.000585013,0.000943312,13.513581276,-6.957077026,-0.905059993
45.369708160,1788576045.955790997,1788576045.951820374,-0.000228868,-0.000395747,-0.000676461,0.000457161,0.000816453,13.513600349,-6.957067490,-0.905150831
45.399708160,1788576045.989608526,1788576045.981820345,-0.000117406,0.000013358,-0.000834913,0.000118164,0.000843233,13.513611794,-6.957057476,-0.905240655
45.439707136,1788576046.025770187,1788576046.021819353,-0.000163920,-0.000176491,-0.000832312,0.000240871,0.000866465,13.513622284,-6.957046032,-0.905355573
45.469707136,1788576046.058954239,1788576046.051819563,-0.000004113,-0.000141277,-0.000593805,0.000141337,0.000610394,13.513628960,-6.957036972,-0.905442655
45.499707136,1788576046.089627981,1788576046.081819296,0.000205597,-0.000115304,-0.000274577,0.000235722,0.000361881,13.513632774,-6.957026482,-0.905526996
45.539706112,1788576046.125904322,1788576046.121818304,0.000302743,-0.000057860,-0.000680349,0.000308222,0.000746910,13.513626099,-6.957014084,-0.905633092
45.569706112,1788576046.158874035,1788576046.151818275,0.000406888,0.000044077,-0.000145265,0.000409268,0.000434284,13.513620377,-6.957003593,-0.905713558
45.599706112,1788576046.189717054,1788576046.181818485,0.000466913,-0.000066565,-0.000058985,0.000471634,0.000475308,13.513614655,-6.956990719,-0.905789673
45.639705600,1788576046.225746632,1788576046.221817970,0.000605021,0.000103201,-0.000434083,0.000613759,0.000751750,13.513603210,-6.956976414,-0.905883372
45.669705600,1788576046.255771875,1788576046.251817942,0.000745438,-0.000004415,-0.000271952,0.000745451,0.000793508,13.513590813,-6.956962109,-0.905953467
45.699705600,1788576046.290923595,1788576046.281817913,0.000843697,0.000063474,-0.000118795,0.000846081,0.000854380,13.513576508,-6.956950665,-0.906023204
45.739705088,1788576046.325693846,1788576046.321817398,0.000880202,0.000020976,0.000109988,0.000880452,0.000887295,13.513557434,-6.956933975,-0.906105161
45.769705088,1788576046.358693123,1788576046.351817131,0.000755106,0.000037482,0.000070438,0.000756036,0.000759310,13.513542175,-6.956920147,-0.906166732
45.799705088,1788576046.389739037,1788576046.381817341,0.000837246,0.000027185,0.000376608,0.000837687,0.000918451,13.513529778,-6.956906319,-0.906219721
45.839704576,1788576046.425648212,1788576046.421816826,0.000826342,-0.000091782,0.000403211,0.000831424,0.000924037,13.513514519,-6.956882954,-0.906275511
45.869704576,1788576046.455721378,1788576046.451817036,0.000680398,-0.000061136,0.000202352,0.000683139,0.000712478,13.513508797,-6.956862450,-0.906317413
45.899704576,1788576046.489747763,1788576046.481816769,0.000727451,-0.000366447,0.000304191,0.000814536,0.000869483,13.513504982,-6.956840515,-0.906350255
45.939704064,1788576046.526176214,1788576046.521816254,0.000781619,-0.000251755,0.000372492,0.000821163,0.000901698,13.513502121,-6.956809521,-0.906385422
45.969704064,1788576046.555736542,1788576046.551816225,0.000660934,-0.000474759,0.000464065,0.000813775,0.000936796,13.513505936,-6.956781864,-0.906405032
45.999704064,1788576046.589640617,1788576046.581816435,0.000607353,-0.000508392,0.000164060,0.000792049,0.000808861,13.513510704,-6.956754208,-0.906423569
46.039703552,1788576046.625741482,1788576046.621815920,0.000482699,-0.000481517,0.000110554,0.000681805,0.000690709,13.513523102,-6.956717491,-0.906445086
46.069703552,1788576046.656906605,1788576046.651815891,0.000352401,-0.000798319,0.000257315,0.000872640,0.000909786,13.513544083,-6.956686497,-0.906457841
46.099703552,1788576046.689757586,1788576046.681815863,0.000302209,-0.000430811,-0.000244923,0.000526240,0.000580444,13.513569832,-6.956656933,-0.906470001
46.139702528,1788576046.725672960,1788576046.721814871,0.000299752,-0.000772491,-0.000155512,0.000828609,0.000843076,13.513605118,-6.956614494,-0.906482279
46.169702528,1788576046.758847237,1788576046.751814604,0.000303351,-0.000767226,0.000135983,0.000825020,0.000836151,13.513633728,-6.956582546,-0.906491160
46.199702528,1788576046.791338444,1788576046.781814814,0.000248659,-0.000471553,0.000020404,0.000533098,0.000533488,13.513666153,-6.956551552,-0.906492412
46.239702016,1788576046.825824976,1788576046.821814299,0.000148174,-0.000727167,0.000027041,0.000742110,0.000742603,13.513708115,-6.956515789,-0.906492651
46.269702016,1788576046.855779409,1788576046.851814508,0.000235946,-0.000651789,0.000151864,0.000693181,0.000709622,13.513743401,-6.956492901,-0.906491816
46.299702016,1788576046.889729500,1788576046.881814241,0.000227788,-0.000319696,0.000377882,0.000392547,0.000544874,13.513779640,-6.956474781,-0.906490803
46.339701504,1788576046.925693512,1788576046.921813726,0.000289235,-0.000424211,0.000300646,0.000513432,0.000594979,13.513819695,-6.956454754,-0.906490445
46.369701504,1788576046.958720922,1788576046.951813698,0.000118224,-0.000560777,-0.000135867,0.000573104,0.000588989,13.513852119,-6.956439495,-0.906487823
46.399701504,1788576046.989739895,1788576046.981813669,0.000317250,-0.000555155,0.000531062,0.000639409,0.000831186,13.513889313,-6.956426144,-0.906482041
46.439700992,1788576047.025681973,1788576047.021813154,0.000235245,-0.000539575,0.000146247,0.000588626,0.000606522,13.513932228,-6.956410885,-0.906475306
46.469700992,1788576047.058641434,1788576047.051813364,0.000170114,-0.000376076,0.000209723,0.000412761,0.000462985,13.513969421,-6.956402302,-0.906470180
46.499700992,1788576047.089783669,1788576047.081813335,0.000086236,-0.000517385,0.000411219,0.000524523,0.000666502,13.514008522,-6.956395149,-0.906463146
46.539700480,1788576047.125850677,1788576047.121812820,0.000156263,-0.000233463,0.000532159,0.000280933,0.000601761,13.514058113,-6.956390381,-0.906451106
46.569700480,1788576047.156049490,1788576047.151812553,0.000151408,-0.000420924,0.000142790,0.000447327,0.000469564,13.514097214,-6.956390381,-0.906437457
46.599700480,1788576047.189609051,1788576047.181812763,0.000152844,-0.000286454,0.000764728,0.000324680,0.000830799,13.514135361,-6.956394672,-0.906424344
46.639699968,1788576047.225673199,1788576047.221812248,0.000039554,-0.000176809,0.001238518,0.000181179,0.001251700,13.514184952,-6.956402779,-0.906390727
46.669699968,1788576047.258888006,1788576047.251812458,-0.000155787,-0.000313206,0.000069244,0.000349811,0.000356599,13.514226913,-6.956413746,-0.906368375
46.699699968,1788576047.289616585,1788576047.281812191,-0.000223886,-0.000108170,0.000240574,0.000248648,0.000345979,13.514270782,-6.956433296,-0.906342566
46.739698944,1788576047.325658083,1788576047.321811199,-0.000433530,-0.000138904,0.000710125,0.000455239,0.000843516,13.514331818,-6.956460953,-0.906295955
46.769698944,1788576047.358952522,1788576047.351811171,-0.000346157,0.000178027,0.000931792,0.000389253,0.001009829,13.514381409,-6.956488132,-0.906258941
46.799698944,1788576047.389845610,1788576047.381811142,-0.000506481,0.000037688,-0.000095252,0.000507881,0.000516736,13.514428139,-6.956520081,-0.906231284
46.839698432,1788576047.425916433,1788576047.421810627,-0.000441961,0.000110022,0.000134146,0.000455450,0.000474794,13.514486313,-6.956557751,-0.906185031
46.869698432,1788576047.455788374,1788576047.451810837,-0.000436861,-0.000130271,0.000071887,0.000455871,0.000461504,13.514533997,-6.956591606,-0.906134367
46.899698432,1788576047.489625692,1788576047.481810570,-0.000483104,0.000167558,0.000031523,0.000511337,0.000512308,13.514575958,-6.956630707,-0.906098664
46.939697408,1788576047.525910378,1788576047.521809578,-0.000381379,0.000023275,0.000632153,0.000382088,0.000738654,13.514627457,-6.956678867,-0.906043887
46.969697408,1788576047.558598995,1788576047.551809549,-0.000232174,0.000208180,0.000073860,0.000311839,0.000320467,13.514660835,-6.956723213,-0.905991554
46.999697408,1788576047.589620113,1788576047.581809759,-0.000061385,0.000205003,-0.000123292,0.000213996,0.000246972,13.514688492,-6.956767559,-0.905937433
47.039696896,1788576047.625640869,1788576047.621809244,-0.000243748,0.000222069,-0.000324068,0.000329739,0.000462329,13.514719009,-6.956824780,-0.905876040
47.069696896,1788576047.658580065,1788576047.651809216,0.000076782,0.000238327,0.000859649,0.000250390,0.000895372,13.514737129,-6.956867218,-0.905812562
47.099696896,1788576047.689777136,1788576047.681809187,0.000071509,0.000386928,-0.000062549,0.000393480,0.000398421,13.514750481,-6.956906796,-0.905758858
47.139696384,1788576047.725776196,1788576047.721808672,-0.000138068,0.000167111,0.000533663,0.000216770,0.000576008,13.514770508,-6.956953049,-0.905683339
47.169696384,1788576047.755740166,1788576047.751808405,0.000070697,0.000156662,0.000921118,0.000171875,0.000937016,13.514781952,-6.956985950,-0.905602515
47.199696384,1788576047.789712906,1788576047.781808615,0.000086264,0.000320957,0.000211056,0.000332348,0.000393700,13.514789581,-6.957016468,-0.905540466
47.239695872,1788576047.825611353,1788576047.821808100,0.000125630,0.000245781,0.000985253,0.000276027,0.001023189,13.514799118,-6.957055569,-0.905473769
47.269695872,1788576047.858975887,1788576047.851808310,-0.000005698,0.000330986,0.000849538,0.000331035,0.000911757,13.514809608,-6.957079887,-0.905412078
47.299695872,1788576047.889597893,1788576047.881808043,0.000040300,0.000448759,0.000478886,0.000450565,0.000657526,13.514818192,-6.957100391,-0.905363441
47.339694848,1788576047.925618649,1788576047.921807051,-0.000043244,0.000714892,0.000275122,0.000716199,0.000767224,13.514832497,-6.957134247,-0.905324578
47.369694848,1788576047.958914518,1788576047.951807022,0.000062416,0.000097524,0.000685001,0.000115787,0.000694718,13.514843941,-6.957149982,-0.905280948
47.399694848,1788576047.989922762,1788576047.981806993,0.000067607,0.000465409,0.000341197,0.000470294,0.000581026,13.514854431,-6.957164288,-0.905237913
47.439693824,1788576048.025834084,1788576048.021806002,-0.000036472,0.000587804,0.000464579,0.000588935,0.000750119,13.514863968,-6.957196236,-0.905203223
47.469693824,1788576048.055714607,1788576048.051806211,-0.000028542,0.000552105,0.000920491,0.000552843,0.001073750,13.514874458,-6.957215309,-0.905166328
47.499693824,1788576048.089583874,1788576048.081806183,0.000046668,0.000783008,0.000535719,0.000784398,0.000949881,13.514880180,-6.957233906,-0.905120730
47.539692800,1788576048.125622749,1788576048.121804953,-0.000078372,0.000632267,0.000473713,0.000637106,0.000793919,13.514885902,-6.957267284,-0.905077696
47.569692800,1788576048.157079458,1788576048.151804924,0.000001972,0.000718471,0.000417154,0.000718473,0.000830796,13.514893532,-6.957285404,-0.905041933
47.599692800,1788576048.189628601,1788576048.181805134,-0.000011211,0.000414155,0.000461572,0.000414307,0.000620241,13.514901161,-6.957301140,-0.905003607
47.639692288,1788576048.225600004,1788576048.221804619,0.000004267,0.000644127,0.000161510,0.000644141,0.000664081,13.514903069,-6.957322598,-0.904968500
47.669692288,1788576048.258557081,1788576048.251804590,-0.000164353,0.000509874,0.000328519,0.000535708,0.000628417,13.514911652,-6.957334995,-0.904953539
47.699692288,1788576048.289759398,1788576048.281804562,0.000073669,0.000404634,0.000012487,0.000411285,0.000411475,13.514921188,-6.957345009,-0.904921174
47.739691776,1788576048.325810432,1788576048.321804047,0.000266667,0.000605714,0.000536720,0.000661816,0.000852097,13.514925957,-6.957354069,-0.904886961
47.769691776,1788576048.355790138,1788576048.351804018,0.000022489,0.000486126,-0.000086003,0.000486646,0.000494187,13.514931679,-6.957357883,-0.904868484
47.799691776,1788576048.389612913,1788576048.381803989,0.000002263,0.000612128,0.000684167,0.000612132,0.000918036,13.514942169,-6.957364082,-0.904829979
47.839691264,1788576048.425664425,1788576048.421803474,0.000137012,0.000704580,0.000259157,0.000717778,0.000763130,13.514953613,-6.957372665,-0.904787779
47.869691264,1788576048.458874226,1788576048.451803684,-0.000032879,0.000346912,0.000510052,0.000348466,0.000617723,13.514966011,-6.957373142,-0.904766977
47.899691264,1788576048.489659071,1788576048.481803417,-0.000079135,0.000496227,0.000546404,0.000502498,0.000742335,13.514980316,-6.957368374,-0.904747486
47.939690240,1788576048.525860071,1788576048.521802425,0.000108569,0.000430146,0.000099555,0.000443636,0.000454669,13.514996529,-6.957360268,-0.904715896
47.969690240,1788576048.558823109,1788576048.551802397,-0.000025233,0.000606232,-0.000095652,0.000606757,0.000614250,13.515005112,-6.957354069,-0.904697418
47.999690240,1788576048.589704514,1788576048.581802607,-0.000100368,0.000672125,0.000842108,0.000679578,0.001082114,13.515017509,-6.957346916,-0.904677033
48.039689728,1788576048.625822544,1788576048.621802092,0.000026736,0.000447623,0.000511938,0.000448420,0.000680559,13.515036583,-6.957332134,-0.904646039
48.069689728,1788576048.656063318,1788576048.651802063,0.000058350,0.000591984,0.000961993,0.000594853,0.001131053,13.515044212,-6.957317352,-0.904642105
48.099689728,1788576048.689666033,1788576048.681802034,-0.000136580,0.000187081,0.000068196,0.000231632,0.000241463,13.515055656,-6.957296848,-0.904629409
48.139688704,1788576048.725629807,1788576048.721801043,-0.000235861,0.000066639,0.000020130,0.000245095,0.000245920,13.515075684,-6.957266808,-0.904605925
48.169688704,1788576048.758591890,1788576048.751800776,-0.000002197,0.000120251,0.000691478,0.000120271,0.000701860,13.515087128,-6.957235336,-0.904604435
48.199688704,1788576048.789580107,1788576048.781800985,-0.000153587,0.000048774,0.000971736,0.000161146,0.000985007,13.515099525,-6.957203388,-0.904615104
48.239688192,1788576048.825726271,1788576048.821800470,-0.000151834,0.000024701,0.001197135,0.000153830,0.001206978,13.515115738,-6.957161903,-0.904616773
48.269688192,1788576048.859041452,1788576048.851800680,-0.000258263,0.000133201,-0.000179300,0.000290589,0.000341454,13.515130043,-6.957129478,-0.904626310
48.299688192,1788576048.889788389,1788576048.881800413,-0.000167740,-0.000208242,-0.000108649,0.000267397,0.000288627,13.515141487,-6.957095623,-0.904628575
48.339687680,1788576048.925846338,1788576048.921799898,-0.000550340,0.000261860,0.000126159,0.000609463,0.000622383,13.515158653,-6.957051277,-0.904633343
48.369687680,1788576048.955766678,1788576048.951799870,-0.001514266,0.002995665,-0.000195832,0.003356637,0.003362345,13.515184402,-6.957070351,-0.904638946
48.399687680,1788576048.989600420,1788576048.981799841,0.003917047,0.005000334,0.000838129,0.006351898,0.006406954,13.515201569,-6.957152843,-0.904608846
48.439687168,1788576049.025665283,1788576049.021799326,0.002415558,-0.004910803,0.000619982,0.005472742,0.005507747,13.515103340,-6.957119465,-0.904619396
48.469687168,1788576049.058876514,1788576049.051799536,-0.002839697,-0.001737672,-0.001777090,0.003329171,0.003773782,13.515153885,-6.956957340,-0.904621422
48.499687168,1788576049.089622021,1788576049.081799507,-0.004225343,0.005001285,0.002149162,0.006547242,0.006890956,13.515238762,-6.957030296,-0.904614985
48.539686144,1788576049.124216080,1788576049.121798515,0.000653012,-0.002670776,0.001190773,0.002749449,0.002996233,13.515287399,-6.957070351,-0.904601812
48.569686144,1788576049.155908585,1788576049.151798248,-0.001055130,0.002637322,-0.002573879,0.002840557,0.003833226,13.515264511,-6.957036018,-0.904592216
48.599686144,1788576049.189875126,1788576049.181798458,-0.007375132,0.004282030,0.000278751,0.008528092,0.008532646,13.515387535,-6.957197666,-0.904571295
48.639685632,1788576049.225785971,1788576049.221797943,0.001970193,0.000961375,0.001258751,0.002192237,0.002527916,13.515572548,-6.957275391,-0.904545903
48.669685632,1788576049.256977081,1788576049.251797915,0.006539009,-0.003363886,-0.001702265,0.007353528,0.007547985,13.515461922,-6.957170010,-0.904530525
48.699685632,1788576049.289867878,1788576049.281797886,0.002005660,-0.003969625,-0.000816086,0.004447538,0.004521790,13.515347481,-6.957027435,-0.904493272
48.739685120,1788576049.325658798,1788576049.321797371,-0.001267388,-0.002294037,-0.001140330,0.002620854,0.002858187,13.515398026,-6.956905842,-0.904430747
48.769685120,1788576049.358688354,1788576049.351797342,-0.001999654,0.000594079,0.002054404,0.002086036,0.002927819,13.515458107,-6.956882954,-0.904367208
48.799685120,1788576049.389616013,1788576049.381797314,-0.001095650,-0.000871674,0.000772113,0.001400094,0.001598882,13.515511513,-6.956894398,-0.904303730
48.839684608,1788576049.425659895,1788576049.421796799,-0.001256776,-0.000947489,0.000277901,0.001573919,0.001598265,13.515562057,-6.956831455,-0.904214442
48.869684608,1788576049.458846569,1788576049.451797009,-0.002030983,0.000058673,0.000469796,0.002031830,0.002085436,13.515643120,-6.956836700,-0.904094040
48.899684608,1788576049.489679575,1788576049.481796980,-0.001740048,0.000380855,0.001947347,0.001781240,0.002639124,13.515728951,-6.956847191,-0.903960884
48.939684096,1788576049.526079893,1788576049.521796465,-0.007954772,0.000163542,0.002030348,0.007956453,0.008211422,13.515933990,-6.956889629,-0.903778076
48.969684096,1788576049.555700779,1788576049.551796198,-0.011774786,0.001296802,0.003942937,0.011845982,0.012484953,13.516253471,-6.956979752,-0.903563321
48.999684096,1788576049.589582682,1788576049.581796408,-0.014113404,0.000049487,0.003203422,0.014113491,0.014472476,13.516666412,-6.957118034,-0.903304577
49.039683584,1788576049.625841141,1788576049.621795893,-0.007860065,0.002072757,0.004118828,0.008128773,0.009112721,13.517151833,-6.957332611,-0.902985811
49.069683584,1788576049.656108379,1788576049.651795864,-0.006799737,0.007610540,0.004262714,0.010205720,0.011060175,13.517380714,-6.957544804,-0.902691245
49.099683584,1788576049.689655304,1788576049.681795835,-0.005604343,0.001710111,0.004436396,0.005859449,0.007349472,13.517587662,-6.957776070,-0.902375817
49.139682560,1788576049.725831509,1788576049.721794844,-0.005349084,-0.003049874,0.003992523,0.006157469,0.007338574,13.517910004,-6.957929134,-0.901979744
49.169682560,1788576049.755775928,1788576049.751794577,-0.002206239,0.002841262,0.003660004,0.003597257,0.005131851,13.518095970,-6.958031654,-0.901602447
49.199682560,1788576049.789808750,1788576049.781794786,-0.003452170,0.004751378,0.006030082,0.005873080,0.008417539,13.518247604,-6.958248615,-0.901167035
49.239682048,1788576049.825855494,1788576049.821794271,-0.005091471,0.001958225,0.005701562,0.005455064,0.007890851,13.518465042,-6.958543777,-0.900543809
49.269682048,1788576049.855926275,1788576049.851794481,-0.002802369,-0.000170656,0.005200800,0.002807561,0.005910222,13.518692017,-6.958728313,-0.900026560
49.299682048,1788576049.889614820,1788576049.881794214,0.001767062,-0.000610396,0.005039774,0.001869517,0.005375353,13.518796921,-6.958811760,-0.899424434
49.339681024,1788576049.925863266,1788576049.921793222,0.004029778,-0.000186718,0.005068617,0.004034102,0.006478029,13.518787384,-6.958935738,-0.898704767
49.369681024,1788576049.955844164,1788576049.951793194,0.002098859,-0.002819905,0.005042201,0.003515263,0.006146614,13.518786430,-6.958989620,-0.897983909
49.399681024,1788576049.989593744,1788576049.981793165,0.001899196,0.001537655,0.009523882,0.002443630,0.009832378,13.518785477,-6.959088802,-0.897191823
49.439680000,1788576050.025832176,1788576050.021792173,-0.000289255,0.000145060,0.008743409,0.000323591,0.008749395,13.518827438,-6.959267139,-0.896096706
49.469680000,1788576050.055705547,1788576050.051792383,-0.003377368,0.002194649,0.012087676,0.004027791,0.012741075,13.518929482,-6.959400177,-0.895026445
49.499680000,1788576050.089704990,1788576050.081792355,-0.003783258,0.003797528,0.013316151,0.005360434,0.014354586,13.519039154,-6.959629059,-0.893862247
49.539679488,1788576050.126002073,1788576050.121791840,-0.005692819,0.002984789,0.014871856,0.006427842,0.016201520,13.519233704,-6.959932327,-0.892240942
49.569679488,1788576050.156162262,1788576050.151791573,-0.006354613,0.003021519,0.017372143,0.007036383,0.018743053,13.519421577,-6.960161686,-0.890806794
49.599679488,1788576050.189630270,1788576050.181791782,-0.006170131,0.003937193,0.017598526,0.007319290,0.019059909,13.519597054,-6.960395813,-0.889256895
49.639678976,1788576050.225873470,1788576050.221791267,-0.008538029,0.005750903,0.019294398,0.010294213,0.021868805,13.519867897,-6.960739613,-0.887192547
49.669678976,1788576050.255731821,1788576050.251791477,-0.012418185,0.009742492,0.022079285,0.015783772,0.027140786,13.520115852,-6.961069107,-0.885422826
49.699678976,1788576050.289561272,1788576050.281791210,-0.017848961,0.015336623,0.023481266,0.023532901,0.033244056,13.520466805,-6.961538792,-0.883574247
49.739677696,1788576050.325780392,1788576050.321789980,-0.025374057,0.021275555,0.028342701,0.033113321,0.043586703,13.521137238,-6.962429523,-0.881024122
49.769677696,1788576050.355718136,1788576050.351790190,-0.032255777,0.024573556,0.034785315,0.040549905,0.053425770,13.521770477,-6.963263035,-0.878832340
49.799677696,1788576050.389811277,1788576050.381789923,-0.042929526,0.031710851,0.038917501,0.053371549,0.066053722,13.522603989,-6.964304447,-0.876464069
49.839677184,1788576050.425790787,1788576050.421789408,-0.061801666,0.040160003,0.043609212,0.073703947,0.085638982,13.524209023,-6.966126442,-0.873215795
49.869677184,1788576050.455753565,1788576050.451789379,-0.074439784,0.047428290,0.059005096,0.088265079,0.106171209,13.525795937,-6.967884064,-0.870324194
49.899677184,1788576050.489670038,1788576050.481789351,-0.085691683,0.051585803,0.073081103,0.100020796,0.123874966,13.527680397,-6.969904423,-0.866931260
49.939676160,1788576050.525999069,1788576050.521788359,-0.096832327,0.054537265,0.086718933,0.111134211,0.140964486,13.530576706,-6.972898483,-0.861963630
49.969676160,1788576050.555755854,1788576050.551788568,-0.107193501,0.056678140,0.104710024,0.121255343,0.160209386,13.533002853,-6.975355625,-0.857724547
49.999676160,1788576050.589593410,1788576050.581788301,-0.118345610,0.058521152,0.124085592,0.132024273,0.181184002,13.535731316,-6.977985859,-0.852912128
50.039675648,1788576050.625595570,1788576050.621787786,-0.131760184,0.062834405,0.153875070,0.145975712,0.212100084,13.539862633,-6.981721401,-0.845619142
50.069675648,1788576050.658832550,1788576050.651787758,-0.141667074,0.061994567,0.177109690,0.154637920,0.235118542,13.543355942,-6.984663486,-0.839393079
50.099675648,1788576050.689749956,1788576050.681787968,-0.154427246,0.062693933,0.205737759,0.166668244,0.264775998,13.547251701,-6.987679482,-0.832440615
50.139674368,1788576050.724319696,1788576050.721786737,-0.176939999,0.061416225,0.246371623,0.187295798,0.309481329,13.553255081,-6.991793156,-0.821866274
50.169674368,1788576050.755738258,1788576050.751786470,-0.190880290,0.059857250,0.268224118,0.200045434,0.334607760,13.558527946,-6.994967937,-0.813079953
50.199674368,1788576050.789624691,1788576050.781786680,-0.207114194,0.057819444,0.284102188,0.215033434,0.356305250,13.564432144,-6.998229504,-0.803887844
50.239673856,1788576050.825612545,1788576050.821786165,-0.230963798,0.052394839,0.313471575,0.236832209,0.392879019,13.573238373,-7.002626896,-0.791024148
50.269673856,1788576050.859088898,1788576050.851786137,-0.249181544,0.047663465,0.346077744,0.253699128,0.429107274,13.580752373,-7.006021976,-0.780522823
50.299673856,1788576050.889606237,1788576050.881786108,-0.266969184,0.042752977,0.374252743,0.270370787,0.461698471,13.588927269,-7.009442329,-0.769164801
50.339672832,1788576050.925628662,1788576050.921785116,-0.289558162,0.036336828,0.406325605,0.291829221,0.500264722,13.600558281,-7.013952255,-0.752808273
50.369672832,1788576050.959160805,1788576050.951784849,-0.303830904,0.029861851,0.423064301,0.305294855,0.521716735,13.609959602,-7.017356396,-0.739660382
50.399672832,1788576050.989838362,1788576050.981785059,-0.318519203,0.022339585,0.427656203,0.319301644,0.533707193,13.619712830,-7.020678520,-0.726040244
50.439672320,1788576051.025792837,1788576051.021784544,-0.331849752,0.013432801,0.424791840,0.332121511,0.539214990,13.632925034,-7.024854183,-0.707624555
50.469672320,1788576051.055681229,1788576051.051784754,-0.337543416,0.005893926,0.420375764,0.337594869,0.539153113,13.643260002,-7.027894497,-0.693739891
50.499672320,1788576051.089549780,1788576051.081784487,-0.336196549,-0.001667747,0.404110884,0.336200685,0.525677189,13.653725624,-7.030798435,-0.680130005
50.539671296,1788576051.125596046,1788576051.121783495,-0.326636958,-0.007038880,0.358626851,0.326712792,0.485133452,13.667398453,-7.034396648,-0.663213134
50.569671296,1788576051.158755541,1788576051.151783466,-0.318478292,-0.006752716,0.313770947,0.318549873,0.447131109,13.677766800,-7.037024975,-0.651972830
50.599671296,1788576051.189823627,1788576051.181783438,-0.310798491,-0.007968486,0.271722512,0.310900625,0.412907159,13.687830925,-7.039600849,-0.642017663
50.639670784,1788576051.225627899,1788576051.221782923,-0.297125398,-0.009482018,0.235289625,0.297276657,0.379123487,13.700759888,-7.042862892,-0.630320072
50.669670784,1788576051.258906603,1788576051.251783133,-0.284627237,-0.009394658,0.219666485,0.284782239,0.359658571,13.710215569,-7.045139790,-0.622497022
50.699670784,1788576051.290850401,1788576051.281783104,-0.270549028,-0.006698526,0.206747757,0.270631940,0.340567588,13.719345093,-7.047269344,-0.615248919
50.739670272,1788576051.325754166,1788576051.321782589,-0.250582870,-0.002166540,0.194968383,0.250592236,0.317504550,13.730821609,-7.049934864,-0.606184185
50.769670272,1788576051.355714083,1788576051.351782322,-0.235649252,0.001248922,0.192202171,0.235652561,0.304095058,13.738962173,-7.051828861,-0.600078464
50.799670272,1788576051.389658213,1788576051.381782532,-0.221988114,0.003541281,0.201029330,0.222016359,0.299506353,13.746684074,-7.053649902,-0.594113290
50.839669760,1788576051.425605059,1788576051.421782017,-0.201454965,0.003566075,0.222327910,0.201486525,0.300044195,13.756239891,-7.055958748,-0.585653603
50.869669760,1788576051.455700874,1788576051.451782227,-0.185010886,0.002382931,0.242105187,0.185026231,0.304712369,13.762797356,-7.057452202,-0.579135358
50.899669760,1788576051.489624500,1788576051.481781960,-0.169257229,0.001312210,0.264312898,0.169262315,0.313864684,13.768784523,-7.058773994,-0.572170019
50.939668736,1788576051.526007414,1788576051.521780968,-0.147301043,-0.000935815,0.298213904,0.147304016,0.332610892,13.775813103,-7.060320854,-0.561734498
50.969668736,1788576051.558665991,1788576051.551780939,-0.126241883,-0.002350363,0.313610421,0.126263760,0.338074005,13.780234337,-7.061145306,-0.553485572
50.999668736,1788576051.589764357,1788576051.581780910,-0.104590704,-0.002344212,0.315901475,0.104616972,0.332773876,13.783801079,-7.061698914,-0.545172691
51.039668224,1788576051.625783920,1788576051.621780396,-0.072784852,-0.004682990,0.323247700,0.072935349,0.331373869,13.787227631,-7.062053680,-0.533948541
51.069668224,1788576051.656042337,1788576051.651780605,-0.048764755,-0.010292763,0.344754040,0.049839165,0.348337897,13.788649559,-7.061862469,-0.525383711
51.099668224,1788576051.689609528,1788576051.681780577,-0.023343250,-0.016403875,0.375722572,0.028530587,0.376804254,13.789135933,-7.061181545,-0.516202211
51.139667712,1788576051.725620270,1788576051.721780062,0.016695250,-0.022957500,0.431417573,0.028386232,0.432350438,13.788356781,-7.059522629,-0.502330840
51.169667712,1788576051.758641243,1788576051.751779795,0.046739933,-0.026390942,0.473078930,0.053675909,0.476114248,13.786485672,-7.057786942,-0.490723252
51.199667712,1788576051.791764021,1788576051.781780005,0.080428998,-0.029859530,0.516970968,0.085792863,0.524041408,13.783658981,-7.055675983,-0.477980673
51.239667200,1788576051.825593948,1788576051.821779490,0.116572758,-0.031459491,0.578709875,0.120743147,0.591171741,13.778719902,-7.052391529,-0.458816499
51.269667200,1788576051.858934164,1788576051.851779699,0.142270924,-0.030351789,0.635524781,0.145472495,0.651961651,13.774046898,-7.049687862,-0.442727923
51.299667200,1788576051.889823914,1788576051.881779432,0.168273356,-0.026394517,0.691340128,0.170330833,0.712013880,13.768681526,-7.046811581,-0.424865723
51.339666176,1788576051.925773144,1788576051.921778440,0.183210379,-0.010584620,0.754805183,0.183515877,0.776794015,13.760890961,-7.042914391,-0.398515135
51.369666176,1788576051.955788612,1788576051.951778412,0.194116314,0.006664371,0.796758031,0.194230680,0.820090798,13.754391670,-7.040132999,-0.376947224
51.399666176,1788576051.989632368,1788576051.981778383,0.205721980,0.037114303,0.814711605,0.209043069,0.841102850,13.747406960,-7.037532806,-0.354373395
51.439664896,1788576052.025610209,1788576052.021777153,0.207339286,0.075451429,0.834787209,0.220641106,0.863453636,13.737600327,-7.034558773,-0.323404461
51.469664896,1788576052.058819056,1788576052.051777124,0.208068331,0.103954252,0.846157112,0.232591738,0.877542463,13.729810715,-7.032448292,-0.299201518
51.499664896,1788576052.089549780,1788576052.081777096,0.200029717,0.138775077,0.866011695,0.243455149,0.899581383,13.721679688,-7.030424595,-0.274370134
51.539663616,1788576052.125750303,1788576052.121775866,0.186214989,0.162260276,0.900168912,0.246990727,0.933439066,13.710350990,-7.028035641,-0.240042850
51.569663616,1788576052.158619404,1788576052.151775837,0.175540359,0.171121213,0.936505272,0.245146665,0.968059405,13.701818466,-7.025856972,-0.212596864
51.599663616,1788576052.189624786,1788576052.181775808,0.158426310,0.184096385,0.980565919,0.242879342,1.010197949,13.693313599,-7.023412704,-0.183571383
51.639662592,1788576052.225843668,1788576052.221774817,0.146351249,0.195101694,1.023933738,0.243892105,1.052579526,13.681672096,-7.020155430,-0.143160120
51.669662592,1788576052.256962061,1788576052.251775026,0.139276825,0.197799798,1.048874176,0.241914848,1.076410624,13.673127174,-7.017158031,-0.110849783
51.699662592,1788576052.289597273,1788576052.281774759,0.136173469,0.205588649,1.058610290,0.246596647,1.086952461,13.664823532,-7.013901234,-0.077533558
51.739661568,1788576052.325630426,1788576052.321773767,0.141283265,0.225584921,1.049707561,0.266175727,1.082929121,13.653737068,-7.009698868,-0.033116437
51.769661568,1788576052.358960629,1788576052.351773739,0.146178316,0.241947065,1.028460748,0.282677347,1.066601141,13.645971298,-7.006031036,0.001166115
51.799661568,1788576052.389565945,1788576052.381773710,0.151730630,0.262288868,0.999647604,0.303014248,1.044563529,13.638568878,-7.002144337,0.035445243
51.839661056,1788576052.425596714,1788576052.421773195,0.145171302,0.273957374,0.947976918,0.310044109,0.997390388,13.629076958,-6.997193813,0.079585597
51.869661056,1788576052.455639601,1788576052.451773405,0.138619471,0.273007984,0.906605890,0.306184123,0.956913244,13.623275757,-6.992962837,0.112884969
51.899661056,1788576052.489689827,1788576052.481773376,0.127430598,0.272648403,0.876881385,0.300957985,0.927090434,13.618370056,-6.988575935,0.145849749
51.939660544,1788576052.526066780,1788576052.521772861,0.112309406,0.256574597,0.829710173,0.280078429,0.875707084,13.612681389,-6.983072758,0.188148648
51.969660544,1788576052.555737495,1788576052.551772594,0.095799648,0.234289981,0.786839604,0.253119276,0.826550622,13.610300064,-6.978328228,0.219934136
51.999660544,1788576052.589606762,1788576052.581772804,0.072064102,0.202418670,0.761507776,0.214864033,0.791239942,13.609246254,-6.973466396,0.251292408
52.039660032,1788576052.625605345,1788576052.621772289,0.056547693,0.162665332,0.730201925,0.172213970,0.750234965,13.609201431,-6.967459202,0.291451335
52.069660032,1788576052.659068346,1788576052.651772499,0.049935910,0.129346847,0.710442803,0.138651368,0.723846102,13.611916542,-6.962352753,0.322164088
52.099660032,1788576052.689577818,1788576052.681772232,0.043874481,0.095264891,0.688374177,0.104882647,0.696318445,13.616302490,-6.956975937,0.352735251
52.139658752,1788576052.724153757,1788576052.721771002,0.049184375,0.046389704,0.653886312,0.067609965,0.657372357,13.623347282,-6.949925423,0.391593456
52.169658752,1788576052.758904934,1788576052.751771212,0.048394879,0.003748239,0.630436055,0.048539815,0.632301932,13.631836891,-6.943932533,0.421095997
52.199658752,1788576052.789845467,1788576052.781770945,0.053867554,-0.035885503,0.597635121,0.064726214,0.601129953,13.642235756,-6.937575817,0.450088501
52.239658240,1788576052.825738430,1788576052.821770430,0.070326314,-0.086224939,0.549385702,0.111267832,0.560540079,13.657295227,-6.929122925,0.486314714
52.269658240,1788576052.855785370,1788576052.851770401,0.089454118,-0.119552954,0.507461432,0.149314929,0.528972639,13.671759605,-6.922042847,0.513147116
52.299658240,1788576052.889577389,1788576052.881770611,0.111495859,-0.154301749,0.462919197,0.190369000,0.500534254,13.687983513,-6.914508820,0.538928866
52.339656960,1788576052.925746679,1788576052.921769142,0.141960693,-0.192773048,0.408466637,0.239404023,0.473454623,13.710587502,-6.904361248,0.570459723
52.369656960,1788576052.955676317,1788576052.951769114,0.168423989,-0.218430823,0.378544655,0.275823611,0.468374551,13.730559349,-6.895990849,0.593672276
52.399656960,1788576052.989608288,1788576052.981769323,0.197867694,-0.243873666,0.356157472,0.314047750,0.474841168,13.752091408,-6.887143612,0.616312087
52.439656192,1788576053.025636435,1788576053.021768332,0.233696337,-0.269319148,0.325702685,0.356576473,0.482937906,13.781249046,-6.875116825,0.644808769
52.469656192,1788576053.059050322,1788576053.051768303,0.260133074,-0.288903922,0.305359430,0.388760456,0.494347119,13.805779457,-6.865379333,0.666185439
52.499656192,1788576053.089725018,1788576053.081768513,0.286963334,-0.300844649,0.283134760,0.415758894,0.503011680,13.831542969,-6.855199814,0.687197089
52.539655680,1788576053.125873327,1788576053.121767998,0.313191589,-0.306213279,0.260784302,0.438013178,0.509768571,13.865554810,-6.841340542,0.713687301
52.569655680,1788576053.155929804,1788576053.151767969,0.332676363,-0.307674015,0.250559376,0.453141106,0.517800022,13.893002510,-6.830262184,0.733812451
52.599655680,1788576053.189592123,1788576053.181767941,0.350724069,-0.309139397,0.242908152,0.467519560,0.526857580,13.921080589,-6.818687916,0.753813148
52.639655168,1788576053.226985693,1788576053.221767426,0.370561619,-0.304709874,0.249958884,0.479754126,0.540965308,13.957598686,-6.802889824,0.779735982
52.669655168,1788576053.256936073,1788576053.251767397,0.385891724,-0.301376132,0.258102242,0.489632511,0.553495043,13.986407280,-6.790464401,0.799953640
52.699655168,1788576053.289671898,1788576053.281767368,0.396034785,-0.306167777,0.269411648,0.500581920,0.568475941,14.015553474,-6.777619362,0.820466340
52.739653888,1788576053.325640678,1788576053.321766138,0.410675634,-0.303866476,0.284568584,0.510871131,0.584780806,14.053324699,-6.760144711,0.847397804
52.769653888,1788576053.355665922,1788576053.351766109,0.421512062,-0.308021484,0.294831477,0.522062882,0.599562551,14.083159447,-6.746878624,0.868243694
52.799653888,1788576053.389600515,1788576053.381766081,0.429497328,-0.314855767,0.306333206,0.532543058,0.614363200,14.113437653,-6.733499527,0.889309645
52.839653120,1788576053.425829887,1788576053.421765327,0.443781444,-0.320877047,0.318244487,0.547634960,0.633390561,14.152812958,-6.715550423,0.916886508
52.869653120,1788576053.455830812,1788576053.451765299,0.454540216,-0.333546491,0.328598766,0.563790803,0.652562042,14.184173584,-6.702617168,0.938142598
52.899653120,1788576053.489577770,1788576053.481765270,0.461602039,-0.350978949,0.339461048,0.579881596,0.671934870,14.216251373,-6.689961433,0.959604263
52.939651840,1788576053.525828123,1788576053.521764040,0.467969724,-0.377283957,0.359410906,0.601114671,0.700367793,14.258509636,-6.673289299,0.987916112
52.969651840,1788576053.555645704,1788576053.551764011,0.470709507,-0.398918613,0.373873027,0.617011750,0.721446145,14.292467117,-6.662044048,1.009539247
52.999651840,1788576053.589561701,1788576053.581763983,0.469659538,-0.429618012,0.390971314,0.636515292,0.747000861,14.327452660,-6.651546955,1.031316400
53.039651584,1788576053.625694513,1788576053.621763945,0.468893935,-0.465982366,0.407572890,0.661060578,0.776605916,14.373917580,-6.638019085,1.060118437
53.069651584,1788576053.655950308,1788576053.651763678,0.466480098,-0.497265429,0.420260584,0.681818590,0.800934172,14.411322594,-6.629708767,1.081857085
53.099651584,1788576053.689662457,1788576053.681763887,0.462349155,-0.530371307,0.431668735,0.703605333,0.825468571,14.449991226,-6.622480392,1.103563905
53.139651328,1788576053.725774050,1788576053.721763611,0.458451347,-0.569583452,0.436265848,0.731165471,0.851428703,14.501461029,-6.613393784,1.131973982
53.169651328,1788576053.755681753,1788576053.751763344,0.456132071,-0.602750468,0.437436282,0.755886627,0.873335613,14.542910576,-6.608723640,1.152991295
53.199651328,1788576053.789642811,1788576053.781763554,0.453180061,-0.636478004,0.437062058,0.781329903,0.895265134,14.585775375,-6.605220795,1.173663378
53.239650816,1788576053.825610161,1788576053.821763039,0.448346740,-0.680368367,0.434231024,0.814810355,0.923294371,14.642801285,-6.600929260,1.200489759
53.269650816,1788576053.855579615,1788576053.851763248,0.442793455,-0.715631475,0.430967092,0.841542900,0.945477174,14.688486099,-6.600080013,1.220013022
53.299650816,1788576053.889576912,1788576053.881762981,0.436666471,-0.751781757,0.428400012,0.869398307,0.969216171,14.735608101,-6.600500584,1.239067674
53.339649792,1788576053.925565481,1788576053.921761990,0.431482170,-0.791142982,0.420014046,0.901157079,0.994231301,14.798163414,-6.601318359,1.263801813
53.369649792,1788576053.955570936,1788576053.951761961,0.426489682,-0.826428612,0.412596665,0.929988011,1.017405380,14.847778320,-6.604326248,1.281495214
53.399649792,1788576053.989782810,1788576053.981761932,0.422767593,-0.859323303,0.407428171,0.957689395,1.040752944,14.898703575,-6.608577251,1.298676133
53.439649024,1788576054.025786638,1788576054.021761179,0.417576674,-0.896909860,0.404795478,0.989352099,1.068960689,14.966137886,-6.614354610,1.321209431
53.469649024,1788576054.055729151,1788576054.051761150,0.411580914,-0.926351452,0.402622684,1.013669504,1.090702016,15.018892288,-6.621185780,1.337438703
53.499649024,1788576054.089622498,1788576054.081761360,0.404673964,-0.957398470,0.397277302,1.039409855,1.112745299,15.072571754,-6.629280567,1.353261709
53.539648000,1788576054.125563383,1788576054.121760368,0.394176304,-0.988756675,0.397451198,1.064431642,1.136213965,15.143449783,-6.640067101,1.374217868
53.569648000,1788576054.155802250,1788576054.151760340,0.381093258,-1.017649875,0.395532910,1.086666159,1.156412393,15.198111534,-6.650660038,1.389015913
53.599648000,1788576054.189522982,1788576054.181760311,0.364697353,-1.045239076,0.394021746,1.107036081,1.175066816,15.253381729,-6.662547112,1.403369784
53.639647744,1788576054.225746155,1788576054.221760035,0.346337734,-1.073920015,0.394253869,1.128385583,1.195278268,15.326149940,-6.678313732,1.422336578
53.669647744,1788576054.255665779,1788576054.251760244,0.329150266,-1.097959557,0.395296205,1.146235179,1.212482650,15.381543159,-6.692503929,1.435489893
53.699647744,1788576054.289934635,1788576054.281759977,0.310361942,-1.120183351,0.398655625,1.162383446,1.228845630,15.437096596,-6.707858562,1.448120952
53.739647232,1788576054.325781822,1788576054.321759462,0.291351863,-1.148643774,0.408724310,1.185018324,1.253524627,15.510274887,-6.728141785,1.465017796
53.769647232,1788576054.355676651,1788576054.351759434,0.274617044,-1.169011872,0.422519643,1.200834409,1.272998872,15.565326691,-6.745604515,1.476649165
53.799647232,1788576054.389635086,1788576054.381759405,0.254590651,-1.187236644,0.439265393,1.214227017,1.291240231,15.620175362,-6.764144897,1.488014936
53.839646720,1788576054.425594807,1788576054.421758890,0.230410210,-1.211073599,0.456614121,1.232796872,1.314642378,15.692330360,-6.788659096,1.503632903
53.869646720,1788576054.455607653,1788576054.451759100,0.207733913,-1.222922309,0.472409339,1.240440386,1.327351850,15.745976448,-6.809174538,1.514432192
53.899646720,1788576054.489527702,1788576054.481759071,0.179479496,-1.221987603,0.491493355,1.235097807,1.329297676,15.798940659,-6.830756664,1.524682760
53.939645696,1788576054.525820732,1788576054.521757841,0.144009990,-1.222178712,0.516086208,1.230633854,1.334467930,15.868087769,-6.859436989,1.538387656
53.969645696,1788576054.555616140,1788576054.551757812,0.116149639,-1.223533707,0.540662283,1.229034365,1.342699213,15.918868065,-6.882816315,1.547674060
53.999645696,1788576054.589828968,1788576054.581758022,0.072336539,-1.227663303,0.560104242,1.229792568,1.351335089,15.968908310,-6.907026291,1.556443334
54.039645440,1788576054.625756741,1788576054.621757746,0.024158601,-1.231696375,0.575461086,1.231933277,1.359711389,16.034862518,-6.939176083,1.567805290
54.069645440,1788576054.656930208,1788576054.651757479,-0.012573085,-1.239493633,0.579349795,1.239557400,1.368264862,16.083192825,-6.964714527,1.574384570
54.099645440,1788576054.689599752,1788576054.681757689,-0.065550499,-1.251079249,0.594672003,1.252795337,1.386769969,16.131048203,-6.991020679,1.579759479
54.139644416,1788576054.725604773,1788576054.721756697,-0.109755461,-1.271893847,0.618472581,1.276620625,1.418544519,16.194932938,-7.026089191,1.586434722
54.169644416,1788576054.758058310,1788576054.751756907,-0.145413280,-1.287818005,0.631754780,1.296001634,1.441781654,16.242002487,-7.053527832,1.589432597
54.199644416,1788576054.791562080,1788576054.781756639,-0.191630044,-1.305224078,0.656207205,1.319216422,1.473410962,16.288831711,-7.081570148,1.591745138
54.239643392,1788576054.825596809,1788576054.821755648,-0.248143753,-1.335291608,0.639433120,1.358152790,1.501150797,16.351606369,-7.118836403,1.594351530
54.269643392,1788576054.855584145,1788576054.851755619,-0.286580276,-1.342833208,0.627422334,1.373072933,1.509631764,16.397365570,-7.147902012,1.593614459
54.299643392,1788576054.892256021,1788576054.881755590,-0.310453347,-1.360065151,0.607237211,1.395047847,1.521478073,16.442350388,-7.177465916,1.591512799
54.339642368,1788576054.924698830,1788576054.921754599,-0.327485910,-1.417548753,0.564964306,1.454885387,1.560729366,16.502677917,-7.216551304,1.587420702
54.369642368,1788576054.955751657,1788576054.951754808,-0.338178000,-1.446481014,0.546085815,1.485487019,1.582681712,16.547096252,-7.246448994,1.581459641
54.399642368,1788576054.991511822,1788576054.981754541,-0.364788623,-1.487649174,0.502275374,1.531721517,1.611971264,16.591199875,-7.276650429,1.573910832
54.439641344,1788576055.025616407,1788576055.021753550,-0.399444088,-1.545166776,0.429987817,1.595962389,1.652871885,16.650882721,-7.316676140,1.562373638
54.469641344,1788576055.055565834,1788576055.051753521,-0.429309748,-1.574506096,0.366273512,1.631985388,1.672582612,16.694576263,-7.347260952,1.550759315
54.499641344,1788576055.091196299,1788576055.081753492,-0.455341982,-1.613978929,0.262677228,1.676980711,1.697428534,16.737808228,-7.377910137,1.536999702
54.539640320,1788576055.125659227,1788576055.121752501,-0.493452251,-1.668015986,0.175147121,1.739474763,1.748270278,16.796674728,-7.417798996,1.517433882
54.569640320,1788576055.155820131,1788576055.151752710,-0.535646714,-1.693715937,0.105364298,1.776398344,1.779520360,16.839937210,-7.447279930,1.500371218
54.599640320,1788576055.191282988,1788576055.181752682,-0.623312528,-1.692287698,0.029921031,1.803429001,1.803677197,16.882978439,-7.476282120,1.481870294
54.639639296,1788576055.225847244,1788576055.221751451,-0.716836554,-1.675200938,-0.011507118,1.822128653,1.822164988,16.941390991,-7.514136791,1.457383871
54.669639296,1788576055.257855415,1788576055.251751423,-0.785415161,-1.646337442,-0.036250871,1.824089895,1.824450074,16.982881546,-7.541887760,1.437299371
54.699639296,1788576055.290821075,1788576055.281751633,-0.890622309,-1.577308658,-0.047581799,1.811383643,1.812008479,17.023027420,-7.569188118,1.416793942
54.739638784,1788576055.325606108,1788576055.321751118,-0.979697911,-1.492250551,-0.057571444,1.785110558,1.786038682,17.075887680,-7.605287075,1.390649796
54.769638784,1788576055.355586767,1788576055.351751089,-1.033384816,-1.427731049,-0.055060656,1.762469894,1.763329749,17.112041473,-7.631557465,1.370242238
54.799638784,1788576055.391644478,1788576055.381751060,-1.105530891,-1.342510725,-0.048847711,1.739118627,1.739804500,17.146228790,-7.657433033,1.350530505
54.839637760,1788576055.424808741,1788576055.421750069,-1.125941627,-1.276334233,-0.016490935,1.701991076,1.702070966,17.190853119,-7.691844463,1.327162862
54.869637760,1788576055.455592155,1788576055.451749802,-1.173948375,-1.193025946,-0.015037710,1.673757956,1.673825507,17.220193863,-7.716444969,1.309508324
54.899637760,1788576055.490856409,1788576055.481750011,-1.201705588,-1.124383932,0.060567438,1.645702144,1.646816311,17.247278214,-7.740445614,1.293390512
54.939637248,1788576055.526111126,1788576055.521749496,-1.215002708,-1.107988139,0.179868538,1.644344640,1.654152952,17.283206940,-7.772256851,1.277715325
54.969637248,1788576055.556546211,1788576055.551749706,-1.225027153,-1.105280314,0.260700047,1.649950332,1.670419292,17.307044983,-7.794611931,1.268328667
54.999637248,1788576055.589557409,1788576055.581749439,-1.221070861,-1.100740210,0.331915915,1.643971733,1.677143773,17.329504013,-7.816139698,1.261637688
55.039636224,1788576055.625794888,1788576055.621748447,-1.196846979,-1.084849135,0.397161092,1.615345269,1.663453417,17.359693527,-7.844005108,1.257323623
55.069636224,1788576055.655895948,1788576055.651748419,-1.178723783,-1.061375375,0.436419306,1.586161229,1.645104633,17.378147125,-7.862797737,1.255072713
55.099636224,1788576055.691336632,1788576055.681748390,-1.151324050,-1.042006957,0.464116382,1.552844347,1.620718847,17.394432068,-7.880192280,1.254280806
55.139635200,1788576055.725563049,1788576055.721747398,-1.113750760,-1.010672220,0.493784493,1.503961133,1.582947319,17.415964127,-7.901992798,1.256209254
55.169635200,1788576055.755514622,1788576055.751747608,-1.085053071,-0.982693995,0.499559523,1.463908349,1.546799073,17.427686691,-7.915916443,1.257499933
55.199635200,1788576055.791271210,1788576055.781747341,-1.055514613,-0.953591100,0.518192207,1.422479203,1.513925443,17.437273026,-7.928372383,1.259142876
55.239634176,1788576055.825725555,1788576055.821746349,-1.005374928,-0.909617069,0.523495050,1.355795692,1.453350964,17.449977875,-7.943993568,1.262741923
55.269634176,1788576055.856792688,1788576055.851746321,-0.965494361,-0.878661780,0.513864673,1.305460028,1.402955019,17.454957962,-7.953485489,1.264091969
55.299634176,1788576055.889603615,1788576055.881746531,-0.918591446,-0.857008375,0.504941777,1.256293596,1.353971860,17.457767487,-7.961752892,1.264877439
55.339633664,1788576055.923992157,1788576055.921746016,-0.871408993,-0.819714591,0.459045808,1.196363508,1.281408872,17.461462021,-7.972351074,1.265854120
55.369633664,1788576055.955573559,1788576055.951745987,-0.816924021,-0.801195362,0.404663144,1.144237242,1.213684936,17.459604263,-7.978426456,1.264227033
55.399633664,1788576055.991600037,1788576055.981745958,-0.766098376,-0.790114171,0.371385027,1.100539470,1.161513651,17.455564499,-7.983633995,1.261029124
55.439633408,1788576056.025641680,1788576056.021745682,-0.707669376,-0.759464505,0.318381963,1.038066607,1.085794343,17.450239182,-7.990675926,1.256044388
55.469633408,1788576056.055644751,1788576056.051745892,-0.669641958,-0.736747653,0.282034846,0.995599044,1.034775874,17.441892624,-7.994160652,1.249817014
55.499633408,1788576056.090882540,1788576056.081745625,-0.628239788,-0.709155891,0.247755386,0.947410845,0.979270157,17.431505203,-7.996756554,1.242270827
55.539632896,1788576056.125776291,1788576056.121745110,-0.598626212,-0.690738878,0.215138181,0.914042417,0.939019689,17.418586731,-8.000262260,1.231685042
55.569632896,1788576056.156940937,1788576056.151745081,-0.570898358,-0.668167232,0.185514502,0.878847191,0.898213792,17.405187607,-8.001053810,1.221848965
55.599632896,1788576056.189497709,1788576056.181745052,-0.547535251,-0.660281879,0.159812905,0.857768623,0.872529183,17.390611649,-8.000791550,1.210811734
55.639631872,1788576056.225644112,1788576056.221744061,-0.516544231,-0.650013192,0.130659394,0.830262062,0.840480202,17.373149872,-8.000340462,1.195874214
55.669631872,1788576056.255515575,1788576056.251744270,-0.484008785,-0.643168454,0.109950446,0.804941094,0.812415697,17.356998444,-7.997776508,1.182858348
55.699631872,1788576056.290930271,1788576056.281744242,-0.462555908,-0.636178385,0.107571055,0.786562716,0.793884398,17.340009689,-7.994084835,1.169133663
55.739631360,1788576056.325524807,1788576056.321743727,-0.432633720,-0.626048391,0.096507788,0.760991803,0.767086877,17.319438934,-7.989492416,1.151358843
55.769631360,1788576056.355518103,1788576056.351743460,-0.405172094,-0.598102771,0.079332754,0.722420480,0.726763398,17.300941467,-7.984225750,1.136723638
55.799631360,1788576056.391346693,1788576056.381743670,-0.381481631,-0.571646443,0.068517493,0.687246601,0.690653703,17.281133652,-7.978094101,1.122068286
55.839630336,1788576056.426666975,1788576056.421742678,-0.376062466,-0.544017635,0.059942268,0.661345723,0.664056655,17.254165649,-7.969904900,1.103265882
55.869630336,1788576056.457771778,1788576056.451742649,-0.369856714,-0.524776790,0.048935480,0.642016097,0.643878366,17.231182098,-7.962723732,1.088656068
55.899630336,1788576056.490827799,1788576056.481742620,-0.351545202,-0.503753323,0.029148715,0.614289378,0.614980559,17.209012985,-7.956369877,1.074871898
55.939629824,1788576056.525861263,1788576056.521742105,-0.323637549,-0.468649304,0.029365054,0.569537912,0.570294432,17.180713654,-7.948685169,1.058192611
55.969629824,1788576056.555541277,1788576056.551741838,-0.300857073,-0.433125153,0.019119338,0.527363610,0.527710077,17.156461716,-7.941345215,1.045271516
55.999629824,1788576056.591668844,1788576056.581742048,-0.270460366,-0.413043928,0.008712293,0.493714589,0.493791454,17.131290436,-7.933252335,1.032389641
56.039628800,1788576056.625562906,1788576056.621741056,-0.252031194,-0.383007441,-0.000296430,0.458491464,0.458491560,17.099370956,-7.922718048,1.016270280
56.069628800,1788576056.655793428,1788576056.651741266,-0.238218006,-0.352867915,-0.014798869,0.425750612,0.426007735,17.073255539,-7.913629055,1.003424287
56.099628800,1788576056.692308426,1788576056.681740999,-0.226364734,-0.328479288,-0.034734561,0.398923095,0.400432423,17.046510696,-7.904266834,0.990198374
56.139627776,1788576056.724636078,1788576056.721740007,-0.198368888,-0.298322183,-0.059401713,0.358254575,0.363145844,17.012241364,-7.892642021,0.972990692
56.169627776,1788576056.755625725,1788576056.751739979,-0.170288881,-0.288570804,-0.086989925,0.335069265,0.346177208,16.984874725,-7.882803440,0.958538115
56.199627776,1788576056.792399883,1788576056.781739950,-0.138511305,-0.259046474,-0.116076369,0.293752374,0.315854683,16.956892014,-7.872633934,0.943096995
56.239627264,1788576056.825587988,1788576056.821739435,-0.091829442,-0.222228525,-0.165932651,0.240454078,0.292150318,16.920423508,-7.859758854,0.921974242
56.269627264,1788576056.855746031,1788576056.851739645,-0.052235875,-0.195888811,-0.198138540,0.202733847,0.283478207,16.891277313,-7.849294186,0.903951705
56.299627264,1788576056.891322851,1788576056.881739616,-0.007595660,-0.170054656,-0.226129671,0.170224205,0.283038705,16.861410141,-7.838432312,0.884747803
56.339626240,1788576056.925553322,1788576056.921738386,0.044262287,-0.144200377,-0.263547193,0.150840640,0.303661031,16.822649002,-7.824402809,0.858557463
56.369626240,1788576056.955559492,1788576056.951738358,0.088427584,-0.133182202,-0.288161589,0.159865370,0.329536095,16.792539597,-7.813049316,0.836639822
56.399626240,1788576056.990985870,1788576056.981738567,0.133217868,-0.106912348,-0.318417672,0.170813497,0.361340649,16.762237549,-7.801308155,0.813245416
56.439625216,1788576057.024651766,1788576057.021737576,0.189166901,-0.094204249,-0.354526805,0.211325713,0.412732132,16.723115921,-7.785869122,0.781221330
56.469625216,1788576057.056622744,1788576057.051737547,0.216493654,-0.058376145,-0.394161002,0.224225949,0.453475658,16.693092346,-7.773674011,0.754689753
56.499625216,1788576057.089567900,1788576057.081737518,0.235041396,-0.023712218,-0.426218093,0.236234475,0.487307491,16.662681580,-7.761293888,0.726991713
56.539624704,1788576057.125582933,1788576057.121737003,0.254213767,0.025764427,-0.459780904,0.255516036,0.526010385,16.623167038,-7.745249271,0.689971745
56.569624704,1788576057.155744791,1788576057.151736736,0.260181426,0.057529915,-0.485183280,0.266465881,0.553540315,16.592638016,-7.732982635,0.660609961
56.599624704,1788576057.191701174,1788576057.181736946,0.256796588,0.098481620,-0.508964503,0.275032938,0.578522240,16.561954498,-7.720974445,0.630591989
56.639623680,1788576057.225625038,1788576057.221735954,0.261366637,0.136617375,-0.527053640,0.294918338,0.603955598,16.522054672,-7.705776691,0.591256618
56.669623680,1788576057.255493641,1788576057.251736164,0.268349700,0.171008580,-0.543481098,0.318206688,0.629783455,16.491584778,-7.694316387,0.560729623
56.699623680,1788576057.292402744,1788576057.281735897,0.279389312,0.206292616,-0.565472124,0.347296748,0.663606626,16.460983276,-7.683013439,0.529700041
56.739622656,1788576057.324660063,1788576057.321734905,0.298614651,0.252700902,-0.590190905,0.391188516,0.708063387,16.420289993,-7.668385029,0.487801790
56.769622656,1788576057.356607914,1788576057.351734877,0.311443310,0.281508097,-0.602212929,0.419813940,0.734100916,16.389011383,-7.657382011,0.455200493
56.799622656,1788576057.389666796,1788576057.381734848,0.323666411,0.308608518,-0.608810009,0.447212660,0.755412993,16.358386993,-7.646584034,0.423023105
56.839621632,1788576057.426651716,1788576057.421733856,0.339039430,0.342300411,-0.620857220,0.481785540,0.785863216,16.317939758,-7.632462025,0.380267501
56.869621632,1788576057.457913876,1788576057.451734066,0.353709396,0.363951409,-0.637698613,0.507514497,0.815003365,16.287406921,-7.622179985,0.347358584
56.899621632,1788576057.491155863,1788576057.481733799,0.366288706,0.388073352,-0.666266794,0.533636901,0.853627426,16.257339478,-7.612089157,0.314460158
56.939620608,1788576057.525789738,1788576057.521732807,0.384756980,0.412503405,-0.714127636,0.564089525,0.910041358,16.217985153,-7.598921299,0.270101666
56.969620608,1788576057.555495977,1788576057.551732779,0.399229801,0.436271587,-0.755906312,0.591369032,0.959745635,16.188678741,-7.589443684,0.235478491
56.999620608,1788576057.592370987,1788576057.581732750,0.403645871,0.464311785,-0.805559997,0.615236071,1.013628300,16.159412384,-7.580205441,0.199788719
57.039620096,1788576057.626726389,1788576057.621732235,0.400213870,0.495171513,-0.870768524,0.636683571,1.078704683,16.120830536,-7.568282127,0.151210353
57.069620096,1788576057.657787085,1788576057.651732445,0.403355621,0.505472850,-0.923063674,0.646682734,1.127051509,16.092393875,-7.560068607,0.113252431
57.099620096,1788576057.691070318,1788576057.681732416,0.394317613,0.511383359,-0.984571077,0.645754845,1.177446188,16.064928055,-7.552238464,0.073923647
57.139619584,1788576057.725584745,1788576057.721731901,0.407620895,0.521321701,-1.067479220,0.661763636,1.255962975,16.030279160,-7.541457653,0.019349255
57.169619584,1788576057.755531073,1788576057.751731634,0.405801806,0.548813481,-1.120347873,0.682547685,1.311888218,16.005472183,-7.533382893,-0.023488147
57.199619584,1788576057.791619062,1788576057.781731844,0.371620961,0.592307537,-1.178217320,0.699235552,1.370082629,15.981264114,-7.525262833,-0.067665726
57.239618560,1788576057.824644804,1788576057.821730852,0.369805626,0.625614206,-1.255476994,0.726738836,1.450645311,15.949626923,-7.514298916,-0.128382832
57.269618560,1788576057.855572939,1788576057.851731062,0.322324063,0.678287582,-1.313636050,0.750977260,1.513144579,15.926746368,-7.506882668,-0.175549656
57.299618560,1788576057.890924454,1788576057.881730795,0.300148793,0.723705491,-1.376168545,0.783478739,1.583565217,15.904243469,-7.500154018,-0.224264145
57.339618048,1788576057.925691843,1788576057.921730280,0.301043235,0.764603887,-1.459888686,0.821733614,1.675267474,15.874432564,-7.491910458,-0.291666716
57.369618048,1788576057.955692053,1788576057.951730251,0.313874086,0.787856913,-1.526219987,0.848077506,1.746019159,15.852761269,-7.486535549,-0.344121814
57.399618048,1788576057.991428137,1788576057.981730223,0.356156790,0.797632305,-1.580791781,0.873535891,1.806091805,15.831513405,-7.481859684,-0.398024112
57.439617024,1788576058.024603844,1788576058.021729231,0.382574167,0.813527412,-1.691717925,0.898993794,1.915750344,15.803615570,-7.476067066,-0.472651064
57.469617024,1788576058.055528641,1788576058.051729441,0.464176195,0.795777879,-1.757305217,0.921261077,1.984148078,15.783830643,-7.471980095,-0.530845404
57.499617024,1788576058.089493513,1788576058.081729174,0.532604858,0.753914438,-1.824514163,0.923068207,2.044726594,15.765061378,-7.468006611,-0.590544403
57.539616512,1788576058.125553370,1788576058.121728659,0.588980559,0.726268102,-1.924188667,0.935074037,2.139360998,15.740800858,-7.462765694,-0.672994435
57.569616512,1788576058.155785322,1788576058.151728630,0.626982502,0.702752499,-1.989574225,0.941789856,2.201220963,15.723754883,-7.458751202,-0.736493289
57.599616512,1788576058.191251755,1788576058.181728840,0.672632013,0.655966340,-2.056676209,0.939534813,2.261115365,15.707534790,-7.454900265,-0.801391661
57.639615488,1788576058.225809813,1788576058.221727848,0.686887881,0.608679192,-2.096450926,0.917771932,2.288539230,15.686832428,-7.450336933,-0.889625847
57.669615488,1788576058.256642342,1788576058.251727819,0.686605532,0.576031067,-2.123302079,0.896235988,2.304701861,15.672529221,-7.447249889,-0.955476284
57.699615488,1788576058.290917397,1788576058.281727791,0.697812836,0.525156861,-2.154524790,0.873345569,2.324803122,15.658843994,-7.444635391,-1.021441698
57.739614464,1788576058.325579166,1788576058.321726799,0.695034766,0.489693831,-2.130850457,0.850219604,2.294209460,15.641019821,-7.441866875,-1.109134555
57.769614464,1788576058.355600595,1788576058.351726532,0.679560788,0.475133807,-2.111191662,0.829189363,2.268189858,15.628172874,-7.440372944,-1.172603130
57.799614464,1788576058.391555548,1788576058.381726742,0.683003716,0.431998146,-2.099375469,0.808156219,2.249554141,15.615517616,-7.439355373,-1.235089898
57.839613440,1788576058.425590992,1788576058.421725750,0.683454788,0.386306406,-2.045020869,0.785075210,2.190537250,15.599040985,-7.438953876,-1.316461205
57.869613440,1788576058.455557823,1788576058.451725721,0.695472719,0.338984264,-2.018488536,0.773687685,2.161686519,15.586734772,-7.438586235,-1.374743462
57.899613440,1788576058.492244720,1788576058.481725693,0.721147124,0.267321916,-1.962957524,0.769099591,2.108249611,15.574352264,-7.438457489,-1.431013227
57.939612416,1788576058.524614811,1788576058.521724701,0.723899554,0.235105348,-1.876810575,0.761120943,2.025271099,15.557937622,-7.438908577,-1.502884746
57.969612416,1788576058.555723429,1788576058.551724434,0.714666128,0.171539575,-1.836420141,0.734964966,1.978032466,15.545184135,-7.438783169,-1.553011537
57.999612416,1788576058.592400789,1788576058.581724644,0.708665898,0.129481735,-1.806472205,0.720397720,1.944817396,15.532034874,-7.438726902,-1.601097107
58.039611904,1788576058.625838757,1788576058.621724129,0.703923796,0.082588099,-1.758286770,0.708752075,1.895758917,15.514525414,-7.438958645,-1.663711667
58.069611904,1788576058.655939102,1788576058.651724339,0.707757895,0.049620747,-1.720085988,0.709495213,1.860666349,15.500452042,-7.438312054,-1.707227826
58.099611904,1788576058.692848921,1788576058.681724072,0.716584010,0.017722900,-1.650299205,0.716803142,1.799248235,15.485735893,-7.437083721,-1.748329520
58.139610112,1788576058.725109339,1788576058.721722364,0.724897994,-0.005100736,-1.539035978,0.724915940,1.701215700,15.465815544,-7.435121536,-1.799833179
58.169610112,1788576058.755549669,1788576058.751722574,0.738382896,-0.015544894,-1.457679598,0.738546508,1.634099371,15.449489594,-7.432453632,-1.833489776
58.199610112,1788576058.791236162,1788576058.781722307,0.742750546,-0.004272387,-1.376741548,0.742762833,1.564325387,15.432259560,-7.429212570,-1.863766074
58.239609088,1788576058.826710463,1788576058.821721315,0.743175277,0.012641025,-1.304241387,0.743282778,1.501171170,15.408701897,-7.425268650,-1.901664376
58.269609088,1788576058.857831478,1788576058.851721287,0.746816712,0.020610084,-1.236694885,0.747101049,1.444844011,15.389728546,-7.422114849,-1.925695539
58.299609088,1788576058.890962601,1788576058.881721258,0.744760862,0.019628229,-1.167150777,0.745019469,1.384664199,15.370009422,-7.418825150,-1.946618557
58.339608576,1788576058.925581217,1788576058.921720743,0.744527045,0.013211808,-1.076159747,0.744644259,1.308669122,15.343270302,-7.414885521,-1.972045183
58.369608576,1788576058.955500603,1788576058.951720953,0.743189643,0.005187740,-1.005991910,0.743207749,1.250750767,15.322548866,-7.411697865,-1.986244440
58.399608576,1788576058.991594076,1788576058.981720924,0.733697967,0.005791618,-0.948533268,0.733720825,1.199192065,15.301523209,-7.408109188,-1.997507215
58.439607552,1788576059.024689436,1788576059.021719694,0.729809759,0.009086488,-0.898256284,0.729866323,1.157397598,15.273383141,-7.403396130,-2.011260033
58.469607552,1788576059.055563927,1788576059.051719666,0.717639719,0.022486566,-0.878017220,0.717991931,1.134207499,15.252223015,-7.399964333,-2.018105745
58.499607552,1788576059.090810776,1788576059.081719875,0.705725867,0.041002977,-0.844588619,0.706916009,1.101390112,15.231190681,-7.396602631,-2.023204803
58.539607040,1788576059.126546860,1788576059.121719360,0.698381001,0.052080619,-0.798254559,0.700320222,1.061912781,15.203353882,-7.392359734,-2.029552698
58.569607040,1788576059.157749414,1788576059.151719332,0.690080377,0.060562430,-0.760919234,0.692732802,1.029017403,15.182891846,-7.389473915,-2.030759573
58.599607040,1788576059.191279888,1788576059.181719303,0.681563704,0.080776423,-0.731349166,0.686333674,1.002958382,15.162731171,-7.386888504,-2.030254602
58.639605760,1788576059.225562811,1788576059.221718073,0.670036499,0.100976755,-0.704798594,0.677602549,0.977694366,15.136157990,-7.383956909,-2.029911280
58.669605760,1788576059.255594969,1788576059.251718044,0.667164334,0.118772061,-0.692581889,0.677654079,0.968960641,15.116767883,-7.382331371,-2.027127266
58.699605760,1788576059.292319298,1788576059.281718016,0.660587289,0.143843641,-0.673442741,0.676066979,0.954249278,15.097736359,-7.381255627,-2.023456812
58.739604736,1788576059.324757576,1788576059.321717024,0.655419249,0.162915685,-0.658233214,0.675363541,0.943073102,15.072617531,-7.380691528,-2.019626141
58.769604736,1788576059.355597258,1788576059.351716757,0.647366515,0.183010884,-0.642087494,0.672737980,0.929974590,15.054373741,-7.381000042,-2.014637232
58.799604736,1788576059.391321421,1788576059.381716967,0.633640926,0.195120217,-0.624993233,0.663002807,0.911147224,15.036630630,-7.381888866,-2.008771181
58.839603712,1788576059.426600695,1788576059.421715975,0.621580578,0.205617751,-0.601648422,0.654706861,0.889169218,15.013252258,-7.383817673,-2.001822948
58.869603712,1788576059.457816362,1788576059.451716185,0.606561837,0.211175743,-0.567148494,0.642271327,0.856837133,14.996545792,-7.385738850,-1.994185448
58.899603712,1788576059.490816832,1788576059.481715918,0.587191684,0.217883634,-0.528558337,0.626312504,0.819537228,14.980529785,-7.388073921,-1.985189438
58.939603200,1788576059.524258137,1788576059.521715403,0.570022383,0.232867819,-0.476082388,0.615753959,0.778336289,14.959722519,-7.391921043,-1.973084569
58.969603200,1788576059.555503130,1788576059.551715374,0.554381602,0.245401828,-0.460558807,0.606268107,0.761364192,14.945104599,-7.395313740,-1.961788297
58.999603200,1788576059.591625929,1788576059.581715345,0.542302600,0.257094393,-0.456163454,0.600158010,0.753839992,14.931109428,-7.399027348,-1.950220823
59.039602176,1788576059.625705242,1788576059.621714354,0.526444591,0.268198174,-0.447131367,0.590824989,0.740945765,14.912832260,-7.404255867,-1.936660171
59.069602176,1788576059.655904531,1788576059.651714563,0.509582013,0.277046844,-0.418888098,0.580024811,0.715469091,14.900338173,-7.408373356,-1.923926234
59.099602176,1788576059.692327023,1788576059.681714535,0.527453987,0.304139390,-0.317699305,0.608858339,0.686761476,14.887542725,-7.412707329,-1.910421848
59.139601152,1788576059.724678755,1788576059.721713305,0.554498864,0.284194331,-0.313630182,0.623085394,0.697566698,14.869653702,-7.418478966,-1.892934680
59.169601152,1788576059.755680084,1788576059.751713276,0.563103727,0.337927454,-0.303228212,0.656719705,0.723345090,14.855695724,-7.422678471,-1.877997518
59.199601152,1788576059.791272402,1788576059.781713486,0.575872977,0.348437807,-0.271356758,0.673081415,0.725722455,14.841499329,-7.427386761,-1.862843156
59.239600128,1788576059.825811148,1788576059.821712494,0.568944793,0.347358583,-0.263714212,0.666600452,0.716869129,14.821982384,-7.433511257,-1.843799591
59.269600128,1788576059.855851173,1788576059.851712465,0.559440577,0.334534253,-0.239735954,0.651833511,0.694521601,14.808227539,-7.438102722,-1.828113914
59.299600128,1788576059.891196489,1788576059.881712437,0.552913463,0.344734010,-0.232846935,0.651578726,0.691933907,14.794747353,-7.442821026,-1.812458396
59.339599616,1788576059.925642252,1788576059.921711922,0.536236323,0.336903393,-0.213295327,0.633287684,0.668242610,14.777053833,-7.449274540,-1.792593122
59.369599616,1788576059.955680847,1788576059.951711655,0.524970615,0.334311163,-0.197891074,0.622380993,0.653084204,14.764415741,-7.454137325,-1.776734471
59.399599616,1788576059.992534161,1788576059.981711864,0.520986564,0.327201672,-0.179514586,0.615213730,0.640869270,14.752095222,-7.459076405,-1.760543823
59.439598336,1788576060.025758743,1788576060.021710634,0.522200943,0.319391882,-0.170929357,0.612131521,0.635548459,14.735638618,-7.465754032,-1.740213633
59.469598336,1788576060.055749416,1788576060.051710367,0.519044852,0.319332364,-0.169626890,0.609410139,0.632577267,14.723537445,-7.470527172,-1.724559307
59.499598336,1788576060.090785980,1788576060.081710577,0.531216086,0.328807895,-0.145040682,0.624744077,0.641359463,14.711186409,-7.475594997,-1.708547473
59.539597824,1788576060.126539230,1788576060.121710062,0.529297377,0.329299214,-0.135533302,0.623372830,0.637936487,14.694250107,-7.482521534,-1.688452721
59.569597824,1788576060.157829285,1788576060.151710272,0.524695705,0.338931076,-0.124557999,0.624643784,0.636941561,14.681705475,-7.487384796,-1.672777891
59.599597824,1788576060.191608667,1788576060.181710005,0.516748361,0.343928548,-0.116032314,0.620738040,0.631489677,14.669148445,-7.492455482,-1.657015443
59.639596800,1788576060.225693703,1788576060.221709013,0.507157108,0.337254814,-0.095016952,0.609055943,0.616423039,14.652502060,-7.499109745,-1.637102127
59.669596800,1788576060.255602598,1788576060.251708984,0.511158649,0.331177677,-0.089444593,0.609066350,0.615599020,14.640304565,-7.503479004,-1.621804476
59.699596800,1788576060.292265177,1788576060.281708956,0.513158305,0.335704803,-0.077157177,0.613212166,0.618047240,14.627925873,-7.507562637,-1.606423736
59.739595776,1788576060.326694965,1788576060.321707964,0.510998829,0.332512984,-0.063051954,0.609659485,0.612911280,14.611113548,-7.513164043,-1.587161422
59.769595776,1788576060.357703686,1788576060.351708174,0.504349633,0.333794464,-0.055582343,0.604803519,0.607352198,14.598962784,-7.516662121,-1.572237968
59.799595776,1788576060.391253710,1788576060.381708145,0.505878209,0.333118123,-0.043434823,0.605706568,0.607261912,14.586910248,-7.519950390,-1.557360411
59.839594752,1788576060.425690889,1788576060.421706915,0.503680758,0.337277734,-0.032126531,0.606177017,0.607027750,14.570413589,-7.524333477,-1.538568020
59.869594752,1788576060.455620289,1788576060.451706886,0.495262427,0.337831857,-0.021840924,0.599512498,0.599910211,14.558352470,-7.527209282,-1.524151206
59.899594752,1788576060.491122007,1788576060.481707096,0.488779257,0.333863281,-0.016175712,0.591920478,0.592141458,14.546529770,-7.529860973,-1.509790182
59.939594240,1788576060.525759459,1788576060.521706581,0.504011965,0.322934492,-0.005355558,0.598593975,0.598617932,14.530297279,-7.533081055,-1.491630673
59.969594240,1788576060.555538654,1788576060.551706553,0.501939734,0.327512144,0.002464277,0.599339387,0.599344453,14.518075943,-7.534803867,-1.477837324
59.999594240,1788576060.591299772,1788576060.581706524,0.491366631,0.326572381,0.009923330,0.589992107,0.590075553,14.505966187,-7.536414146,-1.464128971
60.039592960,1788576060.625844479,1788576060.621705294,0.488806969,0.318308675,0.019251092,0.583311808,0.583629394,14.489846230,-7.538694382,-1.446702480
60.069592960,1788576060.656906128,1788576060.651705265,0.493976955,0.316133429,0.026236788,0.586475556,0.587062132,14.478065491,-7.539693832,-1.433492661
60.099592960,1788576060.689566612,1788576060.681705236,0.492064839,0.316338735,0.034477656,0.584976923,0.585992073,14.466264725,-7.540515900,-1.420471668
60.139592448,1788576060.725786686,1788576060.721704721,0.485966149,0.304196175,0.045789911,0.573322257,0.575147917,14.450497627,-7.541867256,-1.403864622
60.169592448,1788576060.755606890,1788576060.751704693,0.486047766,0.311314784,0.053355149,0.577199554,0.579660329,14.438967705,-7.542281151,-1.391342163
60.199592448,1788576060.792191505,1788576060.781704664,0.482973005,0.301220838,0.056050577,0.569207270,0.571960299,14.427458763,-7.542630196,-1.379014492
60.239591936,1788576060.825768948,1788576060.821704149,0.482223242,0.305048693,0.062592043,0.570608412,0.574031117,14.411912918,-7.543251991,-1.363267303
60.269591936,1788576060.857821941,1788576060.851704359,0.480546690,0.301921738,0.069939763,0.567522560,0.571815903,14.400555611,-7.543228626,-1.351466060
60.299591936,1788576060.890788794,1788576060.881704092,0.478959880,0.295673147,0.074111818,0.562872256,0.567730339,14.389306068,-7.543056011,-1.339862347
60.339591424,1788576060.925799847,1788576060.921703577,0.476974116,0.298083369,0.080702733,0.562457112,0.568217329,14.374078751,-7.543032646,-1.325097203
60.369591424,1788576060.956586599,1788576060.951703548,0.474130721,0.295473799,0.085680657,0.558663321,0.565195436,14.363184929,-7.542620659,-1.314032555
60.399591424,1788576060.989493608,1788576060.981703758,0.470915886,0.291338344,0.089754214,0.553750668,0.560977380,14.352497101,-7.542075157,-1.303112149
60.439590400,1788576061.025754213,1788576061.021702766,0.468013619,0.284963520,0.096240237,0.547942475,0.556330063,14.338025093,-7.541603088,-1.289180875
60.469590400,1788576061.055800676,1788576061.051702738,0.465462909,0.283673298,0.101568841,0.545092891,0.554474967,14.327764511,-7.540873051,-1.278748989
60.499590400,1788576061.090884686,1788576061.081702709,0.462567392,0.279691565,0.107201235,0.540551537,0.551079004,14.317747116,-7.540028095,-1.268492103
60.539589888,1788576061.125753164,1788576061.121702194,0.458605820,0.276804936,0.111648044,0.535668060,0.547179638,14.304177284,-7.539206505,-1.255368233
60.569589888,1788576061.155900955,1788576061.151701927,0.455197991,0.272456747,0.115279873,0.530507201,0.542887962,14.294665337,-7.538189888,-1.245532274
60.599589888,1788576061.191596746,1788576061.181702137,0.451603242,0.269252802,0.119233446,0.525778052,0.539128161,14.285425186,-7.537069321,-1.235828042
60.639588864,1788576061.225734949,1788576061.221701145,0.446961378,0.266357511,0.123446876,0.520308368,0.534752212,14.272889137,-7.535885334,-1.223405719
60.669588864,1788576061.255607843,1788576061.251701355,0.442739896,0.262251650,0.128353008,0.514581911,0.530348035,14.264276505,-7.534660816,-1.214126945
60.699588864,1788576061.292266130,1788576061.281701088,0.438682886,0.259433839,0.130991668,0.509655365,0.526219924,14.255991936,-7.533370495,-1.204986572
60.739587584,1788576061.324612856,1788576061.321699858,0.433240514,0.254818115,0.135576394,0.502622736,0.520586759,14.244731903,-7.531960011,-1.193237066
60.769587584,1788576061.356509209,1788576061.351700068,0.428656300,0.251101992,0.139025802,0.496788117,0.515874604,14.237109184,-7.530497551,-1.184435129
60.799587584,1788576061.389493704,1788576061.381699800,0.423948727,0.247438645,0.142152661,0.490875143,0.511043819,14.229826927,-7.528941154,-1.175741792
60.839586304,1788576061.425739288,1788576061.421698570,0.417695292,0.242998803,0.146170035,0.483236769,0.504859836,14.219898224,-7.527170658,-1.164543390
60.869586304,1788576061.455595255,1788576061.451698780,0.412035682,0.238988594,0.148850523,0.476328617,0.499044517,14.213392258,-7.525410652,-1.156176805
60.899586304,1788576061.491204500,1788576061.481698513,0.406332180,0.235252791,0.151617875,0.469520731,0.493394058,14.207287788,-7.523550034,-1.147911310
60.939585280,1788576061.525790930,1788576061.521697521,0.399397245,0.229960748,0.155339732,0.460868859,0.486344053,14.198925972,-7.521370411,-1.137242317
60.969585280,1788576061.555513859,1788576061.551697493,0.393154352,0.226063645,0.158004221,0.453514185,0.480250403,14.193634987,-7.519327164,-1.129281402
60.999585280,1788576061.591355801,1788576061.581697464,0.386989665,0.221839120,0.160326948,0.446064565,0.474002454,14.188764572,-7.517191887,-1.121418953
61.039584000,1788576061.625700235,1788576061.621696234,0.379036953,0.216094576,0.163526800,0.436309382,0.465947305,14.182045937,-7.514634132,-1.111249447
61.069584000,1788576061.656068325,1788576061.651696205,0.372156902,0.211931449,0.165349223,0.428270591,0.459081762,14.177988052,-7.512329578,-1.103819489
61.099584000,1788576061.690904379,1788576061.681696177,0.365235290,0.207281306,0.167743056,0.419955185,0.452216861,14.174349785,-7.509940624,-1.096555233
61.139583488,1788576061.725573778,1788576061.721695662,0.356659159,0.201628549,0.169995363,0.409707002,0.443574403,14.169262886,-7.507049084,-1.087139130
61.169583488,1788576061.755507231,1788576061.751695871,0.349338105,0.197070338,0.171891658,0.401090800,0.436372057,14.166388512,-7.504474163,-1.080305576
61.199583488,1788576061.792280912,1788576061.781695843,0.342063573,0.192139276,0.173469610,0.392332754,0.428971672,14.163913727,-7.501800537,-1.073647738
61.239582976,1788576061.825575829,1788576061.821695328,0.333303718,0.186258935,0.175333663,0.381816395,0.420149560,14.160357475,-7.498526573,-1.065002918
61.269582976,1788576061.855555058,1788576061.851695061,0.325650469,0.181531140,0.176348054,0.372829429,0.412432321,14.158726692,-7.495756626,-1.058820605
61.299582976,1788576061.890795946,1788576061.881695271,0.317640944,0.176750019,0.177393353,0.363505624,0.404480828,14.157545090,-7.492929459,-1.052846670
61.339582464,1788576061.925726414,1788576061.921694756,0.308171544,0.171046802,0.178497842,0.352458095,0.395079977,14.155696869,-7.489464760,-1.045070529
61.369582464,1788576061.956517458,1788576061.951694965,0.299986617,0.166190433,0.179483709,0.342944938,0.387073161,14.155343056,-7.486580372,-1.039526105
61.399582464,1788576061.991439342,1788576061.981694698,0.291589562,0.160970933,0.179813519,0.333070734,0.378508937,14.155433655,-7.483646870,-1.034181118
61.439581184,1788576062.024664640,1788576062.021693468,0.281261081,0.155206590,0.180510361,0.321242714,0.368484561,14.155267715,-7.480046272,-1.027201772
61.469581184,1788576062.055520773,1788576062.051693678,0.271946575,0.149977341,0.180620148,0.310561013,0.359265612,14.156678200,-7.476825714,-1.022333622
61.499581184,1788576062.089514732,1788576062.081693411,0.263187458,0.144356598,0.180674785,0.300177390,0.350356737,14.157902718,-7.473807812,-1.017557979
61.539580672,1788576062.125583410,1788576062.121692896,0.252748245,0.139197614,0.181084068,0.288544019,0.340659787,14.159235001,-7.470093250,-1.011305213
61.569580672,1788576062.155810118,1788576062.151692867,0.245460820,0.135232275,0.181236654,0.280247716,0.333744673,14.159995079,-7.467536449,-1.006690383
61.599580672,1788576062.191583157,1788576062.181692839,0.235987100,0.129752601,0.180118854,0.269305865,0.323988350,14.162613869,-7.464403629,-1.002605796
61.639579648,1788576062.225535393,1788576062.221691847,0.224457001,0.124131383,0.180142728,0.256494728,0.313434120,14.165789604,-7.460549355,-0.997242630
61.669579648,1788576062.255509853,1788576062.251692057,0.214887529,0.118952950,0.180107993,0.245614443,0.304574036,14.169113159,-7.457463741,-0.993603468
61.699579648,1788576062.292301655,1788576062.281691790,0.204476161,0.111986175,0.174652689,0.233133875,0.291298756,14.172809601,-7.454359055,-0.990188897
61.739578368,1788576062.324655294,1788576062.321690559,0.195770130,0.107803243,0.180281991,0.223489336,0.287139478,14.177412987,-7.450586796,-0.985623598
61.769578368,1788576062.355583668,1788576062.351690769,0.183719583,0.105220923,0.174100844,0.211717566,0.274108431,14.181720734,-7.447545528,-0.982690871
61.799578368,1788576062.391545057,1788576062.381690741,0.172793807,0.096575777,0.177829268,0.197950954,0.266097405,14.186486244,-7.444540977,-0.979913294
61.839577088,1788576062.425719500,1788576062.421689272,0.163031668,0.092778884,0.174778067,0.187582638,0.256387634,14.192472458,-7.440841198,-0.976258695
61.869577088,1788576062.455648661,1788576062.451689482,0.153631259,0.086343889,0.172871829,0.176232320,0.246865348,14.197862625,-7.437948227,-0.973991990
61.899577088,1788576062.491123915,1788576062.481689453,0.140634497,0.084756233,0.171874861,0.164200124,0.237702858,14.203649521,-7.435110092,-0.971970260
61.939576320,1788576062.525922298,1788576062.521688461,0.129533833,0.078160278,0.169942923,0.151287947,0.227527229,14.211056709,-7.431669712,-0.969239175
61.969576320,1788576062.555638790,1788576062.551688671,0.120197889,0.073058664,0.166027205,0.140659521,0.217600858,14.217476845,-7.428986549,-0.967780650
61.999576320,1788576062.592450142,1788576062.581688643,0.110123788,0.068762794,0.166711007,0.129829005,0.211301042,14.224267960,-7.426383972,-0.966576874
62.039575552,1788576062.625881195,1788576062.621687889,0.096958127,0.064423637,0.163706012,0.116409980,0.200875438,14.233016968,-7.423243523,-0.964932501
62.069575552,1788576062.656875372,1788576062.651687860,0.087756951,0.061461952,0.161101333,0.107139414,0.193474788,14.240442276,-7.420794487,-0.964257896
62.099575552,1788576062.689544439,1788576062.681687832,0.076367198,0.059483384,0.157272468,0.096799906,0.184674987,14.248181343,-7.418413639,-0.963836551
62.139574784,1788576062.725703716,1788576062.721687078,0.062322838,0.051780786,0.155011187,0.081027069,0.174910988,14.258212090,-7.415515423,-0.963178813
62.169574784,1788576062.755635977,1788576062.751687050,0.053543350,0.045524893,0.154450132,0.070280909,0.169688684,14.266681671,-7.413340092,-0.963158190
62.199574784,1788576062.791545868,1788576062.781687021,0.043185837,0.046903754,0.149597563,0.063757185,0.162617372,14.275494576,-7.411293030,-0.963370979
62.239573504,1788576062.825731993,1788576062.821685791,0.028330843,0.042886695,0.146555974,0.051399467,0.155307949,14.286946297,-7.408814430,-0.963525176
62.269573504,1788576062.855571508,1788576062.851686001,0.019426638,0.034282178,0.145876497,0.039403832,0.151104647,14.296425819,-7.407000065,-0.964177191
62.299573504,1788576062.890797615,1788576062.881685734,0.008148832,0.034286745,0.140499661,0.035241798,0.144852128,14.306212425,-7.405342102,-0.965076625
62.339572992,1788576062.925817251,1788576062.921685219,-0.006031204,0.031047918,0.136107600,0.031628289,0.139734131,14.318936348,-7.403336048,-0.966126323
62.369572992,1788576062.955747604,1788576062.951685190,-0.017429271,0.024582751,0.137906133,0.030134550,0.141160167,14.329346657,-7.401939869,-0.967346728
62.399572992,1788576062.990967751,1788576062.981685162,-0.028323725,0.025318765,0.129762352,0.037990437,0.135209250,14.340067863,-7.400703430,-0.968763888
62.439571712,1788576063.024563313,1788576063.021683931,-0.041811191,0.020171627,0.127202359,0.046422734,0.135408679,14.354040146,-7.399242401,-0.970475793
62.469571712,1788576063.055676937,1788576063.051683903,-0.052488070,0.015693456,0.127358608,0.054783958,0.138641613,14.365309715,-7.398263931,-0.972082019
62.499571712,1788576063.091127157,1788576063.081683874,-0.062812077,0.015160473,0.121671016,0.064615764,0.137764411,14.376888275,-7.397426128,-0.973812580
62.539570432,1788576063.125734329,1788576063.121682644,-0.075924636,0.011714099,0.118690909,0.076822981,0.141383529,14.391989708,-7.396481037,-0.975934029
62.569570432,1788576063.155866861,1788576063.151682615,-0.087792308,0.008914794,0.116219291,0.088243769,0.145924249,14.404015541,-7.395894527,-0.977806449
62.599570432,1788576063.192179203,1788576063.181682587,-0.099042762,0.003355258,0.113574647,0.099099579,0.150731307,14.416314125,-7.395431995,-0.979760051
62.639569920,1788576063.225856781,1788576063.221682072,-0.112139503,0.004746278,0.108602161,0.112239901,0.156180104,14.432394981,-7.394991398,-0.982184350
62.669569920,1788576063.256548405,1788576063.251682281,-0.122514280,0.000527778,0.110137803,0.122515417,0.164743325,14.444969177,-7.394763947,-0.984174013
62.699569920,1788576063.290777445,1788576063.281682253,-0.134524093,-0.003450595,0.104148520,0.134568341,0.170163311,14.457746506,-7.394633770,-0.986214638
62.739569152,1788576063.325605631,1788576063.321681499,-0.146663617,0.001559868,0.099515586,0.146671912,0.177245597,14.474488258,-7.394659042,-0.988723397
62.769569152,1788576063.355586529,1788576063.351681471,-0.155701955,-0.010994592,0.104459894,0.156089653,0.187818660,14.487401962,-7.394766331,-0.990701258
62.799569152,1788576063.391179800,1788576063.381681442,-0.166938997,-0.003199467,0.096143247,0.166969653,0.192671713,14.500437737,-7.395042896,-0.992705286
62.839567872,1788576063.425573826,1788576063.421680212,-0.178627186,-0.006718966,0.095895824,0.178753507,0.202851732,14.517552376,-7.395545483,-0.995127797
62.869567872,1788576063.455546141,1788576063.451680183,-0.187824379,-0.012569896,0.094210397,0.188244521,0.210503203,14.530666351,-7.396110535,-0.996978462
62.899567872,1788576063.490778446,1788576063.481680155,-0.197831269,-0.011529447,0.091060423,0.198166948,0.218087459,14.543856621,-7.396849155,-0.998782814
62.939567104,1788576063.525896788,1788576063.521679401,-0.209412228,-0.008624288,0.091580832,0.209589741,0.228724525,14.561195374,-7.397990704,-1.000976682
62.969567104,1788576063.556562185,1788576063.551679373,-0.218433376,-0.015991667,0.089972205,0.219017974,0.236778104,14.574285507,-7.398936749,-1.002547979
62.999567104,1788576063.589534760,1788576063.581679344,-0.227246769,-0.015655031,0.084823126,0.227785368,0.243066116,14.587346077,-7.400008678,-1.004018784
63.039566592,1788576063.624025583,1788576063.621678829,-0.237676567,-0.021784267,0.087293279,0.238672798,0.254135439,14.604545593,-7.401550770,-1.005767107
63.069566592,1788576063.655778885,1788576063.651678801,-0.245253986,-0.017443667,0.085432425,0.245873543,0.260293101,14.617412567,-7.402766705,-1.006984472
63.099566592,1788576063.691344500,1788576063.681678772,-0.253119601,-0.016111352,0.086058720,0.253631836,0.267834299,14.630213737,-7.404026508,-1.008114815
63.139566080,1788576063.725563288,1788576063.721678257,-0.263962189,-0.023321881,0.081342268,0.264990467,0.277193997,14.647088051,-7.405795574,-1.009443879
63.169566080,1788576063.755526543,1788576063.751678467,-0.268759323,-0.018043289,0.088668397,0.269364315,0.283582825,14.659648895,-7.407210350,-1.010320902
63.199566080,1788576063.792430162,1788576063.781678438,-0.276969795,-0.023945311,0.081885241,0.278002959,0.289811729,14.672141075,-7.408635139,-1.011140704
63.239565568,1788576063.825705290,1788576063.821677923,-0.286236523,-0.020546990,0.080009552,0.286973041,0.297917865,14.688608170,-7.410667419,-1.012033582
63.269565568,1788576063.856563807,1788576063.851677656,-0.291137928,-0.024495238,0.082656100,0.292166579,0.303633563,14.700730324,-7.412228107,-1.012646914
63.299565568,1788576063.889592409,1788576063.881677866,-0.298589729,-0.020421920,0.076832807,0.299287288,0.308992170,14.712700844,-7.413850307,-1.013229132
63.339565056,1788576063.925576448,1788576063.921677351,-0.305251033,-0.020005244,0.074577551,0.305905872,0.314865390,14.728528976,-7.416095257,-1.013801932
63.369565056,1788576063.955559492,1788576063.951677322,-0.312359088,-0.022894390,0.080424094,0.313196987,0.323357987,14.739961624,-7.417753696,-1.014156461
63.399565056,1788576063.991550684,1788576063.981677294,-0.314659870,-0.022571781,0.077262406,0.315468412,0.324791931,14.751152039,-7.419395924,-1.014403939
63.439564544,1788576064.025581360,1788576064.021676779,-0.321591692,-0.023232617,0.078441484,0.322429792,0.331834352,14.765965462,-7.421679020,-1.014608741
63.469564544,1788576064.055507183,1788576064.051676750,-0.326392712,-0.018722647,0.077705433,0.326929259,0.336037013,14.776587486,-7.423270702,-1.014704466
63.499564544,1788576064.089572668,1788576064.081676722,-0.329263962,-0.030664941,0.076477050,0.330688820,0.339416904,14.786931992,-7.424853802,-1.014704108
63.539564032,1788576064.125725031,1788576064.121676207,-0.334128512,-0.015888130,0.075516532,0.334506047,0.342924251,14.800635338,-7.427064896,-1.014588237
63.569564032,1788576064.155878544,1788576064.151676416,-0.337960002,-0.024486369,0.079514309,0.338845901,0.348050385,14.810310364,-7.428548336,-1.014426947
63.599564032,1788576064.191567421,1788576064.181676388,-0.340408390,-0.030736858,0.078258617,0.341793251,0.350638044,14.819653511,-7.430061340,-1.014201880
63.639563008,1788576064.224509239,1788576064.221675158,-0.342111065,-0.026253073,0.076563538,0.343116896,0.351555372,14.832056046,-7.432115078,-1.013762474
63.669563008,1788576064.255521297,1788576064.251675129,-0.344426548,-0.028808326,0.076290051,0.345629233,0.353948779,14.840545654,-7.433430672,-1.013387203
63.699563008,1788576064.291738510,1788576064.281675339,-0.346539378,-0.022468083,0.077426574,0.347266980,0.355793802,14.848646164,-7.434686661,-1.012952924
63.739561984,1788576064.325608253,1788576064.321674347,-0.348374445,-0.028952692,0.078301424,0.349575475,0.358237526,14.859484673,-7.436429977,-1.012265801
63.769561984,1788576064.355560303,1788576064.351674318,-0.349799138,-0.023243579,0.065246364,0.350570537,0.356590506,14.866726875,-7.437586308,-1.011742234
63.799561984,1788576064.391585350,1788576064.381674290,-0.346686346,-0.023799881,0.078474430,0.347502312,0.356252850,14.873525620,-7.438666344,-1.011117220
63.839560960,1788576064.425662279,1788576064.421673298,-0.348871763,-0.023910708,0.075634544,0.349690190,0.357776205,14.882646561,-7.440226555,-1.010215878
63.869560960,1788576064.455765724,1788576064.451673031,-0.346820817,-0.021812761,0.075793988,0.347506080,0.355675701,14.888548851,-7.441261768,-1.009467244
63.899560960,1788576064.491075993,1788576064.481673241,-0.346703527,-0.025663723,0.069957744,0.347652071,0.354620992,14.894020081,-7.442205429,-1.008620024
63.939560448,1788576064.525743723,1788576064.521672726,-0.348196405,-0.027205167,0.074019551,0.349257581,0.357015058,14.901513100,-7.443525314,-1.007432580
63.969560448,1788576064.555533409,1788576064.551672935,-0.347082707,-0.016005823,0.082194353,0.347451568,0.357041319,14.906307220,-7.444434166,-1.006525040
63.999560448,1788576064.591036081,1788576064.581672668,-0.344274657,-0.020159228,0.078451584,0.344864371,0.353675113,14.910713196,-7.445224285,-1.005637169
64.039559424,1788576064.625570536,1788576064.621671677,-0.342275766,-0.019223878,0.073265383,0.342815194,0.350556805,14.916699409,-7.446331024,-1.004480124
64.069559424,1788576064.655776978,1788576064.651671648,-0.342217514,-0.015318791,0.063989652,0.342560202,0.348485534,14.920385361,-7.447039604,-1.003720999
64.099559424,1788576064.691199303,1788576064.681671619,-0.336885454,-0.024155256,0.060815785,0.337750330,0.343181941,14.923707962,-7.447769642,-1.003045082
64.139558656,1788576064.725766897,1788576064.721670866,-0.330394135,-0.024152399,0.070190113,0.331275750,0.338629997,14.928296089,-7.448785305,-1.002162814
64.169558656,1788576064.756591320,1788576064.751670837,-0.334867369,-0.020370255,0.050973317,0.335486367,0.339336679,14.931001663,-7.449346542,-1.001671314
64.199558656,1788576064.789536476,1788576064.781670809,-0.330036554,-0.019130830,0.056350645,0.330590556,0.335358779,14.933383942,-7.449954987,-1.001136065
64.239557632,1788576064.825591087,1788576064.821669817,-0.325667069,-0.022850862,0.056036774,0.326467765,0.331242090,14.936771393,-7.450869083,-1.000339389
64.269557632,1788576064.855614901,1788576064.851670027,-0.323536293,-0.024025785,0.057529314,0.324427143,0.329488381,14.938541412,-7.451398373,-0.999792278
64.299557632,1788576064.891702175,1788576064.881669998,-0.323597146,-0.014933170,0.049981992,0.323941527,0.327774789,14.940043449,-7.451975822,-0.999399483
64.339556608,1788576064.925544262,1788576064.921668768,-0.317310341,-0.021257387,0.047756108,0.318021586,0.321587275,14.942391396,-7.452814579,-0.998733342
64.369556608,1788576064.955538750,1788576064.951668739,-0.315176033,-0.017828788,0.056294860,0.315679897,0.320660114,14.943292618,-7.453355789,-0.998238087
64.399556608,1788576064.991525888,1788576064.981668949,-0.309440216,-0.015479716,0.051406712,0.309827160,0.314062922,14.943880081,-7.453929901,-0.997914732
64.439555584,1788576065.024537563,1788576065.021667957,-0.306761155,-0.016288524,0.063689105,0.307193298,0.313726034,14.944998741,-7.454919338,-0.997314811
64.469555584,1788576065.055595636,1788576065.051667929,-0.299120631,0.006681362,0.062067184,0.299195242,0.305565260,14.944902420,-7.455807209,-0.996512532
64.499555584,1788576065.091156721,1788576065.081667900,-0.293773204,-0.011594235,0.045237659,0.294001907,0.297461875,14.944379807,-7.456704617,-0.995849788
64.539554560,1788576065.125579834,1788576065.121666908,-0.291610557,-0.006097809,0.058668266,0.291674306,0.297516161,14.944130898,-7.458041191,-0.995065153
64.569554560,1788576065.155758858,1788576065.151666641,-0.290121146,-0.004117839,0.066162766,0.290150368,0.297598299,14.943284035,-7.458884239,-0.994316876
64.599554560,1788576065.191525698,1788576065.181666851,-0.283556492,-0.012879721,0.073593410,0.283848853,0.293233970,14.942174911,-7.459450245,-0.993179023
64.639553536,1788576065.224649906,1788576065.221665859,-0.263630174,-0.015983109,0.074925160,0.264114233,0.274536169,14.940732956,-7.460147858,-0.991524756
64.669553536,1788576065.255510092,1788576065.251665831,-0.256391207,-0.001149699,0.066230375,0.256393784,0.264809810,14.938780785,-7.460767746,-0.990531147
64.699553536,1788576065.292267561,1788576065.281665802,-0.255118247,-0.005493130,0.063737373,0.255177378,0.263017009,14.936561584,-7.461438656,-0.989542186
64.739552512,1788576065.324592352,1788576065.321664810,-0.255400000,-0.004782714,0.078301371,0.255444777,0.267176232,14.934249878,-7.462497234,-0.987572551
64.769552512,1788576065.356579304,1788576065.351664543,-0.246928430,-0.001522427,0.084520524,0.246933123,0.260997483,14.931893349,-7.463169098,-0.986014545
64.799552512,1788576065.389511108,1788576065.381664753,-0.236032734,0.006128543,0.064246904,0.236112283,0.244697109,14.929150581,-7.463760376,-0.984586775
64.839551488,1788576065.424504519,1788576065.421663761,-0.225311592,0.006946459,0.077306230,0.225418648,0.238306148,14.925649643,-7.464653015,-0.982593834
64.869551488,1788576065.455542326,1788576065.451663971,-0.219699073,-0.003994275,0.080804994,0.219735380,0.234121943,14.922441483,-7.465188980,-0.981201649
64.899551488,1788576065.491082668,1788576065.481663704,-0.216834828,0.005722089,0.067889278,0.216910315,0.227286249,14.919090271,-7.465611458,-0.979799628
64.939550464,1788576065.525729895,1788576065.521662712,-0.201892730,0.008447337,0.055480171,0.202069374,0.209547325,14.914870262,-7.466191769,-0.977752745
64.969550464,1788576065.555499077,1788576065.551662683,-0.182122676,-0.006402656,0.077283527,0.182235186,0.197945464,14.910895348,-7.466510296,-0.976296961
64.999550464,1788576065.591295004,1788576065.581662655,-0.160687382,0.013100307,0.083859088,0.161220510,0.181726166,14.906394958,-7.466777802,-0.974878013
65.039549440,1788576065.626575470,1788576065.621661663,-0.130909121,0.016346519,0.048649589,0.131925762,0.140610061,14.900070190,-7.466994762,-0.973472655
65.069549440,1788576065.657709360,1788576065.651661873,-0.097997160,0.003453212,0.050916246,0.098057983,0.110489058,14.894150734,-7.467002869,-0.972830236
65.099549440,1788576065.690910816,1788576065.681661606,-0.065479131,0.011614870,0.056020448,0.066501292,0.086952357,14.887395859,-7.466872215,-0.972377062
65.139548928,1788576065.725564718,1788576065.721661091,-0.018947764,0.014427756,0.066611893,0.023815497,0.070741234,14.877458572,-7.466529846,-0.971636474
65.169548928,1788576065.755619049,1788576065.751661062,0.015282446,0.005569301,0.051109660,0.016265616,0.053635507,14.868497849,-7.465874195,-0.971285701
65.199548928,1788576065.791538239,1788576065.781661272,0.054939407,0.021217409,0.079420773,0.058894116,0.098874547,14.858419418,-7.465037823,-0.970780432
65.239547904,1788576065.824692249,1788576065.821660042,0.102314812,0.017859628,0.121301159,0.103861865,0.159691134,14.843867302,-7.463802814,-0.969255865
65.269547904,1788576065.855603933,1788576065.851660252,0.142340882,0.011716011,0.123523971,0.142822238,0.188828925,14.831245422,-7.462580204,-0.967656374
65.299547904,1788576065.892310381,1788576065.881660223,0.174981724,0.036640334,0.161048016,0.178776726,0.240619163,14.817434311,-7.461341381,-0.965476811
65.339546880,1788576065.924493551,1788576065.921659231,0.221516476,0.044005853,0.204552361,0.225845222,0.304709260,14.797820091,-7.459985256,-0.961102724
65.369546880,1788576065.956528902,1788576065.951658964,0.249079943,0.052187816,0.227549146,0.254488480,0.341383948,14.781573296,-7.459064484,-0.957181573
65.399546880,1788576065.989539385,1788576065.981659174,0.279712736,0.056287595,0.218571023,0.285320010,0.359417306,14.764468193,-7.458158493,-0.953004837
65.439545856,1788576066.024589777,1788576066.021658182,0.310436099,0.062580894,0.229693789,0.316681132,0.391211166,14.741092682,-7.457234859,-0.947186828
65.469545856,1788576066.055622816,1788576066.051658154,0.334356240,0.080231885,0.209992054,0.343847714,0.402899383,14.722418785,-7.456382275,-0.943204105
65.499545856,1788576066.089546442,1788576066.081658125,0.355556852,0.084075911,0.196076871,0.365362058,0.414651146,14.703051567,-7.455567837,-0.939774096
65.539545344,1788576066.125547886,1788576066.121657610,0.383912923,0.091740294,0.151771002,0.394721946,0.422894610,14.676896095,-7.454584122,-0.936207533
65.569545344,1788576066.155715227,1788576066.151657581,0.401601066,0.095966493,0.119875408,0.412907961,0.429957088,14.656219482,-7.453732967,-0.934575856
65.599545344,1788576066.191265821,1788576066.181657553,0.415117263,0.105452643,0.080232802,0.428301998,0.435752113,14.635129929,-7.452816486,-0.933997571
65.639544320,1788576066.225695133,1788576066.221656561,0.428197778,0.104483345,-0.003281121,0.440760827,0.440773040,14.607192039,-7.451756477,-0.935705602
65.669544320,1788576066.255579948,1788576066.251656771,0.441233222,0.104701367,-0.094415137,0.453485537,0.463209834,14.585674286,-7.450799942,-0.939811110
65.699544320,1788576066.290856361,1788576066.281656504,0.446217697,0.109409879,-0.172578460,0.459435257,0.490779054,14.563925743,-7.449810505,-0.946287751
65.739543808,1788576066.325566530,1788576066.321655989,0.451624118,0.110713251,-0.237061282,0.464996524,0.521938521,14.535287857,-7.448550701,-0.957420766
65.769543808,1788576066.355433464,1788576066.351655960,0.452964791,0.112268933,-0.270006588,0.466670564,0.539152087,14.513422012,-7.447526932,-0.967620492
65.799543808,1788576066.391509533,1788576066.381656170,0.452570973,0.113506567,-0.272920684,0.466587855,0.540545951,14.491541862,-7.446402550,-0.978385270
65.839542784,1788576066.424635172,1788576066.421654940,0.456080640,0.112060979,-0.221260057,0.469645838,0.519156264,14.462903976,-7.444968224,-0.991955042
65.869542784,1788576066.455514669,1788576066.451655149,0.456753175,0.103801070,-0.181962379,0.468399535,0.502502171,14.441162109,-7.443817139,-1.001347661
65.899542784,1788576066.490726471,1788576066.481655121,0.454853885,0.106607835,-0.113992445,0.467180144,0.480886228,14.419473648,-7.442541122,-1.009157777
65.939542272,1788576066.525952578,1788576066.521654606,0.455043459,0.100615822,-0.011376763,0.466034433,0.466173276,14.391222954,-7.440917492,-1.015766382
65.969542272,1788576066.555621147,1788576066.551654339,0.446818389,0.104803269,0.084727244,0.458944875,0.466700229,14.370062828,-7.439395905,-1.018126965
65.999542272,1788576066.591263771,1788576066.581654549,0.449093716,0.086864687,0.154278830,0.457417358,0.482734499,14.349096298,-7.437576771,-1.017982960
66.039541248,1788576066.626441002,1788576066.621653557,0.443932867,0.075924178,0.259495635,0.450378586,0.519787318,14.322033882,-7.435094357,-1.013773322
66.069541248,1788576066.658563137,1788576066.651653528,0.440214740,0.085582817,0.327296559,0.448456727,0.555190483,14.301858902,-7.432806015,-1.008200765
66.099541248,1788576066.691232204,1788576066.681653500,0.435997742,0.076913597,0.397485659,0.442729864,0.594982841,14.281978607,-7.430404186,-1.000483274
66.139540224,1788576066.725590706,1788576066.721652508,0.428848754,0.069612204,0.480860777,0.434461865,0.648061880,14.256581306,-7.427035809,-0.986970782
66.169540224,1788576066.755735874,1788576066.751652241,0.418806995,0.051294765,0.544156147,0.421936549,0.688575605,14.237931252,-7.424213886,-0.974241436
66.199540224,1788576066.792226076,1788576066.781652451,0.411017062,0.056425354,0.606091311,0.414872084,0.734483167,14.219848633,-7.421317577,-0.959255576
66.239539712,1788576066.826585770,1788576066.821651936,0.387514948,0.050716462,0.686649516,0.390819644,0.790080725,14.197201729,-7.417645454,-0.936253726
66.269539712,1788576066.857831001,1788576066.851652145,0.374870731,0.043612644,0.714131110,0.377399162,0.807721097,14.180915833,-7.414788723,-0.916973889
66.299539712,1788576066.889415741,1788576066.881651878,0.362498550,0.039234050,0.750195599,0.364615564,0.834109074,14.165275574,-7.411841869,-0.896505952
66.339539200,1788576066.925610304,1788576066.921651363,0.340065915,0.032579994,0.776696937,0.341623012,0.848507168,14.145745277,-7.408282280,-0.867967427
66.369539200,1788576066.956793308,1788576066.951651335,0.320382154,0.040383429,0.794907891,0.322917243,0.857994232,14.131951332,-7.405663967,-0.845369875
66.399539200,1788576066.989507914,1788576066.981651545,0.304506128,0.029698953,0.810884194,0.305950993,0.866682863,14.118939400,-7.403051376,-0.822065949
66.439538176,1788576067.024777412,1788576067.021650314,0.279700386,0.032351383,0.812852079,0.281565122,0.860236840,14.102917671,-7.399800301,-0.790535450
66.469538176,1788576067.056910515,1788576067.051650524,0.260528126,0.031666213,0.808235852,0.262445525,0.849778116,14.091647148,-7.397529125,-0.766308069
66.499538176,1788576067.089593172,1788576067.081650496,0.241094184,0.025312994,0.796534055,0.242419374,0.832606542,14.081097603,-7.395360470,-0.742074907
66.539537664,1788576067.125642776,1788576067.121649981,0.217788749,0.018636029,0.768889854,0.218584631,0.799356521,14.068307877,-7.392606258,-0.710457087
66.569537664,1788576067.156876564,1788576067.151649714,0.197221519,0.014745765,0.749849946,0.197772003,0.775492558,14.059452057,-7.390677452,-0.687010229
66.599537664,1788576067.189634800,1788576067.181649923,0.178664083,0.018462686,0.740074600,0.179615493,0.761559018,14.051307678,-7.388918877,-0.663834214
66.639536640,1788576067.225588322,1788576067.221648932,0.153715803,0.014584554,0.729923892,0.154406143,0.746076501,14.041683197,-7.386768818,-0.633508265
66.669536640,1788576067.256809473,1788576067.251649141,0.131868282,0.011349609,0.716956758,0.132355798,0.729071361,14.035152435,-7.385307789,-0.610843420
66.699536640,1788576067.292395115,1788576067.281648874,0.111244707,0.009118026,0.712457434,0.111617755,0.721147779,14.029326439,-7.384001255,-0.588266671
66.739535616,1788576067.324987650,1788576067.321647882,0.087491092,0.005267634,0.715966621,0.087649525,0.721311750,14.022748947,-7.382454872,-0.558261454
66.769535616,1788576067.356796265,1788576067.351647854,0.069782658,0.002635071,0.713846829,0.069832392,0.717254389,14.018418312,-7.381465435,-0.535722435
66.799535616,1788576067.391147375,1788576067.381647825,0.050233217,0.003913361,0.720692699,0.050385419,0.722451837,14.014720917,-7.380678654,-0.513069928
66.839534592,1788576067.425662518,1788576067.421646833,0.025871353,0.004607204,0.720441499,0.026278380,0.720920597,14.010948181,-7.379880905,-0.482857823
66.869534592,1788576067.456709385,1788576067.451647043,0.008343565,-0.001698365,0.735688548,0.008514665,0.735737820,14.008574486,-7.379395008,-0.459911793
66.899534592,1788576067.492280245,1788576067.481646776,-0.008610281,0.003002480,0.747468921,0.009118762,0.747524541,14.006743431,-7.379052639,-0.436632454
66.939533568,1788576067.524660110,1788576067.521645784,-0.029638356,-0.001637215,0.763552313,0.029683542,0.764129078,14.005381584,-7.378794193,-0.405356646
66.969533568,1788576067.556793451,1788576067.551645756,-0.044989746,-0.000286847,0.771101996,0.044990660,0.772413392,14.004713058,-7.378674507,-0.381418705
66.999533568,1788576067.589579582,1788576067.581645727,-0.060675444,-0.000836723,0.774460096,0.060681213,0.776833734,14.004482269,-7.378572941,-0.357252300
67.039532544,1788576067.625544786,1788576067.621644735,-0.079646252,-0.007053345,0.790709795,0.079957958,0.794742257,14.005147934,-7.378589153,-0.324899971
67.069532544,1788576067.655708790,1788576067.651644945,-0.094902682,-0.004323425,0.782547814,0.095001111,0.788293278,14.005792618,-7.378621578,-0.300414622
67.099532544,1788576067.692602396,1788576067.681644917,-0.105337323,-0.006915410,0.806963743,0.105564078,0.813839209,14.006723404,-7.378664970,-0.275611252
67.139531520,1788576067.724648476,1788576067.721643686,-0.121973498,-0.007465609,0.819765613,0.122201757,0.828823823,14.008847237,-7.378833294,-0.242028400
67.169531520,1788576067.756857395,1788576067.751643658,-0.133414953,-0.014136632,0.821592695,0.134161821,0.832474594,14.010466576,-7.378954411,-0.216457292
67.199531520,1788576067.789515972,1788576067.781643867,-0.141763863,-0.014137444,0.839971463,0.142467050,0.851967675,14.012278557,-7.379034042,-0.190565243
67.239530496,1788576067.825567245,1788576067.821642637,-0.157503713,-0.013508107,0.834244587,0.158081905,0.849090054,14.015468597,-7.379323483,-0.155874938
67.269530496,1788576067.856812239,1788576067.851642847,-0.165505457,-0.018500224,0.840660954,0.166536226,0.856997756,14.017674446,-7.379410744,-0.129694656
67.299530496,1788576067.889549732,1788576067.881642818,-0.174120633,-0.017523150,0.815964037,0.175000159,0.834519242,14.019957542,-7.379445076,-0.103795566
67.339529984,1788576067.925585508,1788576067.921642303,-0.186279890,-0.019868206,0.780917388,0.187336444,0.803073416,14.023660660,-7.379685402,-0.070397958
67.369529984,1788576067.955708742,1788576067.951642036,-0.193770955,-0.014446378,0.748884975,0.194308725,0.773682485,14.026124001,-7.379804134,-0.046371639
67.399529984,1788576067.992464781,1788576067.981642246,-0.200294659,-0.013367062,0.699042100,0.200740202,0.727293948,14.028547287,-7.379909515,-0.023618553
67.439528960,1788576068.024450302,1788576068.021641254,-0.208558592,-0.022495960,0.630324664,0.209768335,0.664313131,14.032332420,-7.380162716,0.004318120
67.469528960,1788576068.056690931,1788576068.051641226,-0.214935139,-0.012224967,0.570376387,0.215282521,0.609652185,14.034790993,-7.380328178,0.023215322
67.499528960,1788576068.090708733,1788576068.081641197,-0.220927288,-0.019357370,0.493581050,0.221773701,0.541115355,14.037165642,-7.380536079,0.040123470
67.539528448,1788576068.125451565,1788576068.121640682,-0.229315906,-0.021385942,0.384053069,0.230310971,0.447816818,14.040808678,-7.380946636,0.058984861
67.569528448,1788576068.155726671,1788576068.151640654,-0.232991272,-0.015669530,0.298224836,0.233517594,0.378772385,14.043099403,-7.381170273,0.070122845
67.599528448,1788576068.192287445,1788576068.181640625,-0.236830759,-0.021425552,0.202277073,0.237797945,0.312192052,14.045297623,-7.381416798,0.078499049
67.639527936,1788576068.225525141,1788576068.221640110,-0.244697375,-0.023849571,0.076837079,0.245856884,0.257584052,14.048700333,-7.381909847,0.085127816
67.669527936,1788576068.255683422,1788576068.251640320,-0.249485074,-0.018008630,-0.017425167,0.250134190,0.250740402,14.050833702,-7.382049084,0.086621962
67.699527936,1788576068.292233229,1788576068.281640291,-0.254517407,-0.016763580,-0.114570661,0.255068869,0.279618605,14.052874565,-7.382160664,0.085301861
67.739526912,1788576068.324506998,1788576068.321639061,-0.260752485,-0.025101304,-0.219275360,0.261957886,0.341619112,14.056110382,-7.382389069,0.079581968
67.769526912,1788576068.355821609,1788576068.351639032,-0.263703922,-0.022076021,-0.284421895,0.264626358,0.388487997,14.058062553,-7.382351875,0.072262093
67.799526912,1788576068.392344475,1788576068.381639242,-0.266584683,-0.032326627,-0.346308908,0.268537528,0.438226270,14.059906006,-7.382288933,0.062889367
67.839526400,1788576068.425457239,1788576068.421638727,-0.270113838,-0.027641625,-0.386667279,0.271524483,0.472479766,14.062875748,-7.382326603,0.047869407
67.869526400,1788576068.455681562,1788576068.451638699,-0.274072508,-0.022654548,-0.439368278,0.275007215,0.518337199,14.064656258,-7.382106781,0.034653414
67.899526400,1788576068.492353201,1788576068.481638670,-0.275520833,-0.026297444,-0.473550822,0.276772985,0.548501291,14.066324234,-7.381888866,0.020331984
67.939525376,1788576068.524666309,1788576068.521637678,-0.278106337,-0.026611975,-0.487270485,0.279376684,0.561679497,14.069117546,-7.381610870,0.000189181
67.969525376,1788576068.555710793,1788576068.551637411,-0.279651489,-0.028571448,-0.485693895,0.281107244,0.561177193,14.070808411,-7.381151676,-0.015685411
67.999525376,1788576068.592292786,1788576068.581637621,-0.279782347,-0.021995607,-0.490699922,0.280645628,0.565286107,14.072452545,-7.380635738,-0.031884149
68.039524608,1788576068.625649452,1788576068.621636868,-0.281836669,-0.029922614,-0.467242453,0.283420660,0.546482186,14.075238228,-7.380076885,-0.052909471
68.069524608,1788576068.655864716,1788576068.651636839,-0.281613879,-0.028883099,-0.449723335,0.283091169,0.531405390,14.076932907,-7.379347801,-0.068426974
68.099524608,1788576068.692859650,1788576068.681636810,-0.282016974,-0.022961224,-0.412460344,0.282950157,0.500184293,14.078603745,-7.378457069,-0.083371289
68.139523584,1788576068.724523306,1788576068.721635818,-0.282958570,-0.029652150,-0.381583419,0.284508000,0.475973432,14.081476212,-7.377413750,-0.101968423
68.169523584,1788576068.755713701,1788576068.751636028,-0.282162804,-0.026955814,-0.347527391,0.283447462,0.448461539,14.083379745,-7.376236439,-0.115034595
68.199523584,1788576068.792633772,1788576068.781635761,-0.284689234,-0.034471787,-0.325880441,0.286768659,0.434090227,14.085358620,-7.374806881,-0.127387643
68.239523072,1788576068.825438738,1788576068.821635246,-0.286044067,-0.030179899,-0.291875198,0.287631769,0.409784291,14.088606834,-7.373146057,-0.142517045
68.269523072,1788576068.855703592,1788576068.851635218,-0.285177491,-0.033681695,-0.266637560,0.287159639,0.391862535,14.090991020,-7.371530056,-0.152915552
68.299523072,1788576068.889655352,1788576068.881635427,-0.285068589,-0.034160995,-0.247027175,0.287108123,0.378752557,14.093487740,-7.369754791,-0.162521064
68.339522560,1788576068.925701618,1788576068.921634912,-0.287900986,-0.035608656,-0.220662290,0.290094733,0.364481550,14.097357750,-7.367561817,-0.174175084
68.369522560,1788576068.956910133,1788576068.951634884,-0.285547990,-0.033301049,-0.190693757,0.287483242,0.344979309,14.100468636,-7.365592003,-0.182018578
68.399522560,1788576068.989535570,1788576068.981634855,-0.286346612,-0.036352191,-0.169889832,0.288644876,0.334930469,14.103806496,-7.363536835,-0.189099044
68.439521536,1788576069.024457455,1788576069.021633863,-0.288540306,-0.036538246,-0.149986841,0.290844549,0.327240896,14.108819962,-7.360939980,-0.197576568
68.469521536,1788576069.055746078,1788576069.051633596,-0.290593681,-0.041185063,-0.130322310,0.293497694,0.321130505,14.113028526,-7.358745098,-0.202954680
68.499521536,1788576069.092303753,1788576069.081633806,-0.293326203,-0.043738311,-0.126617555,0.296569219,0.322467528,14.117605209,-7.356383324,-0.207577258
68.539520512,1788576069.124719381,1788576069.121632814,-0.294752197,-0.046197855,-0.100275998,0.298350632,0.314751292,14.124212265,-7.353423595,-0.212972283
68.569520512,1788576069.155681610,1788576069.151632786,-0.297408525,-0.049119956,-0.095360915,0.301437557,0.316161834,14.129991531,-7.350908756,-0.216131300
68.599520512,1788576069.192316771,1788576069.181632757,-0.299953725,-0.041143535,-0.080620060,0.302762329,0.313312339,14.136319160,-7.348334312,-0.218677118
68.639520000,1788576069.225643873,1788576069.221632242,-0.302753688,-0.048008740,-0.072657552,0.306536514,0.315029768,14.145253181,-7.345064640,-0.221564010
68.669520000,1788576069.255801201,1788576069.251632214,-0.305059573,-0.049278600,-0.052857202,0.309014115,0.313502164,14.152972221,-7.342394352,-0.222736821
68.699520000,1788576069.292354107,1788576069.281632185,-0.309312738,-0.046053528,-0.040322528,0.312722397,0.315311281,14.161335945,-7.339715958,-0.223380819
68.739518976,1788576069.324526548,1788576069.321631193,-0.312917548,-0.049059452,-0.032697292,0.316739990,0.318423200,14.172871590,-7.336483955,-0.223862037
68.769518976,1788576069.355635881,1788576069.351631403,-0.314708134,-0.049719100,-0.017905502,0.318611360,0.319114095,14.182850838,-7.333791256,-0.223437592
68.799518976,1788576069.392264128,1788576069.381631136,-0.319145154,-0.042843837,-0.008499044,0.322008111,0.322120253,14.193551064,-7.331144333,-0.222551629
68.839518464,1788576069.425466537,1788576069.421630621,-0.324511457,-0.044213272,-0.002866129,0.327509540,0.327522081,14.208150864,-7.327892303,-0.221034110
68.869518464,1788576069.455664873,1788576069.451630592,-0.329118074,-0.055101748,0.002599608,0.333698830,0.333708956,14.220554352,-7.325345039,-0.219202191
68.899518464,1788576069.492333651,1788576069.481630802,-0.332914392,-0.049114041,0.004604348,0.336517728,0.336549226,14.233731270,-7.322786808,-0.217036813
68.939517440,1788576069.524469614,1788576069.521629810,-0.338509349,-0.047479434,0.010161514,0.341822873,0.341973877,14.251487732,-7.319693565,-0.214069337
68.969517440,1788576069.556904078,1788576069.551629782,-0.340849095,-0.054503741,0.013806841,0.345179321,0.345455341,14.266465187,-7.317324638,-0.211369455
68.999517440,1788576069.589478970,1788576069.581629753,-0.348645929,-0.054931102,0.004047603,0.352946752,0.352969960,14.282272339,-7.314931870,-0.208339766
69.039520256,1788576069.625431061,1788576069.621632576,-0.352005639,-0.056626672,0.011319349,0.356531275,0.356710916,14.303374290,-7.312005043,-0.204297811
69.069520256,1788576069.655674219,1788576069.651632547,-0.356640610,-0.055439012,0.014553616,0.360923827,0.361217133,14.320955276,-7.309736729,-0.200886339
69.099520256,1788576069.692620993,1788576069.681632519,-0.359429387,-0.056763866,0.018743081,0.363884075,0.364366469,14.339333534,-7.307569981,-0.197288677
69.139518976,1788576069.724672556,1788576069.721631289,-0.361055290,-0.048022504,0.021128667,0.364234929,0.364847234,14.363678932,-7.304912567,-0.192696720
69.169518976,1788576069.755684376,1788576069.751631260,-0.367287326,-0.064140040,0.017964461,0.372845711,0.373278243,14.383608818,-7.302948475,-0.189042300
69.199518976,1788576069.792140961,1788576069.781631231,-0.367880812,-0.046063610,0.021774153,0.370753487,0.371392329,14.404241562,-7.301131725,-0.185335755
69.239518208,1788576069.825806856,1788576069.821630478,-0.369252366,-0.047196130,0.017511173,0.372256343,0.372667984,14.431361198,-7.298975468,-0.180658832
69.269518208,1788576069.856720924,1788576069.851630688,-0.372630032,-0.056569455,0.007232599,0.376899514,0.376968904,14.453186989,-7.297352314,-0.177049607
69.299518208,1788576069.892721653,1788576069.881630421,-0.375415992,-0.048667800,0.003192719,0.378557422,0.378570885,14.475614548,-7.295832157,-0.173463792
69.339517184,1788576069.924715996,1788576069.921629429,-0.373802627,-0.050829248,-0.001986356,0.377242649,0.377247879,14.504924774,-7.294080734,-0.168983310
69.369517184,1788576069.955667973,1788576069.951629400,-0.368636144,-0.049398752,0.001843137,0.371931234,0.371935801,14.528238297,-7.292807579,-0.165563986
69.399517184,1788576069.992020845,1788576069.981629372,-0.366862255,-0.045761368,-0.008074865,0.369705311,0.369793484,14.551929474,-7.291702271,-0.162195146
69.439516160,1788576070.025542974,1788576070.021628380,-0.360972698,-0.044885053,-0.008357851,0.363752603,0.363848609,14.582647324,-7.290470123,-0.157983527
69.469516160,1788576070.055657387,1788576070.051628590,-0.357639826,-0.044211437,-0.011982788,0.360362174,0.360561345,14.606917381,-7.289567471,-0.154842377
69.499516160,1788576070.090688705,1788576070.081628323,-0.352082229,-0.036984693,-0.006594801,0.354019440,0.354080859,14.631488800,-7.288754463,-0.151762187
69.539515392,1788576070.125571489,1788576070.121627569,-0.342724389,-0.033490032,-0.007911682,0.344356776,0.344447650,14.663169861,-7.287914753,-0.147939414
69.569515392,1788576070.156662941,1788576070.151627779,-0.336593621,-0.037261993,-0.022022356,0.338649851,0.339365151,14.687860489,-7.287326336,-0.145194367
69.599515392,1788576070.189415932,1788576070.181627750,-0.328204172,-0.031318180,-0.026821020,0.329695021,0.330784180,14.712656021,-7.286798477,-0.142655581
69.639514368,1788576070.225578547,1788576070.221626520,-0.313448383,-0.028129881,-0.028228532,0.314708085,0.315971563,14.744320869,-7.286362171,-0.139508247
69.669514368,1788576070.256694794,1788576070.251626492,-0.303287826,-0.024091064,-0.024653428,0.304243134,0.305240358,14.768626213,-7.286082745,-0.137308568
69.699514368,1788576070.292147875,1788576070.281626701,-0.292488461,-0.024677264,-0.031463753,0.293527626,0.295209138,14.792784691,-7.285912991,-0.135238916
69.739513088,1788576070.324929953,1788576070.321625233,-0.274582722,-0.017105631,-0.031512028,0.275115019,0.276913852,14.823410034,-7.285873413,-0.132835016
69.769513088,1788576070.356711626,1788576070.351625204,-0.260248002,-0.011115975,-0.033581297,0.260485292,0.262640993,14.846558571,-7.285950184,-0.131239787
69.799513088,1788576070.392303467,1788576070.381625414,-0.245064179,-0.010357828,-0.026059237,0.245282972,0.246663374,14.869283676,-7.286269665,-0.129775524
69.839512576,1788576070.425644398,1788576070.421624899,-0.225657797,-0.001465251,-0.033019419,0.225662554,0.228065496,14.897855759,-7.286890984,-0.128103942
69.869512576,1788576070.456801653,1788576070.451624870,-0.211118587,0.008920855,-0.035254843,0.211306979,0.214227783,14.919185638,-7.287533760,-0.127069041
69.899512576,1788576070.489403725,1788576070.481624842,-0.196796481,0.009123414,-0.035253240,0.197007846,0.200137159,14.939992905,-7.288286686,-0.126209021
69.939512064,1788576070.525698900,1788576070.521624327,-0.176078577,0.012562705,-0.040243171,0.176526165,0.181055240,14.965923309,-7.289433002,-0.125173807
69.969512064,1788576070.556905985,1788576070.551624298,-0.158074693,0.021005493,-0.025298914,0.159464226,0.161458584,14.985054016,-7.290410042,-0.124582782
69.999512064,1788576070.589568853,1788576070.581624269,-0.140545190,0.025386884,-0.028236782,0.142819621,0.145584203,15.003471375,-7.291595936,-0.124017112
70.039511040,1788576070.625595331,1788576070.621623278,-0.116305923,0.032156505,-0.022228286,0.120669419,0.122699655,15.026164055,-7.293280602,-0.123439118
70.069511040,1788576070.655805349,1788576070.651623487,-0.100902719,0.039429163,-0.027960660,0.108332902,0.111883046,15.042609215,-7.294754505,-0.123038456
70.099511040,1788576070.692239523,1788576070.681623220,-0.083398516,0.040080009,-0.029736932,0.092529561,0.097190559,15.058259964,-7.296361446,-0.122737870
70.139510272,1788576070.724493265,1788576070.721622467,-0.061061410,0.049748623,-0.022603694,0.078761801,0.081941127,15.077258110,-7.298687935,-0.122412197
70.169510272,1788576070.755991220,1788576070.751622677,-0.041029909,0.058996973,-0.022029168,0.071861646,0.075162361,15.090798378,-7.300630569,-0.122171260
70.199510272,1788576070.789417744,1788576070.781622410,-0.022981305,0.066623846,-0.014502044,0.070476076,0.071952669,15.103437424,-7.302762032,-0.121909723
70.239509248,1788576070.825654984,1788576070.821621418,0.001781148,0.080209697,-0.016922362,0.080229471,0.081994721,15.118456841,-7.305750847,-0.121622607
70.269509248,1788576070.855810881,1788576070.851621389,0.020392010,0.074749485,-0.003753017,0.077481092,0.077571932,15.128831863,-7.308214664,-0.121371776
70.299509248,1788576070.889483929,1788576070.881621599,0.040330196,0.087090658,0.000400648,0.095975556,0.095976393,15.138274193,-7.310841560,-0.121081948
70.339508736,1788576070.925690413,1788576070.921621084,0.063911445,0.090749287,0.007965372,0.110995972,0.111281414,15.149097443,-7.314387321,-0.120743677
70.369508736,1788576070.955825567,1788576070.951621056,0.081593936,0.093230302,-0.004296861,0.123892936,0.123967426,15.156379700,-7.317365170,-0.120467901
70.399508736,1788576070.992071867,1788576070.981621027,0.100435311,0.100866314,0.009988951,0.142342070,0.142692131,15.162785530,-7.320410252,-0.120156437
70.439507456,1788576071.025714874,1788576071.021619797,0.122947794,0.107487768,0.006870017,0.163308850,0.163453288,15.169590950,-7.324578762,-0.119726107
70.469507456,1788576071.055985212,1788576071.051619768,0.142484582,0.109781461,0.016654891,0.179871692,0.180641111,15.173803329,-7.328095913,-0.119501472
70.499507456,1788576071.092443705,1788576071.081619740,0.158612322,0.122701479,0.015646336,0.200533093,0.201142560,15.177120209,-7.331834316,-0.119260266
70.539506432,1788576071.124538422,1788576071.121618748,0.180307269,0.130630399,0.017749844,0.222654468,0.223360850,15.180015564,-7.336820126,-0.118984602
70.569506432,1788576071.155874729,1788576071.151618481,0.194785483,0.125318356,0.020198907,0.231616223,0.232495313,15.181315422,-7.340987682,-0.118645325
70.599506432,1788576071.192224026,1788576071.181618690,0.206687593,0.135829169,0.022899699,0.247324330,0.248382206,15.181891441,-7.345355511,-0.118342094
70.639505664,1788576071.225634813,1788576071.221617937,0.222044665,0.138539940,0.029564104,0.261719598,0.263384100,15.181390762,-7.351165295,-0.117892340
70.669505664,1788576071.255897999,1788576071.251617908,0.232463908,0.136645531,0.018360598,0.269650644,0.270275010,15.180295944,-7.355974674,-0.117501684
70.699505664,1788576071.292155981,1788576071.281617880,0.240180019,0.149916060,0.020022556,0.283127651,0.283834757,15.178584099,-7.361022949,-0.117143065
70.739504384,1788576071.324495077,1788576071.321616650,0.252678903,0.149724585,0.015233567,0.293707472,0.294102262,15.175255775,-7.367667675,-0.116614021
70.769504384,1788576071.356680632,1788576071.351616621,0.261836281,0.146491180,0.027525974,0.300029838,0.301289865,15.172043800,-7.373138428,-0.116274960
70.799504384,1788576071.389389277,1788576071.381616592,0.270829626,0.158727426,0.022831218,0.313915724,0.314744891,15.168231964,-7.378844261,-0.115911238
70.839503104,1788576071.425688982,1788576071.421615362,0.281684215,0.161679405,0.022954552,0.324786432,0.325596588,15.162235260,-7.386327267,-0.115523823
70.869503104,1788576071.455776215,1788576071.451615334,0.287801801,0.160650046,0.028244983,0.329603267,0.330811265,15.157058716,-7.392453671,-0.115331255
70.899503104,1788576071.492322445,1788576071.481615305,0.290391258,0.162418287,0.016595030,0.332726288,0.333139877,15.151367188,-7.398766041,-0.115227684
70.939501824,1788576071.524655342,1788576071.521614075,0.301215285,0.169255778,0.026773711,0.345511456,0.346547252,15.142992020,-7.407029152,-0.115036406
70.969501824,1788576071.555648804,1788576071.551614046,0.305366225,0.167329516,0.015854614,0.348206402,0.348567163,15.136091232,-7.413679600,-0.115125299
70.999501824,1788576071.592228889,1788576071.581614017,0.313418513,0.168745382,0.019386034,0.355958100,0.356485606,15.128721237,-7.420571327,-0.115321770
71.039501056,1788576071.625567436,1788576071.621613264,0.318802483,0.160073166,0.023816352,0.356733012,0.357527146,15.118304253,-7.429411411,-0.115477815
71.069501056,1788576071.656766176,1788576071.651613235,0.322511583,0.173407316,0.011019900,0.366174574,0.366340356,15.109933853,-7.436503887,-0.115881667
71.099501056,1788576071.689436913,1788576071.681613207,0.328931870,0.164312930,0.032011560,0.367688610,0.369079468,15.101151466,-7.443706512,-0.116353676
71.139504640,1788576071.724511147,1788576071.721616983,0.334359226,0.167317094,0.019315154,0.373886483,0.374385065,15.088910103,-7.453049660,-0.116967782
71.169504640,1788576071.755740404,1788576071.751616955,0.337516089,0.174539401,0.030431487,0.379975148,0.381191800,15.079156876,-7.460256577,-0.117689356
71.199504640,1788576071.791576385,1788576071.781616926,0.343469567,0.166855051,0.024971354,0.381853312,0.382668943,15.068991661,-7.467471600,-0.118420273
71.239503616,1788576071.824629307,1788576071.821615934,0.348748110,0.163953388,0.026221609,0.385364707,0.386255783,15.055058479,-7.476639271,-0.119319856
71.269503616,1788576071.855671883,1788576071.851615667,0.353020000,0.162293582,0.029471817,0.388538707,0.389654866,15.043996811,-7.483674526,-0.120249607
71.299503616,1788576071.892304659,1788576071.881615877,0.355193142,0.161220840,0.021349154,0.390069644,0.390653444,15.032551765,-7.490643024,-0.121355444
71.339502336,1788576071.924485207,1788576071.921614647,0.357370022,0.159948046,0.029310438,0.391531238,0.392626810,15.017051697,-7.499513626,-0.122690789
71.369502336,1788576071.955849886,1788576071.951614380,0.358834877,0.153142108,0.023050594,0.390147375,0.390827716,15.004876137,-7.506227493,-0.124096707
71.399502336,1788576071.992186069,1788576071.981614590,0.359490421,0.154550389,0.016740584,0.391304467,0.391662397,14.992376328,-7.512894154,-0.125658453
71.439501056,1788576072.024402857,1788576072.021613359,0.362364382,0.148458852,0.021588290,0.391596701,0.392191318,14.975562096,-7.521352768,-0.127423018
71.469501056,1788576072.055666685,1788576072.051613092,0.366929654,0.149158757,0.031279915,0.396088003,0.397321204,14.962370872,-7.527734756,-0.129183739
71.499501056,1788576072.092213154,1788576072.081613302,0.368073511,0.149250873,0.028864025,0.397182493,0.398229914,14.948888779,-7.533931255,-0.131124943
71.539500032,1788576072.124641180,1788576072.121612310,0.371137138,0.140392726,0.024034038,0.396803342,0.397530537,14.930830956,-7.541678429,-0.133495972
71.569500032,1788576072.155647039,1788576072.151612520,0.372807443,0.130369469,0.034264744,0.394945044,0.396428632,14.916740417,-7.547358990,-0.135715187
71.599500032,1788576072.192790985,1788576072.181612253,0.374660407,0.124290011,0.030717585,0.394738429,0.395931809,14.902383804,-7.552818775,-0.138043419
71.639499520,1788576072.225641489,1788576072.221611738,0.376697168,0.119369277,0.034851924,0.395157919,0.396691867,14.883300781,-7.559501171,-0.140943334
71.669499520,1788576072.255841494,1788576072.251611710,0.376412768,0.118679455,0.040291448,0.394678838,0.396730117,14.868354797,-7.564410686,-0.143400803
71.699499520,1788576072.292732000,1788576072.281611681,0.376306593,0.111165016,0.035025410,0.392382865,0.393943006,14.853114128,-7.569143295,-0.145960644
71.739498496,1788576072.324436665,1788576072.321610689,0.377741566,0.120980782,0.044386325,0.396642207,0.399118010,14.832839012,-7.575306416,-0.149032399
71.769498496,1788576072.355726480,1788576072.351610899,0.378563176,0.125352054,0.048319364,0.398777150,0.401693884,14.816836357,-7.579976559,-0.151750624
71.799498496,1788576072.389373779,1788576072.381610870,0.379605832,0.124469035,0.040138189,0.399491087,0.401502432,14.800469398,-7.584654331,-0.154651105
71.839497472,1788576072.425462008,1788576072.421609640,0.378542463,0.135564784,0.048557008,0.402084825,0.405006160,14.778762817,-7.590887547,-0.158059925
71.869497472,1788576072.455658913,1788576072.451609612,0.376845536,0.143034628,0.047174057,0.403077490,0.405828602,14.761549950,-7.595681190,-0.161075011
71.899497472,1788576072.492233276,1788576072.481609821,0.378911429,0.154023438,0.054293306,0.409019670,0.412607384,14.743902206,-7.600589752,-0.164207771
71.939496192,1788576072.524414539,1788576072.521608353,0.376598200,0.158024628,0.055587024,0.408409093,0.412174605,14.720599174,-7.607134342,-0.167939857
71.969496192,1788576072.555792570,1788576072.551608324,0.373596735,0.161198322,0.050153993,0.406889935,0.409969319,14.702131271,-7.612134933,-0.171210617
71.999496192,1788576072.588594437,1788576072.581608534,0.374375012,0.177089472,0.056535889,0.414146509,0.417987604,14.683278084,-7.617211342,-0.174479857
72.039494912,1788576072.624472141,1788576072.621607065,0.371463816,0.175842125,0.059823626,0.410981531,0.415312756,14.658518791,-7.623884201,-0.178294584
72.069494912,1788576072.655765533,1788576072.651607037,0.369445024,0.166519964,0.046295109,0.405238848,0.407874688,14.639016151,-7.628776550,-0.181521475
72.099494912,1788576072.689440489,1788576072.681607246,0.368289519,0.161086160,0.061846890,0.401977513,0.406707461,14.619260788,-7.633323193,-0.184760973
72.139494144,1788576072.724152565,1788576072.721606493,0.364371916,0.141469077,0.060959817,0.390871325,0.395596375,14.593607903,-7.638579369,-0.188450798
72.169494144,1788576072.755678415,1788576072.751606226,0.361786809,0.115498674,0.066274072,0.379775775,0.385515099,14.573705673,-7.641787529,-0.191456407
72.199494144,1788576072.792246580,1788576072.781606436,0.360476379,0.106035183,0.079621346,0.375748160,0.384091445,14.553742409,-7.644367695,-0.194401711
72.239493376,1788576072.826540947,1788576072.821605682,0.352768774,0.072906164,0.074454061,0.360223704,0.367837632,14.528059959,-7.646705151,-0.197841018
72.269493376,1788576072.857737064,1788576072.851605415,0.351364776,0.059086707,0.087395352,0.356298253,0.366860181,14.508250237,-7.647374630,-0.200622290
72.299493376,1788576072.889416218,1788576072.881605625,0.344492546,0.032278961,0.082862843,0.346001511,0.355785464,14.488461494,-7.647294044,-0.203420967
72.339496192,1788576072.925441504,1788576072.921608448,0.338043730,0.013545450,0.087912036,0.338315005,0.349550524,14.463111877,-7.646284103,-0.206585199
72.369496192,1788576072.955677986,1788576072.951608419,0.334460826,-0.009753090,0.097649564,0.334602999,0.348560761,14.443664551,-7.644357204,-0.209178358
72.399496192,1788576072.989408493,1788576072.981608391,0.327247009,-0.015952965,0.091643160,0.327635624,0.340211068,14.424303055,-7.641726971,-0.211824417
72.439494912,1788576073.024481297,1788576073.021607161,0.320071317,-0.034069904,0.103356588,0.321879490,0.338066547,14.399591446,-7.637473106,-0.214760020
72.469494912,1788576073.055680275,1788576073.051607132,0.313430099,-0.055096046,0.101795970,0.318235763,0.334120368,14.380702972,-7.633023262,-0.217185751
72.499494912,1788576073.092063427,1788576073.081607103,0.305352810,-0.066558144,0.098814161,0.312522520,0.327772122,14.361948967,-7.627886772,-0.219608486
72.539494144,1788576073.124112129,1788576073.121606350,0.297567002,-0.080124419,0.109532647,0.308165610,0.327052663,14.338037491,-7.620656013,-0.222217858
72.569494144,1788576073.155761957,1788576073.151606321,0.289477187,-0.089305026,0.112589305,0.302939646,0.323185366,14.319799423,-7.614151955,-0.224296167
72.599494144,1788576073.192113638,1788576073.181606293,0.281502257,-0.093100567,0.106830719,0.296498291,0.315157166,14.301723480,-7.607126236,-0.226387456
72.639493120,1788576073.225620270,1788576073.221605301,0.271289848,-0.102669630,0.119910595,0.290067638,0.313875430,14.278801918,-7.597589493,-0.228473797
72.669493120,1788576073.255786896,1788576073.251605511,0.262510786,-0.107577322,0.115241094,0.283698420,0.306211206,14.261383057,-7.589526653,-0.230129331
72.699493120,1788576073.288598299,1788576073.281605482,0.253803965,-0.111371699,0.125077302,0.277164406,0.304079659,14.244212151,-7.580988884,-0.231703803
72.739491840,1788576073.324511051,1788576073.321604013,0.240836840,-0.115604981,0.126058494,0.267145831,0.295394040,14.222525597,-7.569665432,-0.233166769
72.769491840,1788576073.355644703,1788576073.351604223,0.232580338,-0.131833493,0.126731807,0.267345626,0.295862526,14.206256866,-7.560349941,-0.234325528
72.799491840,1788576073.392250538,1788576073.381604195,0.221621892,-0.125340646,0.134012150,0.254610566,0.287725211,14.190346718,-7.550636768,-0.235387906
72.839491072,1788576073.425410748,1788576073.421603441,0.206782061,-0.137209568,0.130960745,0.248163830,0.280599364,14.170461655,-7.537768841,-0.236282825
72.869491072,1788576073.455681086,1788576073.451603413,0.195987856,-0.145246970,0.137467340,0.243942456,0.280009270,14.155726433,-7.527468204,-0.236965746
72.899491072,1788576073.492192745,1788576073.481603384,0.185369685,-0.143788984,0.147576726,0.234600068,0.277157143,14.141446114,-7.516935349,-0.237442851
72.939489792,1788576073.524394274,1788576073.521602154,0.168977523,-0.151952208,0.141779457,0.227250691,0.267851248,14.123741150,-7.503127575,-0.237563506
72.969489792,1788576073.556837797,1788576073.551602125,0.157998132,-0.149899133,0.150382045,0.217791551,0.264665675,14.110703468,-7.492257118,-0.237531617
72.999489792,1788576073.589490891,1788576073.581602097,0.143008520,-0.164323410,0.143429040,0.217838518,0.260817003,14.098192215,-7.481217861,-0.237412408
73.039488512,1788576073.625370979,1788576073.621600866,0.128439447,-0.159822533,0.153648234,0.205036420,0.256218097,14.082840919,-7.466834068,-0.236721992
73.069488512,1788576073.655662775,1788576073.651600838,0.113865750,-0.167766857,0.149440308,0.202758791,0.251879997,14.071599007,-7.455676079,-0.235945702
73.099488512,1788576073.689415216,1788576073.681600809,0.103238036,-0.158031842,0.156058137,0.188764815,0.244921002,14.060837746,-7.444540501,-0.235040888
73.139487744,1788576073.724114418,1788576073.721600056,0.086849977,-0.164040868,0.160747598,0.185613375,0.245544528,14.047791481,-7.430128574,-0.233368441
73.169487744,1788576073.755670786,1788576073.751600027,0.073884490,-0.161805583,0.152030537,0.177876261,0.233994121,14.038322449,-7.419248104,-0.231886312
73.199487744,1788576073.792076349,1788576073.781599998,0.061226781,-0.157941267,0.164311153,0.169393514,0.235992199,14.029360771,-7.408519268,-0.230139092
73.239486976,1788576073.824080229,1788576073.821599245,0.044278220,-0.159477479,0.167109024,0.165510202,0.235200027,14.018697739,-7.394804955,-0.227473229
73.269486976,1788576073.855813742,1788576073.851599455,0.030709673,-0.153037188,0.165814340,0.156088004,0.227723210,14.011069298,-7.384743690,-0.225092784
73.299486976,1788576073.892210484,1788576073.881599188,0.016706446,-0.162276173,0.162667801,0.163133877,0.230376811,14.003963470,-7.374897480,-0.222552896
73.339485696,1788576073.924524069,1788576073.921597958,0.000179512,-0.153765850,0.164614795,0.153765955,0.225259850,13.995660782,-7.362420082,-0.218870297
73.369485696,1788576073.955663681,1788576073.951598167,-0.012093258,-0.152727791,0.165601031,0.153205825,0.225600812,13.989888191,-7.353352070,-0.215774760
73.399485696,1788576073.991417408,1788576073.981597900,-0.024521307,-0.140895905,0.168640935,0.143013813,0.221116973,13.984640121,-7.344695568,-0.212342396
73.439484928,1788576074.024016142,1788576074.021597147,-0.041209162,-0.134677182,0.166172423,0.140840827,0.217828861,13.978814125,-7.333771706,-0.207621470
73.469484928,1788576074.055689812,1788576074.051597357,-0.053285626,-0.145389421,0.166865358,0.154846510,0.227643338,13.974594116,-7.326003551,-0.203436807
73.499484928,1788576074.089559555,1788576074.081597090,-0.068412205,-0.118392387,0.160834525,0.136736926,0.211103603,13.971103668,-7.318692207,-0.199290365
73.539484160,1788576074.124231577,1788576074.121596336,-0.085676246,-0.112539262,0.152889766,0.141440817,0.208280544,13.967509270,-7.309696198,-0.193668783
73.569484160,1788576074.155657530,1788576074.151596546,-0.096111060,-0.125536517,0.164941286,0.158103615,0.228478403,13.965232849,-7.303442478,-0.189040944
73.599484160,1788576074.189541817,1788576074.181596518,-0.108589625,-0.105488925,0.159458493,0.151392272,0.219878673,13.963413239,-7.297697544,-0.184258357
73.639482880,1788576074.226411819,1788576074.221595049,-0.123175604,-0.099570700,0.160604809,0.158387353,0.225566971,13.961988449,-7.290691853,-0.177944183
73.669482880,1788576074.257621765,1788576074.251595259,-0.136303501,-0.100633772,0.141309090,0.169427863,0.220621984,13.961372375,-7.286024094,-0.172744319
73.699482880,1788576074.289627314,1788576074.281595230,-0.147643657,-0.083563458,0.147914494,0.169651115,0.225078205,13.961225510,-7.281887531,-0.167356327
73.739485440,1788576074.325636864,1788576074.321597815,-0.163371089,-0.075372273,0.135126093,0.179919682,0.225011451,13.961961746,-7.276954174,-0.160353750
73.769485440,1788576074.355820179,1788576074.351597548,-0.171082913,-0.081888699,0.145841795,0.189671089,0.239259172,13.963020325,-7.273728848,-0.154438034
73.799485440,1788576074.392189980,1788576074.381597757,-0.184741217,-0.073520218,0.133131128,0.198832944,0.239287352,13.964555740,-7.270910740,-0.148307353
73.839484672,1788576074.425601006,1788576074.421597004,-0.197764827,-0.073408836,0.133793780,0.210949719,0.249801040,13.967460632,-7.267709732,-0.140307948
73.869484672,1788576074.455827951,1788576074.451596737,-0.208358481,-0.054541345,0.124978843,0.215378771,0.249013506,13.970167160,-7.265850067,-0.133771479
73.899484672,1788576074.492099047,1788576074.481596947,-0.216528166,-0.054223963,0.129340119,0.223214437,0.257979750,13.973308563,-7.264414787,-0.126945511
73.939483392,1788576074.524481058,1788576074.521595716,-0.228132369,-0.047237957,0.126107503,0.232971678,0.264913014,13.978236198,-7.262989998,-0.118185982
73.969483392,1788576074.555994511,1788576074.551595449,-0.239036451,-0.041599956,0.113270969,0.242629308,0.267767238,13.982420921,-7.262420654,-0.111042671
73.999483392,1788576074.588649273,1788576074.581595659,-0.246654155,-0.042191554,0.113834760,0.250236687,0.274912263,13.987047195,-7.262178898,-0.103757977
74.039482624,1788576074.625597477,1788576074.621594906,-0.258429131,-0.040807598,0.097088752,0.261631183,0.279064691,13.993827820,-7.262325764,-0.094486654
74.069482624,1788576074.655721426,1788576074.651594639,-0.262545383,-0.018716122,0.105476019,0.263211648,0.283558745,13.999381065,-7.262877464,-0.087095410
74.099482624,1788576074.692316771,1788576074.681594849,-0.271639884,-0.024638594,0.087797197,0.272754994,0.286537318,14.005299568,-7.263773918,-0.079590328
74.139481344,1788576074.724663496,1788576074.721593618,-0.280054221,-0.022788955,0.084995430,0.280979898,0.293553958,14.013722420,-7.265307426,-0.070225693
74.169481344,1788576074.755773067,1788576074.751593590,-0.286917062,-0.014701630,0.073674901,0.287293471,0.296589834,14.020514488,-7.266779423,-0.062799819
74.199481344,1788576074.792083502,1788576074.781593561,-0.291111120,-0.004350660,0.069029970,0.291143628,0.299215222,14.027639389,-7.268444538,-0.055377729
74.239480832,1788576074.825711966,1788576074.821593046,-0.299045282,-0.001362815,0.058915972,0.299048388,0.304796702,14.037530899,-7.271030426,-0.046081752
74.269480832,1788576074.856686115,1788576074.851593256,-0.302356646,0.006468559,0.058787908,0.302425832,0.308086679,14.045276642,-7.273231983,-0.038813859
74.299480832,1788576074.889405251,1788576074.881592989,-0.307085623,0.006549153,0.044510147,0.307155452,0.310363698,14.053257942,-7.275643349,-0.031605296
74.339483648,1788576074.925596237,1788576074.921595812,-0.311797395,0.012475698,0.039729974,0.312046885,0.314565938,14.064204216,-7.279098511,-0.022711512
74.369483648,1788576074.955701828,1788576074.951596022,-0.315519703,0.010455131,0.023255927,0.315692877,0.316548307,14.072719574,-7.281749725,-0.015830077
74.399483648,1788576074.992268801,1788576074.981595993,-0.316675795,0.012175932,0.022604709,0.316909786,0.317714943,14.081420898,-7.284492970,-0.009042367
74.439482368,1788576075.025575638,1788576075.021594524,-0.319035985,0.014279959,0.006338123,0.319355409,0.319418298,14.093238831,-7.288206100,-0.000806106
74.469482368,1788576075.055839300,1788576075.051594734,-0.322080171,0.017646327,0.009036078,0.322563217,0.322689758,14.102268219,-7.291043758,0.005633147
74.499482368,1788576075.092259645,1788576075.081594706,-0.323146582,0.019000755,-0.003648483,0.323704714,0.323725275,14.111420631,-7.293886185,0.011940414
74.539481088,1788576075.124469995,1788576075.121593237,-0.324650665,0.018867058,-0.017004018,0.325198432,0.325642682,14.123762131,-7.297721386,0.019671112
74.569481088,1788576075.155857325,1788576075.151593447,-0.324028565,0.012359002,-0.019615226,0.324264176,0.324856911,14.133129120,-7.300518036,0.025576694
74.599481088,1788576075.188558578,1788576075.181593418,-0.322618120,0.021815026,-0.017945794,0.323354831,0.323852433,14.142557144,-7.303298473,0.031375367
74.639480064,1788576075.224440336,1788576075.221592426,-0.321470755,0.020145017,-0.031221706,0.322101332,0.323610974,14.155231476,-7.306921959,0.038356785
74.669480064,1788576075.255734682,1788576075.251592159,-0.321188749,0.006619687,-0.038718612,0.321256957,0.323581772,14.164725304,-7.309492588,0.043689460
74.699480064,1788576075.292182922,1788576075.281592369,-0.321975251,0.014365559,-0.040285919,0.322295566,0.324803613,14.174263954,-7.311882496,0.048795626
74.739479040,1788576075.324662924,1788576075.321591377,-0.319243065,0.009392157,-0.057221501,0.319381194,0.324466712,14.186962128,-7.315030575,0.054957815
74.769479040,1788576075.355741978,1788576075.351591349,-0.315909970,0.002064679,-0.054827912,0.315916717,0.320639162,14.196382523,-7.317195415,0.059590586
74.799479040,1788576075.389542580,1788576075.381591320,-0.311438060,0.007745975,-0.049507411,0.311534372,0.315443575,14.205744743,-7.319162369,0.064121477
74.839478016,1788576075.426436186,1788576075.421590328,-0.309270711,0.008147820,-0.057498716,0.309378021,0.314675805,14.218194008,-7.321741104,0.069386452
74.869478016,1788576075.457740784,1788576075.451590061,-0.305550860,-0.007339128,-0.078418717,0.305638988,0.315538723,14.227353096,-7.323427677,0.073375106
74.899478016,1788576075.489370346,1788576075.481590271,-0.301826770,0.002497111,-0.076194496,0.301837099,0.311305695,14.236378670,-7.324966431,0.077177271
74.939480832,1788576075.525637627,1788576075.521593094,-0.296709472,0.001243270,-0.083009940,0.296712076,0.308105025,14.248277664,-7.327013969,0.081573188
74.969480832,1788576075.555612564,1788576075.551593065,-0.290307551,-0.004471190,-0.084668405,0.290341980,0.302435455,14.256837845,-7.328496456,0.084992900
74.999480832,1788576075.591498852,1788576075.581593037,-0.288054091,-0.000890766,-0.100079607,0.288055469,0.304945701,14.265180588,-7.329822063,0.088305369
75.039479808,1788576075.624921799,1788576075.621592045,-0.280532979,-0.003036100,-0.096990271,0.280549407,0.296841848,14.276144028,-7.331620693,0.092039973
75.069479808,1788576075.656618834,1788576075.651592255,-0.275138041,-0.002594682,-0.106281123,0.275150276,0.294963305,14.283970833,-7.332859993,0.094823070
75.099479808,1788576075.689595222,1788576075.681591988,-0.268458825,-0.004076158,-0.103391255,0.268489769,0.287709068,14.291529655,-7.333997726,0.097509950
75.139479040,1788576075.725609303,1788576075.721591234,-0.261027884,0.005293835,-0.107150278,0.261081560,0.282214038,14.301418304,-7.335567951,0.100393347
75.169479040,1788576075.756881952,1788576075.751591444,-0.256869904,-0.014508085,-0.123820144,0.257279288,0.285524185,14.308447838,-7.336557388,0.102527589
75.199479040,1788576075.789399385,1788576075.781591177,-0.248690297,0.001417458,-0.113077222,0.248694336,0.273194676,14.315234184,-7.337450027,0.104516163
75.239478016,1788576075.825403929,1788576075.821590185,-0.241232652,-0.002595788,-0.123323817,0.241246618,0.270940389,14.324090958,-7.338657856,0.106575571
75.269478016,1788576075.856811523,1788576075.851590157,-0.235848566,-0.009972234,-0.128386858,0.236059297,0.268713932,14.330317497,-7.339372635,0.108060561
75.299478016,1788576075.889436722,1788576075.881590366,-0.229825793,-0.003139842,-0.124440599,0.229847240,0.261371797,14.336304665,-7.339929104,0.109296247
75.339477504,1788576075.925404787,1788576075.921589851,-0.221144198,-0.003754702,-0.132750733,0.221176070,0.257956607,14.344083786,-7.340721130,0.110461146
75.369477504,1788576075.955665827,1788576075.951589823,-0.213022418,-0.011053025,-0.123664750,0.213308978,0.246563766,14.349472046,-7.341112137,0.111117497
75.399477504,1788576075.992281914,1788576075.981589794,-0.207980598,-0.006322475,-0.133375074,0.208076675,0.247153420,14.354611397,-7.341379642,0.111530371
75.439476480,1788576076.024489641,1788576076.021588802,-0.200499565,-0.010843077,-0.137860229,0.200792549,0.243563319,14.361287117,-7.341782093,0.111630581
75.469476480,1788576076.056623697,1788576076.051588535,-0.190777101,0.001166387,-0.126629218,0.190780667,0.228980833,14.365871429,-7.341801643,0.111355841
75.499476480,1788576076.090642691,1788576076.081588745,-0.187231526,-0.011731452,-0.142012792,0.187598698,0.235288980,14.370177269,-7.341790676,0.110790074
75.539475968,1788576076.125387669,1788576076.121588230,-0.177005914,-0.012289617,-0.138735094,0.177432038,0.225232223,14.375760078,-7.341732502,0.109647118
75.569475968,1788576076.155762672,1788576076.151588440,-0.173528229,-0.002046303,-0.152639835,0.173540294,0.231117185,14.379633904,-7.341230392,0.108321406
75.599475968,1788576076.192101002,1788576076.181588173,-0.164242550,-0.005205557,-0.135821610,0.164325022,0.213190578,14.383315086,-7.340589523,0.106687546
75.639475200,1788576076.225565434,1788576076.221587420,-0.158982732,-0.001469246,-0.143072994,0.158989521,0.213886767,14.388087273,-7.339779377,0.104103126
75.669475200,1788576076.255784750,1788576076.251587629,-0.151534357,-0.006473548,-0.145539014,0.151672569,0.210205073,14.391417503,-7.338753223,0.101659074
75.699475200,1788576076.292177200,1788576076.281587362,-0.147540005,-0.000362375,-0.154167386,0.147540450,0.213391114,14.394590378,-7.337608814,0.098891549
75.739474176,1788576076.324404716,1788576076.321586370,-0.139402710,-0.000755608,-0.153479255,0.139404758,0.207339259,14.398681641,-7.336104393,0.095068760
75.769474176,1788576076.356711149,1788576076.351586342,-0.134908083,-0.013231320,-0.142779086,0.135555371,0.196878455,14.401679993,-7.334537983,0.091752559
75.799474176,1788576076.389378071,1788576076.381586313,-0.131155178,0.006800969,-0.145698521,0.131331389,0.196152983,14.404603958,-7.332799911,0.088318571
75.839473152,1788576076.425663948,1788576076.421585321,-0.125610965,0.000226367,-0.135168267,0.125611169,0.184522698,14.408435822,-7.330643654,0.083554842
75.869473152,1788576076.455733299,1788576076.451585531,-0.120850813,-0.012573133,-0.141559599,0.121503098,0.186553271,14.411373138,-7.328524113,0.079573482
75.899473152,1788576076.492244959,1788576076.481585503,-0.115948661,0.002878626,-0.133774605,0.115984389,0.177053730,14.414285660,-7.326281548,0.075376585
75.939472128,1788576076.524550200,1788576076.521584272,-0.111983194,-0.001010125,-0.128134216,0.111987750,0.170175302,14.418111801,-7.323462009,0.069838420
75.969472128,1788576076.555738211,1788576076.551584244,-0.109100596,-0.007216919,-0.131644772,0.109339032,0.171129687,14.421084404,-7.320978165,0.065327749
75.999472128,1788576076.592123508,1788576076.581584454,-0.104806161,-0.005011361,-0.135019051,0.104925903,0.170995875,14.424087524,-7.318335056,0.060681269
76.039471360,1788576076.625579357,1788576076.621583700,-0.102147500,-0.005163487,-0.129036229,0.102277922,0.164654553,14.428049088,-7.314976692,0.054605823
76.069471360,1788576076.656051397,1788576076.651583433,-0.095728370,-0.004458336,-0.121615662,0.095832132,0.154835935,14.431187630,-7.312190056,0.049736943
76.099471360,1788576076.688525915,1788576076.681583643,-0.094819879,-0.011572197,-0.108324085,0.095523428,0.144425873,14.434359550,-7.309379578,0.044745043
76.139470336,1788576076.724445105,1788576076.721582651,-0.090251239,-0.006604822,-0.110915630,0.090492596,0.143147430,14.438538551,-7.305878162,0.038244098
76.169470336,1788576076.755833387,1788576076.751582623,-0.091695200,-0.001859753,-0.111322592,0.091714058,0.144236569,14.441898346,-7.303102493,0.033110019
76.199470336,1788576076.792076588,1788576076.781582594,-0.088767232,-0.004804219,-0.111015655,0.088897143,0.142222283,14.445360184,-7.300292015,0.027885005
76.239469568,1788576076.825647116,1788576076.821581841,-0.087527398,-0.002074841,-0.109041507,0.087551987,0.139840626,14.449884415,-7.296867847,0.021119518
76.269469568,1788576076.855786562,1788576076.851582050,-0.082688431,-0.000543238,-0.097480209,0.082690215,0.127828255,14.453544617,-7.294202328,0.015783360
76.299469568,1788576076.892211914,1788576076.881581783,-0.081564681,0.002439824,-0.090862222,0.081601164,0.122125727,14.457302094,-7.291549206,0.010443714
76.339468544,1788576076.924522161,1788576076.921580791,-0.079328175,0.003470101,-0.084874205,0.079404036,0.116226639,14.462194443,-7.288318157,0.003621507
76.369468544,1788576076.956767797,1788576076.951580763,-0.078400093,0.005475293,-0.082862976,0.078591051,0.114205193,14.466090202,-7.285884380,-0.001661116
76.399468544,1788576076.989353657,1788576076.981580734,-0.076792463,0.008150490,-0.083383606,0.077223784,0.113650070,14.470058441,-7.283553600,-0.007026333
76.439467520,1788576077.024424553,1788576077.021579742,-0.074634302,0.009540678,-0.069432165,0.075241635,0.102382270,14.475204468,-7.280803204,-0.013710515
76.469467520,1788576077.055592299,1788576077.051579952,-0.072326597,0.016945280,-0.063923318,0.074285121,0.098002397,14.479343414,-7.278702736,-0.018948488
76.499467520,1788576077.092251062,1788576077.081579685,-0.072154048,0.018452196,-0.058085158,0.074476105,0.094448800,14.483549118,-7.276767254,-0.024095055
76.539466496,1788576077.124656439,1788576077.121578693,-0.070274408,0.023128802,-0.057126407,0.073982660,0.093471174,14.488984108,-7.274506569,-0.030575089
76.569466496,1788576077.155666351,1788576077.151578665,-0.068508102,0.024104329,-0.043559007,0.072624918,0.084686279,14.493303299,-7.272893429,-0.035597291
76.599466496,1788576077.188550949,1788576077.181578636,-0.068612287,0.024925412,-0.047219976,0.072999467,0.086940487,14.497691154,-7.271437645,-0.040609818
76.639465472,1788576077.224422455,1788576077.221577644,-0.066358880,0.026106946,-0.033752422,0.071309702,0.078894230,14.503347397,-7.269738197,-0.046836525
76.669465472,1788576077.255738974,1788576077.251577854,-0.066470548,0.030423931,-0.039696970,0.073102321,0.083185328,14.507795334,-7.268490314,-0.051729791
76.699465472,1788576077.288779020,1788576077.281577826,-0.062549341,0.030954347,-0.024571249,0.069789624,0.073988769,14.512269020,-7.267329216,-0.056579888
76.739464448,1788576077.324378729,1788576077.321576595,-0.061705809,0.029941781,-0.024215282,0.068586566,0.072735802,14.518006325,-7.266139507,-0.062602602
76.769464448,1788576077.355708361,1788576077.351576567,-0.058321502,0.038649707,-0.012612842,0.069965688,0.071093469,14.522422791,-7.265252590,-0.067105308
76.799464448,1788576077.388509750,1788576077.381576777,-0.059226347,0.039109285,-0.011371036,0.070973913,0.071879043,14.526839256,-7.264420509,-0.071470611
76.839463424,1788576077.424616814,1788576077.421575785,-0.055351400,0.043445581,-0.000209804,0.070365445,0.070365758,14.532457352,-7.263658047,-0.076738931
76.869463424,1788576077.455620766,1788576077.451575756,-0.052102988,0.040247609,0.001329594,0.065837614,0.065851038,14.536718369,-7.262990475,-0.080721498
76.899463424,1788576077.488562584,1788576077.481575727,-0.046890225,0.056571340,-0.001295991,0.073477954,0.073489382,14.540838242,-7.262448788,-0.084651880
76.939462400,1788576077.524350643,1788576077.521574736,-0.041051774,0.055621227,0.008009451,0.069130088,0.069592531,14.545919418,-7.261946678,-0.089355722
76.969462400,1788576077.556805134,1788576077.551574469,-0.035282764,0.053404827,0.021534140,0.064007413,0.067532719,14.549616814,-7.261584759,-0.092951559
76.999462400,1788576077.589453459,1788576077.581574678,-0.031241107,0.058096770,0.028477859,0.065963940,0.071848659,14.553156853,-7.261277676,-0.096405052
77.039461376,1788576077.625394106,1788576077.621573687,-0.025572587,0.059775619,0.030457376,0.065016013,0.071796474,14.557461739,-7.261110306,-0.100575186
77.069461376,1788576077.655584097,1788576077.651573658,-0.022504420,0.068461031,0.031383361,0.072064982,0.078602017,14.560592651,-7.261003971,-0.103680350
77.099461376,1788576077.688551426,1788576077.681573629,-0.017366248,0.061514855,0.029429725,0.063919199,0.070368833,14.563591957,-7.260938168,-0.106730759
77.139460352,1788576077.724968672,1788576077.721572638,-0.011875455,0.063759935,0.040127018,0.064856424,0.076266201,14.567176819,-7.261148930,-0.110290125
77.169460352,1788576077.755577326,1788576077.751572371,-0.007587018,0.072454627,0.041340479,0.072850777,0.083763184,14.569838524,-7.261296749,-0.113031112
77.199460352,1788576077.788535595,1788576077.781572580,-0.004617629,0.068917864,0.050811859,0.069072386,0.085748700,14.572372437,-7.261503696,-0.115550064
77.239459328,1788576077.824460745,1788576077.821571589,0.000910603,0.077070302,0.050758301,0.077075682,0.092287951,14.575368881,-7.261995792,-0.118435040
77.269459328,1788576077.855912685,1788576077.851571798,0.003438453,0.072454969,0.057379895,0.072536511,0.092487825,14.577560425,-7.262498379,-0.120633818
77.299459328,1788576077.888755560,1788576077.881571531,0.005312808,0.081642842,0.049000794,0.081815522,0.095366962,14.579637527,-7.263045311,-0.122742511
77.339458304,1788576077.924402952,1788576077.921570539,0.011759382,0.083822224,0.066210847,0.084643064,0.107463131,14.582032204,-7.264069557,-0.125166699
77.369458304,1788576077.955630064,1788576077.951570511,0.017399926,0.077607214,0.057257585,0.079533874,0.098000348,14.583769798,-7.264912605,-0.126864567
77.399458304,1788576077.992330790,1788576077.981570482,0.022854027,0.092102803,0.059689182,0.094895905,0.112107231,14.585319519,-7.265851974,-0.128477126
77.439457280,1788576078.024513721,1788576078.021569490,0.029744665,0.088559493,0.066118668,0.093421244,0.114451768,14.586907387,-7.267308235,-0.130134776
77.469457280,1788576078.055663347,1788576078.051569700,0.035720711,0.088857604,0.069817559,0.095768695,0.118516389,14.588020325,-7.268563271,-0.131298155
77.499457280,1788576078.090920687,1788576078.081569433,0.044107810,0.095206762,0.085889533,0.104927720,0.135598076,14.588936806,-7.269857883,-0.132238835
77.539456512,1788576078.125585079,1788576078.121568680,0.054295972,0.101389173,0.086059499,0.115012248,0.143645586,14.589585304,-7.271727562,-0.133061990
77.569456512,1788576078.156870127,1788576078.151568890,0.061386756,0.092396805,0.089826456,0.110930173,0.142738556,14.589814186,-7.273421764,-0.133550555
77.599456512,1788576078.189384460,1788576078.181568861,0.067598660,0.104473762,0.079259223,0.124436111,0.147534302,14.589795113,-7.275230885,-0.133882269
77.639456000,1788576078.225367069,1788576078.221568346,0.075491455,0.101454130,0.085795698,0.126459086,0.152816237,14.589236259,-7.277818203,-0.134037733
77.669456000,1788576078.255613804,1788576078.251568079,0.083457817,0.107181436,0.085941801,0.135842068,0.160745328,14.588641167,-7.280041218,-0.134057909
77.699456000,1788576078.292166471,1788576078.281568289,0.090008034,0.102208357,0.099292410,0.136191022,0.168543695,14.587825775,-7.282385349,-0.134016961
77.739454976,1788576078.324501514,1788576078.321567297,0.098067083,0.103485599,0.094721397,0.142570761,0.171168236,14.586266518,-7.285644054,-0.133574501
77.769454976,1788576078.355613947,1788576078.351567268,0.103800392,0.114553215,0.101660100,0.154586418,0.185018206,14.584873199,-7.288452625,-0.133114472
77.799454976,1788576078.392123699,1788576078.381567240,0.107980104,0.111830011,0.096177518,0.155453061,0.182799806,14.583258629,-7.291446686,-0.132497028
77.839454208,1788576078.425616980,1788576078.421566486,0.115457792,0.114024004,0.100116341,0.162271302,0.190670546,14.580668449,-7.295521736,-0.131523237
77.869454208,1788576078.455712318,1788576078.451566696,0.119869070,0.118354278,0.097029387,0.168452750,0.194399154,14.578602791,-7.298995972,-0.130650371
77.899454208,1788576078.488521814,1788576078.481566429,0.123929697,0.119789572,0.092291556,0.172360411,0.195514303,14.576386452,-7.302632332,-0.129710242
77.939453184,1788576078.524391174,1788576078.521565437,0.128932423,0.117654437,0.095434363,0.174545513,0.198931782,14.573070526,-7.307516575,-0.128205940
77.969453184,1788576078.555636883,1788576078.551565409,0.132789841,0.124071329,0.090638438,0.181732872,0.203081666,14.570524216,-7.311541080,-0.126979083
77.999453184,1788576078.592308283,1788576078.581565380,0.136338219,0.124725398,0.102902307,0.184782399,0.211502765,14.567869186,-7.315762043,-0.125653148
78.039452416,1788576078.625456333,1788576078.621564627,0.141262262,0.126075213,0.093904484,0.189340926,0.211348145,14.564011574,-7.321242332,-0.123792455
78.069452416,1788576078.655656099,1788576078.651564598,0.145004180,0.119692575,0.100299940,0.188022671,0.213102329,14.561066628,-7.325730801,-0.122223303
78.099452416,1788576078.692489386,1788576078.681564569,0.147471019,0.125552724,0.088648659,0.193678052,0.213001814,14.558012009,-7.330344677,-0.120614164
78.139451392,1788576078.724399090,1788576078.721563578,0.152474073,0.125333505,0.088477043,0.197374848,0.216298445,14.553565025,-7.336420059,-0.118350968
78.169451392,1788576078.755760670,1788576078.751563787,0.158421013,0.123120104,0.088963486,0.200638424,0.219477286,14.550164223,-7.341393948,-0.116589740
78.199451392,1788576078.788564920,1788576078.781563759,0.165625839,0.134510470,0.098290920,0.213365848,0.234917198,14.546576500,-7.346562386,-0.114752226
78.239448064,1788576078.824468851,1788576078.821560383,0.169732749,0.125912807,0.089697168,0.211336795,0.229584022,14.541458130,-7.353288174,-0.112269528
78.269448064,1788576078.855608940,1788576078.851560354,0.170970810,0.129258762,0.090995346,0.214333491,0.232849733,14.537617683,-7.358603477,-0.110218361
78.299448064,1788576078.892215967,1788576078.881560326,0.175680242,0.116713915,0.083258072,0.210916299,0.226754475,14.533699989,-7.363886833,-0.108104154
78.339447040,1788576078.924495220,1788576078.921559334,0.182743600,0.110144025,0.085737834,0.213370405,0.229951964,14.528165817,-7.370509624,-0.105303764
78.369447040,1788576078.955630302,1788576078.951559067,0.190214924,0.115195570,0.083993526,0.222377464,0.237711272,14.523929596,-7.375670433,-0.103090718
78.399447040,1788576078.992243767,1788576078.981559277,0.195453401,0.103538148,0.088975894,0.221183589,0.238409081,14.519508362,-7.380797386,-0.100746796
78.439445760,1788576079.025602341,1788576079.021558046,0.207331976,0.101165223,0.084454078,0.230696663,0.245669375,14.513153076,-7.387180328,-0.097647294
78.469445760,1788576079.056579828,1788576079.051557779,0.213555107,0.099881226,0.084498851,0.235758442,0.250443804,14.508278847,-7.392294884,-0.095109597
78.499445760,1788576079.088522196,1788576079.081557989,0.222284620,0.094615401,0.079398501,0.241583374,0.254296380,14.503222466,-7.397436619,-0.092526905
78.539444736,1788576079.124432802,1788576079.121556997,0.235063437,0.090208477,0.078602749,0.251778452,0.263762736,14.495886803,-7.403882027,-0.089108862
78.569444736,1788576079.155741930,1788576079.151557207,0.246569570,0.094121281,0.082831217,0.263923035,0.276615941,14.490184784,-7.409082890,-0.086470254
78.599444736,1788576079.192111254,1788576079.181556940,0.257025162,0.094305112,0.084984895,0.273779817,0.286666741,14.484197617,-7.414398670,-0.083802938
78.639441664,1788576079.224654198,1788576079.221553802,0.270489057,0.090313617,0.084443890,0.285168160,0.297408221,14.475628853,-7.421048164,-0.080398805
78.669441664,1788576079.255642176,1788576079.251553774,0.278973516,0.085918978,0.078247385,0.291904597,0.302210104,14.469048500,-7.426435947,-0.077831745
78.699441664,1788576079.292200565,1788576079.281553984,0.287106041,0.094336389,0.071924577,0.302207269,0.310648319,14.462239265,-7.431896687,-0.075337067
78.739440640,1788576079.324420452,1788576079.321552992,0.300574527,0.088722962,0.065140796,0.313395612,0.320093944,14.452566147,-7.438709259,-0.072036892
78.769440640,1788576079.356968641,1788576079.351552963,0.312133841,0.089304980,0.085090179,0.324658150,0.335623677,14.445151329,-7.444117069,-0.069554016
78.799440640,1788576079.389372349,1788576079.381552935,0.319642705,0.085957375,0.068253128,0.330998684,0.337962451,14.437480927,-7.449626923,-0.067121722
78.839439360,1788576079.425496578,1788576079.421551704,0.331430099,0.092169621,0.070864197,0.344007485,0.351230529,14.426682472,-7.456536293,-0.064007565
78.869439360,1788576079.455610037,1788576079.451551676,0.339951066,0.091316492,0.058844585,0.352002029,0.356886696,14.418456078,-7.461987495,-0.061782371
78.899439360,1788576079.492202997,1788576079.481551647,0.347695963,0.086498236,0.067864478,0.358293773,0.364664250,14.409987450,-7.467463970,-0.059646763
78.939438080,1788576079.524473667,1788576079.521550417,0.360771887,0.084656867,0.062491162,0.370571369,0.375803519,14.398160934,-7.474318981,-0.056974415
78.969438080,1788576079.555607557,1788576079.551550388,0.366811046,0.090313491,0.052986089,0.377765628,0.381463492,14.389126778,-7.479749680,-0.055077232
78.999438080,1788576079.588580132,1788576079.581550360,0.376862424,0.084779068,0.050164203,0.386280697,0.389524357,14.379872322,-7.485221863,-0.053367250
79.039437056,1788576079.624392986,1788576079.621549368,0.387603380,0.086479582,0.053460578,0.397133602,0.400715774,14.366991997,-7.492101192,-0.051166281
79.069437056,1788576079.656622648,1788576079.651549101,0.394743032,0.083913100,0.040452323,0.403563465,0.405585824,14.357205391,-7.497500420,-0.049614869
79.099437056,1788576079.689321995,1788576079.681549311,0.402860316,0.079708136,0.047009358,0.410669967,0.413351789,14.347242355,-7.502862453,-0.048224777
79.139440384,1788576079.724389076,1788576079.721552610,0.413496137,0.079890233,0.041573207,0.421143093,0.423190071,14.333400726,-7.509574890,-0.046431262
79.169440384,1788576079.755702972,1788576079.751552582,0.420291512,0.080509769,0.036815178,0.427933147,0.429513836,14.322950363,-7.514897346,-0.045138985
79.199440384,1788576079.788556099,1788576079.781552553,0.430633725,0.073342134,0.042881119,0.436834607,0.438934237,14.312342644,-7.520228386,-0.044044662
79.239439360,1788576079.824778080,1788576079.821551561,0.438096067,0.065427942,0.036295290,0.442954828,0.444439341,14.297699928,-7.526876450,-0.042713001
79.269439360,1788576079.855629683,1788576079.851551771,0.446882573,0.075783956,0.032213081,0.453262884,0.454406123,14.286641121,-7.532101631,-0.041851602
79.299439360,1788576079.892217875,1788576079.881551504,0.454334774,0.053712594,0.031948299,0.457498776,0.458612935,14.275398254,-7.537393093,-0.041106999
79.339438336,1788576079.924432755,1788576079.921550512,0.465269896,0.055505172,0.031778435,0.468568992,0.469645366,14.259919167,-7.543975830,-0.040248603
79.369438336,1788576079.956783533,1788576079.951550484,0.468871874,0.049572433,0.021197955,0.471485164,0.471961454,14.248259544,-7.549184799,-0.039899070
79.399438336,1788576079.989344358,1788576079.981550694,0.478782621,0.037627064,0.032868395,0.480258882,0.481382307,14.236432076,-7.554472446,-0.039622270
79.439437312,1788576080.024335861,1788576080.021549463,0.485415025,0.034284554,0.028544233,0.486624267,0.487460717,14.220200539,-7.561147690,-0.039399724
79.469437312,1788576080.055651188,1788576080.051549673,0.493554277,0.033513154,0.022161147,0.494690768,0.495186906,14.207836151,-7.566471577,-0.039465528
79.499437312,1788576080.091014862,1788576080.081549644,0.498493825,0.024280108,0.022163891,0.499084780,0.499576676,14.195254326,-7.571934700,-0.039721444
79.539433728,1788576080.124498844,1788576080.121546030,0.506308902,0.028611243,0.019879095,0.507116661,0.507506144,14.178031921,-7.578909874,-0.040063944
79.569433728,1788576080.155635595,1788576080.151545763,0.510758000,0.013991448,0.022502402,0.510949601,0.511444868,14.164876938,-7.584551811,-0.040478557
79.599433728,1788576080.192247152,1788576080.181545973,0.518251997,0.023351847,0.024327566,0.518777834,0.519347929,14.151508331,-7.590250015,-0.040962406
79.639430400,1788576080.224418640,1788576080.221542597,0.526864039,0.025738470,0.038621521,0.527492355,0.528904345,14.133181572,-7.597552776,-0.041463256
79.669430400,1788576080.255677223,1788576080.251542568,0.534490258,0.014706087,0.033024552,0.534692533,0.535711420,14.119233131,-7.603365421,-0.042137206
79.699430400,1788576080.288647652,1788576080.281542540,0.536281666,0.023647873,0.024183234,0.536802801,0.537347258,14.105087280,-7.609292984,-0.042938624
79.739429120,1788576080.324375391,1788576080.321541309,0.545432150,0.023876137,0.029007044,0.545954486,0.546724528,14.085781097,-7.616898060,-0.043912500
79.769429120,1788576080.355567217,1788576080.351541281,0.549813110,0.026786096,0.028171178,0.550465213,0.551185601,14.071152687,-7.622913361,-0.044961594
79.799429120,1788576080.392168999,1788576080.381541491,0.558424346,0.027750159,0.033384024,0.559113424,0.560109198,14.056304932,-7.629042149,-0.046063956
79.839425536,1788576080.424613237,1788576080.421537876,0.565180245,0.032230783,0.027753949,0.566098518,0.566778452,14.036086082,-7.636844635,-0.047535479
79.869425536,1788576080.455558538,1788576080.451537848,0.571458658,0.026142958,0.027222246,0.572056336,0.572703678,14.020824432,-7.642891884,-0.048933037
79.899425536,1788576080.492017984,1788576080.481537819,0.577087600,0.028860003,0.031401494,0.577808790,0.578661431,14.005406380,-7.648976803,-0.050444767
79.939424512,1788576080.524343729,1788576080.521536827,0.584799159,0.034932958,0.029846452,0.585841590,0.586601380,13.984454155,-7.656754017,-0.052421201
79.969424512,1788576080.556686401,1788576080.551536560,0.590002331,0.024765678,0.031052340,0.590521879,0.591337752,13.968626022,-7.662650585,-0.054140609
79.999424512,1788576080.589357138,1788576080.581536770,0.594422586,0.031282125,0.030746812,0.595245145,0.596038714,13.952655792,-7.668472767,-0.055965438
80.039423488,1788576080.626347542,1788576080.621535778,0.603269608,0.033287316,0.034176125,0.604187277,0.605153099,13.930939674,-7.675854206,-0.058276951
80.069423488,1788576080.658328772,1788576080.651535988,0.608446081,0.025790103,0.034770215,0.608992416,0.609984206,13.914407730,-7.681394577,-0.060123578
80.099423488,1788576080.691071033,1788576080.681535721,0.612158251,0.036090522,0.022660666,0.613221209,0.613639761,13.897665024,-7.686889172,-0.062026225
80.139420416,1788576080.724860430,1788576080.721532583,0.621080681,0.034022971,0.033910499,0.622011877,0.622935548,13.874922752,-7.693857193,-0.064397596
80.169420416,1788576080.755616665,1788576080.751532555,0.627161880,0.033869019,0.031104561,0.628075739,0.628845472,13.857528687,-7.698969364,-0.066229783
80.199420416,1788576080.788540602,1788576080.781532764,0.632825220,0.034726161,0.022800460,0.633777299,0.634187296,13.839864731,-7.703920841,-0.068121731
80.239419136,1788576080.824457407,1788576080.821531296,0.640102564,0.035709801,0.030189729,0.641097873,0.641808306,13.815912247,-7.710200787,-0.070379429
80.269419136,1788576080.855703592,1788576080.851531267,0.641527417,0.034207357,0.020480685,0.642438767,0.642765142,13.797624588,-7.714717865,-0.072174251
80.299419136,1788576080.888553381,1788576080.881531477,0.644828424,0.038634041,0.038421290,0.645984741,0.647126326,13.779150009,-7.719028473,-0.073823795
80.339418112,1788576080.924357653,1788576080.921530485,0.641245954,0.039028572,0.024681787,0.642432567,0.642906520,13.754435539,-7.724534988,-0.075934500
80.369418112,1788576080.955562353,1788576080.951530457,0.641490336,0.038393769,0.028726744,0.642638260,0.643280000,13.735722542,-7.728279114,-0.077499583
80.399418112,1788576080.988550901,1788576080.981530428,0.638482222,0.026528788,0.015149685,0.639033117,0.639212670,13.716933250,-7.731886864,-0.079110354
80.439414784,1788576081.024634123,1788576081.021527052,0.635274880,0.022484857,0.021619883,0.635672669,0.636040220,13.691944122,-7.736413479,-0.080970049
80.469414784,1788576081.055585623,1788576081.051527262,0.631687855,0.026353579,0.020805790,0.632237343,0.632579591,13.672958374,-7.739260197,-0.082382813
80.499414784,1788576081.088624954,1788576081.081526995,0.630634419,0.010488393,0.026952688,0.630721632,0.631297255,13.654030800,-7.742063999,-0.083549693
80.539413760,1788576081.124355078,1788576081.121526003,0.625305902,0.007733128,0.030621097,0.625353718,0.626102966,13.628898621,-7.745500088,-0.084940851
80.569413760,1788576081.156880856,1788576081.151525974,0.620468061,0.003658485,0.023603393,0.620478847,0.620927629,13.610044479,-7.747589588,-0.085820407
80.599413760,1788576081.189296246,1788576081.181525946,0.618590602,-0.009921981,0.024277183,0.618670169,0.619146316,13.591236115,-7.749454021,-0.086571738
80.639417344,1788576081.224439383,1788576081.221529484,0.612209337,-0.013527963,0.020768641,0.612358782,0.612710874,13.566257477,-7.751801014,-0.087352052
80.669417344,1788576081.255563259,1788576081.251529694,0.611200468,-0.021009189,0.036113771,0.611561442,0.612626805,13.547659874,-7.753049374,-0.087712660
80.699417344,1788576081.288491488,1788576081.281529665,0.605939985,-0.035833429,0.026097754,0.606998600,0.607559374,13.529182434,-7.754096508,-0.087961771
80.739416320,1788576081.325416803,1788576081.321528673,0.600853113,-0.043746672,0.035527101,0.602443553,0.603490190,13.504700661,-7.755392551,-0.088065520
80.769416320,1788576081.355580568,1788576081.351528406,0.596132953,-0.047511172,0.032503899,0.598023251,0.598905930,13.486582756,-7.755818844,-0.087946564
80.799416320,1788576081.388357878,1788576081.381528616,0.591680876,-0.057697495,0.041577608,0.594487393,0.595939559,13.468631744,-7.755991936,-0.087604061
80.839415040,1788576081.424387932,1788576081.421527386,0.586587917,-0.058841356,0.044486004,0.589531754,0.591207826,13.444820404,-7.756104946,-0.086971685
80.869415040,1788576081.456598282,1788576081.451527119,0.581852249,-0.080324862,0.048552177,0.587370516,0.589373767,13.427248001,-7.755556583,-0.086189136
80.899415040,1788576081.489325285,1788576081.481527328,0.579268802,-0.071798245,0.043348758,0.583701407,0.585308848,13.409855843,-7.754637718,-0.085317411
80.939411200,1788576081.524396658,1788576081.521523476,0.575586257,-0.068129445,0.054315937,0.579604314,0.582143781,13.386736870,-7.753537655,-0.083975889
80.969411200,1788576081.555570364,1788576081.551523447,0.573621390,-0.082919353,0.051805815,0.579583573,0.581894286,13.369649887,-7.752190590,-0.082653791
80.999411200,1788576081.588607788,1788576081.581523418,0.568565060,-0.074301638,0.053080884,0.573399477,0.575851145,13.352680206,-7.750446796,-0.081139058
81.039409920,1788576081.624944210,1788576081.621522188,0.563851759,-0.077281054,0.052875377,0.569123156,0.571574118,13.330226898,-7.748283386,-0.079012997
81.069409920,1788576081.655626774,1788576081.651522160,0.559836548,-0.077746296,0.057295943,0.565209207,0.568105864,13.313652992,-7.746160507,-0.077162869
81.099409920,1788576081.693179846,1788576081.681522131,0.555083646,-0.082886152,0.054973643,0.561237889,0.563923815,13.297231674,-7.743777275,-0.075212322
81.139408640,1788576081.724417210,1788576081.721520901,0.550230245,-0.083910626,0.050253078,0.556591696,0.558855695,13.275496483,-7.740748405,-0.072686777
81.169408640,1788576081.755695343,1788576081.751520872,0.548617874,-0.079592541,0.051268239,0.554361384,0.556727022,13.259409904,-7.738061428,-0.070545025
81.199408640,1788576081.788521051,1788576081.781520844,0.544458178,-0.079645002,0.039328785,0.550252700,0.551656403,13.243487358,-7.735228539,-0.068427175
81.239408128,1788576081.825436592,1788576081.821520329,0.530255589,-0.085886181,0.034618436,0.537166107,0.538280468,13.222585678,-7.731643200,-0.065573171
81.269408128,1788576081.855604887,1788576081.851520538,0.511001996,-0.069415835,0.025595577,0.515695257,0.516330061,13.207493782,-7.728514194,-0.063328303
81.299408128,1788576081.892119884,1788576081.881520271,0.488587971,-0.075256435,0.024344290,0.494349812,0.494948867,13.193085670,-7.725244522,-0.061008237
81.339406848,1788576081.924401045,1788576081.921519041,0.454430497,-0.066485981,0.006601803,0.459268399,0.459315845,13.174954414,-7.721017838,-0.058024690
81.369406848,1788576081.955672979,1788576081.951519251,0.428612187,-0.060682362,0.013444557,0.432886540,0.433095269,13.162401199,-7.717433453,-0.055713464
81.399406848,1788576081.992290258,1788576081.981519222,0.401584086,-0.064638927,0.010216855,0.406752958,0.406881252,13.150741577,-7.713738441,-0.053340517
81.439405568,1788576082.024330854,1788576082.021517754,0.364513722,-0.055768494,0.007941152,0.368755174,0.368840670,13.136403084,-7.708858490,-0.050388087
81.469405568,1788576082.056539059,1788576082.051517963,0.335777111,-0.054603553,0.009541738,0.340187914,0.340321703,13.126783371,-7.704722881,-0.047885306
81.499405568,1788576082.090980053,1788576082.081517935,0.307428669,-0.059159351,0.006188239,0.313069026,0.313130180,13.118041039,-7.700343609,-0.045423836
81.539408128,1788576082.125353575,1788576082.121520281,0.270754039,-0.052884507,0.003168040,0.275870478,0.275888668,13.107586861,-7.694649696,-0.042363413
81.569408128,1788576082.155562639,1788576082.151520252,0.245207500,-0.046576901,0.007061345,0.249591918,0.249691786,13.100839615,-7.689887047,-0.039858773
81.599408128,1788576082.192104340,1788576082.181520462,0.219039819,-0.053318243,0.011396647,0.225435750,0.225723638,13.094944000,-7.684934616,-0.037243143
81.639404800,1788576082.224968195,1788576082.221517086,0.184778104,-0.046057410,0.006621790,0.190431701,0.190546795,13.088163376,-7.678446770,-0.034065746
81.669404800,1788576082.255639315,1788576082.251516819,0.159205659,-0.050536375,0.001466790,0.167034030,0.167040470,13.084030151,-7.673129082,-0.031479947
81.699404800,1788576082.288373232,1788576082.281517029,0.137389994,-0.044398671,0.000327322,0.144385776,0.144386147,13.080621719,-7.667655945,-0.028902665
81.739403776,1788576082.324345827,1788576082.321516037,0.108402166,-0.045623870,-0.006976964,0.117611935,0.117818697,13.076955795,-7.660493851,-0.025714215
81.769403776,1788576082.356756687,1788576082.351516247,0.087646918,-0.047099299,-0.002685785,0.099500384,0.099536625,13.074955940,-7.654691696,-0.023076404
81.799403776,1788576082.389311552,1788576082.381515980,0.068877163,-0.046798401,0.006982714,0.083271567,0.083563821,13.073540688,-7.648727417,-0.020363461
81.839402496,1788576082.425306559,1788576082.421514750,0.045368072,-0.039305028,0.001003081,0.060026221,0.060034602,13.072409630,-7.640927315,-0.017088009
81.869402496,1788576082.455647707,1788576082.451514959,0.026244171,-0.047858074,-0.008661427,0.054581606,0.055264564,13.072152138,-7.634755135,-0.014426219
81.899402496,1788576082.492234707,1788576082.481514692,0.011775212,-0.044170666,-0.009028763,0.045713274,0.046596373,13.072344780,-7.628437519,-0.011830042
81.939401216,1788576082.524471521,1788576082.521513462,-0.005991951,-0.049025229,-0.016246773,0.049390045,0.051993597,13.073157310,-7.620269775,-0.008708160
81.969401216,1788576082.555594206,1788576082.551513672,-0.014544710,-0.038220161,-0.008437010,0.040894123,0.041755388,13.074191093,-7.613618374,-0.006061342
81.999401216,1788576082.591109991,1788576082.581513405,-0.025849082,-0.052567253,-0.023402413,0.058578931,0.063080616,13.075447083,-7.607113838,-0.003561053
82.039399936,1788576082.625463486,1788576082.621512175,-0.031425448,-0.051642967,-0.028782013,0.060452915,0.066954904,13.077333450,-7.598784447,-0.000500357
82.069399936,1788576082.656546831,1788576082.651512384,-0.030415913,-0.035673734,-0.011575255,0.046880092,0.048287986,13.078863144,-7.592367649,0.001973597
82.099399936,1788576082.689368486,1788576082.681512117,-0.031690454,-0.047767296,-0.024775507,0.057323638,0.062448580,13.080400467,-7.585960865,0.004420768
82.139396608,1788576082.724418402,1788576082.721508980,-0.030040408,-0.046015536,-0.024952277,0.054953214,0.060352894,13.082348824,-7.577886105,0.007458100
82.169396608,1788576082.755558252,1788576082.751508951,-0.028472769,-0.033143003,-0.016716526,0.043693904,0.046782470,13.083742142,-7.571776867,0.009828584
82.199396608,1788576082.792104483,1788576082.781508923,-0.026842601,-0.034839636,-0.030566826,0.043980967,0.053559839,13.085064888,-7.565724850,0.012202576
82.239393024,1788576082.824446917,1788576082.821505308,-0.024538827,-0.035557778,-0.026983757,0.043203120,0.050937537,13.086714745,-7.558166027,0.015091604
82.269393024,1788576082.855618238,1788576082.851505041,-0.021039772,-0.022072659,-0.021326927,0.030493840,0.037211720,13.087888718,-7.552607059,0.017320570
82.299393024,1788576082.892166615,1788576082.881505251,-0.020723338,-0.019160822,-0.034691142,0.028223994,0.044722133,13.088984489,-7.547259331,0.019540606
82.339392256,1788576082.924383163,1788576082.921504498,-0.017830535,-0.010594469,-0.038311340,0.020740558,0.043565233,13.090374947,-7.540935040,0.022147935
82.369392256,1788576082.955796957,1788576082.951504469,-0.012354937,0.013673153,-0.025039895,0.018428228,0.031090126,13.091411591,-7.536568165,0.024186401
82.399392256,1788576082.988367081,1788576082.981504440,-0.012665847,0.014464732,-0.047108841,0.019226340,0.050881185,13.092437744,-7.532583237,0.026163569
82.439391232,1788576083.025467873,1788576083.021503448,-0.008440590,0.026617686,-0.042621788,0.027923910,0.050954504,13.093734741,-7.528145790,0.028466156
82.469391232,1788576083.055582285,1788576083.051503658,-0.005974516,0.049697304,-0.041437202,0.050055138,0.064981217,13.094703674,-7.525264263,0.030301251
82.499391232,1788576083.092031240,1788576083.081503391,-0.003664607,0.053357167,-0.048478375,0.053482863,0.072184274,13.095642090,-7.522861481,0.032158002
82.539390208,1788576083.124553919,1788576083.121502399,0.001332080,0.067562997,-0.041706460,0.067576128,0.079410087,13.096817017,-7.520482540,0.034352701
82.569390208,1788576083.155570745,1788576083.151502371,0.002564225,0.083274353,-0.042967046,0.083313823,0.093740920,13.097690582,-7.519279003,0.036092643
82.599390208,1788576083.191986322,1788576083.181502581,0.005466160,0.089500831,-0.042742188,0.089667596,0.099333642,13.098529816,-7.518518448,0.037872188
82.639387136,1788576083.224456310,1788576083.221499443,0.007107552,0.099456009,-0.040333605,0.099709653,0.107558424,13.099624634,-7.518198013,0.039912451
82.669387136,1788576083.255691528,1788576083.251499414,0.007516617,0.113153072,-0.046490834,0.113402456,0.122562289,13.100452423,-7.518599987,0.041529879
82.699387136,1788576083.288523436,1788576083.281499386,0.009289853,0.120661732,-0.043295949,0.121018821,0.128530519,13.101247787,-7.519430637,0.043038495
82.739386112,1788576083.324364185,1788576083.321498394,0.011131183,0.129737771,-0.045412239,0.130214410,0.137905997,13.102292061,-7.521170139,0.044692509
82.769386112,1788576083.355587482,1788576083.351498127,0.011762366,0.140499306,-0.049117786,0.140990809,0.149301591,13.103067398,-7.523097992,0.045775212
82.799386112,1788576083.388303041,1788576083.381498337,0.013025038,0.144203356,-0.046384671,0.144790398,0.152038801,13.103847504,-7.525487900,0.046676338
82.839385088,1788576083.424973011,1788576083.421497345,0.011383514,0.148115705,-0.049367055,0.148552504,0.156540578,13.104919434,-7.529016495,0.047592051
82.869385088,1788576083.455570936,1788576083.451497555,0.007341861,0.152071406,-0.056461859,0.152248532,0.162380901,13.105675697,-7.532083988,0.048127279
82.899385088,1788576083.492120266,1788576083.481497288,0.008490725,0.148934960,-0.056927596,0.149176790,0.159669865,13.106420517,-7.535413742,0.048434369
82.939384064,1788576083.524420500,1788576083.521496296,0.006344813,0.149668256,-0.055880810,0.149802682,0.159885924,13.107449532,-7.539986134,0.048598558
82.969384064,1788576083.556744099,1788576083.551496267,0.003533703,0.154318857,-0.066878364,0.154359310,0.168224588,13.108032227,-7.543886185,0.048436966
82.999384064,1788576083.589334488,1788576083.581496239,0.002482744,0.150878587,-0.066139646,0.150899013,0.164757291,13.108542442,-7.548006535,0.048056670
83.039387904,1788576083.624412060,1788576083.621500254,0.000112716,0.158503155,-0.074259710,0.158503195,0.175036474,13.109297752,-7.553741455,0.047295868
83.069387904,1788576083.655606270,1788576083.651499987,0.002191382,0.160973655,-0.063895657,0.160988571,0.173205008,13.109595299,-7.558656693,0.046380091
83.099387904,1788576083.692440033,1788576083.681500196,0.001149052,0.164078521,-0.078802533,0.164082544,0.182024505,13.109759331,-7.563865662,0.045228619
83.139386880,1788576083.724554300,1788576083.721499205,0.000470552,0.164870761,-0.079544674,0.164871432,0.183057216,13.110035896,-7.570991993,0.043421872
83.169386880,1788576083.755689144,1788576083.751499176,0.003768382,0.176930742,-0.071625204,0.176970868,0.190915840,13.109941483,-7.576972961,0.041755684
83.199386880,1788576083.791046143,1788576083.781499147,0.003149178,0.177992094,-0.080079875,0.178019950,0.195202175,13.109685898,-7.583354950,0.039887257
83.239385856,1788576083.825572252,1788576083.821498156,0.006932760,0.189810589,-0.068983425,0.189937155,0.202076311,13.109395981,-7.592116356,0.037277520
83.269385856,1788576083.856719732,1788576083.851497889,0.006505082,0.194580364,-0.079251032,0.194689070,0.210201237,13.108797073,-7.599482536,0.035133034
83.299385856,1788576083.890631914,1788576083.881498098,0.009655867,0.207188742,-0.058363704,0.207413622,0.215468635,13.108012199,-7.607295990,0.032891832
83.339388672,1788576083.925333023,1788576083.921500921,0.011395270,0.220776435,-0.066438886,0.221070320,0.230838065,13.107070923,-7.618175983,0.029783865
83.369388672,1788576083.955564499,1788576083.951500893,0.016569801,0.227581556,-0.061830351,0.228183968,0.236412596,13.106024742,-7.627186298,0.027370311
83.399388672,1788576083.991356134,1788576083.981500864,0.016463075,0.240644689,-0.078880666,0.241207171,0.253777577,13.104828835,-7.636679649,0.024812980
83.439385600,1788576084.024603367,1788576084.021497965,0.019194374,0.252254592,-0.077835608,0.252983800,0.264686956,13.103350639,-7.649757385,0.021412376
83.469385600,1788576084.055693626,1788576084.051497936,0.022808581,0.266637384,-0.066476315,0.267611146,0.275744132,13.101908684,-7.660440445,0.018772256
83.499385600,1788576084.090583563,1788576084.081497908,0.027017132,0.272481747,-0.053354347,0.273817873,0.278967586,13.100329399,-7.671641827,0.016209943
83.539382272,1788576084.124376774,1788576084.121494532,0.029184837,0.290946656,-0.052878818,0.292406757,0.297149594,13.098393440,-7.686931610,0.012899391
83.569382272,1788576084.156838417,1788576084.151494741,0.030135136,0.300671765,-0.056037230,0.302178154,0.307330129,13.096733093,-7.699311733,0.010388980
83.599382272,1788576084.189335346,1788576084.181494474,0.031580242,0.305794289,-0.056579137,0.307420654,0.312583841,13.095011711,-7.712125778,0.007848600
83.639378688,1788576084.224384308,1788576084.221490860,0.035019261,0.315585133,-0.051488507,0.317522164,0.321669692,13.092903137,-7.729443073,0.004522422
83.669378688,1788576084.255554914,1788576084.251490831,0.034142045,0.318782104,-0.060848401,0.320605223,0.326328418,13.091157913,-7.743000507,0.001997191
83.699378688,1788576084.291964531,1788576084.281491041,0.036774185,0.312655558,-0.057370987,0.314810799,0.319995733,13.089371681,-7.756753445,-0.000466688
83.739377664,1788576084.324733257,1788576084.321489811,0.038708937,0.310808926,-0.064508984,0.313210106,0.319784270,13.087076187,-7.774797916,-0.003560271
83.769377664,1788576084.355570316,1788576084.351490021,0.042315257,0.318124776,-0.047301670,0.320926711,0.324393899,13.085123062,-7.788526058,-0.005854947
83.799377664,1788576084.392050743,1788576084.381489992,0.045960041,0.308430473,-0.049392705,0.311835986,0.315723489,13.083071709,-7.802316666,-0.008068919
83.839374336,1788576084.424362898,1788576084.421486616,0.049549169,0.299371747,-0.053499797,0.303444498,0.308124636,13.080336571,-7.820121765,-0.010924298
83.869374336,1788576084.456517935,1788576084.451486826,0.052466022,0.294200251,-0.049309478,0.298841883,0.302882643,13.077964783,-7.833515644,-0.012971555
83.899374336,1788576084.488384485,1788576084.481486559,0.055646992,0.280838456,-0.052043926,0.286298491,0.290990371,13.075435638,-7.846763611,-0.014907819
83.939373312,1788576084.524426460,1788576084.521485567,0.056936906,0.266975829,-0.050671692,0.272979678,0.277642802,13.072074890,-7.863577843,-0.017440632
83.969373312,1788576084.556662321,1788576084.551485538,0.060072347,0.245486593,-0.050485215,0.252729805,0.257722935,13.069255829,-7.875795841,-0.019201681
83.999373312,1788576084.592105150,1788576084.581485510,0.061621010,0.237710999,-0.044109837,0.245568052,0.249498188,13.066266060,-7.887559414,-0.020909581
84.039369984,1788576084.624927282,1788576084.621482134,0.068184082,0.217422220,-0.044309972,0.227862877,0.232131136,13.062156677,-7.902241707,-0.023003884
84.069369984,1788576084.656822681,1788576084.651482105,0.069552653,0.185366206,-0.035638914,0.197985358,0.201167428,13.058784485,-7.912661552,-0.024391577
84.099369984,1788576084.689530611,1788576084.681482315,0.069353656,0.174079114,-0.039275475,0.187385879,0.191457647,13.055313110,-7.922485828,-0.025670098
84.139366912,1788576084.724539757,1788576084.721479177,0.069933647,0.151075145,-0.024847256,0.166476468,0.168320529,13.050684929,-7.934442043,-0.027181474
84.169366912,1788576084.756709337,1788576084.751479387,0.067031678,0.132388874,-0.025538506,0.148391576,0.150573155,13.047081947,-7.942655087,-0.028136982
84.199366912,1788576084.789287329,1788576084.781479120,0.066804228,0.110223800,-0.024467332,0.128887901,0.131189715,13.043457985,-7.950185299,-0.029104035
84.239365888,1788576084.825331926,1788576084.821478128,0.062474700,0.089601062,-0.012740000,0.109231124,0.109971569,13.038747787,-7.959141254,-0.030281825
84.269365888,1788576084.856570005,1788576084.851478100,0.059635439,0.073981838,-0.014901406,0.095024723,0.096186017,13.035046577,-7.965118885,-0.031038342
84.299365888,1788576084.892136812,1788576084.881478071,0.053288437,0.051913606,-0.019608019,0.074395430,0.076936041,13.031328201,-7.970433712,-0.031743459
84.339364864,1788576084.924765587,1788576084.921477079,0.049906148,0.034909845,-0.006380811,0.060904195,0.061237535,13.026588440,-7.976490021,-0.032541927
84.369364864,1788576084.956513166,1788576084.951477289,0.043271565,0.024170257,-0.012168011,0.049564399,0.051036165,13.023024559,-7.980332375,-0.033041663
84.399364864,1788576084.992198944,1788576084.981477022,0.036714349,0.004845785,-0.011584284,0.037032757,0.038802329,13.019577980,-7.983621120,-0.033485886
84.439363840,1788576085.025537491,1788576085.021476030,0.032910070,-0.010324821,-0.008630605,0.034491660,0.035555055,13.015241623,-7.987195969,-0.034047343
84.469363840,1788576085.056615114,1788576085.051476002,0.031604073,-0.014922853,-0.002693949,0.034950093,0.035053764,13.011918068,-7.989501476,-0.034367219
84.499363840,1788576085.088609934,1788576085.081476212,0.033523894,-0.022218855,0.006000115,0.040218516,0.040663625,13.008663177,-7.991425514,-0.034645997
84.539362816,1788576085.124426126,1788576085.121474981,0.032452055,-0.035327710,0.001605638,0.047970647,0.047997511,13.004373550,-7.993442535,-0.035003670
84.569362816,1788576085.156565428,1788576085.151475191,0.038276368,-0.035704407,0.008496162,0.052343911,0.053028952,13.001029015,-7.994798660,-0.035148855
84.599362816,1788576085.189314842,1788576085.181475163,0.045324119,-0.039345668,0.008247002,0.060019642,0.060583582,12.997508049,-7.996058941,-0.035199624
84.639361792,1788576085.225367308,1788576085.221473932,0.054352250,-0.048876131,0.009482694,0.073096123,0.073708648,12.992617607,-7.997485161,-0.035191957
84.669361792,1788576085.256707907,1788576085.251473904,0.062448877,-0.034557894,0.008148572,0.071373036,0.071836686,12.988684654,-7.998722553,-0.035191644
84.699361792,1788576085.290671349,1788576085.281474113,0.073889103,-0.048951953,0.011390856,0.088633477,0.089362435,12.984572411,-7.999880314,-0.035176061
84.739358464,1788576085.324348927,1788576085.321470737,0.092713712,-0.049255814,0.008469779,0.104985560,0.105326658,12.978624344,-8.001297951,-0.035164408
84.769358464,1788576085.356723547,1788576085.351470709,0.107021165,-0.047271809,0.013865041,0.116996383,0.117815080,12.973718643,-8.002464294,-0.035156019
84.799358464,1788576085.389329672,1788576085.381470680,0.124475554,-0.042638948,0.011581336,0.131575999,0.132084711,12.968406677,-8.003747940,-0.035121255
84.839357440,1788576085.425562620,1788576085.421469688,0.149688090,-0.037878059,0.013947920,0.154406191,0.155034887,12.960671425,-8.005623817,-0.035125483
84.869357440,1788576085.455662012,1788576085.451469898,0.166071743,-0.034712834,0.018540409,0.169660852,0.170670886,12.954353333,-8.007330894,-0.035087880
84.899357440,1788576085.492201805,1788576085.481469631,0.178886977,-0.031230332,0.011277404,0.181592633,0.181942475,12.947695732,-8.009266853,-0.035031382
84.939356416,1788576085.524286985,1788576085.521468639,0.200134445,-0.027670166,0.010137710,0.202038200,0.202292381,12.938354492,-8.012002945,-0.035114206
84.969356416,1788576085.555740595,1788576085.551468611,0.212770510,-0.019457595,0.011127936,0.213658344,0.213947935,12.930961609,-8.014376640,-0.035224278
84.999356416,1788576085.588354349,1788576085.581468582,0.224311542,-0.021838854,0.004561799,0.225372144,0.225418308,12.923288345,-8.016942978,-0.035430443
85.039355392,1788576085.624394178,1788576085.621467590,0.242095015,-0.015409408,0.009362639,0.242584925,0.242765535,12.912665367,-8.020462036,-0.035794042
85.069355392,1788576085.655794144,1788576085.651467800,0.249917978,-0.012006531,0.009336205,0.250206220,0.250380345,12.904442787,-8.023409843,-0.036033452
85.099355392,1788576085.688412905,1788576085.681467533,0.257821390,-0.012563577,0.002420021,0.258127319,0.258138663,12.896018028,-8.026447296,-0.036267772
85.139354368,1788576085.724344254,1788576085.721466541,0.269631232,-0.007374742,0.007069042,0.269732067,0.269824682,12.884545326,-8.030563354,-0.036630161
85.169354368,1788576085.755841494,1788576085.751466513,0.276520736,-0.010712978,0.005518703,0.276728179,0.276783203,12.875764847,-8.033898354,-0.036879618
85.199354368,1788576085.792133570,1788576085.781466722,0.282390446,-0.003247838,0.003190491,0.282409123,0.282427144,12.866851807,-8.037363052,-0.037178181
85.239351296,1788576085.824905157,1788576085.821463585,0.291242725,-0.001111007,0.013121660,0.291244844,0.291540284,12.854806900,-8.042048454,-0.037421759
85.269351296,1788576085.855722189,1788576085.851463795,0.295993905,0.000475724,0.007146479,0.295994287,0.296080547,12.845604897,-8.045697212,-0.037461355
85.299351296,1788576085.892137289,1788576085.881463528,0.300064071,0.002495383,0.010138747,0.300074447,0.300245679,12.836322784,-8.049434662,-0.037499983
85.339350272,1788576085.924369812,1788576085.921462536,0.308574935,0.004476644,0.016144418,0.308607405,0.309029405,12.823788643,-8.054395676,-0.037410788
85.369350272,1788576085.956778288,1788576085.951462507,0.310343800,0.009763554,0.011939753,0.310497345,0.310726823,12.814192772,-8.058166504,-0.037213258
85.399350272,1788576085.989263773,1788576085.981462479,0.317809554,0.010436269,0.020042724,0.317980861,0.318611894,12.804445267,-8.061911583,-0.036897760
85.439349248,1788576086.024297953,1788576086.021461487,0.324587520,0.013835834,0.022632704,0.324882269,0.325669661,12.791274071,-8.066935539,-0.036378570
85.469349248,1788576086.055725574,1788576086.051461697,0.332151493,0.008653299,0.020263856,0.332264193,0.332881537,12.781150818,-8.070768356,-0.035853710
85.499349248,1788576086.089273691,1788576086.081461430,0.337072733,0.019762831,0.015639706,0.337651591,0.338013606,12.770817757,-8.074578285,-0.035286717
85.539346176,1788576086.124536514,1788576086.121458530,0.343340807,0.019178844,0.015442535,0.343876050,0.344222616,12.756869316,-8.079725266,-0.034430102
85.569346176,1788576086.155724287,1788576086.151458263,0.348385993,0.019582297,0.015961873,0.348935906,0.349300799,12.746099472,-8.083521843,-0.033638667
85.599346176,1788576086.191967487,1788576086.181458473,0.354085671,0.027953009,0.024458642,0.355187321,0.356028451,12.735166550,-8.087373734,-0.032779574
85.639342848,1788576086.224406242,1788576086.221455097,0.354372172,0.029930080,0.012453814,0.355633865,0.355851856,12.720571518,-8.092455864,-0.031610444
85.669342848,1788576086.255681753,1788576086.251455069,0.356833228,0.025585429,0.012386748,0.357749307,0.357963683,12.709424973,-8.096107483,-0.030581232
85.699342848,1788576086.288393497,1788576086.281455040,0.360200043,0.030193411,0.026371095,0.361463295,0.362423989,12.698159218,-8.099677086,-0.029457036
85.739341824,1788576086.324352264,1788576086.321454048,0.363108424,0.030657280,0.018555273,0.364400325,0.364872436,12.683138847,-8.104363441,-0.028137540
85.769341824,1788576086.355567455,1788576086.351454258,0.362561386,0.031915928,0.012919706,0.363963440,0.364192675,12.671735764,-8.107729912,-0.027092226
85.799341824,1788576086.392559528,1788576086.381453991,0.364052551,0.027675506,0.014132484,0.365102990,0.365376410,12.660289764,-8.110915184,-0.026062166
85.839338496,1788576086.424906015,1788576086.421450853,0.366052459,0.024434435,0.016231851,0.366867067,0.367225976,12.645012856,-8.115105629,-0.024729315
85.869338496,1788576086.455537558,1788576086.451450825,0.366978708,0.029915477,0.013766950,0.368196018,0.368453303,12.633575439,-8.118039131,-0.023640404
85.899338496,1788576086.488235950,1788576086.481450796,0.369919085,0.029474845,0.024647678,0.371091492,0.371909134,12.622151375,-8.120893478,-0.022442408
85.939337472,1788576086.524418354,1788576086.521449804,0.370728541,0.026276795,0.018492111,0.371658608,0.372118367,12.606911659,-8.124568939,-0.020992605
85.969337472,1788576086.556662083,1788576086.551449537,0.369644452,0.019143107,0.018060310,0.370139811,0.370580159,12.595538139,-8.127093315,-0.019783378
85.999337472,1788576086.589391708,1788576086.581449747,0.370446624,0.020890730,0.009751590,0.371035206,0.371163330,12.584164619,-8.129444122,-0.018646998
86.029336448,1788576086.622954845,1788576086.611448765,0.371878718,0.015183637,0.022893678,0.372188560,0.372892001,12.572812080,-8.131791115,-0.017519919
86.069336448,1788576086.658324957,1788576086.651448727,0.374511601,0.016229621,0.022532783,0.374863095,0.375539700,12.557769775,-8.134635925,-0.015889563
86.099336448,1788576086.691333532,1788576086.681448698,0.372265516,0.012450769,0.020725748,0.372473672,0.373049853,12.546549797,-8.136583328,-0.014549683
86.139333120,1788576086.724507809,1788576086.721445322,0.373268014,0.009653849,0.022581534,0.373392832,0.374075037,12.531619072,-8.139161110,-0.012852297
86.169333120,1788576086.755540133,1788576086.751445532,0.372750699,0.010431602,0.018197281,0.372896637,0.373340385,12.520573616,-8.140862465,-0.011484013
86.199333120,1788576086.792153358,1788576086.781445265,0.373509895,0.012926891,0.023289215,0.373733523,0.374458454,12.509609222,-8.142417908,-0.010186931
86.239329536,1788576086.824313879,1788576086.821441889,0.372951189,0.006831502,0.022457796,0.373013752,0.373689191,12.495007515,-8.144374847,-0.008584209
86.269329536,1788576086.855711460,1788576086.851441622,0.370176325,0.000498000,0.011041410,0.370176659,0.370341291,12.484168053,-8.145540237,-0.007437441
86.299329536,1788576086.889302254,1788576086.881441832,0.371013222,0.007957885,0.017250380,0.371098556,0.371499279,12.473385811,-8.146526337,-0.006320832
86.339332864,1788576086.924295425,1788576086.921445131,0.365443037,-0.002794296,0.019668885,0.365453720,0.365982631,12.459156036,-8.147745132,-0.005038347
86.369332864,1788576086.955538988,1788576086.951445103,0.362072851,-0.004213437,0.000309786,0.362097366,0.362097498,12.448684692,-8.148437500,-0.004050922
86.399332864,1788576086.988288879,1788576086.981445074,0.357638827,-0.002774231,0.005465811,0.357649587,0.357691350,12.438364983,-8.148987770,-0.003206981
86.439331584,1788576087.025290728,1788576087.021443844,0.353437232,-0.000595073,0.002485661,0.353437733,0.353446473,12.424768448,-8.149681091,-0.002086466
86.469331584,1788576087.055555582,1788576087.051443815,0.349507761,-0.002755372,0.008990448,0.349518622,0.349634231,12.414793015,-8.150109291,-0.001361175
86.499331584,1788576087.088228941,1788576087.081443787,0.345090547,0.006495005,0.003832378,0.345151663,0.345172939,12.405001640,-8.150534630,-0.000758525
86.539330304,1788576087.124327898,1788576087.121442556,0.338225186,0.006971478,-0.003955779,0.338297026,0.338320153,12.392113686,-8.151127815,-0.000027217
86.569330304,1788576087.156709194,1788576087.151442528,0.338505723,-0.002678474,0.015328884,0.338516319,0.338863207,12.382625580,-8.151589394,0.000531534
86.599330304,1788576087.189288378,1788576087.181442499,0.331232802,0.011831704,-0.001325742,0.331444050,0.331446702,12.373291016,-8.152105331,0.001051866
86.639326464,1788576087.224516153,1788576087.221438646,0.328865475,0.015458825,0.001431896,0.329228607,0.329231721,12.361001968,-8.152920723,0.001628809
86.669326464,1788576087.255550623,1788576087.251438618,0.326347193,0.007373226,-0.005628732,0.326430475,0.326479000,12.352006912,-8.153547287,0.002015203
86.699326464,1788576087.291061401,1788576087.281438828,0.325160253,0.017965879,0.004827854,0.325656204,0.325691989,12.343129158,-8.154303551,0.002469406
86.739325184,1788576087.325331688,1788576087.321437359,0.321256511,0.018625606,-0.007091686,0.321795990,0.321874123,12.331368446,-8.155444145,0.002847113
86.769325184,1788576087.356558323,1788576087.351437330,0.320131398,0.016593398,-0.000948960,0.320561153,0.320562558,12.322749138,-8.156329155,0.003406890
86.799325184,1788576087.388251305,1788576087.381437540,0.318160584,0.022856756,0.001902283,0.318980546,0.318986218,12.314278603,-8.157282829,0.003887309
86.839323904,1788576087.424503088,1788576087.421436071,0.314657474,0.024461046,-0.011237889,0.315606826,0.315806838,12.303038597,-8.158675194,0.004430078
86.869323904,1788576087.456606865,1788576087.451436043,0.314055033,0.021919814,-0.000259348,0.314819063,0.314819169,12.294847488,-8.159745216,0.004912321
86.899323904,1788576087.488209486,1788576087.481436253,0.311589461,0.027803718,-0.018955634,0.312827491,0.313401269,12.286766052,-8.160781860,0.005349653
86.939322624,1788576087.524420977,1788576087.521434784,0.311698589,0.025964174,-0.016253830,0.312778114,0.313200153,12.275979996,-8.162261009,0.005748322
86.969322624,1788576087.556634188,1788576087.551434755,0.312006769,0.017904172,-0.012016233,0.312520053,0.312750976,12.268039703,-8.163302422,0.006178759
86.999322624,1788576087.589306355,1788576087.581434965,0.312131125,0.028107527,-0.020794400,0.313394116,0.314083236,12.260124207,-8.164267540,0.006667852
87.039321344,1788576087.625268221,1788576087.621433496,0.313942075,0.019953522,-0.024431690,0.314575539,0.315522863,12.249478340,-8.165568352,0.007180015
87.069321344,1788576087.656747580,1788576087.651433468,0.314212159,0.016687630,-0.016435725,0.314654983,0.315083943,12.241502762,-8.166344643,0.007646048
87.099321344,1788576087.689572811,1788576087.681433678,0.313299163,0.020663020,-0.014907450,0.313979818,0.314333514,12.233518600,-8.166990280,0.008176981
87.139318016,1788576087.724833012,1788576087.721430302,0.312183906,0.020949179,-0.013508730,0.312886016,0.313177497,12.222834587,-8.167870522,0.008690359
87.169318016,1788576087.756693363,1788576087.751430035,0.309468612,0.019826247,-0.032590000,0.310103050,0.311810856,12.214785576,-8.168202400,0.009097874
87.199318016,1788576087.789282322,1788576087.781430244,0.310944159,0.015891542,-0.022515482,0.311349981,0.312163031,12.206685066,-8.168457031,0.009549458
87.229316736,1788576087.823009491,1788576087.811428785,0.307916510,0.018884867,-0.029469124,0.308495082,0.309899411,12.198563576,-8.168670654,0.009885438
87.269316736,1788576087.857776403,1788576087.851428747,0.305003754,0.016988030,-0.033745509,0.305476485,0.307334740,12.187611580,-8.168581009,0.010361992
87.299316736,1788576087.889291525,1788576087.881428957,0.303538986,0.019206970,-0.025855415,0.304146056,0.305243061,12.179316521,-8.168172836,0.010753570
87.339313152,1788576087.924608946,1788576087.921425343,0.301229367,0.013469984,-0.029037498,0.301530383,0.302925318,12.168248177,-8.167565346,0.011226321
87.369313152,1788576087.955548048,1788576087.951425552,0.297432802,0.000450292,-0.032999312,0.297433142,0.299258131,12.159716606,-8.166386604,0.011713075
87.399313152,1788576087.991200447,1788576087.981425524,0.295895565,0.007498364,-0.036250801,0.295990559,0.298202165,12.151076317,-8.164839745,0.012189042
87.439311872,1788576088.024280548,1788576088.021424055,0.290321094,-0.000471488,-0.034420443,0.290321477,0.292354796,12.139693260,-8.162735939,0.012557965
87.469311872,1788576088.056542873,1788576088.051424265,0.282279757,-0.006611537,-0.042562455,0.282357174,0.285547082,12.130944252,-8.160251617,0.012937961
87.499311872,1788576088.090585947,1788576088.081424236,0.276306631,-0.007265056,-0.045611267,0.276402126,0.280140185,12.122171402,-8.157258987,0.013296833
87.539308288,1788576088.124303818,1788576088.121420622,0.268512151,-0.011780814,-0.040254218,0.268770465,0.271768219,12.110705376,-8.153306007,0.013745373
87.569308288,1788576088.155534744,1788576088.151420355,0.264743838,-0.022189050,-0.037861026,0.265672080,0.268356314,12.101837158,-8.149304390,0.014140723
87.599308288,1788576088.189280272,1788576088.181420565,0.259708044,-0.014652495,-0.042492456,0.260121056,0.263568914,12.092892647,-8.144752502,0.014471864
87.639305472,1788576088.224835873,1788576088.221417665,0.253549699,-0.025534801,-0.040252104,0.254832250,0.257991681,12.081213951,-8.138713837,0.014762916
87.669305472,1788576088.255497217,1788576088.251417637,0.250407278,-0.041605340,-0.034916193,0.253840126,0.256230267,12.072182655,-8.132966995,0.014881723
87.699305472,1788576088.288257837,1788576088.281417847,0.248813092,-0.031483193,-0.041716515,0.250797022,0.254242824,12.063030243,-8.126681328,0.014935149
87.739304448,1788576088.324340105,1788576088.321416616,0.250221155,-0.040098941,-0.041944918,0.253413795,0.256861690,12.050833702,-8.118482590,0.014877427
87.769304448,1788576088.356672049,1788576088.351416826,0.256369089,-0.055403287,-0.034478560,0.262287312,0.264543768,12.041251183,-8.110926628,0.014692765
87.799304448,1788576088.389322758,1788576088.381416798,0.256171978,-0.057438056,-0.036057829,0.262532308,0.264996943,12.031414986,-8.102639198,0.014477691
87.829303424,1788576088.422992945,1788576088.411415577,0.261309990,-0.071872024,-0.026117908,0.271013835,0.272269432,12.021554947,-8.094374657,0.014195822
87.869303424,1788576088.457690477,1788576088.451415539,0.262144361,-0.080851964,-0.033421725,0.274329558,0.276357953,12.008028030,-8.081837654,0.013749668
87.899303424,1788576088.489231586,1788576088.481415749,0.266348954,-0.082054933,-0.029365770,0.278701951,0.280244760,11.997605324,-8.071366310,0.013356650
87.939300096,1788576088.524415731,1788576088.521412373,0.269072523,-0.089264406,-0.034779504,0.283492781,0.285618225,11.983679771,-8.057682037,0.012793297
87.969300096,1788576088.555556297,1788576088.551412106,0.272300589,-0.097350300,-0.031044369,0.289179342,0.290840926,11.972817421,-8.045716286,0.012342751
87.999300096,1788576088.588258982,1788576088.581412315,0.273184252,-0.112233794,-0.031802985,0.295340583,0.297047959,11.961763382,-8.033014297,0.011877373
88.039296768,1788576088.624367714,1788576088.621408939,0.277632785,-0.120744657,-0.027703870,0.302752763,0.304017664,11.947043419,-8.016463280,0.011123631
88.069296768,1788576088.656531811,1788576088.651408911,0.279584152,-0.120092906,-0.034161160,0.304285399,0.306196977,11.935614586,-8.002289772,0.010499360
88.099296768,1788576088.689261675,1788576088.681409121,0.283640999,-0.130824790,-0.034476951,0.312357714,0.314254677,11.923988342,-7.987389088,0.009789934
88.139293440,1788576088.724506378,1788576088.721405745,0.286162698,-0.140262915,-0.035887103,0.318689151,0.320703382,11.908504486,-7.968053341,0.008815723
88.169293440,1788576088.755576849,1788576088.751405478,0.286802403,-0.143480313,-0.040810322,0.320690222,0.323276508,11.896540642,-7.951871872,0.007957127
88.199293440,1788576088.789328575,1788576088.781405687,0.291399630,-0.146512421,-0.026714734,0.326158909,0.327251144,11.884413719,-7.935054302,0.007141318
88.239292416,1788576088.826534986,1788576088.821404696,0.294646375,-0.157793242,-0.036732937,0.334238228,0.336250654,11.868280411,-7.913228035,0.005918177
88.269292416,1788576088.857584953,1788576088.851404905,0.296163658,-0.160094480,-0.030436806,0.336664751,0.338037799,11.855974197,-7.895341396,0.005005741
88.299292416,1788576088.889543056,1788576088.881404638,0.293296427,-0.178740750,-0.049690656,0.343469140,0.347044970,11.843682289,-7.876818180,0.003970804
88.339289088,1788576088.924330235,1788576088.921401262,0.287480372,-0.183402199,-0.041230733,0.341000485,0.343484066,11.827657700,-7.852756500,0.002559522
88.369289088,1788576088.956645966,1788576088.951401472,0.279798602,-0.183655366,-0.056994681,0.334688738,0.339506915,11.815704346,-7.833367348,0.001489649
88.399289088,1788576088.989235640,1788576088.981401443,0.274145049,-0.197771488,-0.043204438,0.338037083,0.340786873,11.803929329,-7.813537598,0.000503222
88.439287808,1788576089.024260759,1788576089.021399975,0.263158095,-0.202634295,-0.046150219,0.332133769,0.335324743,11.788770676,-7.787777424,-0.000934802
88.469287808,1788576089.055557013,1788576089.051400185,0.255092934,-0.210079507,-0.051883398,0.330463015,0.334511122,11.777605057,-7.767565727,-0.001721885
88.499287808,1788576089.088290215,1788576089.081400156,0.246214667,-0.214610475,-0.059377865,0.326618001,0.331971459,11.766696930,-7.747142792,-0.002465917
88.539286784,1788576089.125288725,1788576089.121398926,0.234527239,-0.222447761,-0.058962289,0.323242992,0.328576602,11.752738953,-7.720663548,-0.003466455
88.569286784,1788576089.155543089,1788576089.151398897,0.226740650,-0.222823108,-0.050519526,0.317901652,0.321890793,11.742601395,-7.700290680,-0.003820987
88.599286784,1788576089.188235044,1788576089.181399107,0.216465956,-0.227573577,-0.048030203,0.314081587,0.317732818,11.732764244,-7.679869652,-0.003986452
88.639285760,1788576089.224307775,1788576089.221398115,0.205491897,-0.237786445,-0.046817243,0.314275855,0.317743871,11.720213890,-7.653490067,-0.004174583
88.669285760,1788576089.255699158,1788576089.251398087,0.196728036,-0.231274303,-0.048601191,0.303627606,0.307492763,11.711275101,-7.633673668,-0.003929425
88.699285760,1788576089.288653612,1788576089.281398058,0.186808751,-0.240261173,-0.045090550,0.304340173,0.307662313,11.702726364,-7.614113331,-0.003419889
88.739289344,1788576089.324352026,1788576089.321401596,0.173386025,-0.236114249,-0.043704341,0.292937966,0.296180218,11.691967010,-7.588946342,-0.002863314
88.769289344,1788576089.355547428,1788576089.351401567,0.162371054,-0.240790299,-0.048778346,0.290420948,0.294488802,11.684431076,-7.570520878,-0.002082933
88.799289344,1788576089.388231993,1788576089.381401539,0.151233455,-0.243388903,-0.043131714,0.286547930,0.289775880,11.677336693,-7.552554607,-0.001190815
88.839288320,1788576089.424824476,1788576089.421400547,0.137949627,-0.241998062,-0.049317835,0.278555491,0.282887629,11.668502808,-7.529551029,-0.000058522
88.869288320,1788576089.455528021,1788576089.451400757,0.128783523,-0.235545383,-0.037924480,0.268452647,0.271118221,11.662449837,-7.513301849,0.001122259
88.899288320,1788576089.488197327,1788576089.481400490,0.120032033,-0.234777652,-0.052532233,0.263682072,0.268864037,11.656812668,-7.497801304,0.002381450
88.939287296,1788576089.524263859,1788576089.521399498,0.106704001,-0.231207395,-0.050880572,0.254642108,0.259675636,11.649851799,-7.478101254,0.003900358
88.969287296,1788576089.556673527,1788576089.551399469,0.100915631,-0.218104416,-0.045200223,0.240319581,0.244533354,11.645153999,-7.464864731,0.005317004
88.999287296,1788576089.589461088,1788576089.581399441,0.090287158,-0.209003070,-0.045718344,0.227670934,0.232215893,11.640856743,-7.452665806,0.006860919
89.039286272,1788576089.625307798,1788576089.621398449,0.080508572,-0.201117315,-0.042132528,0.216632880,0.220691990,11.635665894,-7.437444210,0.008670246
89.069286272,1788576089.655566454,1788576089.651398659,0.073690599,-0.183964164,-0.049871435,0.198174463,0.204353316,11.632176399,-7.427957058,0.010316772
89.099286272,1788576089.688229561,1788576089.681398630,0.071208977,-0.182087171,-0.043539528,0.195515872,0.200305134,11.628959656,-7.419611454,0.012010366
89.139285248,1788576089.724737883,1788576089.721397400,0.074904512,-0.168442231,-0.046609606,0.184346063,0.190147118,11.624800682,-7.409544945,0.014096385
89.169285248,1788576089.755563021,1788576089.751397371,0.087589930,-0.146839400,-0.035063497,0.170978961,0.174537257,11.621609688,-7.404307842,0.015802886
89.199285248,1788576089.788326979,1788576089.781397581,0.098130955,-0.137545670,-0.047835722,0.168963001,0.175603964,11.618193626,-7.400531769,0.017534323
89.239284224,1788576089.824380398,1788576089.821396589,0.115322211,-0.113348656,-0.036363533,0.161700743,0.165739062,11.613226891,-7.396562099,0.019604726
89.269284224,1788576089.855694771,1788576089.851396561,0.129945530,-0.106506907,-0.044590133,0.168016553,0.173832799,11.609038353,-7.396084785,0.021262292
89.299284224,1788576089.888379335,1788576089.881396532,0.149833897,-0.095828613,-0.029944128,0.177857583,0.180360668,11.604387283,-7.396923065,0.022847613
89.339283200,1788576089.924411535,1788576089.921395540,0.172865465,-0.086963954,-0.033351401,0.193507618,0.196360673,11.597478867,-7.398624420,0.024634685
89.369283200,1788576089.955564022,1788576089.951395273,0.188914679,-0.079211242,-0.042007120,0.204849156,0.209111871,11.591493607,-7.402192116,0.026065018
89.399283200,1788576089.988281488,1788576089.981395483,0.209274607,-0.071965923,-0.028321966,0.221302859,0.223107797,11.584920883,-7.406899929,0.027440572
89.439282176,1788576090.025575876,1788576090.021394491,0.229307542,-0.067821593,-0.028255937,0.239126990,0.240790605,11.575493813,-7.413361549,0.029016318
89.469282176,1788576090.055601358,1788576090.051394463,0.240994516,-0.063758934,-0.034351261,0.249286098,0.251641745,11.567637444,-7.420384407,0.030178037
89.499282176,1788576090.090562105,1788576090.081394434,0.255069854,-0.047105409,-0.031249614,0.259383018,0.261258662,11.559270859,-7.428524971,0.031214269
89.539278592,1788576090.124360085,1788576090.121390820,0.270551832,-0.044418894,-0.043193473,0.274173908,0.277555415,11.547654152,-7.439492702,0.032314479
89.569278592,1788576090.156530380,1788576090.151390791,0.285672522,-0.037016376,-0.030841626,0.288060761,0.289707107,11.538172722,-7.449841499,0.032968909
89.599278592,1788576090.189244986,1788576090.181390762,0.296541655,-0.023449253,-0.046334628,0.297467344,0.301054345,11.528214455,-7.461268902,0.033387203
89.639275008,1788576090.224339724,1788576090.221387148,0.313818401,-0.012853356,-0.041992716,0.314081514,0.316876294,11.514477730,-7.476434708,0.033676360
89.669275008,1788576090.255641937,1788576090.251387358,0.324248660,-0.008208119,-0.046858786,0.324352534,0.327719869,11.503447533,-7.489773273,0.033555053
89.699275008,1788576090.288192034,1788576090.281387329,0.331035262,-0.000962955,-0.059235266,0.331036663,0.336294646,11.491973877,-7.503973484,0.033178106
89.739273984,1788576090.325572968,1788576090.321386337,0.332947877,-0.002543583,-0.062975188,0.332957592,0.338860787,11.476570129,-7.522456646,0.032482821
89.769273984,1788576090.355664730,1788576090.351386070,0.327895619,0.013220000,-0.061316020,0.328162011,0.333841219,11.464715004,-7.537921906,0.031506896
89.799273984,1788576090.388254642,1788576090.381386280,0.320755739,0.010314125,-0.073486190,0.320921526,0.329227650,11.452904701,-7.554041386,0.030267248
89.839272960,1788576090.424351215,1788576090.421385288,0.308038525,0.013440178,-0.070159147,0.308331593,0.316213025,11.437696457,-7.574806690,0.028521586
89.869272960,1788576090.455655336,1788576090.451385260,0.296112734,0.024534137,-0.083991665,0.297127372,0.308770586,11.426385880,-7.591715336,0.026694214
89.899272960,1788576090.488301039,1788576090.481385231,0.285795489,0.027621190,-0.069409835,0.287127135,0.295397557,11.415299416,-7.609143257,0.024621131
89.939271936,1788576090.524308205,1788576090.521384239,0.270871438,0.033011192,-0.069408866,0.272875567,0.281564674,11.401220322,-7.631540298,0.021761071
89.969271936,1788576090.555627346,1788576090.551383972,0.258118616,0.041550703,-0.080970000,0.261441543,0.273692933,11.390870094,-7.649544239,0.019044997
89.999271936,1788576090.588251591,1788576090.581384182,0.248430178,0.044135650,-0.070608606,0.252320251,0.262013520,11.380792618,-7.667883873,0.016036930
90.039270656,1788576090.624484539,1788576090.621382952,0.234295644,0.045533075,-0.070616931,0.238679093,0.248906530,11.368060112,-7.691355705,0.012077246
90.069270656,1788576090.655697346,1788576090.651382685,0.221566510,0.044036948,-0.079535616,0.225900356,0.239492975,11.358773232,-7.709976196,0.008569619
90.099270656,1788576090.688270092,1788576090.681382895,0.213049440,0.055635183,-0.069460658,0.220193864,0.230889845,11.349800110,-7.728816509,0.004794469
90.139269632,1788576090.726256371,1788576090.721381903,0.195795636,0.051036979,-0.077676637,0.202338094,0.216735701,11.338542938,-7.752874851,-0.000195269
90.169269632,1788576090.757564068,1788576090.751382113,0.187180088,0.058722677,-0.070061704,0.196175274,0.208310779,11.330312729,-7.772407532,-0.004782344
90.199269632,1788576090.789316416,1788576090.781381845,0.176709776,0.060612967,-0.073084960,0.186816158,0.200603310,11.322535515,-7.791166782,-0.009365122
90.239268352,1788576090.825261831,1788576090.821380615,0.162448846,0.058164120,-0.072102852,0.172547653,0.187006721,11.312841415,-7.815014362,-0.015238091
90.269268352,1788576090.855612993,1788576090.851380825,0.152276439,0.059010620,-0.063889267,0.163310646,0.175363068,11.305875778,-7.833362579,-0.020230526
90.299268352,1788576090.891485929,1788576090.881380558,0.142812420,0.057259748,-0.060074280,0.153863791,0.165175619,11.299258232,-7.851549625,-0.025425309
90.339267328,1788576090.925251722,1788576090.921379566,0.129504813,0.052035045,-0.057927746,0.139567699,0.151111768,11.291079521,-7.874635220,-0.032004729
90.369267328,1788576090.955512524,1788576090.951379538,0.119926582,0.060702300,-0.057216123,0.134414115,0.146085040,11.285386086,-7.892119884,-0.037452981
90.399267328,1788576090.991153240,1788576090.981379509,0.111305543,0.049848021,-0.059832161,0.121957981,0.135844163,11.280068398,-7.909279823,-0.043023817
90.439266304,1788576091.025453806,1788576091.021378517,0.099457263,0.044575664,-0.045839836,0.108989619,0.118237167,11.273548126,-7.930865765,-0.050048996
90.469266304,1788576091.056618929,1788576091.051378727,0.090926582,0.047823553,-0.044683995,0.102736242,0.112033008,11.269167900,-7.946959496,-0.055822443
90.499266304,1788576091.089295387,1788576091.081378460,0.081543392,0.039383143,-0.034203012,0.090555822,0.096799808,11.265183449,-7.962656021,-0.061615460
90.539262720,1788576091.124310970,1788576091.121375084,0.071316266,0.032552670,-0.027685261,0.078394426,0.083139399,11.260393143,-7.982321262,-0.068900153
90.569262720,1788576091.155553341,1788576091.151374817,0.062600509,0.033670523,-0.028917747,0.071081135,0.076738282,11.257391930,-7.996644020,-0.074823469
90.599262720,1788576091.188217163,1788576091.181375027,0.054529480,0.023478438,-0.020129908,0.059369195,0.062689030,11.254828453,-8.010450363,-0.080896623
90.639261440,1788576091.224839211,1788576091.221373796,0.044396771,0.019555193,-0.014898107,0.048512667,0.050748718,11.251891136,-8.027526855,-0.088296011
90.669261440,1788576091.255509615,1788576091.251373529,0.036686795,0.008731720,-0.002853543,0.037711588,0.037819394,11.250216484,-8.039748192,-0.094183490
90.699261440,1788576091.288200617,1788576091.281373739,0.028407880,-0.000462736,-0.009084352,0.028411649,0.029828631,11.248929977,-8.051317215,-0.100145340
90.739260160,1788576091.325457573,1788576091.321372509,0.017520180,-0.012005572,0.001181102,0.021238891,0.021271706,11.247601509,-8.065317154,-0.107410356
90.769260160,1788576091.356561661,1788576091.351372242,0.012173906,-0.021705046,0.012574971,0.024886001,0.027882663,11.247137070,-8.075071335,-0.113241047
90.799260160,1788576091.388272047,1788576091.381372452,0.003492414,-0.036089769,0.021264455,0.036258356,0.042033861,11.247036934,-8.084023476,-0.119033128
90.839258880,1788576091.424309492,1788576091.421371222,-0.005834734,-0.048893852,0.030684634,0.049240764,0.058018959,11.247239113,-8.094607353,-0.126128078
90.869258880,1788576091.455521345,1788576091.451370955,-0.015697003,-0.058859153,0.023314305,0.060916301,0.065225398,11.247961044,-8.101665497,-0.131763980
90.899258880,1788576091.490917683,1788576091.481371164,-0.020626175,-0.068408767,0.043146757,0.071450672,0.083467606,11.249062538,-8.107883453,-0.137350753
90.939257600,1788576091.525594473,1788576091.521369934,-0.033275483,-0.084400164,0.046952170,0.090722905,0.102152590,11.250857353,-8.114876747,-0.143958256
90.969257600,1788576091.555539608,1788576091.551369667,-0.039818389,-0.092378346,0.057261220,0.100594547,0.115750207,11.252684593,-8.119131088,-0.149069190
90.999257600,1788576091.590986252,1788576091.581369877,-0.047669921,-0.110899026,0.060546622,0.120710461,0.135044099,11.254797935,-8.122492790,-0.154088438
91.039256320,1788576091.626380205,1788576091.621368647,-0.056441535,-0.124253499,0.073171082,0.136471897,0.154850205,11.257853508,-8.125690460,-0.160082445
91.069256320,1788576091.658292294,1788576091.651368380,-0.065888258,-0.139609431,0.073128842,0.154376345,0.170821203,11.260628700,-8.127021790,-0.164666235
91.099256320,1788576091.690610886,1788576091.681368589,-0.073132753,-0.142788434,0.067216819,0.160427356,0.173939752,11.263707161,-8.127604485,-0.169156551
91.139252992,1788576091.724390984,1788576091.721365213,-0.083589680,-0.157348604,0.078262729,0.178173560,0.194604400,11.268002510,-8.127286911,-0.174375296
91.169252992,1788576091.755524397,1788576091.751365185,-0.088582087,-0.172172402,0.084367285,0.193623661,0.211205968,11.271703720,-8.126014709,-0.178420991
91.199252992,1788576091.788204193,1788576091.781365156,-0.092221456,-0.174031806,0.098329269,0.196956509,0.220137484,11.275619507,-8.124043465,-0.182205752
91.239251712,1788576091.824337244,1788576091.821363926,-0.094788149,-0.183010203,0.094056113,0.206100771,0.226548185,11.280816078,-8.120518684,-0.186610907
91.269251712,1788576091.855591774,1788576091.851363897,-0.094563618,-0.198063702,0.113080291,0.219480086,0.246898077,11.284982681,-8.117063522,-0.189860687
91.299251712,1788576091.888225079,1788576091.881363869,-0.097130952,-0.210187411,0.110432098,0.231545179,0.256531515,11.289212227,-8.112869263,-0.192772210
91.339250688,1788576091.924282551,1788576091.921362877,-0.097204156,-0.217242241,0.117326452,0.237997561,0.265345690,11.294734001,-8.106650352,-0.196007282
91.369250688,1788576091.956521273,1788576091.951363087,-0.101219115,-0.222767959,0.116419168,0.244685252,0.270969178,11.299141884,-8.101243973,-0.198424488
91.399250688,1788576091.989184618,1788576091.981363058,-0.100442745,-0.233157049,0.131741099,0.253871925,0.286018656,11.303684235,-8.095264435,-0.200623959
91.439249408,1788576092.024397850,1788576092.021361589,-0.105534559,-0.240966835,0.136276136,0.263063792,0.296266340,11.309727669,-8.086736679,-0.202889562
91.469249408,1788576092.055537462,1788576092.051361799,-0.105694138,-0.242917073,0.142136276,0.264914996,0.300637117,11.314575195,-8.079607010,-0.204453915
91.499249408,1788576092.089255333,1788576092.081361771,-0.111178172,-0.260376579,0.137839274,0.283119319,0.314890798,11.319571495,-8.071950912,-0.205786631
91.539246080,1788576092.124463797,1788576092.121358395,-0.111247488,-0.273997703,0.142521980,0.295720721,0.328273148,11.326109886,-8.061116219,-0.206907347
91.569246080,1788576092.155536175,1788576092.151358366,-0.113472721,-0.273822701,0.148589887,0.296403324,0.331562792,11.331114769,-8.052248001,-0.207688168
91.599246080,1788576092.189340353,1788576092.181358337,-0.115079422,-0.288452462,0.157104289,0.310560938,0.348037144,11.336169243,-8.042883873,-0.208262265
91.639244800,1788576092.225398540,1788576092.221357107,-0.118057752,-0.294697909,0.158080036,0.317465731,0.354646004,11.342826843,-8.029922485,-0.208633795
91.669244800,1788576092.255590200,1788576092.251357079,-0.120142847,-0.304795285,0.146312803,0.327619398,0.358806223,11.348018646,-8.019591331,-0.208857268
91.699244800,1788576092.288326025,1788576092.281357050,-0.122605980,-0.309330371,0.155597506,0.332742400,0.367325590,11.353287697,-8.008918762,-0.209012643
91.739243520,1788576092.324417830,1788576092.321355820,-0.125828604,-0.310032072,0.144218911,0.334593370,0.364351228,11.360223770,-7.994433880,-0.208869532
91.769243520,1788576092.355556726,1788576092.351355791,-0.123751154,-0.321808959,0.159074621,0.344783054,0.379710534,11.365500450,-7.983005524,-0.208685905
91.799243520,1788576092.388194084,1788576092.381355762,-0.122532269,-0.337080076,0.155937697,0.358660194,0.391092956,11.370671272,-7.971149921,-0.208319157
91.839240192,1788576092.424504042,1788576092.421352386,-0.116221772,-0.343342346,0.159547271,0.362479608,0.396038885,11.377183914,-7.954945564,-0.207320496
91.869240192,1788576092.455568790,1788576092.451352596,-0.113069429,-0.353614105,0.170299922,0.371251439,0.408447910,11.381907463,-7.942218304,-0.206602961
91.899240192,1788576092.488212824,1788576092.481352329,-0.108088979,-0.363968399,0.162594581,0.379679105,0.413029322,11.386415482,-7.929102421,-0.205783561
91.939238912,1788576092.525777102,1788576092.521351099,-0.102907896,-0.370919344,0.159091604,0.384930117,0.416510904,11.391968727,-7.911350250,-0.204303816
91.969238912,1788576092.556520939,1788576092.551351309,-0.095578514,-0.374579730,0.167056981,0.386581462,0.421133306,11.395938873,-7.897770882,-0.203281119
91.999238912,1788576092.588371277,1788576092.581351280,-0.095693801,-0.382727103,0.147415380,0.394508985,0.421151556,11.399741173,-7.884074688,-0.202255070
92.039237632,1788576092.624309540,1788576092.621349812,-0.090566821,-0.381463728,0.145261971,0.392067500,0.418112383,11.404504776,-7.866014004,-0.200516284
92.069237632,1788576092.655550957,1788576092.651350021,-0.085221470,-0.360403737,0.157147295,0.370342480,0.402304393,11.407857895,-7.852594376,-0.199353620
92.099237632,1788576092.688277245,1788576092.681349993,-0.083559409,-0.359125921,0.137095550,0.368718865,0.393381229,11.411079407,-7.839567184,-0.198096171
92.139236352,1788576092.725259304,1788576092.721348524,-0.080227088,-0.335316343,0.150418378,0.344780271,0.376163693,11.415209770,-7.822885513,-0.196019217
92.169236352,1788576092.755521059,1788576092.751348734,-0.079678654,-0.320183353,0.137421376,0.329948583,0.357422302,11.418236732,-7.810870647,-0.194598973
92.199236352,1788576092.788197041,1788576092.781348705,-0.078727502,-0.303065828,0.148148591,0.313124442,0.346402831,11.421199799,-7.799414635,-0.193147793
92.239235072,1788576092.824315786,1788576092.821347237,-0.075391699,-0.282374825,0.143330924,0.292266060,0.325519897,11.425008774,-7.784930229,-0.190944523
92.269235072,1788576092.856717825,1788576092.851347446,-0.074335953,-0.265289767,0.145061647,0.275507703,0.311363736,11.427721024,-7.774699211,-0.189313307
92.299235072,1788576092.888226032,1788576092.881347418,-0.070919052,-0.256372937,0.137076002,0.266001118,0.299243087,11.430313110,-7.764958858,-0.187736332
92.339233792,1788576092.924290419,1788576092.921345949,-0.067705651,-0.241499012,0.135174372,0.250810343,0.284917425,11.433567047,-7.752646923,-0.185342416
92.369233792,1788576092.955524683,1788576092.951346159,-0.063531669,-0.223049376,0.148941436,0.231920886,0.275628098,11.435809135,-7.743929386,-0.183547810
92.399233792,1788576092.988205910,1788576092.981346130,-0.060675962,-0.212506444,0.144847498,0.220999007,0.264237315,11.437899590,-7.735656261,-0.181672081
92.439230464,1788576093.024921894,1788576093.021342754,-0.056628254,-0.199701585,0.145102108,0.207575244,0.253262914,11.440485954,-7.725244045,-0.179017574
92.469230464,1788576093.055541039,1788576093.051342964,-0.049644082,-0.186256752,0.141192215,0.192759209,0.238937971,11.442165375,-7.717896461,-0.177079603
92.499230464,1788576093.088175535,1788576093.081342697,-0.041851896,-0.189516213,0.138555106,0.194082396,0.238464869,11.443549156,-7.710848331,-0.175110757
92.539229184,1788576093.125394344,1788576093.121341467,-0.028700895,-0.174562030,0.140879556,0.176905748,0.226147503,11.444918633,-7.701941490,-0.172267884
92.569229184,1788576093.156746864,1788576093.151341677,-0.023606956,-0.161818809,0.140672996,0.163531695,0.215711629,11.445514679,-7.695739746,-0.170005873
92.599229184,1788576093.189358234,1788576093.181341410,-0.019024560,-0.159277162,0.140299681,0.160409314,0.213108302,11.445949554,-7.689886570,-0.167639792
92.639225856,1788576093.224383116,1788576093.221338034,-0.021713861,-0.148945904,0.133672707,0.150520344,0.201307642,11.446557045,-7.682446003,-0.164438963
92.669225856,1788576093.255546570,1788576093.251338243,-0.023163439,-0.137389237,0.133986154,0.139328200,0.193299345,11.446898460,-7.677361488,-0.161848739
92.699225856,1788576093.288226128,1788576093.281338215,-0.026778202,-0.137573581,0.128251859,0.140155494,0.189979214,11.447237015,-7.672603607,-0.159126148
92.739224832,1788576093.324491024,1788576093.321336985,-0.030253736,-0.127687127,0.124812444,0.131222296,0.181100627,11.447795868,-7.666656971,-0.155388698
92.769224832,1788576093.355629683,1788576093.351336956,-0.029298027,-0.108618195,0.129987583,0.112500163,0.171910030,11.448143005,-7.662730217,-0.152396545
92.799224832,1788576093.388202667,1788576093.381337166,-0.032276065,-0.121644101,0.123128884,0.125853215,0.176067469,11.448455811,-7.659183025,-0.149235800
92.839221760,1788576093.424358130,1788576093.421334028,-0.030690823,-0.107926014,0.124260471,0.112204951,0.167423462,11.448904037,-7.654774189,-0.144957811
92.869221760,1788576093.455577374,1788576093.451334238,-0.030530623,-0.092595530,0.118907329,0.097498980,0.153769321,11.449056625,-7.651915073,-0.141468108
92.899221760,1788576093.488272667,1788576093.481333971,-0.026228909,-0.102655284,0.130139933,0.105953117,0.167816761,11.449067116,-7.649240494,-0.137794539
92.939220736,1788576093.524267673,1788576093.521332979,-0.023350698,-0.095990374,0.126618035,0.098789710,0.160597427,11.448970795,-7.645715714,-0.132894590
92.969220736,1788576093.555528402,1788576093.551332951,-0.020706274,-0.093491074,0.115318364,0.095756622,0.149892147,11.448569298,-7.643322945,-0.128877655
92.999220736,1788576093.588389397,1788576093.581332922,-0.016714075,-0.096893581,0.122826051,0.098324596,0.157333928,11.447971344,-7.641074181,-0.124683857
93.039219712,1788576093.624904156,1788576093.621331930,-0.011578456,-0.085294994,0.115751088,0.086077272,0.144248435,11.447068214,-7.638271332,-0.119134910
93.069219712,1788576093.655538321,1788576093.651332140,-0.009593487,-0.073685903,0.111016556,0.074307787,0.133590130,11.446119308,-7.636590958,-0.114617646
93.099219712,1788576093.688207150,1788576093.681331873,-0.003934495,-0.068348822,0.104477286,0.068461973,0.124910148,11.445050240,-7.635269165,-0.110008985
93.139218176,1788576093.726255894,1788576093.721330404,-0.001384025,-0.051745300,0.105200114,0.051763805,0.117245706,11.443569183,-7.633903503,-0.104021043
93.169218176,1788576093.757545471,1788576093.751330376,0.003367176,-0.045036036,0.100780125,0.045161736,0.110436480,11.442164421,-7.633388519,-0.099248350
93.199218176,1788576093.789230824,1788576093.781330347,0.001993741,-0.036532791,0.093459609,0.036587154,0.100365922,11.440627098,-7.633138180,-0.094358891
93.239217152,1788576093.825287342,1788576093.821329355,0.005791653,-0.026354144,0.087777190,0.026983034,0.091830927,11.438564301,-7.633050919,-0.088022180
93.269217152,1788576093.855575085,1788576093.851329565,0.009541498,-0.026855744,0.093343158,0.028500372,0.097597214,11.436867714,-7.633287907,-0.082864687
93.299217152,1788576093.890857697,1788576093.881329298,0.013657194,-0.018619073,0.085515669,0.023090882,0.088578318,11.435070038,-7.633634567,-0.077650778
93.339214080,1788576093.924643755,1788576093.921326399,0.019328756,-0.018178707,0.078594209,0.026534246,0.082952492,11.432538033,-7.634194374,-0.071077392
93.369214080,1788576093.955542088,1788576093.951326132,0.024839616,-0.014296478,0.078735902,0.028660003,0.083789845,11.430431366,-7.634799480,-0.065964364
93.399214080,1788576093.990634918,1788576093.981326342,0.028208980,-0.005694950,0.070708376,0.028778100,0.076340379,11.428194046,-7.635438919,-0.060826547
93.439211008,1788576094.024294853,1788576094.021323204,0.033004786,-0.005780762,0.066456723,0.033507209,0.074425997,11.425138474,-7.636325359,-0.054345954
93.469211008,1788576094.056615114,1788576094.051323414,0.037534512,-0.017306039,0.057719681,0.041332053,0.070992255,11.422704697,-7.637120247,-0.049430020
93.499211008,1788576094.089216709,1788576094.081323147,0.041538679,0.010514688,0.062384150,0.042848810,0.075682248,11.420188904,-7.637856007,-0.044555020
93.539207680,1788576094.124296427,1788576094.121320009,0.042787348,0.002565978,0.050393194,0.042864220,0.066157504,11.416811943,-7.638868332,-0.038376972
93.569207680,1788576094.155528307,1788576094.151319981,0.047707131,-0.006310846,0.050042700,0.048122730,0.069426716,11.414267540,-7.639721870,-0.033751275
93.599207680,1788576094.189232349,1788576094.181319952,0.046212429,0.003999779,0.045455409,0.046385201,0.064944446,11.411732674,-7.640477180,-0.029240474
93.639206656,1788576094.225219011,1788576094.221318960,0.047494338,0.004226320,0.036397144,0.047682009,0.059986049,11.408398628,-7.641555786,-0.023579691
93.669206656,1788576094.255556583,1788576094.251318693,0.048835043,0.006646057,0.040945192,0.049285206,0.064074490,11.405900002,-7.642433643,-0.019275839
93.699206656,1788576094.288206100,1788576094.281318903,0.049355572,0.008126433,0.026266154,0.050020110,0.056497099,11.403405190,-7.643301964,-0.015165217
93.739203584,1788576094.324275255,1788576094.321315765,0.049701198,0.011495550,0.022024281,0.051013300,0.055564608,11.400134087,-7.644407749,-0.010110265
93.769203584,1788576094.356508255,1788576094.351315975,0.049159112,0.005570779,0.017244607,0.049473749,0.052393018,11.397709846,-7.645098209,-0.006389748
93.799203584,1788576094.388300180,1788576094.381315947,0.048493540,0.011783020,0.015261781,0.049904539,0.052186061,11.395361900,-7.645744324,-0.002829833
93.839207168,1788576094.424282312,1788576094.421319485,0.045818988,-0.001960267,0.007049748,0.045860902,0.046399583,11.392331123,-7.646462917,0.001485435
93.869207168,1788576094.455515862,1788576094.451319218,0.047216319,0.015337221,-0.000396133,0.049644850,0.049646431,11.390086174,-7.646709919,0.004649768
93.899207168,1788576094.490824699,1788576094.481319427,0.047185719,0.002873248,-0.003370344,0.047273117,0.047393110,11.387878418,-7.646855831,0.007518021
93.939204096,1788576094.524258137,1788576094.521316290,0.047254520,0.007886525,-0.000532357,0.047908109,0.047911067,11.385007858,-7.646997929,0.011004014
93.969204096,1788576094.555464268,1788576094.551316500,0.043474387,0.010678912,-0.025439842,0.044766745,0.051490262,11.382920265,-7.646703720,0.013344895
93.999204096,1788576094.590969563,1788576094.581316471,0.044345712,0.001801589,-0.006821449,0.044382293,0.044903453,11.380896568,-7.646212101,0.015541796
94.039203072,1788576094.625397205,1788576094.621315241,0.044337830,-0.000620799,-0.018773399,0.044342175,0.048152560,11.378277779,-7.645473003,0.018137168
94.069203072,1788576094.656591415,1788576094.651315212,0.051030397,0.002114830,-0.020634120,0.051074200,0.055084851,11.376370430,-7.644383907,0.019787634
94.099203072,1788576094.689219475,1788576094.681315422,0.060516227,-0.003131324,-0.029883028,0.060597186,0.067564889,11.374300003,-7.642994404,0.021270750
94.139200000,1788576094.724353552,1788576094.721312284,0.083060562,-0.005247312,-0.029362638,0.083226145,0.088253928,11.370982170,-7.640989304,0.022968115
94.169200000,1788576094.755516529,1788576094.751312494,0.100112299,-0.004011899,-0.025559439,0.100192653,0.103401415,11.368106842,-7.638858795,0.023954691
94.199200000,1788576094.788157701,1788576094.781312227,0.116650173,-0.011855100,-0.028895445,0.117251040,0.120759070,11.364847183,-7.636342049,0.024894699
94.239198976,1788576094.824811697,1788576094.821311235,0.142533071,-0.011865421,-0.032559188,0.143026097,0.146685259,11.359705925,-7.632875919,0.025798243
94.269198976,1788576094.855625629,1788576094.851311207,0.165679729,-0.016406255,-0.028695237,0.166490053,0.168944827,11.355340004,-7.629539013,0.026192006
94.299198976,1788576094.888201714,1788576094.881311178,0.188480432,-0.014441777,-0.023458931,0.189032903,0.190482964,11.350412369,-7.625936508,0.026415460
94.339197952,1788576094.924287081,1788576094.921310186,0.216916089,-0.011882245,-0.022377285,0.217241288,0.218390751,11.342896461,-7.621140957,0.026434522
94.369197952,1788576094.956629753,1788576094.951310396,0.237867426,-0.018457085,-0.030149113,0.238582431,0.240479823,11.336663246,-7.616890907,0.026168723
94.399197952,1788576094.988290071,1788576094.981310129,0.259691256,-0.015403450,-0.023962087,0.260147679,0.261248917,11.329844475,-7.612409115,0.025705345
94.439194624,1788576095.024267197,1788576095.021306992,0.286747926,-0.016340222,-0.023933870,0.287213120,0.288208616,11.319749832,-7.606480122,0.025039181
94.469194624,1788576095.055516005,1788576095.051306963,0.308799306,-0.018781485,-0.020289781,0.309369934,0.310034564,11.311550140,-7.601491451,0.024296362
94.499194624,1788576095.090823174,1788576095.081306934,0.329213854,-0.018880696,-0.019983007,0.329754821,0.330359748,11.302776337,-7.596246243,0.023404915
94.539191808,1788576095.124407530,1788576095.121304035,0.357087664,-0.018448478,-0.012164878,0.357563905,0.357770780,11.290119171,-7.589278221,0.022134352
94.569191808,1788576095.155541897,1788576095.151304245,0.374842219,-0.025295792,-0.025308427,0.375694778,0.376546256,11.279953003,-7.583615303,0.020901520
94.599191808,1788576095.188145161,1788576095.181303978,0.393796296,-0.019839277,-0.023848189,0.394295726,0.395016273,11.269214630,-7.577769279,0.019581635
94.639188992,1788576095.224303961,1788576095.221301317,0.417861396,-0.029399732,-0.021618604,0.418894367,0.419451851,11.253991127,-7.570131779,0.017859064
94.669188992,1788576095.255707979,1788576095.251301289,0.438032374,-0.028064415,-0.014226682,0.438930486,0.439160985,11.241930008,-7.564086437,0.016309310
94.699188992,1788576095.288301706,1788576095.281301260,0.455921190,-0.026784805,-0.011010211,0.456707299,0.456839996,11.229298592,-7.557858467,0.014714535
94.739187968,1788576095.324297905,1788576095.321300268,0.478921067,-0.030533208,-0.009840676,0.479893389,0.479994275,11.211627960,-7.549732208,0.012545560
94.769187968,1788576095.355587482,1788576095.351300001,0.495906564,-0.026344161,-0.010468990,0.496605814,0.496716151,11.197731972,-7.543422699,0.010741720
94.799187968,1788576095.388163328,1788576095.381300211,0.511012118,-0.035018000,-0.015337361,0.512210548,0.512440123,11.183313370,-7.537035465,0.008792929
94.839186944,1788576095.424627542,1788576095.421299219,0.534076655,-0.029486244,-0.014534264,0.534890000,0.535087430,11.163293839,-7.528763771,0.006234212
94.869186944,1788576095.455527782,1788576095.451299429,0.548172976,-0.030418959,-0.012718204,0.549016324,0.549163616,11.147597313,-7.522461414,0.004144931
94.899186944,1788576095.488227606,1788576095.481299162,0.563815289,-0.028194532,-0.003114662,0.564519806,0.564528398,11.131389618,-7.516201973,0.001959413
94.939185920,1788576095.525779247,1788576095.521298170,0.582364778,-0.025997661,-0.007992964,0.582944777,0.582999571,11.109095573,-7.508131981,-0.000983700
94.969185920,1788576095.556391716,1788576095.551298141,0.596505683,-0.024721067,-0.012608417,0.597017723,0.597150847,11.091750145,-7.502040386,-0.003383838
94.999185920,1788576095.588353872,1788576095.581298113,0.609373593,-0.022971420,-0.006510118,0.609806414,0.609841163,11.073922157,-7.496047020,-0.005812299
95.039184896,1788576095.624206781,1788576095.621297121,0.627158026,-0.019190536,-0.010340416,0.627451565,0.627536764,11.049502373,-7.488351345,-0.008970397
95.069184896,1788576095.655563593,1788576095.651297331,0.641798599,-0.025830288,-0.002575561,0.642318181,0.642323345,11.030632019,-7.482609272,-0.011430845
95.099184896,1788576095.689173698,1788576095.681297064,0.656127377,-0.013606101,-0.000251446,0.656268436,0.656268484,11.011321068,-7.476979256,-0.013875354
95.139183872,1788576095.725209713,1788576095.721296072,0.671665372,-0.012099841,0.002816238,0.671774350,0.671780253,10.984971046,-7.469807148,-0.016963072
95.169183872,1788576095.755565643,1788576095.751296043,0.682265408,-0.014464040,-0.013091290,0.682418710,0.682544268,10.964625359,-7.464622498,-0.019322034
95.199183872,1788576095.788145304,1788576095.781296015,0.694843043,-0.009368789,0.001156745,0.694906202,0.694907164,10.943844795,-7.459589481,-0.021569984
95.239180800,1788576095.824361563,1788576095.821293116,0.707336966,-0.003222349,0.008005814,0.707344306,0.707389609,10.915664673,-7.453240395,-0.024379972
95.269180800,1788576095.856602907,1788576095.851293087,0.715531044,-0.004931640,0.003121324,0.715548039,0.715554847,10.894083977,-7.448851585,-0.026424449
95.299180800,1788576095.889244556,1788576095.881293058,0.720887003,-0.006786193,-0.001874961,0.720918944,0.720921382,10.872218132,-7.444692612,-0.028416723
95.339177472,1788576095.924296379,1788576095.921289682,0.731248170,0.003237742,-0.001878340,0.731255338,0.731257751,10.842718124,-7.439480782,-0.030852737
95.369177472,1788576095.955450535,1788576095.951289892,0.737453120,0.005248939,0.009716330,0.737471800,0.737535804,10.820272446,-7.435976982,-0.032582998
95.399177472,1788576095.989147663,1788576095.981289625,0.745940687,0.019773733,0.009578365,0.746202727,0.746264199,10.797595024,-7.432765961,-0.034166671
95.439176448,1788576096.024363041,1788576096.021288633,0.754801719,0.017005287,0.016672884,0.754993255,0.755177330,10.767026901,-7.428787231,-0.036118828
95.469176448,1788576096.055549383,1788576096.051288605,0.762731387,0.020994435,0.009742875,0.763020272,0.763082472,10.743842125,-7.426138401,-0.037355818
95.499176448,1788576096.089371920,1788576096.081288815,0.765456590,0.022818395,0.021124559,0.765796625,0.766087931,10.720502853,-7.423706055,-0.038505796
95.539173376,1788576096.124269485,1788576096.121285677,0.770129134,0.032935545,0.016098667,0.770833077,0.771001167,10.689221382,-7.420761108,-0.039749812
95.569173376,1788576096.155649424,1788576096.151285648,0.770857099,0.031508457,0.014767649,0.771500777,0.771642102,10.665652275,-7.418749809,-0.040640566
95.599173376,1788576096.188398123,1788576096.181285620,0.775345138,0.037280945,0.024236988,0.776240911,0.776619201,10.642011642,-7.416927814,-0.041383579
95.639170304,1788576096.224267244,1788576096.221282482,0.776412119,0.036396920,0.019928332,0.777264764,0.777520194,10.610411644,-7.414705753,-0.042293426
95.669170304,1788576096.255517244,1788576096.251282454,0.782511669,0.045333673,0.019514238,0.783823739,0.784066616,10.586627960,-7.413075924,-0.042906262
95.699170304,1788576096.290841579,1788576096.281282663,0.786925608,0.044710182,0.031213157,0.788194717,0.788812508,10.562737465,-7.411507607,-0.043402217
95.739167232,1788576096.324402332,1788576096.321279526,0.791668955,0.045757609,0.025716817,0.792990223,0.793407114,10.530721664,-7.409526348,-0.043939598
95.769167232,1788576096.355623007,1788576096.351279497,0.795105403,0.049152851,0.032382772,0.796623251,0.797281160,10.506654739,-7.408040524,-0.044313744
95.799167232,1788576096.388160467,1788576096.381279469,0.799429614,0.052745367,0.033300942,0.801167761,0.801859548,10.482516289,-7.406592846,-0.044586860
95.839164160,1788576096.424322367,1788576096.421276331,0.806053916,0.050094766,0.037737293,0.807609065,0.808490262,10.450137138,-7.404750824,-0.044934411
95.869164160,1788576096.456608534,1788576096.451276302,0.811872617,0.057931918,0.036977467,0.813936885,0.814776403,10.425833702,-7.403319359,-0.045220450
95.899164160,1788576096.489187241,1788576096.481276512,0.812587911,0.055412229,0.021686742,0.814475063,0.814763734,10.401497841,-7.401861668,-0.045558926
95.939160832,1788576096.524269819,1788576096.521273136,0.819811309,0.053953726,0.028611859,0.821584802,0.822082858,10.368882179,-7.399984360,-0.045944367
95.969160832,1788576096.555620909,1788576096.551272869,0.820435463,0.053833355,0.023536451,0.822199720,0.822536530,10.344463348,-7.398289680,-0.046326540
95.999160832,1788576096.588272333,1788576096.581273079,0.819495936,0.059448122,0.018923286,0.821649358,0.821867239,10.320138931,-7.396528721,-0.046745442
96.039159808,1788576096.624643087,1788576096.621272087,0.808266389,0.051647699,0.007576503,0.809914835,0.809950273,10.287961006,-7.394278526,-0.047206938
96.069159808,1788576096.655712366,1788576096.651272297,0.801359884,0.058050007,0.009421242,0.803459686,0.803514920,10.264389992,-7.392254829,-0.047720682
96.099159808,1788576096.688197851,1788576096.681272030,0.792223088,0.052155620,0.003028947,0.793938052,0.793943830,10.241197586,-7.390169621,-0.048252031
96.139158784,1788576096.725584269,1788576096.721271038,0.778735632,0.057537037,-0.004150996,0.780858306,0.780869339,10.210684776,-7.387532711,-0.048985541
96.169158784,1788576096.756571531,1788576096.751271009,0.766959921,0.054992306,0.001179237,0.768928913,0.768929817,10.188581467,-7.385167122,-0.049670052
96.199158784,1788576096.790925026,1788576096.781270981,0.753128140,0.049440174,-0.007813555,0.754749181,0.754789625,10.167044640,-7.382637978,-0.050375495
96.239157760,1788576096.825587273,1788576096.821269989,0.737972729,0.053589873,0.000643508,0.739915957,0.739916237,10.138830185,-7.379365921,-0.051225089
96.269157760,1788576096.855592489,1788576096.851270199,0.724886656,0.045846311,-0.003023469,0.726335011,0.726341304,10.118607521,-7.376522064,-0.051966060
96.299157760,1788576096.888197184,1788576096.881269932,0.713601329,0.051048210,0.001881322,0.715424893,0.715427366,10.098984718,-7.373537540,-0.052715741
96.339156736,1788576096.924446821,1788576096.921268940,0.695862274,0.047171101,-0.000954883,0.697459258,0.697459912,10.073284149,-7.369686604,-0.053538412
96.369156736,1788576096.955634117,1788576096.951268911,0.685566674,0.037051368,0.001868740,0.686567163,0.686569706,10.054992676,-7.366401196,-0.054195009
96.399156736,1788576096.988143206,1788576096.981268883,0.672308367,0.044360821,0.007231114,0.673770304,0.673809107,10.037300110,-7.362998962,-0.054778390
96.439153664,1788576097.024252653,1788576097.021265984,0.657352079,0.046657906,0.005803086,0.659005855,0.659031405,10.014121056,-7.358608246,-0.055471122
96.469153664,1788576097.055601120,1788576097.051265955,0.645145969,0.031443898,0.010553147,0.645911790,0.645997995,9.997756958,-7.355063438,-0.055922627
96.499153664,1788576097.088338614,1788576097.081265926,0.633245834,0.036705899,0.003077795,0.634308765,0.634316232,9.981988907,-7.351441860,-0.056379560
96.539152640,1788576097.124313593,1788576097.121264935,0.619489337,0.037718817,0.013193181,0.620636567,0.620776778,9.961304665,-7.346839428,-0.056898884
96.569152640,1788576097.155719280,1788576097.151264668,0.608321871,0.030567672,0.010644910,0.609089387,0.609182400,9.946967125,-7.343186378,-0.057269596
96.599152640,1788576097.188163996,1788576097.181264877,0.599411039,0.033194498,0.018166358,0.600329467,0.600604267,9.933226585,-7.339501858,-0.057605233
96.639151616,1788576097.224426270,1788576097.221263885,0.589500406,0.030958337,0.014814215,0.590312754,0.590498610,9.914989471,-7.334711552,-0.057933256
96.669151616,1788576097.255476236,1788576097.251264095,0.583021115,0.025199630,0.027711562,0.583565457,0.584223051,9.902428627,-7.330928326,-0.058149442
96.699151616,1788576097.288300276,1788576097.281263828,0.574093216,0.026757148,0.018601819,0.574716421,0.575017385,9.890433311,-7.327049255,-0.058299825
96.739150336,1788576097.325482130,1788576097.321262598,0.565482567,0.019692139,0.023832860,0.565825338,0.566327042,9.874464035,-7.321893215,-0.058533672
96.769150336,1788576097.355679989,1788576097.351262808,0.558886024,0.010600753,0.016829327,0.558986551,0.559239833,9.863550186,-7.317746162,-0.058715053
96.799150336,1788576097.388267756,1788576097.381262541,0.550778963,0.004260393,0.028443357,0.550795440,0.551529366,9.853153229,-7.313460827,-0.058844719
96.839146752,1788576097.424355984,1788576097.421258926,0.543186676,0.000641751,0.026194850,0.543187055,0.543818303,9.839257240,-7.307662010,-0.058913779
96.869146752,1788576097.455433846,1788576097.451258898,0.535062628,-0.016339702,0.029708938,0.535312060,0.536135825,9.830140114,-7.302798748,-0.058940116
96.899146752,1788576097.490680218,1788576097.481259108,0.527390959,-0.020520334,0.022958343,0.527790022,0.528289118,9.820986748,-7.297923088,-0.058958482
96.939145728,1788576097.525591612,1788576097.521257877,0.518666994,-0.032204554,0.023853630,0.519665838,0.520213013,9.808696747,-7.291389465,-0.058899581
96.969145728,1788576097.555427790,1788576097.551258087,0.511215199,-0.034844198,0.019721301,0.512401306,0.512780682,9.800269127,-7.286230564,-0.058907002
96.999145728,1788576097.588244677,1788576097.581258059,0.506254095,-0.043893936,0.031557418,0.508153409,0.509132357,9.792181015,-7.280906677,-0.058778707
97.039142656,1788576097.624295473,1788576097.621254921,0.496904291,-0.053855679,0.033405012,0.499814274,0.500929340,9.781297684,-7.273708820,-0.058584437
97.069142656,1788576097.656588078,1788576097.651254892,0.488623950,-0.059517988,0.027921468,0.492235468,0.493026738,9.773743629,-7.268134117,-0.058315068
97.099142656,1788576097.689219475,1788576097.681254864,0.481976902,-0.070370408,0.024855159,0.487086982,0.487720727,9.766477585,-7.262353897,-0.058026250
97.139139584,1788576097.724285364,1788576097.721251726,0.470884362,-0.090063586,0.026115118,0.479419996,0.480130744,9.756669998,-7.254401207,-0.057608709
97.169139584,1788576097.755430460,1788576097.751251936,0.464364875,-0.094642354,0.028974364,0.473911292,0.474796194,9.749827385,-7.247955322,-0.057286907
97.199139584,1788576097.788133383,1788576097.781251907,0.454505643,-0.107343610,0.027811746,0.467009668,0.467837069,9.743200302,-7.241205215,-0.056964129
97.239138816,1788576097.824623108,1788576097.821251154,0.445372471,-0.124871976,0.033749790,0.462546915,0.463776559,9.734330177,-7.231871128,-0.056551471
97.269138816,1788576097.855466604,1788576097.851251125,0.435608795,-0.136251724,0.020201536,0.456420370,0.456867220,9.728120804,-7.224373817,-0.056307770
97.299138816,1788576097.888222456,1788576097.881251097,0.429778230,-0.140798367,0.032271238,0.452253808,0.453403727,9.722097397,-7.216652393,-0.056010395
97.339138048,1788576097.924219131,1788576097.921250343,0.415669258,-0.159752542,0.023787557,0.445310910,0.445945798,9.714025497,-7.206133366,-0.055679977
97.369138048,1788576097.956526279,1788576097.951250315,0.407342360,-0.162745757,0.026122401,0.438650180,0.439427309,9.708349228,-7.197845936,-0.055413447
97.399138048,1788576097.989167690,1788576097.981250286,0.397637038,-0.177130245,0.016789022,0.435304880,0.435628522,9.702878952,-7.189312935,-0.055280883
97.439137280,1788576098.024310589,1788576098.021249533,0.386576253,-0.185866986,0.017928375,0.428937917,0.429312430,9.695531845,-7.177824497,-0.054985948
97.469137280,1788576098.055435658,1788576098.051249743,0.377225756,-0.192359987,0.021561196,0.423440239,0.423988822,9.690218925,-7.168823242,-0.054779828
97.499137280,1788576098.089173555,1788576098.081249475,0.369359064,-0.197978618,0.029825488,0.419072371,0.420132374,9.685029984,-7.159683228,-0.054404482
97.539134464,1788576098.124251366,1788576098.121246815,0.351489708,-0.204553458,0.030464763,0.406678168,0.407817648,9.678234100,-7.147458076,-0.053941652
97.569134464,1788576098.155436754,1788576098.151246786,0.334676223,-0.210896588,0.013938839,0.395582539,0.395828039,9.673457146,-7.138119698,-0.053661540
97.599134464,1788576098.188197374,1788576098.181246758,0.318096698,-0.217394209,0.015403212,0.385286584,0.385594360,9.668992996,-7.128666878,-0.053490613
97.639133696,1788576098.224504948,1788576098.221246004,0.297146999,-0.223058316,0.013308644,0.371552622,0.371790897,9.663424492,-7.116141796,-0.053104576
97.669133696,1788576098.256582499,1788576098.251245975,0.279802503,-0.218544381,0.017399748,0.355036741,0.355462851,9.659646034,-7.106729984,-0.052835003
97.699133696,1788576098.290465117,1788576098.281245947,0.265208194,-0.231804967,0.021368767,0.352234196,0.352881783,9.656140327,-7.097429276,-0.052467477
97.739130624,1788576098.324413300,1788576098.321242809,0.246701595,-0.227385057,0.026660780,0.335508034,0.336565652,9.651788712,-7.085191727,-0.051964216
97.769130624,1788576098.356559038,1788576098.351242781,0.232168942,-0.229270862,0.025969128,0.326293650,0.327325437,9.648893356,-7.076033115,-0.051447351
97.799130624,1788576098.389157295,1788576098.381242990,0.217283681,-0.241848988,0.022731328,0.325120180,0.325913861,9.646274567,-7.066816807,-0.050919123
97.839129600,1788576098.424749374,1788576098.421241760,0.200729663,-0.254314792,0.025257006,0.323988288,0.324971271,9.643097878,-7.054274559,-0.050112136
97.869129600,1788576098.456387997,1788576098.451241970,0.188592893,-0.260353157,0.037361427,0.321482574,0.323646291,9.641034126,-7.044565201,-0.049484387
97.899129600,1788576098.489295006,1788576098.481241941,0.178801688,-0.274413101,0.042822788,0.327524951,0.330312556,9.639177322,-7.034635544,-0.048742775
97.939126272,1788576098.524358988,1788576098.521238565,0.166345420,-0.288852854,0.048635718,0.333326822,0.336856354,9.636916161,-7.021014214,-0.047751494
97.969126272,1788576098.556426764,1788576098.551238537,0.157647964,-0.305832261,0.044170997,0.344073034,0.346896713,9.635387421,-7.010477543,-0.046939127
97.999126272,1788576098.588352442,1788576098.581238508,0.148587403,-0.317318197,0.049354212,0.350384153,0.353843034,9.633989334,-6.999659061,-0.046108842
98.039125248,1788576098.624333858,1788576098.621237516,0.137013408,-0.341436684,0.049001456,0.367901730,0.371150678,9.632302284,-6.984718800,-0.044957936
98.069125248,1788576098.656559944,1788576098.651237488,0.133884622,-0.358883786,0.080576087,0.383043945,0.391427094,9.631155014,-6.972816467,-0.044040330
98.099125248,1788576098.689343452,1788576098.681237459,0.125570825,-0.394541126,0.072763873,0.414041945,0.420387099,9.630109787,-6.960263729,-0.043128558
98.139122432,1788576098.724927902,1788576098.721234798,0.118266584,-0.429375169,0.078094252,0.445365042,0.452160074,9.628874779,-6.942378044,-0.041898929
98.169122432,1788576098.756598711,1788576098.751234531,0.115080923,-0.453528487,0.089822872,0.467901386,0.476445018,9.628013611,-6.927940369,-0.040956195
98.199122432,1788576098.789368391,1788576098.781234741,0.112542862,-0.482070693,0.088262626,0.495033382,0.502840273,9.627195358,-6.912661552,-0.039906219
98.239121408,1788576098.825435162,1788576098.821233749,0.107039750,-0.523204339,0.091781912,0.534041467,0.541871025,9.626213074,-6.891104698,-0.038713060
98.269121408,1788576098.856627464,1788576098.851233721,0.104157304,-0.540479189,0.079628206,0.550423925,0.556153889,9.625436783,-6.873981476,-0.037858181
98.299121408,1788576098.889194250,1788576098.881233692,0.102461166,-0.572424255,0.096297320,0.581521984,0.589441254,9.624676704,-6.856052399,-0.037068922
98.339123712,1788576098.925193071,1788576098.921236038,0.099138337,-0.606873413,0.097564969,0.614917676,0.622609566,9.623760223,-6.831100464,-0.036014702
98.369123712,1788576098.956517220,1788576098.951236010,0.096941935,-0.623320168,0.093130024,0.630813578,0.637651136,9.623015404,-6.811392307,-0.035214502
98.399123712,1788576098.989192724,1788576098.981235981,0.095396952,-0.652010716,0.091831417,0.658952618,0.665320646,9.622284889,-6.790893555,-0.034544311
98.439122688,1788576099.024648190,1788576099.021234989,0.092506924,-0.684818546,0.091700392,0.691038329,0.697096072,9.621400833,-6.762596607,-0.033695243
98.469122688,1788576099.056386232,1788576099.051234722,0.088826814,-0.698893484,0.082681957,0.704515652,0.709350837,9.620659828,-6.740493774,-0.033029467
98.499122688,1788576099.088134289,1788576099.081234932,0.089315697,-0.715250357,0.076623281,0.720805360,0.724866535,9.619899750,-6.717738152,-0.032396771
98.539121664,1788576099.125581264,1788576099.121233940,0.087947844,-0.738347988,0.071593045,0.743567465,0.747006117,9.618952751,-6.686796188,-0.031633038
98.569121664,1788576099.156411409,1788576099.151234150,0.085798722,-0.742464418,0.060707375,0.747405401,0.749866800,9.617977142,-6.662957668,-0.031009393
98.599121664,1788576099.189176559,1788576099.181233883,0.083918054,-0.754621095,0.054786886,0.759272834,0.761246898,9.616875648,-6.638769627,-0.030338220
98.639118336,1788576099.224227190,1788576099.221230507,0.082643455,-0.764396164,0.050505281,0.768850725,0.770507768,9.615464211,-6.606368542,-0.029579608
98.669118336,1788576099.255447626,1788576099.251230717,0.082583705,-0.756127434,0.036133942,0.760623931,0.761481731,9.614058495,-6.581662178,-0.028842093
98.699118336,1788576099.288438559,1788576099.281230688,0.081299833,-0.765230004,0.032371686,0.769536628,0.770217209,9.612487793,-6.556852818,-0.028107408
98.739117312,1788576099.324411154,1788576099.321229458,0.079010771,-0.758856574,0.023673485,0.762958715,0.763325904,9.610474586,-6.524109840,-0.027106995
98.769117312,1788576099.355423212,1788576099.351229429,0.077066233,-0.743961830,0.004558501,0.747942785,0.747956676,9.608549118,-6.499516010,-0.026127633
98.799117312,1788576099.388175964,1788576099.381229639,0.076771132,-0.737174545,-0.004627543,0.741161330,0.741175776,9.606432915,-6.475170612,-0.025051335
98.839113984,1788576099.424288511,1788576099.421226263,0.073927973,-0.703815587,-0.019447017,0.707687590,0.707954739,9.603652954,-6.443776131,-0.023629084
98.869113984,1788576099.456521273,1788576099.451225996,0.073220576,-0.668691472,-0.030978690,0.672688292,0.673401231,9.601078033,-6.420968533,-0.022245865
98.899113984,1788576099.489121437,1788576099.481226206,0.070477622,-0.646899299,-0.048041677,0.650727130,0.652498123,9.598259926,-6.399029732,-0.020723272
98.939110400,1788576099.524298668,1788576099.521222591,0.068336226,-0.596703406,-0.046212950,0.600603692,0.602378976,9.594523430,-6.371489048,-0.018818462
98.969110400,1788576099.555469275,1788576099.551222801,0.067636808,-0.553878378,-0.045247216,0.557992827,0.559824353,9.591135025,-6.352024078,-0.017212532
98.999110400,1788576099.589170933,1788576099.581222773,0.068394366,-0.526813563,-0.041246021,0.531234713,0.532833515,9.587436676,-6.333673954,-0.015523355
99.039109376,1788576099.625205278,1788576099.621221542,0.066189403,-0.475503185,-0.043178968,0.480087821,0.482025662,9.582560539,-6.310967922,-0.013446502
99.069109376,1788576099.655406237,1788576099.651221514,0.064594263,-0.444212793,-0.047696469,0.448884644,0.451411538,9.578363419,-6.295283318,-0.011726364
99.099109376,1788576099.688189745,1788576099.681221724,0.065079918,-0.404191659,-0.045072952,0.409397476,0.411871174,9.573913574,-6.280854225,-0.010068273
99.139108352,1788576099.726274967,1788576099.721220493,0.064796519,-0.360597359,-0.044696187,0.366372821,0.369089140,9.568036079,-6.263256550,-0.008021373
99.169108352,1788576099.757449865,1788576099.751220703,0.065631220,-0.326060466,-0.032432228,0.332600187,0.334177698,9.563035011,-6.251604557,-0.006324455
99.199108352,1788576099.789167404,1788576099.781220675,0.064497391,-0.300893193,-0.047629693,0.307728170,0.311392380,9.557763100,-6.241100788,-0.004642500
99.239107328,1788576099.825276613,1788576099.821219683,0.064247406,-0.261066852,-0.044812021,0.268856151,0.272565125,9.550795555,-6.228686333,-0.002616452
99.269107328,1788576099.855586290,1788576099.851219416,0.067685748,-0.219318115,-0.027030764,0.229525153,0.231111354,9.545050621,-6.220777035,-0.000986002
99.299107328,1788576099.889198303,1788576099.881219625,0.070211152,-0.199994756,-0.039884354,0.211961101,0.215680945,9.539026260,-6.213956356,0.000681819
99.339104000,1788576099.924201727,1788576099.921216249,0.074998307,-0.168304890,-0.031938885,0.184258737,0.187006349,9.530989647,-6.206103325,0.002607901
99.369104000,1788576099.955404758,1788576099.951216221,0.080762060,-0.137282232,-0.032114092,0.159276243,0.162481496,9.524438858,-6.201412201,0.004085960
99.399104000,1788576099.988161087,1788576099.981216192,0.087192455,-0.116536856,-0.036876797,0.145545055,0.150144135,9.517575264,-6.197664738,0.005590297
99.439102976,1788576100.025612354,1788576100.021215200,0.097689809,-0.088058267,-0.033411359,0.131520178,0.135697738,9.508316994,-6.193614960,0.007339759
99.469102976,1788576100.055634737,1788576100.051215410,0.105948722,-0.076572574,-0.038613999,0.130722954,0.136306756,9.500873566,-6.191499710,0.008674320
99.499102976,1788576100.090482473,1788576100.081215143,0.118463786,-0.053397172,-0.034597481,0.129942012,0.134469001,9.493074417,-6.190105438,0.010122608
99.539099648,1788576100.124315739,1788576100.121212006,0.134894543,-0.040202210,-0.028693111,0.140757790,0.143652532,9.482390404,-6.188891888,0.011800405
99.569099648,1788576100.155576468,1788576100.151211977,0.146445707,-0.020687743,-0.033489667,0.147899722,0.151643944,9.473894119,-6.188659191,0.013244247
99.599099648,1788576100.188143969,1788576100.181211948,0.157757034,-0.015819473,-0.028292515,0.158548218,0.161052798,9.465088844,-6.188854694,0.014842566
99.639098624,1788576100.224647522,1788576100.221210957,0.169320581,-0.007062448,-0.029471629,0.169467806,0.172011378,9.453147888,-6.189505100,0.016740974
99.669098624,1788576100.255606174,1788576100.251210690,0.177464006,0.011581930,-0.035802966,0.177841544,0.181409666,9.444000244,-6.190316677,0.018266732
99.699098624,1788576100.288294315,1788576100.281210899,0.184919950,0.009266676,-0.025480038,0.185151989,0.186897007,9.434750557,-6.191358089,0.019836448
99.739097600,1788576100.325441837,1788576100.321209908,0.193715963,0.018441770,-0.032622521,0.194591812,0.197307380,9.422382355,-6.192867279,0.021609355
99.769097600,1788576100.355668068,1788576100.351209879,0.199098689,0.017173676,-0.043790769,0.199837992,0.204579702,9.413092613,-6.194111347,0.023126686
99.799097600,1788576100.388219118,1788576100.381209850,0.209907939,0.026602140,-0.023178594,0.211586901,0.212852681,9.403771400,-6.195477009,0.024671175
99.839096576,1788576100.424229622,1788576100.421208858,0.215244417,0.033450063,-0.025304659,0.217828065,0.219292936,9.391303062,-6.197370529,0.026496803
99.869096576,1788576100.455570221,1788576100.451208591,0.217450937,0.017448676,-0.045906499,0.218149871,0.222927730,9.382167816,-6.198844910,0.028070770
99.899096576,1788576100.488128424,1788576100.481208801,0.221888527,0.035278909,-0.037988887,0.224675588,0.227864599,9.373185158,-6.200292110,0.029651349
99.939095552,1788576100.524345875,1788576100.521207809,0.228368753,0.033245380,-0.044644487,0.230775957,0.235054616,9.361227989,-6.202125549,0.031492732
99.969095552,1788576100.555530310,1788576100.551208019,0.230226126,0.016631675,-0.044599877,0.230826086,0.235095366,9.352505684,-6.203485489,0.033055507
99.999095552,1788576100.588154316,1788576100.581207752,0.233914966,0.026856636,-0.043714258,0.235451673,0.239475315,9.343945503,-6.204806328,0.034593239
100.039092480,1788576100.624327898,1788576100.621204853,0.235478734,0.021625355,-0.048279240,0.236469639,0.241347830,9.332600594,-6.206412315,0.036365476
100.069092480,1788576100.655710220,1788576100.651204586,0.238365712,0.019957550,-0.044769269,0.239199742,0.243353249,9.324466705,-6.207534313,0.037926525
100.099092480,1788576100.688199282,1788576100.681204796,0.241132625,0.026549905,-0.047695367,0.242589860,0.247234076,9.316517830,-6.208559036,0.039472230
100.139091456,1788576100.724246025,1788576100.721203804,0.242450242,0.018089338,-0.050918775,0.243124133,0.248399005,9.305922508,-6.209805965,0.041266218
100.169091456,1788576100.755635738,1788576100.751203775,0.246620186,0.018502852,-0.047461632,0.247313307,0.251826286,9.298423767,-6.210576057,0.042763039
100.199091456,1788576100.788253069,1788576100.781203747,0.245803911,0.011898979,-0.056503281,0.246091748,0.252495088,9.291172981,-6.211164474,0.044134125
100.239090432,1788576100.824330807,1788576100.821202755,0.248438092,0.010264815,-0.060153883,0.248650059,0.255822871,9.281487465,-6.211783886,0.045700878
100.269090432,1788576100.855663300,1788576100.851202488,0.251414449,0.011978756,-0.049534667,0.251699654,0.256527579,9.274641037,-6.212022781,0.047037296
100.299090432,1788576100.888176441,1788576100.881202698,0.250334938,0.005083660,-0.062469396,0.250386551,0.258061718,9.268006325,-6.212198257,0.048295304
100.339089408,1788576100.924262047,1788576100.921201706,0.252187016,0.003173319,-0.066663586,0.252206980,0.260868539,9.259116173,-6.212193489,0.049653985
100.369089408,1788576100.956393719,1788576100.951201677,0.254607062,-0.004911765,-0.053145387,0.254654435,0.260140949,9.252867699,-6.211809158,0.050831988
100.399089408,1788576100.988517046,1788576100.981201649,0.254990813,-0.000511103,-0.066272896,0.254991325,0.263462848,9.246788025,-6.211306572,0.052015767
100.439085824,1788576101.025171280,1788576101.021198034,0.257369003,-0.006775360,-0.065905521,0.257458169,0.265759754,9.238584518,-6.210462570,0.053277396
100.469085824,1788576101.055421591,1788576101.051198006,0.261333802,-0.008919592,-0.055499044,0.261485975,0.267310791,9.232761383,-6.209536552,0.054341130
100.499085824,1788576101.090786934,1788576101.081197977,0.261148154,-0.011784414,-0.065448657,0.261413907,0.269482388,9.227063179,-6.208402157,0.055396158
100.539082496,1788576101.124394178,1788576101.121194839,0.264823125,-0.025373587,-0.069927319,0.266035912,0.275072602,9.219279289,-6.206679344,0.056429476
100.569082496,1788576101.155433655,1788576101.151194572,0.270822257,-0.013473564,-0.055558453,0.271157209,0.276790487,9.213745117,-6.205043316,0.057261333
100.599082496,1788576101.189275742,1788576101.181194782,0.270654322,-0.029470608,-0.072060780,0.272254070,0.281629250,9.208284378,-6.203263760,0.058079362
100.639081216,1788576101.226193666,1788576101.221193552,0.275497466,-0.032949775,-0.073462179,0.277460883,0.287021312,9.200749397,-6.200716019,0.058815870
100.669081216,1788576101.257427931,1788576101.251193285,0.279907732,-0.025466430,-0.063328950,0.281063831,0.288110106,9.195329666,-6.198528767,0.059299279
100.699081216,1788576101.290467262,1788576101.281193495,0.282543686,-0.030958316,-0.071490924,0.284234678,0.293087537,9.189928055,-6.196275234,0.059683308
100.739077888,1788576101.324303389,1788576101.321190119,0.287220027,-0.034074041,-0.070255502,0.289234134,0.297644452,9.182425499,-6.193141937,0.059859626
100.769077888,1788576101.355430603,1788576101.351190090,0.290983562,-0.030313472,-0.072252991,0.292558267,0.301348361,9.176873207,-6.190678120,0.059905849
100.799077888,1788576101.389143467,1788576101.381190062,0.296718434,-0.032723270,-0.064725827,0.298517406,0.305453882,9.171216965,-6.188204765,0.059858304
100.839076864,1788576101.425166845,1788576101.421189070,0.311953736,-0.039828565,-0.062195375,0.314486006,0.320577156,9.163114548,-6.184770584,0.059560716
100.869076864,1788576101.455547810,1788576101.451189280,0.321747953,-0.036569134,-0.069958654,0.323819467,0.331290296,9.156728745,-6.182106018,0.059353400
100.899076864,1788576101.490460396,1788576101.481189013,0.334717613,-0.036646882,-0.054833964,0.336717797,0.341153394,9.149989128,-6.179460049,0.059063241
100.939073792,1788576101.524232149,1788576101.521186113,0.350604925,-0.041355438,-0.054204420,0.353035530,0.357172514,9.140267372,-6.175832748,0.058537234
100.969073792,1788576101.555500269,1788576101.551185846,0.362271245,-0.037063824,-0.063471533,0.364162302,0.369652293,9.132471085,-6.173051357,0.058161736
100.999073792,1788576101.590903521,1788576101.581186056,0.374951545,-0.039772856,-0.055094827,0.377055091,0.381059026,9.124240875,-6.170219898,0.057656929
101.039072768,1788576101.626317263,1788576101.621185064,0.391890381,-0.040094689,-0.056117205,0.393936105,0.397913050,9.112507820,-6.166438580,0.056792647
101.069072768,1788576101.658203602,1788576101.651185036,0.403451563,-0.038959714,-0.056318890,0.405328290,0.409222238,9.103167534,-6.163641930,0.055962421
101.099072768,1788576101.690439701,1788576101.681185007,0.413576660,-0.044146283,-0.062396581,0.415926133,0.420580410,9.093378067,-6.160821438,0.055007488
101.139069440,1788576101.724316120,1788576101.721181631,0.430539532,-0.044449526,-0.058909259,0.432827967,0.436818440,9.079597473,-6.157064915,0.053570762
101.169069440,1788576101.755404234,1788576101.751181841,0.442994908,-0.038017171,-0.056628371,0.444623204,0.448214866,9.068577766,-6.154238701,0.052223951
101.199069440,1788576101.790776491,1788576101.781181812,0.454598740,-0.043994781,-0.054188144,0.456722624,0.459925983,9.057011604,-6.151459217,0.050702762
101.239068416,1788576101.825131416,1788576101.821180582,0.471198644,-0.037505212,-0.050718553,0.472688908,0.475402119,9.040925980,-6.147749424,0.048552901
101.269068416,1788576101.855560303,1788576101.851180553,0.480497974,-0.041275857,-0.068224550,0.482267560,0.487069388,9.028096199,-6.144990444,0.046681974
101.299068416,1788576101.888132334,1788576101.881180763,0.495162048,-0.038870955,-0.053231286,0.496685419,0.499529754,9.014682770,-6.142325401,0.044686750
101.339067392,1788576101.924325705,1788576101.921179533,0.509116055,-0.039500829,-0.052031551,0.510646133,0.513290128,8.996131897,-6.138753891,0.042009905
101.369067392,1788576101.956531048,1788576101.951179743,0.517747417,-0.038389580,-0.060611645,0.519168709,0.522694863,8.981526375,-6.136154652,0.039813206
101.399067392,1788576101.989199638,1788576101.981179714,0.522807429,-0.047597267,-0.063423486,0.524969626,0.528786957,8.966523170,-6.133563519,0.037496608
101.439066112,1788576102.024272442,1788576102.021178484,0.530788157,-0.046021640,-0.057860700,0.532779559,0.535912231,8.946172714,-6.130116463,0.034378108
101.469066112,1788576102.055548668,1788576102.051178455,0.532367649,-0.039509368,-0.070208600,0.533831719,0.538428781,8.930342674,-6.127588272,0.031921171
101.499066112,1788576102.088154793,1788576102.081178427,0.540621554,-0.040725828,-0.060049224,0.542153352,0.545468759,8.914147377,-6.125147343,0.029394556
101.539064832,1788576102.125344753,1788576102.121177197,0.545565422,-0.051114028,-0.060115421,0.547954627,0.551242358,8.892314911,-6.121891975,0.026004987
101.569064832,1788576102.155648232,1788576102.151177168,0.548821251,-0.032539888,-0.061133903,0.549785058,0.553173539,8.875496864,-6.119520187,0.023358824
101.599064832,1788576102.188116789,1788576102.181177139,0.550830212,-0.046374653,-0.059112614,0.552778917,0.555930600,8.858450890,-6.117106438,0.020661218
101.639063808,1788576102.224240780,1788576102.221176147,0.555244091,-0.050202483,-0.052277720,0.557509004,0.559954685,8.835620880,-6.113807678,0.017116424
101.669063808,1788576102.255568027,1788576102.251175880,0.555987795,-0.046314106,-0.061615983,0.557913456,0.561305580,8.818001747,-6.111224174,0.014304543
101.699063808,1788576102.288320065,1788576102.281176090,0.558918405,-0.060844972,-0.055249649,0.562220503,0.564928684,8.800340652,-6.108494282,0.011482963
101.739062528,1788576102.324271679,1788576102.321174860,0.560306569,-0.066097125,-0.055122129,0.564191706,0.566878056,8.776745796,-6.104611874,0.007886434
101.769062528,1788576102.355615377,1788576102.351174593,0.563479335,-0.068298237,-0.048948782,0.567603392,0.569710096,8.758753777,-6.101565838,0.005185040
101.799062528,1788576102.388114452,1788576102.381174803,0.567598264,-0.069868743,-0.039955403,0.571882357,0.573276429,8.740595818,-6.098366737,0.002484459
101.839061504,1788576102.424354553,1788576102.421173811,0.569645462,-0.079313166,-0.049575047,0.575140445,0.577273087,8.716354370,-6.093799591,-0.001059651
101.869061504,1788576102.455567360,1788576102.451173782,0.573006981,-0.089612123,-0.036445557,0.579971838,0.581115833,8.697889328,-6.090212345,-0.003766986
101.899061504,1788576102.488161087,1788576102.481173754,0.573217753,-0.095622945,-0.038371236,0.581138830,0.582404234,8.679322243,-6.086389065,-0.006550455
101.939060224,1788576102.525833368,1788576102.521172523,0.574827902,-0.100354624,-0.040671490,0.583522208,0.584937892,8.654587746,-6.081098080,-0.010106023
101.969060224,1788576102.557446957,1788576102.551172495,0.574729497,-0.106243507,-0.035797042,0.584467003,0.585562214,8.635909081,-6.076952457,-0.012811314
101.999060224,1788576102.589157343,1788576102.581172466,0.577150647,-0.108077112,-0.036483738,0.587182707,0.588315047,8.617187500,-6.072638512,-0.015478168
102.039059200,1788576102.625149727,1788576102.621171474,0.573255936,-0.114544173,-0.039857434,0.584587663,0.585944836,8.592364311,-6.066706657,-0.018823430
102.069059200,1788576102.655415535,1788576102.651171446,0.573375820,-0.115847521,-0.026558348,0.584961947,0.585564536,8.573694229,-6.062057972,-0.021347869
102.099059200,1788576102.688170671,1788576102.681171417,0.570088670,-0.121891540,-0.034329294,0.582973961,0.583983853,8.555061340,-6.057268620,-0.023800001
102.139057920,1788576102.725188017,1788576102.721170187,0.569284958,-0.117760109,-0.031456686,0.581337085,0.582187539,8.530426979,-6.050735474,-0.026854150
102.169057920,1788576102.755467176,1788576102.751170158,0.566603235,-0.135488904,-0.019405731,0.582577436,0.582900550,8.511927605,-6.045655727,-0.029102048
102.199057920,1788576102.788147211,1788576102.781170130,0.561848723,-0.130732339,-0.022973281,0.576857809,0.577315082,8.493515015,-6.040418625,-0.031267695
102.239056640,1788576102.824182987,1788576102.821168900,0.556706524,-0.124418495,-0.020975287,0.570440283,0.570825787,8.469287872,-6.033403397,-0.034069140
102.269056640,1788576102.855591059,1788576102.851168871,0.551719289,-0.140098866,-0.019458945,0.569229186,0.569561688,8.451318741,-6.028039932,-0.036192641
102.299056640,1788576102.888405800,1788576102.881168842,0.547826984,-0.123331128,-0.021412218,0.561538041,0.561946131,8.433525085,-6.022530079,-0.038284406
102.339055616,1788576102.924239397,1788576102.921167850,0.542759915,-0.122838647,-0.009804026,0.556486890,0.556573246,8.410145760,-6.015224934,-0.040811770
102.369055616,1788576102.955385923,1788576102.951168060,0.539348094,-0.119068971,-0.013993646,0.552334850,0.552512089,8.392914772,-6.009718418,-0.042750675
102.399055616,1788576102.988136768,1788576102.981167793,0.532797358,-0.111624558,-0.011878918,0.544364828,0.544494421,8.375945091,-6.004105091,-0.044672754
102.439052288,1788576103.024381638,1788576103.021164656,0.525607270,-0.110571108,-0.009679132,0.537111694,0.537198900,8.353689194,-5.996739388,-0.046957303
102.469052288,1788576103.055403471,1788576103.051164627,0.521220272,-0.096888539,-0.007776815,0.530148999,0.530206035,8.337349892,-5.991179943,-0.048649721
102.499052288,1788576103.088165283,1788576103.081164598,0.517877639,-0.085155292,-0.000827108,0.524832042,0.524832694,8.321267128,-5.985665798,-0.050328180
102.539051264,1788576103.125286579,1788576103.121163607,0.512080149,-0.067145273,0.006848846,0.516463519,0.516508928,8.300149918,-5.978546143,-0.052227601
102.569051264,1788576103.156345129,1788576103.151163340,0.508011707,-0.063598549,0.004254212,0.511977216,0.511994891,8.284692764,-5.973186493,-0.053624459
102.599051264,1788576103.189134598,1788576103.181163549,0.501208418,-0.052526821,0.001084427,0.503953317,0.503954483,8.269510269,-5.967874527,-0.054955732
102.639047936,1788576103.224231005,1788576103.221160173,0.494973633,-0.041260434,0.010139236,0.496690367,0.496793845,8.249575615,-5.961006165,-0.056547984
102.669047936,1788576103.255447388,1788576103.251160145,0.490397467,-0.029927911,0.014488796,0.491309837,0.491523429,8.235018730,-5.955855846,-0.057603173
102.699047936,1788576103.288115263,1788576103.281160116,0.485226696,-0.019929598,0.009177303,0.485635806,0.485722512,8.220765114,-5.950697899,-0.058604777
102.739046912,1788576103.325115442,1788576103.321159124,0.477116374,-0.012049927,0.016863795,0.477268515,0.477566354,8.201996803,-5.944048882,-0.059750222
102.769046912,1788576103.355485201,1788576103.351159334,0.473760186,-0.003480393,0.009287906,0.473772970,0.473864002,8.188372612,-5.938973904,-0.060446527
102.799046912,1788576103.388131380,1788576103.381159067,0.468740879,0.002034659,0.018214402,0.468745295,0.469099047,8.175027847,-5.933866024,-0.061141089
102.839043840,1788576103.424233437,1788576103.421156168,0.463223400,0.008265990,0.017624715,0.463297146,0.463632264,8.157444954,-5.927191734,-0.061808251
102.869043840,1788576103.455534697,1788576103.451155901,0.457868631,0.014483597,0.019672834,0.458097651,0.458519877,8.144697189,-5.922132015,-0.062172823
102.899043840,1788576103.488201141,1788576103.481156111,0.455077119,0.023701055,0.035190856,0.455693893,0.457050676,8.132206917,-5.917052746,-0.062399596
102.939043072,1788576103.524156332,1788576103.521155357,0.453271448,0.021023572,0.040374717,0.453758742,0.455551439,8.115633965,-5.910380840,-0.062604859
102.969043072,1788576103.555556774,1788576103.551155090,0.450892129,0.033833498,0.030807161,0.452159726,0.453208008,8.103579521,-5.905294418,-0.062575325
102.999043072,1788576103.589167118,1788576103.581155300,0.447447369,0.034642540,0.031649198,0.448786423,0.449901017,8.091756821,-5.900088787,-0.062558107
103.039041792,1788576103.625142574,1788576103.621154070,0.447207772,0.035727451,0.027612572,0.448632636,0.449481586,8.075987816,-5.893218994,-0.062313419
103.069041792,1788576103.655366421,1788576103.651153803,0.446315530,0.039521261,0.036848626,0.448061918,0.449574580,8.064514160,-5.887886047,-0.062099826
103.099041792,1788576103.688153505,1788576103.681154013,0.446838448,0.036302839,0.040017337,0.448310712,0.450093193,8.053190231,-5.882471561,-0.061768398
103.139041024,1788576103.725314617,1788576103.721153259,0.447249967,0.033430787,0.043021514,0.448497659,0.450556324,8.038084030,-5.875226974,-0.061358340
103.169041024,1788576103.755592823,1788576103.751153231,0.449073975,0.044118560,0.034050182,0.451235950,0.452518836,8.027070999,-5.869568348,-0.060965557
103.199041024,1788576103.788316488,1788576103.781153202,0.453886381,0.029826978,0.045831563,0.454865360,0.457168489,8.016121864,-5.863762379,-0.060494632
103.239040512,1788576103.825169802,1788576103.821152687,0.460860360,0.033990914,0.048960520,0.462112166,0.464698597,8.001269341,-5.855899811,-0.059793673
103.269040512,1788576103.855432272,1788576103.851152897,0.467085728,0.028588542,0.044695828,0.467959808,0.470089459,7.990346432,-5.849764824,-0.059335962
103.299040512,1788576103.888124943,1788576103.881152868,0.473972068,0.023078853,0.053519805,0.474533618,0.477542170,7.979364872,-5.843512058,-0.058832616
103.339039232,1788576103.924403906,1788576103.921151400,0.483794644,0.020167530,0.051842218,0.484214815,0.486982138,7.964338779,-5.835019588,-0.058169931
103.369039232,1788576103.955515623,1788576103.951151609,0.490033921,0.027456825,0.052337169,0.490802527,0.493585150,7.953112602,-5.828619957,-0.057777338
103.399039232,1788576103.988159180,1788576103.981151581,0.498911477,0.016937399,0.052776971,0.499198896,0.501981022,7.941778660,-5.822129726,-0.057448655
103.439037952,1788576104.025375605,1788576104.021150112,0.509736556,0.019167879,0.046678573,0.510096819,0.512228127,7.926111698,-5.813376904,-0.056946080
103.469037952,1788576104.056441784,1788576104.051150322,0.522004963,0.022735678,0.064355682,0.522499850,0.526448237,7.914265156,-5.806720257,-0.056652837
103.499037952,1788576104.089172840,1788576104.081150293,0.529818612,0.023861333,0.049287772,0.530355659,0.532640976,7.902150631,-5.800088882,-0.056424826
103.539034624,1788576104.124746561,1788576104.121146917,0.541561686,0.018463098,0.054589005,0.541876319,0.544619046,7.885479450,-5.791062355,-0.056124136
103.569034624,1788576104.156618834,1788576104.151147127,0.552672244,0.023356462,0.051876388,0.553165557,0.555592741,7.872767925,-5.784364700,-0.056166321
103.599034624,1788576104.189207077,1788576104.181146860,0.564417204,0.027074843,0.065727258,0.565066215,0.568875997,7.859701157,-5.777729988,-0.056253035
103.639031552,1788576104.224819422,1788576104.221143723,0.580624909,0.030631942,0.064783271,0.581432370,0.585030318,7.841635227,-5.768697739,-0.056365173
103.669031552,1788576104.255445957,1788576104.251143694,0.590892848,0.020648349,0.055624977,0.591253510,0.593864337,7.827699661,-5.762015820,-0.056725472
103.699031552,1788576104.288525581,1788576104.281143904,0.604968834,0.028578376,0.064010305,0.605643471,0.609016693,7.813367367,-5.755366325,-0.057204433
103.739028480,1788576104.324373722,1788576104.321140766,0.619650397,0.027340996,0.062190955,0.620253290,0.623363344,7.793556213,-5.746312618,-0.057812274
103.769028480,1788576104.356380701,1788576104.351140976,0.632239673,0.030515667,0.060401132,0.632975679,0.635851010,7.778251171,-5.739594460,-0.058538161
103.799028480,1788576104.388203382,1788576104.381140709,0.643436782,0.027827404,0.059144008,0.644038242,0.646748228,7.762558937,-5.732822418,-0.059402250
103.839025152,1788576104.424396992,1788576104.421137333,0.658203216,0.029189122,0.061907395,0.658850118,0.661752222,7.740965843,-5.723560333,-0.060477119
103.869025152,1788576104.456452847,1788576104.451137543,0.671042564,0.033882081,0.057513537,0.671897402,0.674354451,7.724346161,-5.716685295,-0.061574191
103.899025152,1788576104.488078594,1788576104.481137514,0.679337296,0.025420602,0.055091177,0.679812745,0.682041352,7.707357407,-5.709753513,-0.062695116
103.939024384,1788576104.525407553,1788576104.521136522,0.693724107,0.029200445,0.052528935,0.694338392,0.696322549,7.684108734,-5.700310230,-0.064080179
103.969024384,1788576104.556408644,1788576104.551136732,0.703684576,0.033627804,0.056551465,0.704487624,0.706753762,7.666315079,-5.693262100,-0.065389685
103.999024384,1788576104.589295864,1788576104.581136703,0.716404648,0.028863562,0.064816508,0.716985861,0.719909650,7.648122787,-5.686230183,-0.066696629
104.039023104,1788576104.625623465,1788576104.621135473,0.728698085,0.033320683,0.061497767,0.729459503,0.732047227,7.623328686,-5.676592827,-0.068400577
104.069023104,1788576104.655508280,1788576104.651135445,0.737694504,0.031237667,0.057422648,0.738355587,0.740585129,7.604294777,-5.669353485,-0.069920428
104.099023104,1788576104.688227415,1788576104.681135416,0.744682433,0.027959126,0.056521476,0.745207112,0.747347521,7.584911823,-5.662093163,-0.071517304
104.139022080,1788576104.724191427,1788576104.721134424,0.758196894,0.026333642,0.062425282,0.758654065,0.761218041,7.558640957,-5.652062416,-0.073485561
104.169022080,1788576104.755485296,1788576104.751134157,0.764322239,0.027374811,0.052190811,0.764812307,0.766590990,7.538543701,-5.644574642,-0.075046659
104.199022080,1788576104.789309025,1788576104.781134367,0.774039845,0.033461250,0.063242297,0.774762762,0.777339646,7.518152714,-5.637007713,-0.076696739
104.239020800,1788576104.825179100,1788576104.821133137,0.783778036,0.032247736,0.061497012,0.784441155,0.786848021,7.490551949,-5.626606464,-0.078602120
104.269020800,1788576104.855421543,1788576104.851132870,0.793602223,0.027379382,0.071509237,0.794074379,0.797287709,7.469468594,-5.618686199,-0.080186725
104.299020800,1788576104.888108730,1788576104.881133080,0.800909267,0.026341232,0.071355782,0.801342321,0.804512997,7.448084831,-5.610646725,-0.081841692
104.339019776,1788576104.924164295,1788576104.921132088,0.811472355,0.029444367,0.070466672,0.812006375,0.815058222,7.419146061,-5.599628448,-0.083654746
104.369019776,1788576104.956326485,1788576104.951132059,0.819969827,0.023717772,0.084497129,0.820312776,0.824653148,7.397123337,-5.591190338,-0.085169636
104.399019776,1788576104.989232779,1788576104.981132030,0.826224234,0.035120565,0.076269975,0.826970337,0.830480010,7.374883175,-5.582484245,-0.086678691
104.439018496,1788576105.024157524,1788576105.021130800,0.839469798,0.035134670,0.086842393,0.840204729,0.844680761,7.344800472,-5.570559025,-0.088333465
104.469018496,1788576105.055366993,1788576105.051130772,0.847437641,0.029951574,0.078278536,0.847966775,0.851572182,7.322002411,-5.561364651,-0.089755207
104.499018496,1788576105.090699196,1788576105.081130743,0.854570799,0.044661500,0.092332154,0.855737051,0.860703856,7.299041271,-5.551849365,-0.091136634
104.539015168,1788576105.124389410,1788576105.121127367,0.866149537,0.043030330,0.090612674,0.867217753,0.871938809,7.268058777,-5.538783073,-0.092665315
104.569015168,1788576105.155352354,1788576105.151127577,0.875808663,0.040709172,0.100256401,0.876754270,0.882467788,7.244694233,-5.528602123,-0.093735062
104.599015168,1788576105.188117981,1788576105.181127310,0.881125570,0.045187380,0.103894871,0.882283497,0.888379600,7.221239567,-5.518060684,-0.094701409
104.639014400,1788576105.224246025,1788576105.221126556,0.892128437,0.047706339,0.107042273,0.893403069,0.899792805,7.189682007,-5.503612518,-0.095680140
104.669014400,1788576105.256750345,1788576105.251126766,0.897457179,0.052046778,0.100375664,0.898965103,0.904551563,7.165924549,-5.492393017,-0.096442483
104.699014400,1788576105.290490389,1788576105.281126738,0.906210836,0.061697505,0.107344668,0.908308682,0.914629728,7.142052650,-5.480878353,-0.097196005
104.739017728,1788576105.325181723,1788576105.321130037,0.915460093,0.065563864,0.108420773,0.917804882,0.924186597,7.109985828,-5.465079784,-0.097909033
104.769017728,1788576105.355539560,1788576105.351130009,0.922544053,0.064093842,0.109508172,0.924767836,0.931229075,7.085865498,-5.452855110,-0.098483130
104.799017728,1788576105.388215065,1788576105.381129980,0.926116877,0.069177773,0.109809619,0.928696955,0.935166395,7.061683655,-5.440311432,-0.098998025
104.839016448,1788576105.424352884,1788576105.421128750,0.936082455,0.067098958,0.114392101,0.938484221,0.945430159,7.029248238,-5.423189640,-0.099464878
104.869016448,1788576105.455352068,1788576105.451128721,0.940783104,0.070679458,0.107796296,0.943434383,0.949572786,7.004884243,-5.410057068,-0.099811047
104.899016448,1788576105.490356445,1788576105.481128693,0.946792260,0.082560203,0.101922675,0.950385065,0.955834715,6.980513573,-5.396612167,-0.100231335
104.939019520,1788576105.525645256,1788576105.521131754,0.952787664,0.081943496,0.101130512,0.956304904,0.961637380,6.947850704,-5.378317833,-0.100467347
104.969019520,1788576105.555559158,1788576105.551131725,0.955709084,0.080957497,0.092604325,0.959131884,0.963591994,6.923518658,-5.364260197,-0.100604728
104.999019520,1788576105.588257790,1788576105.581131697,0.954877398,0.077571136,0.092654217,0.958023030,0.962493080,6.899326324,-5.350015640,-0.100610197
105.039016192,1788576105.624166727,1788576105.621128559,0.944483195,0.075333452,0.077366039,0.947482788,0.950636175,6.867346764,-5.330896378,-0.100469843
105.069016192,1788576105.655400276,1788576105.651128292,0.936856586,0.082093530,0.074928640,0.940446495,0.943426686,6.843810558,-5.316475391,-0.100180581
105.099016192,1788576105.688110828,1788576105.681128502,0.927499500,0.070460441,0.041273919,0.930172025,0.931087285,6.820577621,-5.302093029,-0.099893510
105.139015168,1788576105.724343538,1788576105.721127510,0.904991890,0.069514447,0.045106078,0.907657744,0.908777826,6.790132046,-5.283097267,-0.099246040
105.169015168,1788576105.755504131,1788576105.751127481,0.883900693,0.065418901,0.032272637,0.886318265,0.886905626,6.768125057,-5.269139290,-0.098508403
105.199015168,1788576105.788125992,1788576105.781127453,0.853143780,0.066559307,0.018775909,0.855736204,0.855942162,6.746856689,-5.255600929,-0.097590670
105.239011840,1788576105.824173212,1788576105.821124077,0.810839430,0.060904657,0.011839504,0.813123581,0.813209772,6.719720364,-5.238201618,-0.096230447
105.269011840,1788576105.856611490,1788576105.851124287,0.777922032,0.053918839,0.011455751,0.779788388,0.779872531,6.700553417,-5.225772858,-0.094961703
105.299011840,1788576105.889177322,1788576105.881124020,0.741793243,0.052918121,0.003689915,0.743678387,0.743687541,6.682343483,-5.213911533,-0.093554415
105.339008512,1788576105.924172640,1788576105.921120882,0.695737140,0.052941830,0.010379992,0.697748526,0.697825730,6.659398079,-5.198936462,-0.091622807
105.369008512,1788576105.955470800,1788576105.951120853,0.658723408,0.042727350,0.009905744,0.660107684,0.660182004,6.643362999,-5.188447952,-0.089941181
105.399008512,1788576105.988122940,1788576105.981120825,0.621377902,0.042362032,0.003462160,0.622820230,0.622829853,6.628279209,-5.178566456,-0.088114917
105.429007232,1788576106.022396564,1788576106.011119604,0.587748610,0.034400401,0.012046829,0.588754462,0.588877697,6.614066601,-5.169206619,-0.086263254
105.469007232,1788576106.057376146,1788576106.051119566,0.541033736,0.024120438,0.016474653,0.541571139,0.541821662,6.596672058,-5.157529354,-0.083614312
105.499007232,1788576106.089260340,1788576106.081119537,0.505890579,0.009121933,0.010245401,0.505972813,0.506076531,6.585029125,-5.149384975,-0.081475966
105.539004416,1788576106.124181032,1788576106.121116638,0.463771563,-0.010562685,0.012439201,0.463891834,0.464058581,6.570969105,-5.138847351,-0.078605540
105.569004416,1788576106.156361818,1788576106.151116848,0.436597333,-0.026359998,0.033083509,0.437392365,0.438641767,6.561780453,-5.131228924,-0.076244168
105.599004416,1788576106.189123631,1788576106.181116581,0.407757182,-0.043398885,0.029282721,0.410060219,0.411104440,6.553629398,-5.123735428,-0.073743910
105.639001344,1788576106.224215746,1788576106.221113682,0.373531611,-0.058944763,0.035466418,0.378153870,0.379813397,6.544113159,-5.113809109,-0.070597254
105.669001344,1788576106.255380154,1788576106.251113415,0.348517826,-0.080891291,0.029711506,0.357782163,0.359013718,6.538126945,-5.106583118,-0.068116739
105.699001344,1788576106.288089514,1788576106.281113625,0.323646982,-0.091169546,0.034587366,0.336242852,0.338017072,6.532988548,-5.099508762,-0.065660357
105.739000064,1788576106.324160814,1788576106.321112394,0.293514761,-0.108953207,0.026736586,0.313084200,0.314223744,6.527165890,-5.090248108,-0.062473651
105.769000064,1788576106.355474234,1788576106.351112127,0.274851153,-0.109987158,0.048738146,0.296041097,0.300026229,6.523861408,-5.083470345,-0.059961546
105.799000064,1788576106.388051510,1788576106.381112337,0.253441504,-0.127166397,0.034701770,0.283555794,0.285671317,6.521269321,-5.076849937,-0.057501897
105.838996992,1788576106.424263477,1788576106.421109200,0.230281302,-0.139739090,0.038239424,0.269363122,0.272063862,6.518643379,-5.068044186,-0.054422997
105.868996992,1788576106.456423283,1788576106.451109409,0.213776087,-0.142968319,0.027821809,0.257177284,0.258677809,6.517519951,-5.061570168,-0.052088417
105.898996992,1788576106.489067793,1788576106.481109142,0.199812681,-0.151407601,0.033854932,0.250697764,0.252973369,6.516919136,-5.055238247,-0.049685158
105.938993664,1788576106.524200916,1788576106.521106005,0.181241772,-0.162444743,0.028444550,0.243386266,0.245042786,6.516733170,-5.046841145,-0.046773024
105.968993664,1788576106.555421352,1788576106.551105976,0.167700348,-0.162022607,0.018361867,0.233183901,0.233905729,6.517166615,-5.040729523,-0.044589914
105.998993664,1788576106.588292599,1788576106.581105947,0.159333378,-0.164694649,0.028939981,0.229153775,0.230973970,6.517932892,-5.034757614,-0.042444363
106.038992640,1788576106.624295712,1788576106.621104956,0.146464281,-0.172168828,0.029082240,0.226039579,0.227902759,6.519351482,-5.026807308,-0.039790213
106.068992640,1788576106.655373335,1788576106.651104689,0.136174366,-0.175891650,0.011786499,0.222443994,0.222756037,6.520829678,-5.020948887,-0.037853867
106.098992640,1788576106.688232422,1788576106.681104898,0.131459188,-0.177483038,0.029082757,0.220865903,0.222772426,6.522546291,-5.015146732,-0.036036767
106.138991360,1788576106.725287199,1788576106.721103668,0.122147951,-0.182034658,0.023208475,0.219218473,0.220443580,6.525027275,-5.007466793,-0.033825215
106.168991360,1788576106.755511761,1788576106.751103401,0.114181704,-0.181143709,0.006690330,0.214127310,0.214231803,6.527170181,-5.001785278,-0.032174267
106.198991360,1788576106.788491488,1788576106.781103611,0.110110976,-0.190234936,0.020773695,0.219803908,0.220783388,6.529485226,-4.996122360,-0.030574312
106.238988032,1788576106.824182034,1788576106.821100235,0.103757010,-0.192570191,0.012808619,0.218743676,0.219118362,6.532690048,-4.988565922,-0.028600251
106.268988032,1788576106.855425835,1788576106.851100206,0.098355964,-0.183875906,0.007509066,0.208528761,0.208663917,6.535375118,-4.982822895,-0.027158389
106.298988032,1788576106.888402939,1788576106.881100178,0.096040850,-0.192832143,0.006459527,0.215425348,0.215522170,6.538167477,-4.977111816,-0.025830539
106.338986752,1788576106.924303055,1788576106.921098948,0.089224796,-0.189801354,0.005395806,0.209727486,0.209796885,6.541991711,-4.969491482,-0.024208242
106.368986752,1788576106.955348969,1788576106.951098919,0.084786580,-0.192301626,-0.001241375,0.210163459,0.210167125,6.545067310,-4.963669300,-0.022995984
106.398986752,1788576106.988211870,1788576106.981098890,0.081833616,-0.195836687,-0.000979697,0.212246905,0.212249166,6.548244953,-4.957781315,-0.021829987
106.438985472,1788576107.025321960,1788576107.021097660,0.079659193,-0.196712412,0.002484291,0.212229498,0.212244038,6.552449703,-4.949914455,-0.020368194
106.468985472,1788576107.056517124,1788576107.051097631,0.077149658,-0.194334085,-0.002288015,0.209088034,0.209100553,6.555768967,-4.943847179,-0.019172065
106.498985472,1788576107.089118719,1788576107.081097841,0.076789887,-0.198313358,-0.003315691,0.212661409,0.212687255,6.559173584,-4.937659264,-0.018037077
106.538982144,1788576107.124196768,1788576107.121094465,0.077538063,-0.208628690,0.001541805,0.222571520,0.222576860,6.563630581,-4.929371834,-0.016675336
106.568982144,1788576107.155379772,1788576107.151094198,0.077185538,-0.200973143,-0.017655309,0.215285418,0.216008151,6.567023754,-4.922796726,-0.015535640
106.598982144,1788576107.188275099,1788576107.181094408,0.081649107,-0.207360953,0.004752311,0.222856774,0.222907438,6.570401192,-4.915986538,-0.014358127
106.638980864,1788576107.224209309,1788576107.221093178,0.083135727,-0.210920055,-0.002322441,0.226713076,0.226724971,6.574764729,-4.906764984,-0.012902793
106.668980864,1788576107.255448818,1788576107.251092911,0.087046454,-0.213729178,-0.004563976,0.230775316,0.230820442,6.578074932,-4.899484158,-0.011655828
106.698980864,1788576107.288212538,1788576107.281093121,0.088726140,-0.218061186,-0.007917551,0.235420918,0.235554020,6.581323624,-4.892020226,-0.010345107
106.738979584,1788576107.324131489,1788576107.321091890,0.092521550,-0.215148166,-0.010676385,0.234198571,0.234441796,6.585482597,-4.881949902,-0.008729886
106.768979584,1788576107.356411457,1788576107.351091623,0.093548671,-0.215538095,-0.004231947,0.234963878,0.235001986,6.588624477,-4.874007702,-0.007360421
106.798979584,1788576107.388059616,1788576107.381091833,0.097228333,-0.212100566,-0.014273856,0.233323807,0.233760009,6.591672421,-4.865924358,-0.005976077
106.838976256,1788576107.424201250,1788576107.421088457,0.100322518,-0.207304250,-0.015256888,0.230303408,0.230808216,6.595408440,-4.855233669,-0.004352944
106.868976256,1788576107.455390692,1788576107.451088428,0.105098175,-0.198384746,-0.017110213,0.224504196,0.225155265,6.598063469,-4.846985817,-0.003000103
106.898976256,1788576107.490721703,1788576107.481088400,0.105190514,-0.189948602,-0.030889866,0.217130181,0.219316436,6.600549698,-4.838706017,-0.001749765
106.938974976,1788576107.525401354,1788576107.521087170,0.107858936,-0.178697445,-0.037273567,0.208725482,0.212027465,6.603364944,-4.828040600,-0.000266494
106.968974976,1788576107.555471659,1788576107.551087141,0.110444564,-0.169349889,-0.026548183,0.202181569,0.203917122,6.605363369,-4.819930553,0.001031972
106.998974976,1788576107.588237762,1788576107.581087351,0.113596136,-0.152422809,-0.024428995,0.190096804,0.191660039,6.607162952,-4.811930180,0.002304664
107.038971904,1788576107.624168158,1788576107.621084213,0.115958618,-0.135617404,-0.028909761,0.178433409,0.180760216,6.608986378,-4.801816940,0.003850162
107.068971904,1788576107.656578779,1788576107.651084185,0.116341797,-0.127656817,-0.041353714,0.172718490,0.177600130,6.610087872,-4.794195175,0.005334271
107.098971904,1788576107.689163923,1788576107.681084156,0.115430090,-0.104813782,-0.026973629,0.155916755,0.158232775,6.610925674,-4.786818981,0.006866615
107.138968576,1788576107.724194527,1788576107.721080780,0.108482985,-0.079977489,-0.035931571,0.134777435,0.139484890,6.611604691,-4.777816772,0.008751763
107.168968576,1788576107.755350828,1788576107.751080990,0.103799303,-0.079872495,-0.031844098,0.130972939,0.134788565,6.612022877,-4.771202087,0.010396691
107.198968576,1788576107.788088322,1788576107.781080723,0.098882506,-0.057599860,-0.034771992,0.114435545,0.119601778,6.612312317,-4.764865875,0.012106329
107.238967552,1788576107.824369669,1788576107.821079731,0.093109519,-0.039956890,-0.032319964,0.101320953,0.106350908,6.612400532,-4.757234573,0.014087176
107.268967552,1788576107.855407000,1788576107.851079702,0.086493473,-0.027458100,-0.040383570,0.090747276,0.099327241,6.612343311,-4.751676083,0.015745172
107.298967552,1788576107.888079643,1788576107.881079912,0.079180110,-0.018017148,-0.043478471,0.081204109,0.092111263,6.612191200,-4.746362686,0.017548246
107.338966528,1788576107.924132347,1788576107.921078682,0.072297478,-0.000471800,-0.048376189,0.072299018,0.086990825,6.611689091,-4.740119457,0.019778961
107.368966528,1788576107.956332445,1788576107.951078892,0.067761321,0.009688435,-0.029309784,0.068450437,0.074461572,6.611299038,-4.735591412,0.021783555
107.398966528,1788576107.989210129,1788576107.981078863,0.061811615,0.019543162,-0.047573934,0.064827547,0.080410758,6.610815048,-4.731374741,0.023892438
107.438965504,1788576108.024089336,1788576108.021077871,0.056623743,0.026951305,-0.044269346,0.062710614,0.076761945,6.610026360,-4.726360798,0.026423620
107.468965504,1788576108.055459499,1788576108.051077604,0.055698200,0.018122361,-0.037019972,0.058572259,0.069290604,6.609578133,-4.722389221,0.028616760
107.498965504,1788576108.088048935,1788576108.081077814,0.052301108,0.014476940,-0.038411674,0.054267740,0.066486422,6.609256268,-4.718276501,0.030985607
107.538964480,1788576108.124265432,1788576108.121076822,0.047306014,0.001856956,-0.037336006,0.047342447,0.060293322,6.609076500,-4.712810040,0.033823721
107.568964480,1788576108.155433893,1788576108.151076794,0.046281918,-0.008661385,-0.039360410,0.047085407,0.061370004,6.609376907,-4.708227634,0.036246143
107.598964480,1788576108.188055992,1788576108.181076765,0.043033932,-0.033854688,-0.040522297,0.054754536,0.068118395,6.610057831,-4.703231335,0.038524006
107.638961920,1788576108.224132299,1788576108.221074104,0.039650801,-0.056821050,-0.046893908,0.069287934,0.083665144,6.611437321,-4.696241379,0.041273549
107.668961920,1788576108.255544662,1788576108.251074076,0.038482398,-0.081711864,-0.039585745,0.090320118,0.098614172,6.613181591,-4.690305233,0.043421447
107.698961920,1788576108.289100885,1788576108.281074286,0.041749960,-0.098742787,-0.033600429,0.107206330,0.112348502,6.615379333,-4.683796883,0.045460790
107.738958848,1788576108.324168205,1788576108.321071148,0.042413049,-0.126799704,-0.038568246,0.133705017,0.139156535,6.618700027,-4.674567699,0.047761828
107.768958848,1788576108.355339050,1788576108.351071119,0.042870429,-0.152277321,-0.043829787,0.158196890,0.164156347,6.621923923,-4.666897297,0.049409635
107.798958848,1788576108.388061762,1788576108.381071091,0.042132890,-0.167148282,-0.047044266,0.172376705,0.178680977,6.625623703,-4.658694267,0.050989490
107.838957824,1788576108.424502611,1788576108.421070099,0.044087824,-0.189480119,-0.050666818,0.194541645,0.201031287,6.630877495,-4.647335052,0.052703463
107.868957824,1788576108.455343723,1788576108.451070070,0.044610344,-0.210795925,-0.047276930,0.215464625,0.220590373,6.635527134,-4.638105869,0.053907961
107.898957824,1788576108.490369797,1788576108.481070042,0.042166901,-0.225665724,-0.059569504,0.229571484,0.237174181,6.640645027,-4.628411293,0.054859627
107.938955008,1788576108.524187565,1788576108.521067381,0.043759574,-0.239693970,-0.060030804,0.243655699,0.250941820,6.647698402,-4.615228653,0.055800468
107.968955008,1788576108.555535316,1788576108.551067114,0.041950761,-0.250035684,-0.070679022,0.253530491,0.263198089,6.653623581,-4.604836941,0.056291178
107.998955008,1788576108.588092327,1788576108.581067324,0.041053105,-0.258462933,-0.075815358,0.261702971,0.272463601,6.659829140,-4.594282627,0.056692246
108.038953984,1788576108.624187946,1788576108.621066332,0.038688066,-0.247429717,-0.080571088,0.250436082,0.263077805,6.667955399,-4.580597401,0.056892529
108.068953984,1788576108.655441761,1788576108.651066303,0.035374596,-0.229691825,-0.086592138,0.232399863,0.248007852,6.674302101,-4.570450783,0.056792323
108.098953984,1788576108.688156605,1788576108.681066275,0.035481452,-0.218014957,-0.092857642,0.220883352,0.239608007,6.680523872,-4.560681820,0.056540340
108.138952960,1788576108.724222660,1788576108.721065283,0.040921710,-0.191072392,-0.093973936,0.195405336,0.216827918,6.688054085,-4.548573494,0.055867076
108.168952960,1788576108.755344629,1788576108.751065016,0.048128849,-0.165692771,-0.091680580,0.172541243,0.195386307,6.693417072,-4.539744377,0.055054855
108.198952960,1788576108.788065910,1788576108.781065226,0.055034016,-0.159316219,-0.102799336,0.168553850,0.197428731,6.698343277,-4.531217098,0.054051548
108.238950144,1788576108.824223757,1788576108.821062326,0.067060973,-0.138759073,-0.097674426,0.154114420,0.182459716,6.704006672,-4.520473480,0.052470855
108.268950144,1788576108.856585503,1788576108.851062298,0.076230108,-0.121848451,-0.089685572,0.143729171,0.169415396,6.707784653,-4.512474060,0.050967138
108.298950144,1788576108.889144182,1788576108.881062508,0.090421706,-0.119175210,-0.084687521,0.149595507,0.171903437,6.711049080,-4.504561424,0.049362410
108.338947328,1788576108.924225330,1788576108.921059608,0.108858537,-0.105421981,-0.087098339,0.151538692,0.174785857,6.714393616,-4.494303703,0.046977740
108.368947328,1788576108.955427885,1788576108.951059341,0.127808088,-0.090795290,-0.083452801,0.156775930,0.177603666,6.716245174,-4.486495495,0.044821225
108.398947328,1788576108.988049507,1788576108.981059551,0.144180626,-0.090789924,-0.088394784,0.170384457,0.191949215,6.717408657,-4.478648663,0.042442303
108.438944512,1788576109.024271011,1788576109.021056652,0.173329190,-0.088061198,-0.085497032,0.194416519,0.212385323,6.717848301,-4.468105793,0.039203018
108.468944512,1788576109.055346727,1788576109.051056623,0.192572904,-0.073406103,-0.070786089,0.206089251,0.217906975,6.717443943,-4.459887505,0.036398873
108.498944512,1788576109.090342760,1788576109.081056833,0.212478702,-0.076814654,-0.074878336,0.225937358,0.238021964,6.716332912,-4.451514721,0.033411086
108.538941696,1788576109.124188900,1788576109.121053934,0.241714025,-0.066888706,-0.062914093,0.250798263,0.258569047,6.713795662,-4.440164566,0.029458869
108.568941696,1788576109.156365871,1788576109.151053905,0.259823770,-0.070651165,-0.072577728,0.269258201,0.278868258,6.710987091,-4.431335926,0.026067641
108.598941696,1788576109.189088345,1788576109.181053877,0.284603962,-0.065580564,-0.054886550,0.292062023,0.297174627,6.707434654,-4.422209740,0.022594538
108.628940672,1788576109.222129345,1788576109.211053133,0.310233483,-0.070284861,-0.056523018,0.318095545,0.323078361,6.703108788,-4.412927151,0.019193839
108.668940672,1788576109.257524967,1788576109.251053095,0.342596536,-0.061963585,-0.045311027,0.348154955,0.351091101,6.696156979,-4.400010586,0.014376268
108.698940672,1788576109.289568663,1788576109.281052828,0.367350932,-0.071547342,-0.038295884,0.374253563,0.376207794,6.689948082,-4.389865875,0.010598753
108.738939648,1788576109.325088978,1788576109.321051836,0.402194656,-0.065034967,-0.026014456,0.407418812,0.408248503,6.680528641,-4.376000404,0.005738050
108.768939648,1788576109.355362415,1788576109.351051807,0.422907333,-0.062159168,-0.024577494,0.427451020,0.428157013,6.672516346,-4.365217686,0.001871064
108.798939648,1788576109.388024569,1788576109.381052017,0.449194924,-0.060104726,-0.022915033,0.453198255,0.453777210,6.663746834,-4.354160786,-0.002111293
108.838936576,1788576109.424170494,1788576109.421048880,0.480208011,-0.064554257,-0.014304418,0.484527590,0.484738694,6.650992393,-4.338982105,-0.007149972
108.868936576,1788576109.456418753,1788576109.451048851,0.501934784,-0.070286197,-0.014515274,0.506832001,0.507039812,6.640563011,-4.327223301,-0.011162041
108.898936576,1788576109.489156246,1788576109.481048822,0.523851133,-0.061100338,0.003244353,0.527402371,0.527412349,6.629463673,-4.315164089,-0.015148139
108.928933504,1788576109.522075415,1788576109.511045694,0.548080902,-0.061988124,0.008109066,0.551575201,0.551634806,6.617717266,-4.302895069,-0.018877227
108.968933504,1788576109.557474375,1788576109.551045656,0.572462805,-0.062541666,0.019122247,0.575869016,0.576186414,6.600984573,-4.286303997,-0.023926962
108.998933504,1788576109.589231253,1788576109.581045866,0.593431095,-0.063345042,0.006531596,0.596802361,0.596838102,6.587605476,-4.273741245,-0.027791504
109.028932480,1788576109.622073650,1788576109.611044884,0.610652844,-0.058815233,0.017960449,0.613478710,0.613741563,6.573665619,-4.260961533,-0.031391207
109.068932480,1788576109.658158541,1788576109.651044846,0.636478168,-0.057521533,0.021330133,0.639072129,0.639427994,6.554065228,-4.243778706,-0.036170911
109.098932480,1788576109.690393448,1788576109.681044817,0.655335254,-0.055338667,0.028271885,0.657667593,0.658274990,6.538587093,-4.230815887,-0.039687242
109.138929920,1788576109.724174023,1788576109.721042156,0.676710113,-0.052402339,0.029996655,0.678736018,0.679398544,6.517123699,-4.213281631,-0.043970689
109.168929920,1788576109.755534410,1788576109.751042128,0.695734970,-0.052820347,0.040978415,0.697737155,0.698939459,6.500292301,-4.200064182,-0.047174238
109.198929920,1788576109.788241863,1788576109.781042099,0.712891540,-0.051692671,0.047768209,0.714763233,0.716357649,6.482906342,-4.186716080,-0.050280936
109.238929152,1788576109.824157238,1788576109.821041346,0.734951411,-0.043810014,0.054783124,0.736255997,0.738291327,6.458937645,-4.168689728,-0.053961672
109.268929152,1788576109.855376720,1788576109.851041317,0.749542674,-0.048107467,0.063749378,0.751084914,0.753785468,6.440320969,-4.155180454,-0.056663826
109.298929152,1788576109.889321566,1788576109.881041527,0.766746539,-0.048355847,0.064744063,0.768269837,0.770993084,6.421220303,-4.141565800,-0.059195347
109.338926336,1788576109.924237967,1788576109.921038628,0.787559578,-0.045309147,0.079134974,0.788861843,0.792821135,6.395131588,-4.123022556,-0.062161423
109.368926336,1788576109.955307961,1788576109.951038361,0.803266660,-0.048289861,0.082080569,0.804716868,0.808892118,6.374941826,-4.109009743,-0.064262345
109.398926336,1788576109.988054752,1788576109.981038570,0.816898643,-0.049926521,0.083613568,0.818422904,0.822682976,6.354288578,-4.094832897,-0.066224307
109.428925312,1788576110.022143602,1788576110.011037588,0.834387922,-0.035042667,0.094231231,0.835123460,0.840422940,6.333228111,-4.080460072,-0.067920133
109.468925312,1788576110.057363272,1788576110.051037788,0.853738410,-0.051181878,0.099135746,0.855271219,0.860997534,6.304401875,-4.061093330,-0.069971450
109.498925312,1788576110.089082718,1788576110.081037521,0.867506454,-0.043317388,0.094610050,0.868587269,0.873724731,6.282274246,-4.046452522,-0.071303308
109.538922496,1788576110.124207020,1788576110.121034861,0.882048328,-0.050559518,0.099277839,0.883496190,0.889056583,6.252371311,-4.026555061,-0.072650857
109.568922496,1788576110.155335426,1788576110.151034832,0.892290954,-0.044915234,0.107636717,0.893420688,0.899881208,6.229517937,-4.011757374,-0.073525392
109.598922496,1788576110.189067602,1788576110.181034803,0.903210033,-0.051596850,0.116386015,0.904682596,0.912138314,6.206388474,-3.996873617,-0.074204445
109.638919936,1788576110.224314213,1788576110.221032143,0.915957128,-0.051612260,0.105189043,0.917410097,0.923420825,6.175245762,-3.976702213,-0.074930176
109.668919936,1788576110.255406618,1788576110.251032114,0.926486359,-0.046107222,0.112805766,0.927632928,0.934466688,6.151457310,-3.961653471,-0.075320721
109.698919936,1788576110.290358067,1788576110.281032085,0.934411346,-0.057214800,0.113577937,0.936161363,0.943026004,6.127410412,-3.946534872,-0.075524673
109.738917376,1788576110.324187279,1788576110.321029663,0.945489861,-0.054830874,0.118298217,0.947078403,0.954438039,6.095143795,-3.926051140,-0.075636461
109.768917376,1788576110.355629683,1788576110.351029873,0.952767450,-0.053230009,0.115630067,0.954253241,0.961233353,6.070582390,-3.910915613,-0.075529903
109.798917376,1788576110.388217926,1788576110.381029606,0.961728513,-0.055593974,0.117901436,0.963334014,0.970522113,6.045768738,-3.895803690,-0.075312167
109.838916352,1788576110.424190044,1788576110.421028614,0.972199449,-0.057135080,0.121824669,0.973876884,0.981466981,6.012501717,-3.875310183,-0.074962094
109.868916352,1788576110.455303669,1788576110.451028585,0.977788213,-0.055153609,0.107662811,0.979342488,0.985242605,5.987185955,-3.860196590,-0.074676365
109.898916352,1788576110.488084555,1788576110.481028557,0.985129104,-0.054369371,0.119161101,0.986628289,0.993798143,5.961659908,-3.845101833,-0.074346267
109.938915328,1788576110.524217367,1788576110.521027565,0.994830113,-0.062054602,0.113433486,0.996763627,1.003197330,5.927433491,-3.824665308,-0.073672220
109.968915328,1788576110.555326462,1788576110.551027775,1.001965132,-0.057451625,0.118448808,1.003610888,1.010576536,5.901526928,-3.809455633,-0.073218219
109.998915328,1788576110.588107586,1788576110.581027508,1.010603264,-0.057103696,0.119197591,1.012215288,1.019209427,5.875426292,-3.794255257,-0.072741874
110.038912512,1788576110.624157429,1788576110.621024847,1.017341404,-0.063725293,0.114075831,1.019335296,1.025698660,5.840503216,-3.773636818,-0.072043717
110.068912512,1788576110.656526089,1788576110.651024818,1.024131523,-0.052254092,0.115080306,1.025463732,1.031900840,5.814023495,-3.758351564,-0.071477585
110.098912512,1788576110.689124346,1788576110.681024790,1.030254899,-0.060060971,0.119089598,1.032004107,1.038852641,5.787370205,-3.743039846,-0.070789799
110.138909696,1788576110.724218607,1788576110.721021891,1.034223628,-0.054894907,0.102109643,1.035679470,1.040700890,5.751762867,-3.722378016,-0.069929309
110.168909696,1788576110.755350828,1788576110.751022100,1.039013597,-0.058302573,0.111345637,1.040648089,1.046587931,5.724893093,-3.707098484,-0.069201373
110.198909696,1788576110.789171219,1788576110.781021833,1.041532551,-0.062039362,0.093198204,1.043378616,1.047532740,5.697934628,-3.691851377,-0.068417087
110.238908672,1788576110.825074673,1788576110.821020842,1.045353692,-0.069384430,0.094308489,1.047653826,1.051890028,5.662000656,-3.671260118,-0.067400567
110.268908672,1788576110.855413437,1788576110.851020813,1.044062954,-0.070108382,0.091418691,1.046414181,1.050399931,5.634958267,-3.656059265,-0.066502161
110.298908672,1788576110.888078451,1788576110.881021023,1.047793105,-0.081302387,0.088948818,1.050942658,1.054700129,5.607846737,-3.640990496,-0.065611362
110.338907648,1788576110.924173832,1788576110.921019793,1.047960511,-0.090716360,0.080931802,1.051879599,1.054988459,5.571701527,-3.620617151,-0.064433813
110.368907648,1788576110.956350803,1788576110.951020002,1.049197669,-0.097215684,0.083376273,1.053691908,1.056985450,5.544492722,-3.605574369,-0.063373938
110.398907648,1788576110.989051104,1788576110.981019974,1.045741941,-0.120797901,0.072643784,1.052695749,1.055199251,5.517240524,-3.590701818,-0.062323160
110.438906624,1788576111.024106503,1788576111.021018982,1.042794209,-0.121374160,0.070326645,1.049834010,1.052186906,5.480984688,-3.570734501,-0.060970500
110.468906624,1788576111.055298805,1788576111.051018715,1.039147215,-0.139134846,0.070094773,1.048420450,1.050761018,5.453763962,-3.556045055,-0.059790902
110.498906624,1788576111.088014364,1788576111.081018925,1.036618426,-0.153333886,0.068072067,1.047897439,1.050106113,5.426493645,-3.541544437,-0.058488570
110.538905600,1788576111.124327898,1788576111.121017933,1.034264892,-0.154678885,0.074955205,1.045767386,1.048450145,5.390148163,-3.522207975,-0.056750238
110.568905600,1788576111.155434847,1788576111.151017904,1.029614774,-0.177986043,0.067374872,1.044885455,1.047055389,5.362774372,-3.508102894,-0.055417962
110.598905600,1788576111.188102007,1788576111.181017876,1.027315321,-0.183939598,0.062308970,1.043652502,1.045510857,5.335332394,-3.494132757,-0.054076672
110.638902528,1788576111.224111319,1788576111.221014738,1.024381943,-0.200417942,0.061213855,1.043803486,1.045596888,5.298704147,-3.475575924,-0.052390337
110.668902528,1788576111.255506754,1788576111.251014709,1.022180420,-0.197513625,0.069458742,1.041088105,1.043402588,5.271059513,-3.462151289,-0.050968982
110.698902528,1788576111.288214922,1788576111.281014681,1.017687147,-0.223180218,0.060917337,1.041871652,1.043651024,5.243332863,-3.448938608,-0.049581200
110.738901504,1788576111.324172020,1788576111.321013689,1.019750240,-0.218458796,0.067931462,1.042887720,1.045097833,5.206260681,-3.431449175,-0.047775332
110.768901504,1788576111.355330706,1788576111.351013899,1.012101172,-0.231042205,0.048005597,1.038137410,1.039246756,5.178214073,-3.418877602,-0.046497487
110.798901504,1788576111.389242172,1788576111.381013870,1.008554787,-0.250188378,0.062258474,1.039123180,1.040986600,5.150041580,-3.406636953,-0.045185119
110.838900480,1788576111.425111771,1788576111.421012640,1.002503182,-0.256710235,0.049857450,1.034849155,1.036049487,5.112436771,-3.390457153,-0.043529838
110.868900480,1788576111.455390692,1788576111.451012611,1.000054967,-0.250005840,0.056419904,1.030831148,1.032373993,5.084047794,-3.378924370,-0.042437501
110.898900480,1788576111.490337849,1788576111.481012821,0.995018203,-0.272796788,0.047607554,1.031736067,1.032833864,5.055510521,-3.367796898,-0.041424599
110.938897408,1788576111.524119139,1788576111.521009684,0.994948976,-0.267210517,0.044850845,1.030206254,1.031182100,5.017438412,-3.353108168,-0.040326279
110.968897408,1788576111.556252956,1788576111.551009893,0.989173479,-0.270604539,0.039576636,1.025519862,1.026283245,4.988606930,-3.342930317,-0.039590526
110.998897408,1788576111.588215590,1788576111.581009626,0.986692907,-0.279323859,0.027704039,1.025468045,1.025842203,4.959613800,-3.333162308,-0.038968317
111.038894336,1788576111.624159813,1788576111.621006489,0.981009789,-0.266032065,0.014982054,1.016441472,1.016551881,4.920949459,-3.320409775,-0.038228355
111.068894336,1788576111.655305386,1788576111.651006460,0.970813994,-0.284225114,0.002453831,1.011564989,1.011567965,4.891817570,-3.311943769,-0.037808642
111.098894336,1788576111.688058615,1788576111.681006670,0.958954477,-0.259751242,-0.004728580,0.993511145,0.993522398,4.862821579,-3.304153919,-0.037406094
111.138893568,1788576111.724256277,1788576111.721005917,0.934887915,-0.246008223,-0.019081460,0.966713743,0.966902044,4.824767590,-3.294207811,-0.036860455
111.168893568,1788576111.755422115,1788576111.751005650,0.911529627,-0.245377969,-0.037918938,0.943979136,0.944740417,4.796637535,-3.288100481,-0.036505044
111.198893568,1788576111.788023949,1788576111.781005859,0.877286253,-0.228278268,-0.057288996,0.906499937,0.908308409,4.769177914,-3.282715082,-0.036224298
111.238892544,1788576111.824182034,1788576111.821004868,0.834777366,-0.219597080,-0.057716202,0.863177924,0.865105362,4.734057903,-3.276004553,-0.035794515
111.268892544,1788576111.856545687,1788576111.851004839,0.800094824,-0.201561589,-0.056453101,0.825093207,0.827022221,4.708738327,-3.272353649,-0.035569917
111.298892544,1788576111.889272928,1788576111.881004810,0.763515463,-0.188667264,-0.067604945,0.786480259,0.789380534,4.684386253,-3.269549847,-0.035502769
111.338889472,1788576111.925062180,1788576111.921001673,0.715748475,-0.177462571,-0.066439777,0.737420399,0.740407380,4.653601646,-3.266220093,-0.035385732
111.368889472,1788576111.955354452,1788576111.951001644,0.677605055,-0.161032801,-0.069640192,0.696476973,0.699949948,4.631800175,-3.265106678,-0.035515647
111.398889472,1788576111.988067865,1788576111.981001616,0.642712456,-0.145478978,-0.057155263,0.658971497,0.661445506,4.611111641,-3.264818192,-0.035689346
111.438888448,1788576112.025094748,1788576112.021000624,0.591969841,-0.132948342,-0.060688217,0.606715381,0.609743072,4.585260391,-3.264774084,-0.035928715
111.468888448,1788576112.055513144,1788576112.051000834,0.557069690,-0.111691957,-0.053391254,0.568156434,0.570659582,4.567341328,-3.266319752,-0.036210798
111.498888448,1788576112.090374708,1788576112.081000805,0.519889284,-0.108718365,-0.046501476,0.531135153,0.533166895,4.550615311,-3.268684387,-0.036526810
111.538885632,1788576112.124105453,1788576112.120997906,0.471327885,-0.088611983,-0.054204108,0.479585298,0.482638730,4.530010700,-3.272212029,-0.036999125
111.568885632,1788576112.156279564,1788576112.150998116,0.437165641,-0.063837630,-0.031447284,0.441802038,0.442919827,4.516123772,-3.276200771,-0.037419528
111.598885632,1788576112.189073324,1788576112.180997849,0.402518661,-0.059314012,-0.043689807,0.406865364,0.409204378,4.503419399,-3.280957937,-0.037915248
111.628884608,1788576112.222091675,1788576112.210996628,0.368834929,-0.040494264,-0.034107562,0.371051196,0.372615507,4.491706371,-3.285861254,-0.038472556
111.668884608,1788576112.257579565,1788576112.250996828,0.326045512,-0.018738400,-0.036930758,0.326583533,0.328665004,4.477931023,-3.293810606,-0.039331555
111.698884608,1788576112.290677071,1788576112.280996799,0.293523080,-0.022396907,-0.026475648,0.294376324,0.295564511,4.468935966,-3.300848722,-0.040105414
111.728883840,1788576112.322043419,1788576112.310996056,0.263152629,-0.003752307,-0.027854074,0.263179380,0.264649268,4.460848808,-3.307867527,-0.040843118
111.768883840,1788576112.357322216,1788576112.350996017,0.226620653,0.006716941,-0.015085966,0.226720175,0.227221531,4.451694489,-3.318488359,-0.041859731
111.798883840,1788576112.389165878,1788576112.380995989,0.199359634,0.009452829,-0.020581367,0.199583616,0.200642000,4.446015835,-3.327227592,-0.042601887
111.828883072,1788576112.422006845,1788576112.410995245,0.176187176,0.021380397,-0.015521157,0.177479696,0.178157090,4.441082954,-3.335878849,-0.043414142
111.868883072,1788576112.457368135,1788576112.450995207,0.147184865,0.033427442,-0.005947904,0.150933026,0.151050177,4.435849667,-3.348368883,-0.044337776
111.898883072,1788576112.489077091,1788576112.480995417,0.124642093,0.036814282,-0.004833579,0.129965159,0.130055012,4.432878017,-3.358436346,-0.044990323
111.938880000,1788576112.524135351,1788576112.520992279,0.101627010,0.047292269,-0.005036058,0.112091962,0.112205034,4.429783344,-3.371609211,-0.045838997
111.968880000,1788576112.555438995,1788576112.550992489,0.084576246,0.049455137,-0.008071321,0.097974241,0.098306145,4.428324699,-3.382213831,-0.046504069
111.998880000,1788576112.589057684,1788576112.580992222,0.073173341,0.057694752,0.001370788,0.093182736,0.093192818,4.427435875,-3.393140316,-0.047078259
112.038879232,1788576112.625192642,1788576112.620991468,0.058336277,0.068845643,0.003486925,0.090237707,0.090305052,4.426831245,-3.407238245,-0.047808439
112.068879232,1788576112.655447006,1788576112.650991678,0.046121122,0.054452205,-0.008465173,0.071359656,0.071860000,4.426932812,-3.418333292,-0.048368350
112.098879232,1788576112.688026190,1788576112.680991411,0.039263794,0.081506295,-0.001319515,0.090470556,0.090480178,4.427374363,-3.429449797,-0.048843253
112.138878464,1788576112.725451469,1788576112.720990658,0.033417658,0.075144769,0.004970306,0.082240356,0.082390413,4.428194046,-3.443706274,-0.049385794
112.168878464,1788576112.755618811,1788576112.750990868,0.032889657,0.069202037,-0.001510002,0.076620177,0.076635054,4.428956032,-3.454679489,-0.049632914
112.198878464,1788576112.788142443,1788576112.780990839,0.029166225,0.071498678,-0.007113177,0.077218713,0.077545644,4.429751396,-3.465521812,-0.049847402
112.238875648,1788576112.824133873,1788576112.820987940,0.030360150,0.064484102,0.002196729,0.071273685,0.071307529,4.430766582,-3.479184628,-0.049914606
112.268875648,1788576112.855476618,1788576112.850988150,0.030777564,0.068308937,0.004644304,0.074922422,0.075066230,4.431474209,-3.489601612,-0.049851373
112.298875648,1788576112.888013840,1788576112.880987883,0.032093116,0.069765251,0.019137707,0.076792957,0.079141709,4.432125092,-3.500034094,-0.049681403
112.338874880,1788576112.924695969,1788576112.920987129,0.032112185,0.079710389,0.006985101,0.085935665,0.086219083,4.432898998,-3.513452291,-0.049464546
112.368874880,1788576112.955391884,1788576112.950987339,0.035046365,0.080494032,0.014922859,0.087792578,0.089051831,4.433389187,-3.523829699,-0.049258467
112.398874880,1788576112.988004684,1788576112.980987072,0.034632018,0.098525063,0.012828824,0.104434499,0.105219501,4.433814049,-3.534322262,-0.049052045
112.438872064,1788576113.024093390,1788576113.020984411,0.037041701,0.108362802,0.017358682,0.114518926,0.115827062,4.434311390,-3.548025131,-0.048802901
112.468872064,1788576113.056419849,1788576113.050984383,0.036594114,0.113364415,0.013241834,0.119124388,0.119858108,4.434554577,-3.558602095,-0.048421644
112.498872064,1788576113.089051247,1788576113.080984354,0.035744899,0.117412348,0.010981332,0.122732870,0.123223159,4.434712410,-3.569137335,-0.047964491
112.538868992,1788576113.124212027,1788576113.120981216,0.038488208,0.140380093,0.023934153,0.145560683,0.147515275,4.434879780,-3.583033800,-0.047193982
112.568868992,1788576113.155437469,1788576113.150981188,0.044822296,0.165028805,0.030357926,0.171007441,0.173681169,4.434765339,-3.594128370,-0.046393946
112.598868992,1788576113.188024521,1788576113.180981159,0.055277281,0.192829208,0.042500172,0.200595816,0.205048643,4.434380531,-3.605828762,-0.045524888
112.638868224,1788576113.224304438,1788576113.220980406,0.058723677,0.224113274,0.031024622,0.231679153,0.233747208,4.433630943,-3.622061968,-0.044442624
112.668868224,1788576113.255427837,1788576113.250980377,0.063784796,0.250610819,0.037926050,0.258600624,0.261366922,4.432916641,-3.634776115,-0.043671302
112.698868224,1788576113.288017035,1788576113.280980587,0.065669689,0.261092918,0.029715227,0.269224850,0.270859769,4.432116032,-3.647822380,-0.042959586
112.738867456,1788576113.325255156,1788576113.320979595,0.070380231,0.284453971,0.022033874,0.293031463,0.293858691,4.430934429,-3.665535212,-0.042075228
112.768867456,1788576113.355506182,1788576113.350979567,0.073766427,0.301852151,0.021604410,0.310734946,0.311485083,4.429869652,-3.678968430,-0.041505404
112.798867456,1788576113.388101816,1788576113.380979776,0.074395344,0.311566796,0.013123476,0.320325671,0.320594388,4.428722858,-3.692505121,-0.040993385
112.838864640,1788576113.424161911,1788576113.420976877,0.078322953,0.316249984,0.006613836,0.325804447,0.325871571,4.427098274,-3.710398436,-0.040437356
112.868864640,1788576113.455289125,1788576113.450976849,0.081484414,0.314580704,0.000452438,0.324962658,0.324962973,4.425622940,-3.723304749,-0.040022999
112.898864640,1788576113.487977028,1788576113.480976820,0.082751512,0.301333750,-0.016584484,0.312489747,0.312929524,4.423963070,-3.735592365,-0.039598286
112.938863872,1788576113.524147272,1788576113.520976067,0.085057739,0.273270602,-0.005107644,0.286202098,0.286247670,4.421602726,-3.750901461,-0.039029952
112.968863872,1788576113.555441618,1788576113.550976038,0.083774836,0.261686903,-0.024568497,0.274769464,0.275865672,4.419585705,-3.760898113,-0.038635850
112.998863872,1788576113.588087797,1788576113.580976009,0.083245944,0.230582357,-0.012837776,0.245149160,0.245485069,4.417428970,-3.769773960,-0.038367070
113.038863104,1788576113.624101639,1788576113.620975256,0.082210358,0.216379937,-0.029669942,0.231470992,0.233364791,4.414504051,-3.780517101,-0.038207315
113.068863104,1788576113.656411648,1788576113.650975227,0.081113300,0.195096229,-0.012436158,0.211286313,0.211651988,4.412054062,-3.787001371,-0.038222585
113.098863104,1788576113.689135075,1788576113.680975437,0.079998059,0.193586317,-0.018730369,0.209464440,0.210300210,4.409495831,-3.792622805,-0.038310681
113.138860544,1788576113.724158764,1788576113.720972776,0.084954067,0.200684802,-0.005335664,0.217925637,0.217990946,4.406063557,-3.799875021,-0.038451266
113.168860544,1788576113.755341053,1788576113.750972986,0.085710408,0.209310351,-0.001617639,0.226179348,0.226185132,4.403157234,-3.804429293,-0.038423680
113.198860544,1788576113.788029909,1788576113.780972719,0.086272843,0.218123197,0.004669348,0.234564986,0.234611456,4.400121212,-3.808748722,-0.038277574
113.238859776,1788576113.824357748,1788576113.820971966,0.088854434,0.238420010,0.009935202,0.254439014,0.254632912,4.396155834,-3.815304279,-0.038105614
113.268859776,1788576113.855381250,1788576113.850972176,0.090302927,0.274652137,0.013222376,0.289116611,0.289418808,4.392864704,-3.819609404,-0.037895001
113.298859776,1788576113.888205528,1788576113.880972147,0.094898543,0.273666047,0.011311023,0.289652963,0.289873728,4.389399052,-3.823750257,-0.037723213
113.338859008,1788576113.924172878,1788576113.920971155,0.098701492,0.290202424,0.011171599,0.306528027,0.306731537,4.384775162,-3.829936504,-0.037437640
113.368859008,1788576113.955413818,1788576113.950971365,0.101845556,0.296165020,0.006806708,0.313187222,0.313261181,4.380818367,-3.833402157,-0.037062228
113.398859008,1788576113.988125086,1788576113.980971336,0.102834858,0.278794277,0.002786628,0.297155274,0.297168340,4.376594543,-3.836145163,-0.036616728
113.428858240,1788576114.022293329,1788576114.010970592,0.106320063,0.281434634,0.003162929,0.300847817,0.300864443,4.372345924,-3.838878393,-0.036085185
113.468858240,1788576114.057468891,1788576114.050970554,0.108464539,0.262155056,0.014074892,0.283707296,0.284056213,4.366161346,-3.840645313,-0.035035044
113.498858240,1788576114.089130163,1788576114.080970526,0.108712408,0.245993451,0.005414237,0.268944540,0.268999032,4.361168385,-3.840409279,-0.034049012
113.538855680,1788576114.124266863,1788576114.120967865,0.110168580,0.214072870,0.015354945,0.240757782,0.241246936,4.354518414,-3.839531422,-0.032511286
113.568855680,1788576114.155592680,1788576114.150967836,0.108691568,0.182212130,0.012848573,0.212167663,0.212556352,4.349086761,-3.836196184,-0.030997816
113.598855680,1788576114.188070059,1788576114.180968046,0.109395513,0.146733463,0.015780774,0.183024827,0.183703893,4.343423367,-3.831071615,-0.029194832
113.638854912,1788576114.224150896,1788576114.220967054,0.104535513,0.080465772,0.025336183,0.131918209,0.134329208,4.335904598,-3.822838068,-0.026665792
113.668854912,1788576114.256370783,1788576114.250967026,0.105551019,0.034929217,0.040508447,0.111180339,0.118330056,4.329877377,-3.813100815,-0.024617255
113.698854912,1788576114.289276838,1788576114.280967236,0.104794982,-0.015998507,0.034893630,0.106009153,0.111604238,4.323637962,-3.801199198,-0.022464741
113.738852096,1788576114.324151039,1788576114.320964336,0.107344992,-0.072400770,0.052442317,0.129479028,0.139696154,4.315216541,-3.783866882,-0.019635206
113.768852096,1788576114.355337620,1788576114.350964308,0.110388198,-0.113564302,0.047946767,0.158374256,0.165472951,4.308444023,-3.767507315,-0.017213974
113.798852096,1788576114.388021231,1788576114.380964279,0.110502278,-0.145069909,0.046209772,0.182362364,0.188125955,4.301450253,-3.749453068,-0.014677688
113.838851328,1788576114.424218893,1788576114.420963526,0.110521876,-0.172643814,0.039322454,0.204990174,0.208727638,4.292192459,-3.725007296,-0.011695068
113.868851328,1788576114.455368996,1788576114.450963497,0.109049282,-0.188301387,0.021617078,0.217598617,0.218669742,4.285064697,-3.704217196,-0.009386952
113.898851328,1788576114.490356684,1788576114.480963469,0.110615276,-0.182154688,0.011481887,0.213110464,0.213419548,4.277916431,-3.682621002,-0.007131356
113.938848768,1788576114.524086475,1788576114.520961046,0.107559346,-0.183711262,0.004133802,0.212882223,0.212922355,4.268616199,-3.654737711,-0.004424376
113.968848768,1788576114.556246519,1788576114.550961256,0.108646220,-0.182138447,-0.002739953,0.212081152,0.212098851,4.261462212,-3.632257938,-0.002286742
113.998848768,1788576114.588215351,1788576114.580960989,0.105088303,-0.172652572,-0.009839246,0.202119919,0.202359266,4.254317284,-3.609438181,-0.000223547
114.038848000,1788576114.624125481,1788576114.620960236,0.105339924,-0.164579059,-0.017539227,0.195404110,0.196189681,4.245115280,-3.580345869,0.002184100
114.068848000,1788576114.655312061,1788576114.650960445,0.105138410,-0.151792299,-0.033034907,0.184648280,0.187580096,4.238078117,-3.557330370,0.003640527
114.098848000,1788576114.689126492,1788576114.680960178,0.100995866,-0.150958304,-0.075411002,0.181627571,0.196660606,4.231051922,-3.533998013,0.004390063
114.138845696,1788576114.724332333,1788576114.720957994,0.096854575,-0.138697633,-0.125349505,0.169168089,0.210547716,4.222042084,-3.504299879,0.003423566
114.168845696,1788576114.755301237,1788576114.750957966,0.093597321,-0.146103112,-0.183628213,0.173512472,0.252637880,4.215134621,-3.480819702,0.000966391
114.198845696,1788576114.788033009,1788576114.780957937,0.090021179,-0.140226044,-0.250358354,0.166634799,0.300743182,4.208230495,-3.457003117,-0.003315078
114.238844928,1788576114.824139118,1788576114.820957184,0.084958754,-0.140171561,-0.349394208,0.163908684,0.385930524,4.199400425,-3.426367521,-0.012431350
114.268844928,1788576114.855472803,1788576114.850957394,0.078840923,-0.142666918,-0.433619685,0.163002272,0.463244829,4.192606449,-3.402306557,-0.022136929
114.298844928,1788576114.888030291,1788576114.880957127,0.074028594,-0.138403484,-0.517277952,0.156957819,0.540566589,4.185840130,-3.377948999,-0.034314808
114.338844160,1788576114.924170971,1788576114.920956373,0.071286286,-0.135458858,-0.602983802,0.153071345,0.622109558,4.177186966,-3.346682787,-0.054002106
114.368844160,1788576114.955365896,1788576114.950956583,0.068502868,-0.126635894,-0.649740997,0.143976708,0.665501808,4.170385838,-3.322512865,-0.071106963
114.398844160,1788576114.991058111,1788576114.980956316,0.062503624,-0.124909007,-0.693124071,0.139674489,0.707057240,4.163586140,-3.298309565,-0.089703143
114.438843392,1788576115.024154902,1788576115.020955563,0.054779800,-0.111442343,-0.715371857,0.124178188,0.726069636,4.155055523,-3.267558098,-0.116048060
114.468843392,1788576115.055285692,1788576115.050955772,0.046941873,-0.105377354,-0.723046354,0.115359985,0.732191202,4.148393631,-3.243984938,-0.137013704
114.498843392,1788576115.088032722,1788576115.080955744,0.040374687,-0.091103974,-0.739968111,0.099649634,0.746647744,4.141794682,-3.220731258,-0.158449039
114.538842624,1788576115.125189543,1788576115.120954990,0.028314733,-0.074046040,-0.719389753,0.079275091,0.723744539,4.133667946,-3.191481829,-0.186928123
114.568842624,1788576115.155449629,1788576115.150954962,0.022189957,-0.066259830,-0.715183881,0.069876743,0.718589412,4.127390385,-3.169596672,-0.208378285
114.598842624,1788576115.188179255,1788576115.180954933,0.017157445,-0.039640826,-0.689876969,0.043194595,0.691227897,4.121218681,-3.148268223,-0.229629904
114.638840064,1788576115.224104643,1788576115.220952272,0.011011477,-0.021742972,-0.656230605,0.024372309,0.656683041,4.113666058,-3.121967316,-0.256941795
114.668840064,1788576115.255366087,1788576115.250952244,0.003224266,-0.001282627,-0.639014628,0.003470018,0.639024050,4.107776642,-3.102772474,-0.277187139
114.698840064,1788576115.288077831,1788576115.280952215,-0.003303278,0.016983489,-0.616257092,0.017301750,0.616499922,4.102016449,-3.084432364,-0.297118723
114.738839040,1788576115.324254036,1788576115.320951223,-0.017212568,0.042850446,-0.611153178,0.046178276,0.612895293,4.095191479,-3.062094927,-0.323202997
114.768839040,1788576115.355300665,1788576115.350951433,-0.023741418,0.057362688,-0.597584057,0.062081664,0.600800165,4.090145588,-3.046112061,-0.342742234
114.798839040,1788576115.388046265,1788576115.380951405,-0.031499680,0.082443012,-0.583734592,0.088255765,0.590368660,4.085352421,-3.031044006,-0.362159312
114.838836224,1788576115.424050093,1788576115.420948505,-0.041491692,0.099641914,-0.581568278,0.107935497,0.591499563,4.079569817,-3.012686014,-0.387956858
114.868836224,1788576115.455399513,1788576115.450948715,-0.048496300,0.113858242,-0.567064343,0.123756173,0.580411543,4.075349808,-2.999628305,-0.407500088
114.898836224,1788576115.488188267,1788576115.480948448,-0.055362686,0.136335105,-0.561364842,0.147147164,0.580329884,4.071679115,-2.987835884,-0.426907629
114.938835456,1788576115.524069071,1788576115.520947695,-0.069959189,0.151627225,-0.555301876,0.166988333,0.579866603,4.067645073,-2.973932028,-0.452495694
114.968835456,1788576115.555270672,1788576115.550947905,-0.078226851,0.157159492,-0.550643894,0.175552118,0.577950902,4.064998627,-2.964193344,-0.471793115
114.998835456,1788576115.588047266,1788576115.580947638,-0.087487002,0.175328098,-0.544061497,0.195943659,0.578270551,4.062782764,-2.955215693,-0.491032183
115.038834688,1788576115.624216557,1788576115.620946884,-0.102171483,0.181184298,-0.538685665,0.208006639,0.577450437,4.060768604,-2.944708109,-0.516430795
115.068834688,1788576115.655317545,1788576115.650947094,-0.112023609,0.192364151,-0.535427781,0.222605605,0.579858745,4.059865952,-2.937536955,-0.535697997
115.098834688,1788576115.688021183,1788576115.680946827,-0.122150630,0.203128326,-0.538337949,0.237027199,0.588208841,4.059524536,-2.931114912,-0.554987431
115.138834176,1788576115.726148129,1788576115.720946550,-0.134683662,0.218483788,-0.536906868,0.256660972,0.595099857,4.059975624,-2.923969507,-0.580464125
115.168834176,1788576115.757263422,1788576115.750946283,-0.147047258,0.240442818,-0.539293969,0.281843299,0.608501134,4.061115742,-2.919442654,-0.599853814
115.198834176,1788576115.789024591,1788576115.780946493,-0.158867251,0.238880901,-0.541462585,0.286884799,0.612767998,4.062911510,-2.915667772,-0.619336426
115.228833152,1788576115.822108269,1788576115.810945511,-0.169655021,0.261510595,-0.543331695,0.311722020,0.626402385,4.065282345,-2.912830114,-0.638783932
115.268833152,1788576115.857533932,1788576115.850945473,-0.184388568,0.273612688,-0.549836652,0.329944006,0.641235831,4.069859505,-2.910042763,-0.665415823
115.298833152,1788576115.889098644,1788576115.880945444,-0.190405778,0.289435556,-0.553714615,0.346449566,0.653167036,4.073919296,-2.908910513,-0.685230792
115.338830336,1788576115.924170971,1788576115.920942545,-0.199827385,0.297464971,-0.551679831,0.358352331,0.657850309,4.080003262,-2.908534050,-0.711627841
115.368830336,1788576115.955336332,1788576115.950942755,-0.209396155,0.304010610,-0.561718437,0.369146584,0.672158317,4.085544586,-2.908936262,-0.731826663
115.398830336,1788576115.987994194,1788576115.980942488,-0.214546061,0.311900977,-0.563411192,0.378566020,0.678781558,4.091500282,-2.909940243,-0.752023816
115.438827520,1788576116.024076939,1788576116.020939827,-0.222288262,0.324470614,-0.559085980,0.393310629,0.683571784,4.100270271,-2.912332535,-0.779096425
115.468827520,1788576116.056280136,1788576116.050939798,-0.225251426,0.328456532,-0.563544942,0.398273647,0.690075938,4.107755661,-2.914892435,-0.799502194
115.498827520,1788576116.090274096,1788576116.080939770,-0.228315436,0.335980978,-0.563899784,0.406215652,0.694977785,4.115479469,-2.918035269,-0.819744647
115.538824704,1788576116.124146938,1788576116.120936871,-0.230311029,0.344642398,-0.564145077,0.414513634,0.700058013,4.126046658,-2.923086882,-0.846292853
115.568824704,1788576116.155303478,1788576116.150937080,-0.230280180,0.346104554,-0.545094520,0.415713030,0.685525608,4.134612560,-2.927586794,-0.866045594
115.598824704,1788576116.189040184,1788576116.180937052,-0.230750883,0.354037154,-0.536442957,0.422597062,0.682905061,4.143518925,-2.932666779,-0.885494769
115.638823936,1788576116.225047588,1788576116.220936298,-0.234166929,0.352826784,-0.514418881,0.423462974,0.666293986,4.155900955,-2.940331697,-0.910921276
115.668823936,1788576116.255147219,1788576116.250936270,-0.232303711,0.371331171,-0.516600822,0.438008965,0.677294812,4.165953159,-2.946902514,-0.929759800
115.698823936,1788576116.288139582,1788576116.280936241,-0.229775370,0.367641732,-0.503849333,0.433540268,0.664696407,4.175965786,-2.953937054,-0.948214412
115.738823168,1788576116.326035500,1788576116.320935488,-0.227409404,0.380330156,-0.486288273,0.443132107,0.657907553,4.189290524,-2.963923693,-0.971985996
115.768823168,1788576116.357238293,1788576116.350935459,-0.229273007,0.378628245,-0.472402674,0.442634680,0.647371413,4.199970245,-2.972156286,-0.989264011
115.798823168,1788576116.389024734,1788576116.380935431,-0.222520369,0.382597896,-0.455144557,0.442601925,0.634864578,4.210901260,-2.980870247,-1.005987167
115.828822400,1788576116.422242641,1788576116.410934687,-0.218559207,0.405047058,-0.446248880,0.460251286,0.641068880,4.221656322,-2.990118980,-1.022200704
115.868822400,1788576116.457278252,1788576116.450934887,-0.225552857,0.423912140,-0.423663856,0.480182875,0.640364472,4.237235546,-3.003735781,-1.042903423
115.898822400,1788576116.489063501,1788576116.480934620,-0.229590208,0.414193922,-0.407298501,0.473569709,0.624628159,4.249313831,-3.014750242,-1.057790518
115.938819840,1788576116.524132252,1788576116.520932198,-0.228860607,0.437076274,-0.366574984,0.493368875,0.614646294,4.265391827,-3.030252218,-1.076430082
115.968819840,1788576116.555260420,1788576116.550931931,-0.230982727,0.440377945,-0.351865908,0.497278347,0.609175978,4.278727055,-3.042790413,-1.089062572
115.998819840,1788576116.590794325,1788576116.580932140,-0.223384057,0.459178595,-0.292528551,0.510632372,0.588488209,4.291891575,-3.055867195,-1.100505710
116.028819072,1788576116.622087002,1788576116.610931158,-0.223021563,0.414771080,-0.195533570,0.470928515,0.509908857,4.304600239,-3.069078207,-1.109284878
116.068819072,1788576116.657272577,1788576116.650931120,-0.249941088,0.376908566,-0.115782155,0.452250610,0.466836290,4.323508263,-3.087007999,-1.116196156
116.098819072,1788576116.689041615,1788576116.680931330,-0.250877786,0.389478269,-0.078652624,0.463284994,0.469914057,4.337769985,-3.099819660,-1.119636536
116.128818304,1788576116.722072363,1788576116.710930347,-0.253310804,0.355228391,-0.047816210,0.436295282,0.438907693,4.351746082,-3.112282753,-1.121760607
116.168818304,1788576116.757407904,1788576116.750930548,-0.258640602,0.339573309,-0.043543427,0.426854768,0.429069951,4.370938301,-3.128616095,-1.123079538
116.198818304,1788576116.791145802,1788576116.780930519,-0.263448317,0.363209166,-0.034389098,0.448693564,0.450009471,4.385840416,-3.140958786,-1.123583317
116.238817280,1788576116.824051380,1788576116.820929527,-0.270381630,0.354272199,-0.051316594,0.445662447,0.448607188,4.405535221,-3.157419205,-1.124407887
116.268817280,1788576116.855154991,1788576116.850929737,-0.268219057,0.336739642,-0.053594028,0.430505574,0.433828733,4.420859814,-3.170060396,-1.124651670
116.298817280,1788576116.890432596,1788576116.880929470,-0.273302009,0.340259095,-0.077628431,0.436428964,0.443279160,4.436351299,-3.182645321,-1.124805808
116.338816512,1788576116.925379515,1788576116.920928717,-0.269156005,0.335536441,-0.069018199,0.430150739,0.435652580,4.456539154,-3.199194908,-1.125435233
116.368816512,1788576116.956188440,1788576116.950928926,-0.272324832,0.319234486,-0.095642799,0.419608712,0.430370789,4.471984386,-3.211998701,-1.125747800
116.398816512,1788576116.988126278,1788576116.980928659,-0.270026066,0.323496771,-0.090936641,0.421383717,0.431084342,4.487417698,-3.224872589,-1.125911355
116.438815744,1788576117.024044991,1788576117.020927906,-0.263998093,0.308973573,-0.088680899,0.406398403,0.415961493,4.507433414,-3.241521835,-1.126327395
116.468815744,1788576117.055200338,1788576117.050928116,-0.268304659,0.298223683,-0.111026315,0.401154279,0.416235027,4.522453308,-3.254131794,-1.126408458
116.498815744,1788576117.090674639,1788576117.080928087,-0.270567183,0.280076515,-0.091597960,0.389421950,0.400049549,4.537343979,-3.266637325,-1.126080275
116.538814976,1788576117.124189854,1788576117.120927334,-0.273021954,0.264066600,-0.075217418,0.379831748,0.387207718,4.556823730,-3.282576084,-1.125095487
116.568814976,1788576117.155418634,1788576117.150927305,-0.273639693,0.245488104,-0.090602748,0.367618132,0.378618474,4.571176052,-3.294595242,-1.123687744
116.598814976,1788576117.190726995,1788576117.180927277,-0.272059956,0.231581435,-0.063941400,0.357276616,0.362953280,4.585181236,-3.306483507,-1.121634126
116.638814208,1788576117.224047422,1788576117.220926523,-0.264965058,0.207187478,-0.045800495,0.336352691,0.339456651,4.603345394,-3.321532011,-1.118708253
116.668814208,1788576117.255222559,1788576117.250926495,-0.264545203,0.208836188,-0.038557385,0.337041122,0.339239428,4.616467953,-3.333051443,-1.116018534
116.698814208,1788576117.290366650,1788576117.280926466,-0.260169306,0.190350859,-0.044576051,0.322368605,0.325435925,4.629219532,-3.344523668,-1.113327503
116.728813440,1788576117.322191000,1788576117.310925722,-0.258611109,0.184736965,-0.046140957,0.317816696,0.321148626,4.641605377,-3.355482340,-1.110945344
116.768813440,1788576117.357272148,1788576117.350925922,-0.256484255,0.167790906,-0.054364366,0.306493004,0.311277120,4.657189846,-3.370138407,-1.107344389
116.798813440,1788576117.389075279,1788576117.380925655,-0.251715988,0.146474714,-0.049157192,0.291231489,0.295350994,4.668184280,-3.381151199,-1.104308605
116.838810624,1788576117.424508095,1788576117.420922995,-0.247596487,0.136398377,-0.044975502,0.282680983,0.286236500,4.682337761,-3.395092487,-1.100277185
116.868810624,1788576117.455128431,1788576117.450922966,-0.242107482,0.152560716,-0.041365227,0.286165695,0.289139909,4.691920757,-3.405845642,-1.096743345
116.898810624,1788576117.490286350,1788576117.480922937,-0.239541671,0.120004868,-0.033109585,0.267920474,0.269958562,4.700902939,-3.416393518,-1.093084574
116.928809600,1788576117.522024632,1788576117.510921717,-0.231431928,0.095051865,-0.022954981,0.250191115,0.251241966,4.709588528,-3.426397800,-1.089473248
116.968809600,1788576117.557200670,1788576117.550921679,-0.226229194,0.108933756,-0.038656994,0.251090046,0.254048370,4.719188690,-3.440877676,-1.084108591
116.998809600,1788576117.589111567,1788576117.580921888,-0.218931707,0.073560260,-0.029652883,0.230959313,0.232855100,4.726062298,-3.451055050,-1.080287099
117.038808576,1788576117.624695778,1788576117.620920897,-0.212855553,0.059391127,-0.009388390,0.220985956,0.221185295,4.734393120,-3.464137793,-1.074850917
117.068808576,1788576117.656186342,1788576117.650920868,-0.202734209,0.081514305,-0.000217747,0.218507989,0.218508097,4.739267349,-3.474447727,-1.070095658
117.098808576,1788576117.688008308,1788576117.680920839,-0.196736373,0.031324147,0.003877758,0.199214464,0.199252201,4.743924618,-3.484081745,-1.065441728
117.138807808,1788576117.724757671,1788576117.720920086,-0.186363064,0.029793678,0.001935647,0.188729582,0.188739508,4.749750137,-3.495932341,-1.059420347
117.168807808,1788576117.756250143,1788576117.750920296,-0.180708979,0.038370404,-0.004784037,0.184737714,0.184799648,4.752701759,-3.505124807,-1.054777384
117.198807808,1788576117.787985325,1788576117.780920029,-0.171215962,0.006579684,-0.006743171,0.171342342,0.171474979,4.754890919,-3.514202833,-1.050163269
117.238807040,1788576117.824194908,1788576117.820919275,-0.162487793,0.006433808,-0.000640914,0.162615118,0.162616381,4.757501602,-3.525370121,-1.044278979
117.268807040,1788576117.856024981,1788576117.850919485,-0.154923650,-0.009990251,0.005543865,0.155245427,0.155344382,4.757530689,-3.534533024,-1.039478898
117.298807040,1788576117.888168097,1788576117.880919218,-0.146669951,-0.008620263,0.007686593,0.146923053,0.147123986,4.757467270,-3.543149233,-1.034882545
117.338804224,1788576117.924142122,1788576117.920916557,-0.137998727,-0.016917099,0.019284231,0.139031784,0.140362810,4.757239819,-3.553619623,-1.028708935
117.368804224,1788576117.955960274,1788576117.950916529,-0.134141181,-0.046612138,0.018998117,0.142008972,0.143274130,4.755906105,-3.561553001,-1.023965478
117.398804224,1788576117.987990379,1788576117.980916500,-0.123861622,-0.043528570,0.026615233,0.131287615,0.133958234,4.753938198,-3.569371223,-1.019340515
117.438803456,1788576118.024234533,1788576118.020915747,-0.116513853,-0.052732695,0.010981495,0.127891419,0.128362020,4.751314640,-3.578684568,-1.013560176
117.468803456,1788576118.056017399,1788576118.050915956,-0.104037703,-0.074698198,-0.055453789,0.128076791,0.139566426,4.748173237,-3.585908890,-1.010316610
117.498803456,1788576118.090301991,1788576118.080915689,-0.143862430,-0.186384241,0.099364750,0.235447412,0.255555938,4.744875908,-3.591918468,-1.008119702
117.538802688,1788576118.125210285,1788576118.120914936,-0.157882587,-0.181337845,0.035253774,0.240437779,0.243008547,4.742688179,-3.596011877,-1.000174284
117.568802688,1788576118.156239033,1788576118.150915146,-0.136692821,-0.264965682,-0.082239544,0.298147178,0.309281559,4.740414619,-3.599438906,-0.999365270
117.598802688,1788576118.187965631,1788576118.180914879,-0.071655334,-0.252004897,0.164206234,0.261994189,0.309200003,4.736403465,-3.600919008,-0.994375110
117.638801920,1788576118.224246740,1788576118.220914125,-0.147385522,-0.342606051,0.093706515,0.372962999,0.384554690,4.732458115,-3.602245808,-0.987095118
117.668801920,1788576118.254977942,1788576118.250914335,-0.156121800,-0.344543270,-0.015611508,0.378264565,0.378586583,4.729952335,-3.602430820,-0.983406961
117.698801920,1788576118.290661097,1788576118.280914068,-0.176869260,-0.294526334,0.059189511,0.343552757,0.348614249,4.727083206,-3.602180719,-0.981074274
117.738799360,1788576118.324538231,1788576118.320911646,-0.183739143,-0.302596593,0.157451630,0.354012388,0.387447786,4.725057602,-3.601505995,-0.974368632
117.768799360,1788576118.356107235,1788576118.350911379,-0.154110476,-0.249722282,0.001830209,0.293447197,0.293452904,4.722712994,-3.602976561,-0.969736040
117.798799360,1788576118.387958050,1788576118.380911589,-0.113615086,-0.285482066,0.005521358,0.307259496,0.307309101,4.719486713,-3.604396820,-0.967255175
117.838796800,1788576118.424093962,1788576118.420909166,-0.092869752,-0.362998970,0.029825601,0.374690597,0.375875790,4.714195251,-3.604388237,-0.962864637
117.868796800,1788576118.456094980,1788576118.450909138,-0.088774039,-0.359548931,0.030203659,0.370346140,0.371575732,4.709327698,-3.603112459,-0.959034026
117.898796800,1788576118.488112688,1788576118.480909109,-0.094305549,-0.332985567,0.054158596,0.346082251,0.350294273,4.705159187,-3.602061272,-0.955024958
117.938796032,1788576118.524075747,1788576118.520908356,-0.084295507,-0.284401912,0.028452393,0.296631388,0.297992817,4.699218750,-3.602192879,-0.950057745
117.968796032,1788576118.555221558,1788576118.550908327,-0.070865174,-0.305825514,0.068231605,0.313928523,0.321257949,4.694083691,-3.603520870,-0.945425391
117.998796032,1788576118.591089964,1788576118.580908298,-0.056589877,-0.284205079,0.143948305,0.289784301,0.323567699,4.689267159,-3.604747772,-0.940444887
118.038795520,1788576118.623827219,1788576118.620907784,-0.103825859,-0.258225791,0.014374695,0.278317028,0.278687998,4.682598114,-3.605978727,-0.936761320
118.068795520,1788576118.655380964,1788576118.650907755,-0.103349650,-0.219837573,0.148975905,0.242919141,0.284962329,4.679017067,-3.608758450,-0.932232380
118.098795520,1788576118.690354586,1788576118.680907726,-0.099600757,-0.265325279,0.045478547,0.283403977,0.287029811,4.675795555,-3.611161709,-0.926801026
118.128793216,1788576118.722059250,1788576118.710905313,-0.068500951,-0.297087670,0.121590272,0.304882706,0.328234152,4.672310352,-3.612849951,-0.922589242
118.168793216,1788576118.757319689,1788576118.750905275,-0.059291014,-0.239163957,-0.016206613,0.246403780,0.246936180,4.666685104,-3.617194414,-0.917801440
118.198793216,1788576118.788993120,1788576118.780905485,-0.037481341,-0.248507680,0.118670927,0.251318360,0.277927521,4.661376476,-3.620051622,-0.914234757
118.238792704,1788576118.823641062,1788576118.820904970,-0.045429283,-0.282572426,0.045287866,0.286200971,0.289761948,4.655461311,-3.622488737,-0.908171773
118.268792704,1788576118.855134964,1788576118.850905180,-0.038947174,-0.250662139,0.106949170,0.253669845,0.275293508,4.650081635,-3.625802040,-0.904120028
118.298792704,1788576118.890702963,1788576118.880904913,-0.023702997,-0.278612692,0.078364285,0.279619141,0.290392537,4.644938946,-3.628697872,-0.900001109
118.338792192,1788576118.923413992,1788576118.920904398,-0.032060609,-0.251996501,0.136730784,0.254027792,0.288488173,4.638186932,-3.632019997,-0.894406915
118.368792192,1788576118.955116034,1788576118.950904369,-0.029680350,-0.192731224,0.093396563,0.195003200,0.216215554,4.633651257,-3.635930300,-0.889669657
118.398792192,1788576118.990469933,1788576118.980904341,-0.050868678,-0.182880246,0.073740220,0.189823093,0.203642890,4.629133224,-3.639374733,-0.886216819
118.438789888,1788576119.024010658,1788576119.020902157,-0.046195581,-0.166623115,0.120286895,0.172908340,0.210632930,4.624576569,-3.644603252,-0.880931616
118.468789888,1788576119.056179285,1788576119.050902128,-0.015528785,-0.165189290,0.090528462,0.165917584,0.189008062,4.620058537,-3.650872231,-0.877230763
118.508789888,1788576119.094716311,1788576119.090902090,-0.007744355,-0.146115832,0.045738208,0.146320919,0.153302952,4.613582611,-3.660022259,-0.872455478
118.528789120,1788576119.122056484,1788576119.110901356,0.008414277,-0.204099891,0.085342419,0.204273262,0.221384042,4.610160828,-3.663588762,-0.870850027
118.568789120,1788576119.156447411,1788576119.150901318,-0.023026385,-0.197409078,0.129737584,0.198747474,0.237344474,4.603743076,-3.668686628,-0.866348684
118.598789120,1788576119.189267874,1788576119.180901289,0.000200514,-0.208413692,0.100194677,0.208413789,0.231247228,4.599587440,-3.671838284,-0.862693548
118.628786304,1788576119.222011566,1788576119.210898399,0.009899924,-0.149818811,0.101746333,0.150145544,0.181372547,4.594845772,-3.677136898,-0.860006928
118.668786304,1788576119.255141258,1788576119.250898361,0.016298969,-0.177826051,0.094132354,0.178571445,0.201862976,4.588010311,-3.685999393,-0.856731057
118.698786304,1788576119.289513826,1788576119.280898571,0.014166892,-0.165517348,0.102174257,0.166122525,0.195028901,4.582992554,-3.692559719,-0.854413331
118.738783488,1788576119.325191259,1788576119.320895672,0.024663370,-0.144431817,0.102133202,0.146522461,0.178605774,4.576565266,-3.700868368,-0.851387978
118.768783488,1788576119.355149269,1788576119.350895643,0.034971947,-0.130808250,0.090827462,0.135402494,0.163044360,4.571465969,-3.708235502,-0.849627912
118.802783488,1788576119.389264584,1788576119.384895802,0.034928083,-0.132513991,0.090273603,0.137039880,0.164101347,4.566383839,-3.715726614,-0.848005116
118.828782720,1788576119.423172951,1788576119.410894871,0.039493020,-0.117477565,0.092736503,0.123938198,0.154792558,4.561451912,-3.722779989,-0.846394598
118.868782720,1788576119.456055880,1788576119.450894833,0.048349964,-0.099624251,0.084782719,0.110737123,0.139466196,4.554936409,-3.733340502,-0.844731987
118.898782720,1788576119.488248110,1788576119.480895042,0.051282406,-0.095427050,0.084364277,0.108333776,0.137308187,4.550087929,-3.741839170,-0.843815506
118.928778368,1788576119.522019386,1788576119.510890484,0.054518548,-0.083416412,0.084082620,0.099652245,0.130385800,4.545360565,-3.749991417,-0.842927992
118.968778368,1788576119.555042267,1788576119.550890446,0.060471862,-0.060720439,0.078578226,0.085696078,0.116268463,4.539235592,-3.762015343,-0.842305303
118.998778368,1788576119.589468956,1788576119.580890656,0.061824128,-0.050894017,0.075551187,0.080077611,0.110092714,4.534823895,-3.771777391,-0.842271745
119.028775552,1788576119.622189999,1788576119.610887766,0.065551955,-0.037557730,0.072193643,0.075548937,0.104496718,4.530515671,-3.781327724,-0.842297256
119.068775552,1788576119.655369759,1788576119.650887728,0.070513645,-0.012833416,0.064731947,0.071671966,0.096576890,4.524968147,-3.795240164,-0.843017876
119.098775552,1788576119.689253092,1788576119.680887699,0.071191619,0.000970019,0.060109090,0.071198227,0.093178808,4.521008492,-3.806512356,-0.844097614
119.128775040,1788576119.722722054,1788576119.710887432,0.074126560,0.017978538,0.054499141,0.076275649,0.093745032,4.517185211,-3.817719460,-0.845276594
119.168775040,1788576119.757582664,1788576119.750887394,0.078085419,0.045418661,0.045028759,0.090333755,0.100934516,4.512467861,-3.833855391,-0.847645283
119.198775040,1788576119.787964821,1788576119.780887365,0.077570642,0.059408955,0.038322785,0.097706849,0.104953629,4.509285450,-3.846826792,-0.850047171
119.238774528,1788576119.823559999,1788576119.820886850,0.078425700,0.086279707,0.029296420,0.116596647,0.120220873,4.505298615,-3.864234924,-0.853500843
119.268774528,1788576119.855026007,1788576119.850886583,0.079493590,0.109214738,0.019299877,0.135081790,0.136453564,4.502715588,-3.878343582,-0.856940269
119.298774528,1788576119.889378071,1788576119.880886793,0.078160099,0.126005417,0.010050420,0.148278003,0.148618226,4.500418186,-3.893007994,-0.860920906
119.328771456,1788576119.921997547,1788576119.910883904,0.077562856,0.148278114,-0.000235366,0.167339164,0.167339330,4.498294353,-3.907807589,-0.865125597
119.368771456,1788576119.955221415,1788576119.950883865,0.076559378,0.176068670,-0.014193702,0.191993529,0.192517470,4.495926380,-3.928303480,-0.871663809
119.398771456,1788576119.989207745,1788576119.980883598,0.074873680,0.194897888,-0.024851127,0.208785188,0.210258967,4.494493484,-3.944185495,-0.877304673
119.438770944,1788576120.023512125,1788576120.020883083,0.073559519,0.220487687,-0.039244105,0.232434556,0.235724252,4.492835045,-3.965551376,-0.885208547
119.468770944,1788576120.054956913,1788576120.050883055,0.070847230,0.236845466,-0.050512777,0.247214693,0.252322503,4.492022038,-3.981689692,-0.891765118
119.498770944,1788576120.089271784,1788576120.080883265,0.068588234,0.254956580,-0.060906402,0.264021218,0.270955334,4.491495132,-3.997826815,-0.898719728
119.528770432,1788576120.122087479,1788576120.110882759,0.065882818,0.269201369,-0.071912790,0.277146031,0.286323894,4.491123676,-4.013988018,-0.905906141
119.568770432,1788576120.155280590,1788576120.150882721,0.062829578,0.287701012,-0.085828099,0.294481626,0.306734234,4.491056442,-4.035179615,-0.915813327
119.598770432,1788576120.190748453,1788576120.180882692,0.058507801,0.300039782,-0.093803358,0.305691075,0.319759446,4.491348267,-4.050686359,-0.923442781
119.628767360,1788576120.221961975,1788576120.210879564,0.056208343,0.310719667,-0.103354871,0.315762710,0.332247375,4.491781235,-4.066089630,-0.931203783
119.668767360,1788576120.256142855,1788576120.250879526,0.051387265,0.323377857,-0.113883008,0.327435321,0.346674529,4.492826462,-4.085777283,-0.941507816
119.698767360,1788576120.290303946,1788576120.280879498,0.047356995,0.329243720,-0.119793626,0.332632097,0.353545789,4.493978977,-4.099765778,-0.949138463
119.728771200,1788576120.322329760,1788576120.310883284,0.043608056,0.336008990,-0.126537375,0.338826953,0.361684132,4.495266914,-4.113542080,-0.956799448
119.768771200,1788576120.355066538,1788576120.350883245,0.038762206,0.341341707,-0.133325806,0.343535543,0.368500258,4.497175694,-4.130593777,-0.966651082
119.798771200,1788576120.389324188,1788576120.380883455,0.034896341,0.341637269,-0.136570807,0.343414877,0.369574571,4.498748779,-4.142257690,-0.973702788
119.828768128,1788576120.422062874,1788576120.410880566,0.031493193,0.343994678,-0.140986499,0.345433293,0.373096974,4.500403404,-4.153625011,-0.980702281
119.868768128,1788576120.454984665,1788576120.450880527,0.027150054,0.342993989,-0.144799432,0.344066857,0.373294626,4.502743244,-4.167304993,-0.989549577
119.898768128,1788576120.489342451,1788576120.480880499,0.023830132,0.340109539,-0.146602539,0.340943358,0.371126229,4.504579544,-4.176354885,-0.995780468
119.928765312,1788576120.521928310,1788576120.510877609,0.021272086,0.337619326,-0.148805047,0.338288799,0.369570363,4.506463051,-4.185073376,-1.001917362
119.968765312,1788576120.555194616,1788576120.550877810,0.017248427,0.331925960,-0.150661871,0.332373812,0.364926500,4.509058952,-4.194953918,-1.009690762
119.998765312,1788576120.589310646,1788576120.580877542,0.014182093,0.325322578,-0.152195810,0.325631558,0.359443286,4.511067390,-4.200963974,-1.015203595
120.028769408,1788576120.622029543,1788576120.610881567,0.011299066,0.319789309,-0.153229912,0.319988861,0.354784832,4.513095856,-4.206641197,-1.020630598
120.068769408,1788576120.655384064,1788576120.650881529,0.007768358,0.309762076,-0.154375447,0.309859470,0.346185889,4.515731812,-4.212515354,-1.027365327
120.098769408,1788576120.689372778,1788576120.680881739,0.005518902,0.300467735,-0.154750394,0.300518416,0.338022192,4.517649174,-4.215586662,-1.032018185
120.138768896,1788576120.723801136,1788576120.720881224,0.002811901,0.290218516,-0.155060782,0.290232138,0.329057047,4.520194530,-4.219227791,-1.038111925
120.168768896,1788576120.755018950,1788576120.750881195,0.000590584,0.280065590,-0.154947926,0.280066213,0.320071779,4.522043228,-4.220440388,-1.042152405
120.198768896,1788576120.789425611,1788576120.780881166,-0.001443362,0.269392206,-0.154394509,0.269396073,0.310502670,4.523857117,-4.220750809,-1.045880914
120.228765824,1788576120.821901560,1788576120.810878038,-0.003030907,0.259907008,-0.154015376,0.259924680,0.302128409,4.525654793,-4.220820904,-1.049549460
120.268765824,1788576120.856156349,1788576120.850878000,-0.005683025,0.245386125,-0.153182504,0.245451924,0.289329443,4.528066635,-4.219335556,-1.054004550
120.298765824,1788576120.890367508,1788576120.880877972,-0.007850498,0.233656116,-0.152505590,0.233787961,0.279132165,4.529891968,-4.217013359,-1.057008624
120.328762752,1788576120.922220230,1788576120.910875082,-0.009891654,0.223332718,-0.151322085,0.223551667,0.269951331,4.531706810,-4.214516163,-1.059984922
120.368762752,1788576120.955038548,1788576120.950875044,-0.012546955,0.207573268,-0.149686107,0.207952128,0.256222595,4.534135342,-4.209756374,-1.063396335
120.398762752,1788576120.989221334,1788576120.980875015,-0.014711117,0.195115254,-0.147976270,0.195669055,0.245322962,4.535965919,-4.205091953,-1.065523267
120.428758400,1788576121.021966696,1788576121.010870695,-0.016586746,0.184148865,-0.146692377,0.184894360,0.236018173,4.537791729,-4.200324059,-1.067635536
120.468758400,1788576121.055019379,1788576121.050870895,-0.019652441,0.168020652,-0.144227130,0.169166066,0.222302998,4.540308475,-4.192674160,-1.069884896
120.498758400,1788576121.089382172,1788576121.080870628,-0.021935541,0.155164140,-0.141616646,0.156706982,0.211216365,4.542262554,-4.185956955,-1.071114540
120.528762496,1788576121.121878862,1788576121.110874653,-0.023864390,0.144036271,-0.138913569,0.145999851,0.201526515,4.544216156,-4.179196835,-1.072345018
120.568762496,1788576121.155641556,1788576121.150874615,-0.026961024,0.127646830,-0.136594909,0.130463060,0.188888271,4.546906948,-4.169138432,-1.073598623
120.598762496,1788576121.189245701,1788576121.180874825,-0.029127575,0.115183961,-0.134108221,0.118809766,0.179166893,4.548995018,-4.160809517,-1.074239612
120.628766592,1788576121.222010612,1788576121.210879087,-0.031383739,0.104129464,-0.131828632,0.108756077,0.170899598,4.551085472,-4.152508736,-1.074899077
120.668766592,1788576121.255017042,1788576121.250879049,-0.034626702,0.089038192,-0.128845273,0.095534329,0.160399228,4.554033756,-4.140713215,-1.075410604
120.698766592,1788576121.289294958,1788576121.280878782,-0.037260534,0.077734314,-0.126636479,0.086203080,0.153191935,4.556371212,-4.131325722,-1.075521350
120.728765824,1788576121.321882963,1788576121.310878277,-0.039568205,0.067305498,-0.124751107,0.078074791,0.147168311,4.558725834,-4.122031212,-1.075678110
120.768765824,1788576121.355009556,1788576121.350878239,-0.042861521,0.053510693,-0.121341900,0.068560223,0.139371306,4.561924934,-4.109125614,-1.075453639
120.798765824,1788576121.389278173,1788576121.380877972,-0.045238781,0.043324622,-0.118817848,0.062638409,0.134317725,4.564373016,-4.099067688,-1.074961782
120.828762752,1788576121.421963453,1788576121.410874844,-0.047509556,0.033984444,-0.116297970,0.058413186,0.130143452,4.566836357,-4.089161396,-1.074531078
120.868762752,1788576121.455159187,1788576121.450874805,-0.050172458,0.021961327,-0.112535955,0.054768380,0.125155569,4.570095539,-4.075651169,-1.073576212
120.898762752,1788576121.489238024,1788576121.480875015,-0.052183483,0.012740182,-0.109854520,0.053716182,0.122284275,4.572514534,-4.065293789,-1.072564363
120.928761984,1788576121.522261620,1788576121.510874033,-0.054123177,0.004448598,-0.107176096,0.054305694,0.120149173,4.574942589,-4.055133820,-1.071628213
120.968761984,1788576121.554976702,1788576121.550873995,-0.056295663,-0.005974774,-0.103052724,0.056611832,0.117578754,4.578077793,-4.041499138,-1.069914937
120.998761984,1788576121.589261532,1788576121.580874205,-0.057646139,-0.013900756,-0.099977663,0.059298468,0.116240447,4.580340385,-4.031210423,-1.068264246
121.028758912,1788576121.621965647,1788576121.610871315,-0.058956817,-0.020977862,-0.096930460,0.062577767,0.115375435,4.582602501,-4.021146774,-1.066700339
121.068758912,1788576121.655228376,1788576121.650871277,-0.060445594,-0.030065492,-0.092429118,0.067510026,0.114458488,4.585572720,-4.007806778,-1.064244509
121.098758912,1788576121.689437866,1788576121.680871248,-0.061499437,-0.036495488,-0.089225556,0.071512945,0.114347283,4.587759495,-3.997865915,-1.062112927
121.138755840,1788576121.723483562,1788576121.720868111,-0.062823465,-0.044345517,-0.085157068,0.076898066,0.114739003,4.590668678,-3.984979630,-1.059434295
121.168755840,1788576121.755196571,1788576121.750868082,-0.063447325,-0.049464279,-0.081555057,0.080450469,0.114557868,4.592717171,-3.975563288,-1.057072520
121.198755840,1788576121.791064024,1788576121.780868053,-0.064143959,-0.054375542,-0.078000530,0.084090113,0.114696250,4.594697475,-3.966375589,-1.054571748
121.228759936,1788576121.821944237,1788576121.810872316,-0.057000414,-0.049444914,-0.068353585,0.075457582,0.101813846,4.594182491,-3.960928202,-1.049965262
121.268759936,1788576121.855033636,1788576121.850872278,-0.048294535,-0.043452143,-0.057703635,0.064964997,0.086891659,4.593294621,-3.954261541,-1.043762088
121.298759936,1788576121.889286995,1788576121.880872250,-0.042481865,-0.039300952,-0.050231720,0.057872910,0.076632234,4.592491150,-3.949700594,-1.039088368
121.328759168,1788576121.921890497,1788576121.910871506,-0.037204391,-0.035198510,-0.043921641,0.051216227,0.067470085,4.591548443,-3.945599318,-1.034447670
121.368759168,1788576121.954941273,1788576121.950871468,-0.030813019,-0.030547701,-0.036122876,0.043388987,0.056457652,4.590167999,-3.940683365,-1.028275609
121.398759168,1788576121.989382505,1788576121.980871439,-0.026568128,-0.027236695,-0.030854690,0.038048692,0.048986885,4.589048386,-3.937396049,-1.023683071
121.428758400,1788576122.021979570,1788576122.010870695,-0.022755997,-0.024126735,-0.026005512,0.033165264,0.042145242,4.587834835,-3.934493780,-1.019167900
121.468758400,1788576122.055124998,1788576122.050870895,-0.018369419,-0.021030355,-0.020460476,0.027923312,0.034617083,4.586143494,-3.931098700,-1.013288736
121.498758400,1788576122.089288712,1788576122.080870628,-0.015430854,-0.018699807,-0.017122753,0.024244465,0.029681353,4.584843636,-3.928867340,-1.009018421
121.528754048,1788576122.122138977,1788576122.110866547,-0.012986395,-0.016874603,-0.013839370,0.021293161,0.025395410,4.583515167,-3.926898718,-1.004880667
121.568754048,1788576122.156379938,1788576122.150866508,-0.010036124,-0.014224218,-0.010513587,0.017408393,0.020336855,4.581752777,-3.924619436,-0.999584913
121.598754048,1788576122.188286066,1788576122.180866241,-0.007866579,-0.012690862,-0.007626973,0.014931211,0.016766388,4.580450535,-3.923138380,-0.995788336
121.638753280,1788576122.223879099,1788576122.220865488,-0.005395081,-0.010616579,-0.005241424,0.011908763,0.013011194,4.578728676,-3.921444893,-0.990966022
121.668753280,1788576122.255107641,1788576122.250865698,-0.003828984,-0.009600088,-0.003454787,0.010335512,0.010897631,4.577471733,-3.920330048,-0.987534046
121.698753280,1788576122.290251255,1788576122.280865431,-0.002650356,-0.008666421,-0.002132428,0.009062628,0.009310128,4.576249599,-3.919341803,-0.984266698
121.728750208,1788576122.321892262,1788576122.310862303,-0.001327775,-0.007841302,-0.000612311,0.007952925,0.007976461,4.575058937,-3.918473482,-0.981148422
121.768750208,1788576122.355156898,1788576122.350862265,0.000191435,-0.006626699,0.001328972,0.006629464,0.006761358,4.573513508,-3.917500257,-0.977238059
121.798750208,1788576122.389229774,1788576122.380862474,0.001138614,-0.005802666,0.002085629,0.005913322,0.006270345,4.572390079,-3.916896343,-0.974484801
121.828747136,1788576122.421986580,1788576122.410859585,0.001833161,-0.005295675,0.003248100,0.005603985,0.006477253,4.571310043,-3.916374922,-0.971877456
121.868747136,1788576122.454986572,1788576122.450859547,0.002868698,-0.004175126,0.004501230,0.005065679,0.006776590,4.569916248,-3.915819645,-0.968633533
121.898747136,1788576122.489237070,1788576122.480859280,0.003388043,-0.003938502,0.004855733,0.005195251,0.007111172,4.568910122,-3.915493727,-0.966371298
121.928746368,1788576122.521857500,1788576122.510858774,0.003929931,-0.003277768,0.005288926,0.005117433,0.007359406,4.567953587,-3.915219307,-0.964246988
121.968746368,1788576122.554955721,1788576122.550858736,0.004634264,-0.002819040,0.006064774,0.005424333,0.008136637,4.566705227,-3.914948702,-0.961666346
121.998746368,1788576122.589455366,1788576122.580858707,0.005085036,-0.002333726,0.006307596,0.005594986,0.008431467,4.565788746,-3.914808989,-0.959903240
122.028743296,1788576122.622025251,1788576122.610855341,0.005579577,-0.001928628,0.007184643,0.005903498,0.009298945,4.564920902,-3.914704084,-0.958255589
122.068743296,1788576122.656374931,1788576122.650855541,0.005835801,-0.001634376,0.007516981,0.006060343,0.009655712,4.563773155,-3.914627075,-0.956279516
122.098743296,1788576122.690345287,1788576122.680855513,0.006064453,-0.001678560,0.008272535,0.006292468,0.010393748,4.562924862,-3.914615154,-0.954947293
122.128740224,1788576122.722294331,1788576122.710852623,0.006373082,-0.001072689,0.008649654,0.006462727,0.010797377,4.562128544,-3.914616585,-0.953702390
122.168740224,1788576122.756083250,1788576122.750852585,0.006452305,-0.001184252,0.008557874,0.006560084,0.010782945,4.561075211,-3.914690971,-0.952255845
122.198740224,1788576122.787996769,1788576122.780852556,0.006598218,-0.000692954,0.009061258,0.006634506,0.011230452,4.560293198,-3.914797306,-0.951322079
122.228739456,1788576122.821976900,1788576122.810851812,0.006644666,-0.000374040,0.008831609,0.006655185,0.011058427,4.559566498,-3.914912701,-0.950462580
122.268739456,1788576122.855022669,1788576122.850851774,0.006937546,-0.000133471,0.008803345,0.006938830,0.011209204,4.558599949,-3.915093184,-0.949513495
122.298739456,1788576122.889506102,1788576122.880851746,0.006996753,-0.000302447,0.009092136,0.007003286,0.011476626,4.557876587,-3.915236235,-0.948938072
122.328736384,1788576122.921828270,1788576122.910848618,0.007133406,-0.000152322,0.009356854,0.007135032,0.011766877,4.557207108,-3.915372610,-0.948411286
122.368736384,1788576122.955056906,1788576122.950848579,0.006977446,-0.000189967,0.009042752,0.006980032,0.011423318,4.556318760,-3.915577173,-0.947876096
122.398736384,1788576122.989305019,1788576122.980848551,0.006875760,0.000188791,0.009371327,0.006878351,0.011624693,4.555662632,-3.915750265,-0.947591066
122.428732032,1788576123.021949768,1788576123.010844231,0.006802799,0.000352714,0.009020220,0.006811937,0.011303400,4.555059433,-3.915918112,-0.947342813
122.468732032,1788576123.055058718,1788576123.050844193,0.006724874,0.000409504,0.009011925,0.006737330,0.011251951,4.554264545,-3.916142225,-0.947145283
122.498732032,1788576123.089331388,1788576123.080844402,0.006666131,0.000245725,0.008924936,0.006670658,0.011142359,4.553681850,-3.916297674,-0.947093010
122.528727680,1788576123.121840477,1788576123.110839844,0.006534009,0.000241132,0.008507378,0.006538457,0.010729721,4.553148270,-3.916445017,-0.947055340
122.568727680,1788576123.155278444,1788576123.150839806,0.006413330,0.000624001,0.008673799,0.006443616,0.010805322,4.552453995,-3.916644812,-0.947135746
122.598727680,1788576123.189543962,1788576123.180840015,0.006372207,0.000524174,0.008833806,0.006393729,0.010904857,4.551947117,-3.916794300,-0.947283685
122.628723328,1788576123.222031116,1788576123.210835457,0.006415624,0.000728990,0.008322689,0.006456908,0.010533699,4.551482201,-3.916943789,-0.947432339
122.668723328,1788576123.255145550,1788576123.250835419,0.006394283,0.000540537,0.008673322,0.006417089,0.010789140,4.550883293,-3.917126656,-0.947738826
122.698723328,1788576123.289480448,1788576123.280835629,0.006349425,0.000566508,0.008328297,0.006374647,0.010487929,4.550448418,-3.917244196,-0.948033988
122.728722560,1788576123.322240114,1788576123.310834646,0.006350629,0.000506319,0.008785504,0.006370781,0.010852278,4.550049782,-3.917352676,-0.948320150
122.768722560,1788576123.354967594,1788576123.350834608,0.006263519,0.000574525,0.008561947,0.006289813,0.010623968,4.549531937,-3.917486191,-0.948783994
122.798722560,1788576123.389361143,1788576123.380834818,0.006366660,0.000801365,0.008068096,0.006416896,0.010308769,4.549156666,-3.917580605,-0.949186444
122.828726656,1788576123.421941280,1788576123.410839081,0.006269418,0.001590339,0.007751908,0.006467982,0.010095884,4.548810005,-3.917679548,-0.949575603
122.868726656,1788576123.454975843,1788576123.450839043,0.005772011,0.009737251,0.010919838,0.011319460,0.015728097,4.548444748,-3.917905807,-0.950132310
122.898726656,1788576123.489463329,1788576123.480839014,0.013957433,0.014855757,0.014842206,0.020383902,0.025214966,4.548081398,-3.918558121,-0.950633168
122.928730752,1788576123.521881580,1788576123.510842800,0.021053605,-0.000033578,-0.003766252,0.021053632,0.021387848,4.547478676,-3.918871164,-0.951207161
122.968730752,1788576123.555217266,1788576123.550842762,0.008138812,-0.007821451,0.014168922,0.011287842,0.018115566,4.546862602,-3.918423176,-0.951786697
122.998730752,1788576123.589395046,1788576123.580842972,0.002897358,0.008268178,0.006382398,0.008761133,0.010839393,4.546726704,-3.918401241,-0.952295303
123.028734848,1788576123.622102976,1788576123.610847235,-0.001070542,0.021262983,0.008898764,0.021289916,0.023074846,4.546619415,-3.918935299,-0.952817023
123.068734848,1788576123.655179977,1788576123.650847197,0.010947785,-0.012630600,0.016484157,0.016714845,0.023475806,4.546559334,-3.919013977,-0.953274310
123.098734848,1788576123.689388990,1788576123.680847168,0.028755490,-0.008993424,0.005101489,0.030129054,0.030557897,4.545900822,-3.918614626,-0.953879654
123.128734080,1788576123.721913099,1788576123.710846424,0.017965865,0.015437454,0.025173801,0.023687282,0.034565989,4.545112133,-3.918817997,-0.954197526
123.168734080,1788576123.756284237,1788576123.750846386,0.031615416,0.011546874,0.036534527,0.033658057,0.049675311,4.544197083,-3.919320107,-0.954147935
123.198734080,1788576123.787918091,1788576123.780846357,0.041661426,0.007505390,0.091307091,0.042332084,0.100642884,4.543154716,-3.919636250,-0.953172088
123.228733312,1788576123.822034836,1788576123.810845613,0.052333688,-0.010712698,0.165688393,0.053418881,0.174086819,4.541769505,-3.919738531,-0.950174034
123.268733312,1788576123.855132103,1788576123.850845814,0.075154732,-0.037785463,0.275754958,0.084118814,0.288299795,4.539156914,-3.919290543,-0.942255557
123.298733312,1788576123.889366627,1788576123.880845547,0.098790044,-0.042453060,0.330633846,0.107525509,0.347678696,4.536372185,-3.918728113,-0.933934689
123.338732544,1788576123.923412800,1788576123.920844793,0.136312610,-0.051988357,0.366221466,0.145890085,0.394210704,4.531332970,-3.917822838,-0.920834839
123.368732544,1788576123.955007076,1788576123.950845003,0.166103939,-0.055337917,0.382288586,0.175079421,0.420472789,4.526504040,-3.917050123,-0.910350144
123.398732544,1788576123.989190102,1788576123.980844736,0.195984704,-0.058944746,0.369098951,0.204656999,0.422040902,4.520845413,-3.916174173,-0.899872780
123.438731776,1788576124.023399115,1788576124.020843983,0.230093261,-0.056254059,0.382131509,0.236870066,0.449590834,4.512168884,-3.914991617,-0.885864735
123.468731776,1788576124.054981709,1788576124.050844193,0.257343815,-0.058320158,0.397178306,0.263869437,0.476841364,4.504895210,-3.914024830,-0.874814451
123.498731776,1788576124.089368343,1788576124.080843925,0.276424775,-0.059807439,0.428240701,0.282820767,0.513203355,4.497153759,-3.912851572,-0.862918139
123.528728704,1788576124.121987581,1788576124.110840797,0.288823030,-0.067957873,0.457478636,0.296710322,0.545273984,4.489155769,-3.911363840,-0.850022495
123.568728704,1788576124.155434847,1788576124.150840759,0.304233098,-0.072267231,0.495815386,0.312698466,0.586185319,4.478212357,-3.908716679,-0.831290364
123.598728704,1788576124.189239979,1788576124.180840969,0.307499845,-0.071501606,0.526986072,0.315703396,0.614315029,4.469880581,-3.906284809,-0.816136658
123.628724608,1788576124.222264767,1788576124.210836887,0.309516789,-0.077073987,0.555714221,0.318968717,0.640749045,4.461492062,-3.903560400,-0.800153196
123.668724608,1788576124.255984783,1788576124.250837088,0.313033557,-0.089626495,0.606766519,0.325611604,0.688613480,4.450171947,-3.899327517,-0.777125120
123.698724608,1788576124.288248062,1788576124.280836821,0.320124630,-0.102731174,0.652255705,0.336204510,0.733805818,4.441494465,-3.895660162,-0.758370817
123.728723840,1788576124.322024107,1788576124.310836315,0.327078582,-0.116549788,0.696329699,0.347223634,0.778099802,4.432567596,-3.891659975,-0.738287270
123.768723840,1788576124.354943991,1788576124.350836277,0.340413626,-0.128216732,0.748437825,0.363759490,0.832153919,4.420302391,-3.885910988,-0.709317565
123.798723840,1788576124.389368057,1788576124.380836010,0.352436839,-0.136618982,0.776349732,0.377990042,0.863478650,4.410755157,-3.881386042,-0.686280429
123.828720768,1788576124.421960592,1788576124.410832882,0.363640695,-0.137614657,0.799316969,0.388808885,0.888864425,4.400840282,-3.876839638,-0.662483096
123.868720768,1788576124.455003738,1788576124.450832844,0.375187687,-0.142126255,0.830513729,0.401205275,0.922344148,4.387076855,-3.870659828,-0.629445434
123.898720768,1788576124.489251614,1788576124.480833054,0.381088367,-0.140738612,0.857122014,0.406245862,0.948521927,4.376331806,-3.865985394,-0.603661299
123.938720000,1788576124.523525715,1788576124.520832300,0.392147571,-0.136445733,0.889521257,0.415207364,0.981654329,4.361443520,-3.859928131,-0.568144798
123.968720000,1788576124.555089235,1788576124.550832033,0.400709809,-0.128564994,0.908947852,0.420829311,1.001640408,4.349780083,-3.855417967,-0.540530443
123.998720000,1788576124.589302301,1788576124.580832243,0.409313833,-0.117556043,0.927041337,0.425860584,1.020177866,4.337627888,-3.850970268,-0.512334347
124.028716928,1788576124.621864796,1788576124.610829353,0.420885797,-0.109171606,0.947948209,0.434814091,1.042913755,4.325009823,-3.846671820,-0.483698130
124.068716928,1788576124.655251741,1788576124.650829315,0.435768895,-0.098363356,0.993146146,0.446732448,1.088994558,4.307276249,-3.840905190,-0.444014937
124.098716928,1788576124.689358473,1788576124.680829287,0.444419305,-0.083187851,1.028398426,0.452137963,1.123402002,4.293241978,-3.836518764,-0.412907124
124.128713856,1788576124.721886635,1788576124.710825920,0.460413487,-0.075139970,1.058900887,0.466504656,1.157107464,4.278625965,-3.832210064,-0.380959153
124.168713856,1788576124.757696867,1788576124.750825882,0.484463302,-0.062621166,1.083273429,0.488493707,1.188321263,4.258108616,-3.826301098,-0.336898834
124.198713856,1788576124.788294077,1788576124.780826092,0.509630076,-0.049061310,1.083538351,0.511986158,1.198409439,4.241982937,-3.821730375,-0.303201795
124.228713344,1788576124.822013617,1788576124.810825825,0.530045120,-0.038389443,1.080739458,0.531433513,1.204333573,4.225377560,-3.817202330,-0.269558340
124.268713344,1788576124.855039597,1788576124.850825787,0.567584502,-0.019735585,1.061749088,0.567927513,1.204098329,4.202497482,-3.810919046,-0.224372938
124.298713344,1788576124.889312744,1788576124.880825520,0.598572096,0.002308664,1.028878271,0.598576548,1.190329526,4.184943199,-3.805970192,-0.190580219
124.328712832,1788576124.922144175,1788576124.910825014,0.608989013,0.012813050,0.999354153,0.609123790,1.170359139,4.167326927,-3.801081896,-0.157552674
124.368712832,1788576124.955017328,1788576124.950824976,0.633927192,0.032271563,0.942087788,0.634748091,1.135972948,4.143682480,-3.794323444,-0.114312291
124.398712832,1788576124.989270210,1788576124.980825186,0.641075017,0.047511866,0.891048654,0.642833225,1.098727564,4.125891209,-3.788957596,-0.082792476
124.428709760,1788576125.022244453,1788576125.010822058,0.637195661,0.052614082,0.835223742,0.639364178,1.051848493,4.108280659,-3.783503532,-0.052791677
124.468709760,1788576125.055153131,1788576125.050822258,0.634472832,0.064416088,0.749497678,0.637734433,0.984099577,4.084753990,-3.775901794,-0.015136838
124.498709760,1788576125.089156151,1788576125.080821991,0.624827288,0.075175742,0.681188340,0.629333403,0.927403950,4.067084789,-3.769866705,0.011094050
124.538709248,1788576125.123426914,1788576125.120821476,0.617856904,0.071078952,0.590373349,0.621931967,0.857519716,4.043732166,-3.761573553,0.042714693
124.568709248,1788576125.155286551,1788576125.150821447,0.614265945,0.073226673,0.512791166,0.618615225,0.803517005,4.025990486,-3.755022287,0.064005807
124.598709248,1788576125.189195156,1788576125.180821419,0.608376221,0.074005228,0.439737909,0.612860832,0.754299561,4.008130074,-3.748067856,0.082935758
124.628706176,1788576125.222151756,1788576125.210818529,0.607618155,0.067641066,0.366062047,0.611371520,0.712584422,3.990356684,-3.740774632,0.099494971
124.668706176,1788576125.254978657,1788576125.250818491,0.614451515,0.060693140,0.265447702,0.617441756,0.672083927,3.966264963,-3.730646372,0.117891967
124.698706176,1788576125.290251493,1788576125.280818462,0.619567125,0.054465688,0.198887895,0.621956537,0.652982640,3.947887659,-3.722626925,0.129095212
124.728703104,1788576125.321919441,1788576125.310815334,0.625618572,0.046303483,0.144710651,0.627329746,0.643804149,3.929501534,-3.714191437,0.138359681
124.768703104,1788576125.355215549,1788576125.350815296,0.636691490,0.033908489,0.096579209,0.637593788,0.644866949,3.904459715,-3.702524185,0.148253396
124.798703104,1788576125.389316797,1788576125.380815268,0.646928369,0.026069460,0.078632694,0.647453420,0.652210880,3.885279417,-3.693396807,0.154440463
124.828699264,1788576125.422106266,1788576125.410811424,0.663979005,0.022765051,0.070458405,0.664369149,0.668094869,3.865952492,-3.683830261,0.160077527
124.868699264,1788576125.454921007,1788576125.450811386,0.692274103,0.026492125,0.070911014,0.692780821,0.696400487,3.839068651,-3.670784712,0.166586399
124.898699264,1788576125.489211321,1788576125.480811596,0.711854560,0.038117027,0.085219730,0.712874338,0.717950015,3.817948341,-3.660856009,0.171058089
124.928698752,1788576125.522274494,1788576125.510811090,0.731661875,0.051420249,0.095237189,0.733466524,0.739623731,3.796316862,-3.650819778,0.175630912
124.968698752,1788576125.555036306,1788576125.550811052,0.760117943,0.074651751,0.120769078,0.763774948,0.773264082,3.765983343,-3.637502193,0.181614727
124.998698752,1788576125.589372396,1788576125.580811024,0.780542360,0.093709280,0.138132607,0.786147445,0.798190718,3.742096663,-3.627554655,0.186121970
125.028695936,1788576125.622111320,1788576125.610808372,0.795509636,0.111021226,0.144690777,0.803219331,0.816147484,3.717678547,-3.617551327,0.190749586
125.068695936,1788576125.655315399,1788576125.650808334,0.814004440,0.137612889,0.144463401,0.825554683,0.838099164,3.683848858,-3.604573727,0.196406960
125.098695936,1788576125.689203024,1788576125.680808306,0.828528137,0.154604917,0.134749107,0.842829493,0.853533172,3.657472849,-3.595226765,0.200133771
125.138695424,1788576125.723457813,1788576125.720807791,0.845246274,0.173673044,0.131766752,0.862904160,0.872906677,3.621646643,-3.583015919,0.204999045
125.168695424,1788576125.754989624,1788576125.750807524,0.859780185,0.183644325,0.114882684,0.879174161,0.886648316,3.593812704,-3.574191093,0.208136335
125.198695424,1788576125.789212227,1788576125.780807734,0.869595734,0.192138715,0.097322978,0.890569496,0.895871525,3.565439224,-3.565511227,0.210905403
125.228691328,1788576125.821849585,1788576125.810803652,0.872940062,0.200296882,0.085356355,0.895624471,0.899682666,3.536983490,-3.556872368,0.213564783
125.268691328,1788576125.855011940,1788576125.850803614,0.872655325,0.212353124,0.058437922,0.898120908,0.900020086,3.498660326,-3.545732260,0.216256008
125.298691328,1788576125.889329672,1788576125.880803585,0.866052896,0.227887349,0.045407042,0.895533507,0.896683926,3.469756126,-3.537673712,0.217649266
125.328688512,1788576125.921871185,1788576125.910800934,0.856966070,0.242079130,0.029391773,0.890501629,0.890986547,3.441053152,-3.529814243,0.218779996
125.368688512,1788576125.955951214,1788576125.950800896,0.844292614,0.268083072,0.019501445,0.885832124,0.886046759,3.402822018,-3.520026207,0.219460994
125.398688512,1788576125.990469217,1788576125.980800867,0.835068266,0.292263606,0.017579372,0.884735567,0.884910198,3.374180317,-3.513119459,0.219623089
125.428684416,1788576126.022146225,1788576126.010796547,0.828747892,0.307021663,0.018168281,0.883790342,0.883977067,3.345718384,-3.506214857,0.219812319
125.468684416,1788576126.054958820,1788576126.050796509,0.817086160,0.322813066,0.023095429,0.878543151,0.878846669,3.308212519,-3.497153759,0.219939202
125.498684416,1788576126.089188099,1788576126.080796719,0.807465618,0.331745844,0.033467527,0.872958206,0.873599510,3.280587912,-3.490231514,0.219941914
125.528681600,1788576126.121966124,1788576126.110793829,0.804678360,0.324387215,0.049744233,0.867602632,0.869027512,3.253476858,-3.482789993,0.220384166
125.568681600,1788576126.155193329,1788576126.150793791,0.800442449,0.325705020,0.065967405,0.864171207,0.866685395,3.218284130,-3.472644091,0.221347660
125.598681600,1788576126.189419985,1788576126.180793762,0.793673117,0.335682885,0.064267359,0.861742430,0.864135585,3.192378759,-3.464913845,0.221968383
125.628678784,1788576126.222001076,1788576126.210790873,0.788557539,0.340415771,0.063583066,0.858898067,0.861248336,3.166783810,-3.456921577,0.222573653
125.668678784,1788576126.255147219,1788576126.250790834,0.773421257,0.346937799,0.064386945,0.847671090,0.850112907,3.133545160,-3.446518660,0.223240897
125.698678784,1788576126.289292336,1788576126.280791044,0.759863650,0.350515291,0.056858060,0.836811649,0.838741065,3.109426498,-3.438933134,0.223648012
125.728678528,1788576126.322669983,1788576126.310790539,0.753375674,0.346251573,0.043906826,0.829135126,0.830296855,3.085726500,-3.431215525,0.223880991
125.768678528,1788576126.355907917,1788576126.350790739,0.744360512,0.341035347,0.024934426,0.818765949,0.819145534,3.055310488,-3.420926809,0.223456725
125.798678528,1788576126.388211727,1788576126.380790710,0.730967613,0.345815471,-0.001156979,0.808642066,0.808642894,3.033372641,-3.413325071,0.222441182
125.838678016,1788576126.423399210,1788576126.420790195,0.716750757,0.355188539,-0.025643777,0.799931588,0.800342520,3.004390478,-3.403381109,0.220369011
125.868678016,1788576126.454928875,1788576126.450790405,0.701290787,0.367211485,-0.050872534,0.791614200,0.793247160,2.983597279,-3.396404743,0.217902303
125.898678016,1788576126.489266634,1788576126.480790377,0.692005745,0.377293865,-0.066602387,0.788176764,0.790985771,2.963301182,-3.389623642,0.214794815
125.928673920,1788576126.521869898,1788576126.510786057,0.692190470,0.387565475,-0.081990435,0.793306148,0.797531865,2.942938566,-3.382762909,0.211361498
125.968673920,1788576126.555954695,1788576126.550786018,0.691428923,0.405986765,-0.094074959,0.801809958,0.807309920,2.916440725,-3.373612881,0.205712005
125.998673920,1788576126.590715170,1788576126.580786228,0.689208479,0.425568059,-0.097505568,0.810010185,0.815857730,2.897020340,-3.366725683,0.200983658
126.028673152,1788576126.622287512,1788576126.610785246,0.688211069,0.449301277,-0.093198801,0.821891788,0.827159071,2.877205133,-3.359771729,0.196317852
126.068673152,1788576126.655316830,1788576126.650785208,0.681188763,0.483274045,-0.074000178,0.835207719,0.838479552,2.851019382,-3.350620985,0.190181121
126.098673152,1788576126.689207792,1788576126.680785418,0.669308118,0.502155533,-0.053234783,0.836739825,0.838431558,2.831702232,-3.343940973,0.185994506
126.128672896,1788576126.722254515,1788576126.710784912,0.663009883,0.512353428,-0.025962494,0.837907000,0.838309126,2.812227726,-3.337362766,0.182680458
126.168672896,1788576126.754929781,1788576126.750785112,0.660700072,0.522864516,0.009461642,0.842562690,0.842615814,2.786893845,-3.328475475,0.179439798
126.198672896,1788576126.787932873,1788576126.780785084,0.657196817,0.525639848,0.015852167,0.841549111,0.841698400,2.768389940,-3.321689844,0.177656218
126.238672384,1788576126.823785305,1788576126.820784569,0.650433681,0.532040232,0.030291580,0.840315882,0.840861678,2.743486166,-3.312788010,0.176164374
126.268672384,1788576126.857602835,1788576126.850784779,0.649630511,0.522181033,0.020112291,0.833482353,0.833724977,2.725615025,-3.305983543,0.175065964
126.298672384,1788576126.890366554,1788576126.880784750,0.652907285,0.508019323,0.012032475,0.827267524,0.827355025,2.708268404,-3.299010515,0.173937365
126.328675968,1788576126.922351599,1788576126.910788059,0.653692785,0.494241276,-0.001433982,0.819505153,0.819506408,2.690955639,-3.291905165,0.172901347
126.368675968,1788576126.954928398,1788576126.950788021,0.648497797,0.473096933,-0.031591335,0.802726666,0.803348065,2.668889999,-3.282048702,0.170710444
126.398675968,1788576126.989303350,1788576126.980788231,0.641737911,0.456707978,-0.052674623,0.787660919,0.789420255,2.653158665,-3.274477720,0.168441072
126.428680064,1788576127.021941662,1788576127.010792494,0.629377466,0.443389404,-0.074608138,0.769876716,0.773483376,2.637579679,-3.267018795,0.165898204
126.468680064,1788576127.054916620,1788576127.050792456,0.613075954,0.427424695,-0.108111940,0.747364700,0.755143818,2.617908478,-3.257011890,0.161428452
126.498680064,1788576127.089459181,1788576127.080792427,0.601303666,0.419371783,-0.131975652,0.733102170,0.744886813,2.603925228,-3.249419212,0.157240793
126.528675968,1788576127.121967793,1788576127.110788107,0.584778565,0.423881559,-0.156471147,0.722247566,0.739002548,2.589846134,-3.242021561,0.152557850
126.568675968,1788576127.155348063,1788576127.150788069,0.554450808,0.441504774,-0.181809951,0.708761006,0.731708291,2.571474791,-3.232734919,0.145109668
126.598675968,1788576127.189306736,1788576127.180788279,0.527900081,0.461321746,-0.189512014,0.701067935,0.726230716,2.557979584,-3.226151466,0.138831496
126.628671872,1788576127.222245693,1788576127.210784197,0.506500735,0.473061194,-0.190593617,0.693058358,0.718787740,2.544257879,-3.220026493,0.132466063
126.668671872,1788576127.254948854,1788576127.250784159,0.480377777,0.490269510,-0.170921579,0.686386918,0.707347996,2.526459932,-3.212240696,0.123950131
126.698671872,1788576127.289285660,1788576127.280784130,0.467150903,0.505839308,-0.150111534,0.688551648,0.704724659,2.513434887,-3.206453800,0.117873654
126.728675968,1788576127.322151661,1788576127.310788155,0.464088058,0.514878816,-0.131243474,0.693165147,0.705480524,2.500078201,-3.200634003,0.112427995
126.768675968,1788576127.354928732,1788576127.350788116,0.453421951,0.528875683,-0.104491008,0.696635453,0.704428368,2.482287884,-3.192599535,0.105818249
126.798675968,1788576127.389340401,1788576127.380788326,0.443664870,0.536792378,-0.083470833,0.696408338,0.701392867,2.469030380,-3.186365128,0.101367183
126.828680320,1788576127.421915054,1788576127.410792351,0.442458911,0.536310538,-0.074152878,0.695268927,0.699212078,2.455577374,-3.180029392,0.097505145
126.868680320,1788576127.455046177,1788576127.450792551,0.442667082,0.533971721,-0.078532943,0.693599268,0.698031065,2.437729120,-3.171130180,0.092419535
126.898680320,1788576127.489296436,1788576127.480792522,0.444106511,0.532766741,-0.089680992,0.693592815,0.699366623,2.424372673,-3.164107084,0.088424221
126.938679808,1788576127.523424625,1788576127.520792007,0.446308667,0.528690119,-0.111735814,0.691884866,0.700849171,2.406103849,-3.154580116,0.082760073
126.968679808,1788576127.554972887,1788576127.550792217,0.441844124,0.524489778,-0.135083685,0.685795711,0.698973075,2.392431498,-3.147106409,0.077893920
126.998679808,1788576127.589311600,1788576127.580791950,0.438371871,0.521084678,-0.158264353,0.680954579,0.699104244,2.378699064,-3.139559984,0.072520033
127.028675712,1788576127.621924639,1788576127.610787868,0.437417047,0.515729253,-0.186616795,0.676247244,0.701524172,2.364708185,-3.132057190,0.066608265
127.068675712,1788576127.655311584,1788576127.650787830,0.439097496,0.501784937,-0.220499783,0.666779375,0.702292595,2.345935345,-3.121742249,0.057594657
127.098675712,1788576127.689197063,1788576127.680788040,0.448555391,0.487331735,-0.240716524,0.662339912,0.704725907,2.331865072,-3.113609314,0.050248355
127.128672896,1788576127.722050190,1788576127.710784912,0.462819144,0.477204312,-0.263861085,0.664774786,0.715225970,2.317575216,-3.105170727,0.042451993
127.168672896,1788576127.755071640,1788576127.750785112,0.490767229,0.463666406,-0.275052591,0.675158506,0.729035621,2.298199892,-3.093079567,0.031409130
127.198672896,1788576127.789313793,1788576127.780785084,0.509047926,0.451624828,-0.280930195,0.680510673,0.736217733,2.283436298,-3.083373547,0.022998063
127.228668800,1788576127.822352648,1788576127.810781240,0.525094518,0.448445021,-0.267159495,0.690526748,0.740406230,2.268342733,-3.073351860,0.014868084
127.268668800,1788576127.854939938,1788576127.850781202,0.547667692,0.437465761,-0.241395927,0.700939507,0.741342152,2.247934580,-3.059325695,0.004842963
127.298668800,1788576127.889232397,1788576127.880781174,0.567357738,0.430871736,-0.222122831,0.712422104,0.746246479,2.232450724,-3.048274040,-0.001887398
127.328668288,1788576127.922156096,1788576127.910780430,0.579638068,0.429454348,-0.198326154,0.721395403,0.748160805,2.216677189,-3.036875486,-0.007799720
