elapsed_s,bag_time_s,header_time_s,vx_mps,vy_mps,vz_mps,horizontal_speed_mps,speed_3d_mps,position_x_m,position_y_m,position_z_m
0.000000000,1788577162.998948574,1788577162.955229759,0.000125552,-0.000215491,-0.000024853,0.000249399,0.000250634,1.541272163,-4.099713326,-0.033983365
0.039999232,1788577162.999229193,1788577162.995229006,0.000232809,0.000013991,-0.000547874,0.000233230,0.000595451,1.541303635,-4.099736691,-0.033963542
0.069999232,1788577163.031174183,1788577163.025228739,0.000233544,0.000186332,-0.000210658,0.000298768,0.000365567,1.541323543,-4.099755764,-0.033953577
0.109999232,1788577163.067502022,1788577163.065228701,0.000337449,0.000020234,-0.000227026,0.000338055,0.000407212,1.541357160,-4.099788666,-0.033934906
0.139998976,1788577163.098515749,1788577163.095228672,0.000164669,0.000328129,-0.000540571,0.000367130,0.000653453,1.541379452,-4.099818230,-0.033921279
0.169998976,1788577163.132804632,1788577163.125228643,0.000177145,0.000408604,-0.000089827,0.000445351,0.000454320,1.541401982,-4.099847794,-0.033913054
0.199998976,1788577163.165794611,1788577163.155228615,0.000101441,0.000184683,-0.000361966,0.000210708,0.000418828,1.541433215,-4.099879265,-0.033902656
0.239998208,1788577163.199118137,1788577163.195227861,0.000175133,0.000232256,-0.000388161,0.000290885,0.000485060,1.541470051,-4.099917889,-0.033894423
0.269998208,1788577163.233581066,1788577163.225227833,0.000073208,0.000126497,0.000052654,0.000146153,0.000155349,1.541495919,-4.099943161,-0.033891033
0.299998208,1788577163.265638590,1788577163.255227804,-0.000104364,0.000180916,-0.000200360,0.000208860,0.000289425,1.541534424,-4.099969864,-0.033878319
0.339997440,1788577163.298609972,1788577163.295227051,0.000084995,0.000040999,0.000099656,0.000094366,0.000137245,1.541581750,-4.100001812,-0.033866264
0.369997440,1788577163.332669497,1788577163.325227022,-0.000016822,0.000168720,-0.000008027,0.000169556,0.000169746,1.541612506,-4.100018978,-0.033861008
0.409997440,1788577163.367420912,1788577163.365226984,-0.000168642,0.000199135,-0.000079558,0.000260950,0.000272809,1.541667104,-4.100044727,-0.033836957
0.439996672,1788577163.398591042,1788577163.395226479,-0.000145523,0.000035970,0.000516925,0.000149903,0.000538222,1.541707993,-4.100059032,-0.033824570
0.469996672,1788577163.433653355,1788577163.425226212,-0.000252525,0.000084390,-0.000067173,0.000266253,0.000274596,1.541748047,-4.100071430,-0.033811010
0.499996672,1788577163.465832710,1788577163.455226421,-0.000336811,-0.000158850,0.000020861,0.000372390,0.000372974,1.541797280,-4.100080967,-0.033786181
0.539996160,1788577163.499125481,1788577163.495225906,-0.000276535,0.000022177,0.000428207,0.000277423,0.000510221,1.541859388,-4.100088596,-0.033755127
0.569996160,1788577163.533593178,1788577163.525225639,-0.000208217,-0.000406088,-0.000215893,0.000456358,0.000504849,1.541898847,-4.100089550,-0.033732593
0.599996160,1788577163.565849543,1788577163.555225849,-0.000280376,-0.000155105,-0.000079083,0.000320419,0.000330034,1.541944265,-4.100092888,-0.033705533
0.639995648,1788577163.599157095,1788577163.595225334,-0.000160240,-0.000205392,0.000270196,0.000260505,0.000375325,1.542002320,-4.100096703,-0.033674650
0.669995648,1788577163.631141901,1788577163.625225306,-0.000118069,-0.000033409,-0.000200068,0.000122705,0.000234699,1.542038321,-4.100101471,-0.033647008
0.709995648,1788577163.667449236,1788577163.665225267,-0.000318377,-0.000155891,0.000445504,0.000354494,0.000569333,1.542098045,-4.100109100,-0.033611093
0.739995136,1788577163.699234486,1788577163.695224762,-0.000365452,-0.000207690,0.000057542,0.000420345,0.000424266,1.542145729,-4.100114822,-0.033586342
0.769995136,1788577163.733579636,1788577163.725224733,-0.000206421,-0.000165246,-0.000140270,0.000264416,0.000299319,1.542185545,-4.100118637,-0.033564098
0.799995136,1788577163.765839815,1788577163.755224943,-0.000337212,-0.000243432,-0.000023044,0.000415898,0.000416536,1.542235374,-4.100121021,-0.033551689
0.839994624,1788577163.799177170,1788577163.795224428,-0.000335227,-0.000036212,-0.000481776,0.000337177,0.000588045,1.542302012,-4.100124359,-0.033542715
0.869994624,1788577163.833689928,1788577163.825224161,-0.000223111,-0.000361143,-0.000096615,0.000424503,0.000435359,1.542342544,-4.100125313,-0.033537727
0.899994624,1788577163.865912437,1788577163.855224371,-0.000105344,0.000074999,0.000080313,0.000129315,0.000152225,1.542391419,-4.100125790,-0.033539046
0.939994624,1788577163.898632288,1788577163.895224333,-0.000211951,-0.000292887,-0.000255458,0.000361533,0.000442679,1.542453527,-4.100123882,-0.033542119
0.969994624,1788577163.932744026,1788577163.925224304,-0.000155537,-0.000353130,0.000118332,0.000385866,0.000403603,1.542493939,-4.100121498,-0.033546045
0.999994624,1788577163.965796709,1788577163.955224276,-0.000178791,-0.000011665,0.000067230,0.000179171,0.000191369,1.542537928,-4.100118637,-0.033558182
1.039994112,1788577163.999279022,1788577163.995223761,-0.000255687,-0.000139755,-0.000176832,0.000291389,0.000340848,1.542594433,-4.100114822,-0.033573784
1.069994112,1788577164.033584118,1788577164.025223732,-0.000092917,-0.000299764,0.000377165,0.000313835,0.000490659,1.542630911,-4.100110054,-0.033588935
1.099994112,1788577164.065808296,1788577164.055223703,-0.000211421,-0.000244168,0.000284155,0.000322982,0.000430187,1.542671680,-4.100100040,-0.033607710
1.139993600,1788577164.099146843,1788577164.095223188,-0.000147709,-0.000414778,0.000412683,0.000440294,0.000603462,1.542725682,-4.100088120,-0.033627771
1.169993600,1788577164.133623838,1788577164.125223160,0.000065271,-0.000351919,0.000267533,0.000357921,0.000446857,1.542757988,-4.100079536,-0.033646740
1.199993600,1788577164.166798592,1788577164.155223370,-0.000102717,-0.000464573,0.000068846,0.000475792,0.000480748,1.542790055,-4.100068569,-0.033670202
1.239993600,1788577164.198478937,1788577164.195223331,-0.000130727,-0.000338347,0.000499974,0.000362723,0.000617691,1.542834044,-4.100056648,-0.033693999
1.269993600,1788577164.233777523,1788577164.225223064,-0.000123153,-0.000623107,0.000239152,0.000635160,0.000678692,1.542864680,-4.100045681,-0.033712734
1.299993600,1788577164.265793085,1788577164.255223274,-0.000005511,-0.000735979,0.000003750,0.000736000,0.000736009,1.542892098,-4.100031853,-0.033740744
1.339992832,1788577164.299434185,1788577164.295222521,0.000022527,-0.000638272,0.000518802,0.000638670,0.000822833,1.542925239,-4.100012779,-0.033777151
1.369992832,1788577164.333650112,1788577164.325222492,-0.000058976,-0.000645172,-0.000542117,0.000647862,0.000844758,1.542948127,-4.099997997,-0.033814345
1.399992832,1788577164.365812540,1788577164.355222464,-0.000110906,-0.000582473,-0.000342346,0.000592938,0.000684672,1.542972684,-4.099981308,-0.033859495
1.439992320,1788577164.399336815,1788577164.395221949,-0.000182365,-0.000472905,-0.000419915,0.000506849,0.000658198,1.543007851,-4.099963188,-0.033915810
1.469992320,1788577164.433621407,1788577164.425221920,0.000038249,-0.000521016,-0.000597237,0.000522418,0.000793482,1.543030024,-4.099951744,-0.033961967
1.509992320,1788577164.467501879,1788577164.465221882,-0.000019951,-0.000434918,-0.000160349,0.000435375,0.000463964,1.543059349,-4.099936485,-0.034027286
1.539991808,1788577164.498607874,1788577164.495221615,-0.000168352,-0.000431590,-0.000395263,0.000463263,0.000608971,1.543084025,-4.099922657,-0.034075886
1.569991808,1788577164.533608198,1788577164.525221348,0.000004090,-0.000387430,-0.000866462,0.000387451,0.000949144,1.543105960,-4.099908829,-0.034126647
1.599991808,1788577164.565814495,1788577164.555221558,0.000051582,-0.000346995,-0.000386746,0.000350808,0.000522148,1.543127894,-4.099897861,-0.034188159
1.639991296,1788577164.599163294,1788577164.595221043,-0.000157980,-0.000378808,-0.000787247,0.000410431,0.000887813,1.543159008,-4.099886417,-0.034260295
1.669991296,1788577164.633710384,1788577164.625220776,-0.000005288,-0.000445413,-0.000564261,0.000445444,0.000718896,1.543179631,-4.099875927,-0.034307562
1.699991296,1788577164.666797161,1788577164.655220985,0.000130429,-0.000385715,-0.000162391,0.000407170,0.000438359,1.543199182,-4.099869728,-0.034362867
1.739991296,1788577164.698482037,1788577164.695220947,-0.000029307,-0.000309008,-0.000604775,0.000310395,0.000679778,1.543223977,-4.099861145,-0.034428168
1.769991296,1788577164.732445717,1788577164.725220919,0.000186648,-0.000629639,-0.000099737,0.000656721,0.000664251,1.543239474,-4.099852085,-0.034468446
1.809991296,1788577164.768389702,1788577164.765220881,0.000121496,-0.000621480,-0.000747669,0.000633245,0.000979800,1.543257236,-4.099840164,-0.034529071
1.839992064,1788577164.798648596,1788577164.795221806,0.000053378,-0.000826036,-0.000114845,0.000827759,0.000835688,1.543270111,-4.099828243,-0.034565873
1.869992064,1788577164.833624840,1788577164.825221539,0.000273060,-0.000766334,0.000116923,0.000813529,0.000821888,1.543281078,-4.099815369,-0.034602597
1.899992064,1788577164.865894794,1788577164.855221748,0.000315402,-0.001004794,-0.000125384,0.001053133,0.001060570,1.543289542,-4.099804401,-0.034641534
1.939991552,1788577164.899096251,1788577164.895221233,0.000071661,-0.000839278,0.000012691,0.000842332,0.000842428,1.543302536,-4.099786758,-0.034684502
1.969991552,1788577164.933705330,1788577164.925221205,0.000094357,-0.001039518,0.000400152,0.001043792,0.001117865,1.543313742,-4.099769592,-0.034714431
2.009991552,1788577164.967765331,1788577164.965221167,0.000126455,-0.000914524,0.000029936,0.000923225,0.000923710,1.543324351,-4.099752903,-0.034747127
2.039991296,1788577164.998605013,1788577164.995220900,-0.000080732,-0.000798588,0.000242808,0.000802658,0.000838580,1.543335795,-4.099742889,-0.034769055
2.069991296,1788577165.032733202,1788577165.025220871,-0.000070485,-0.000935813,0.000035929,0.000938464,0.000939152,1.543351054,-4.099734306,-0.034792773
2.099991296,1788577165.065842867,1788577165.055221081,0.000127559,-0.000917312,-0.000444423,0.000926139,0.001027251,1.543359756,-4.099728584,-0.034812361
2.139990784,1788577165.099328756,1788577165.095220566,-0.000033894,-0.000810373,0.000252143,0.000811081,0.000849369,1.543369293,-4.099721909,-0.034838453
2.169990784,1788577165.133694649,1788577165.125220299,-0.000115383,-0.000863034,-0.000313120,0.000870713,0.000925303,1.543381929,-4.099716663,-0.034859277
2.199990784,1788577165.165580511,1788577165.155220509,0.000101627,-0.000822021,-0.000711963,0.000828279,0.001092217,1.543383241,-4.099714756,-0.034876734
2.239990016,1788577165.199342251,1788577165.195219755,0.000004489,-0.000572089,-0.000441536,0.000572107,0.000722675,1.543380857,-4.099718094,-0.034905814
2.269990016,1788577165.233868837,1788577165.225219488,0.000041578,-0.000523346,-0.000713968,0.000524995,0.000886211,1.543381810,-4.099725723,-0.034929708
2.299990016,1788577165.266909838,1788577165.255219698,0.000169821,-0.000259292,-0.000951950,0.000309954,0.001001140,1.543371677,-4.099740505,-0.034941826
2.339989504,1788577165.298599958,1788577165.295219183,-0.000000586,-0.000433875,-0.000564647,0.000433875,0.000712091,1.543358445,-4.099759579,-0.034963142
2.369989504,1788577165.333775759,1788577165.325219154,-0.000085586,-0.000163553,-0.000971282,0.000184593,0.000988668,1.543353438,-4.099775791,-0.034976576
2.399989504,1788577165.366759062,1788577165.355219126,-0.000021796,-0.000110239,-0.000758492,0.000112373,0.000766771,1.543342590,-4.099795341,-0.034980789
2.439988736,1788577165.398561239,1788577165.395218372,0.000023084,-0.000010756,-0.001005716,0.000025467,0.001006038,1.543323278,-4.099823475,-0.034993980
2.469988736,1788577165.433913946,1788577165.425218344,-0.000045153,-0.000134451,-0.000852467,0.000141830,0.000864185,1.543311357,-4.099846840,-0.034995250
2.499988736,1788577165.466947079,1788577165.455218315,-0.000145393,0.000176925,-0.000603370,0.000229001,0.000645365,1.543299556,-4.099870682,-0.034991279
2.539988480,1788577165.498721361,1788577165.495218277,-0.000253690,-0.000163510,-0.000685638,0.000301818,0.000749128,1.543285489,-4.099898815,-0.034986161
2.569988480,1788577165.531187296,1788577165.525218010,-0.000385790,0.000308190,-0.000611863,0.000493777,0.000786251,1.543282628,-4.099922657,-0.034980156
2.599988480,1788577165.566413879,1788577165.555218220,-0.000235656,0.000223987,-0.000284069,0.000325122,0.000431740,1.543273687,-4.099943161,-0.034964677
2.639987968,1788577165.598645926,1788577165.595217705,-0.000194449,0.000229705,-0.000432836,0.000300956,0.000527183,1.543259621,-4.099975109,-0.034937996
2.669987968,1788577165.632440567,1788577165.625217438,-0.000307862,0.000345684,0.000018806,0.000462901,0.000463282,1.543251991,-4.099997044,-0.034917891
2.709987968,1788577165.667458296,1788577165.665217638,-0.000230746,0.000297507,-0.000290173,0.000376502,0.000475346,1.543236256,-4.100025177,-0.034886163
2.739987200,1788577165.700125933,1788577165.695216894,-0.000287403,0.000374013,0.000065403,0.000471684,0.000476197,1.543224216,-4.100046635,-0.034863226
2.769987200,1788577165.733599186,1788577165.725216866,-0.000297939,0.000359750,0.000121836,0.000467106,0.000482734,1.543217421,-4.100068092,-0.034839842
2.799987200,1788577165.766916275,1788577165.755216837,-0.000387607,0.000418834,-0.000102634,0.000570667,0.000579823,1.543209314,-4.100089073,-0.034814913
2.839986944,1788577165.799440622,1788577165.795216560,-0.000257946,0.000338693,0.000053217,0.000425733,0.000429046,1.543196082,-4.100117207,-0.034779772
2.869986944,1788577165.833587408,1788577165.825216532,-0.000392574,0.000577846,0.000126764,0.000698584,0.000709992,1.543190598,-4.100137711,-0.034757260
2.899986944,1788577165.866241932,1788577165.855216742,-0.000480494,0.000596387,-0.000042163,0.000765867,0.000767026,1.543184400,-4.100164413,-0.034734212
2.939986944,1788577165.898502588,1788577165.895216703,-0.000596650,0.000625033,-0.000061454,0.000864094,0.000866276,1.543179989,-4.100199699,-0.034705877
2.969986944,1788577165.932404041,1788577165.925216436,-0.000607312,0.000585282,-0.000145907,0.000843435,0.000855962,1.543179154,-4.100223064,-0.034689590
2.999986944,1788577165.965760708,1788577165.955216646,-0.000621446,0.000416381,-0.000646000,0.000748043,0.000988374,1.543175936,-4.100247383,-0.034673996
3.039986432,1788577165.999214649,1788577165.995216131,-0.000466926,0.000508471,0.000000699,0.000690335,0.000690336,1.543169975,-4.100281239,-0.034654777
3.069986432,1788577166.033581972,1788577166.025216103,-0.000592946,0.000407846,-0.000261577,0.000719668,0.000765732,1.543165803,-4.100300312,-0.034645047
3.099986432,1788577166.065785885,1788577166.055216074,-0.000682624,0.000382194,-0.000690934,0.000782335,0.001043761,1.543165445,-4.100320816,-0.034635410
3.139985664,1788577166.099095821,1788577166.095215321,-0.000511250,0.000472385,-0.000441682,0.000696078,0.000824383,1.543162584,-4.100345612,-0.034629047
3.169985664,1788577166.133631468,1788577166.125215292,-0.000605083,0.000414869,-0.000705057,0.000733650,0.001017520,1.543161750,-4.100363731,-0.034626752
3.199985664,1788577166.166775465,1788577166.155215263,-0.000629006,0.000414230,-0.000760250,0.000753150,0.001070147,1.543164730,-4.100382805,-0.034622621
3.239985408,1788577166.198513746,1788577166.195214987,-0.000517310,0.000507216,-0.000723495,0.000724484,0.001023876,1.543167233,-4.100406170,-0.034623433
3.269985408,1788577166.233697176,1788577166.225214958,-0.000487398,0.000530582,-0.000942959,0.000720467,0.001186695,1.543165445,-4.100422859,-0.034624871
3.299985408,1788577166.265799522,1788577166.255215168,-0.000399830,0.000684554,-0.000179757,0.000792766,0.000812890,1.543163896,-4.100441933,-0.034616113
3.339984640,1788577166.299205065,1788577166.295214415,-0.000321434,0.000551454,-0.000466406,0.000638296,0.000790542,1.543158174,-4.100466728,-0.034609150
3.369984640,1788577166.333513737,1788577166.325214148,-0.000327692,0.000600569,-0.000434484,0.000684153,0.000810458,1.543153644,-4.100483894,-0.034599479
3.399984640,1788577166.365814686,1788577166.355214357,-0.000328038,0.000719769,0.000035910,0.000790998,0.000791812,1.543146968,-4.100504398,-0.034582987
3.439983872,1788577166.399125576,1788577166.395213604,-0.000384001,0.000748223,-0.000056090,0.000841008,0.000842876,1.543141127,-4.100528717,-0.034560371
3.469983872,1788577166.433582306,1788577166.425213337,-0.000381970,0.000626557,0.000212196,0.000733808,0.000763872,1.543135047,-4.100543976,-0.034536682
3.499983872,1788577166.465906143,1788577166.455213547,-0.000320823,0.000441795,0.000246943,0.000545995,0.000599242,1.543121815,-4.100558758,-0.034500245
3.539983104,1788577166.499142170,1788577166.495212793,-0.000442088,0.000321301,-0.000039737,0.000546513,0.000547955,1.543109775,-4.100572109,-0.034455847
3.569983104,1788577166.533837795,1788577166.525212765,-0.000414812,0.000230895,0.000519257,0.000474743,0.000703569,1.543099642,-4.100577354,-0.034420833
3.599983104,1788577166.565835238,1788577166.555212736,-0.000288728,0.000456612,0.000505927,0.000540239,0.000740149,1.543086171,-4.100587368,-0.034382015
3.639982336,1788577166.599376202,1788577166.595211983,-0.000227177,0.000276317,0.000391728,0.000357715,0.000530482,1.543068290,-4.100596905,-0.034328770
3.669982336,1788577166.633578062,1788577166.625211954,-0.000356892,0.000333906,0.000454388,0.000488739,0.000667334,1.543054819,-4.100605011,-0.034296189
3.709982336,1788577166.666940928,1788577166.665211916,-0.000134700,0.000300113,0.000606657,0.000328956,0.000690105,1.543031216,-4.100617886,-0.034246013
3.739981824,1788577166.699158192,1788577166.695211411,-0.000110169,0.000175957,0.000441194,0.000207601,0.000487596,1.543011189,-4.100623608,-0.034213193
3.769981824,1788577166.733595371,1788577166.725211382,-0.000038670,0.000062438,0.000514173,0.000073443,0.000519392,1.542989254,-4.100626945,-0.034182724
3.799981824,1788577166.766777039,1788577166.755211592,-0.000312324,0.000155568,0.000036199,0.000348923,0.000350796,1.542969942,-4.100629330,-0.034153912
3.839981568,1788577166.798398495,1788577166.795211315,-0.000515925,-0.000197313,0.000477571,0.000552368,0.000730195,1.542955875,-4.100625992,-0.034116782
3.869981568,1788577166.832568407,1788577166.825211048,-0.000430982,0.000162583,0.000294273,0.000460629,0.000546603,1.542946815,-4.100621700,-0.034091026
3.909981568,1788577166.868431330,1788577166.865211248,-0.000340739,-0.000078119,0.000874248,0.000349580,0.000941549,1.542936921,-4.100614548,-0.034050763
3.939981568,1788577166.898588896,1788577166.895211220,-0.000444722,-0.000011517,0.000385810,0.000444871,0.000588863,1.542932391,-4.100609779,-0.034022205
3.969981568,1788577166.933592796,1788577166.925211191,-0.000365765,-0.000177259,0.000179260,0.000406454,0.000444229,1.542924404,-4.100602627,-0.033999167
3.999981568,1788577166.965739727,1788577166.955211163,-0.000313002,-0.000072824,0.000259597,0.000321362,0.000413115,1.542917013,-4.100594044,-0.033973925
4.039981056,1788577166.998648167,1788577166.995210648,-0.000500663,-0.000050888,0.000337353,0.000503242,0.000605855,1.542914391,-4.100584984,-0.033941664
4.069981056,1788577167.033592224,1788577167.025210619,-0.000360620,-0.000071904,0.000528454,0.000367719,0.000643801,1.542911530,-4.100578785,-0.033917490
4.099981056,1788577167.065844059,1788577167.055210829,-0.000347666,0.000179759,0.000559004,0.000391388,0.000682400,1.542903543,-4.100576878,-0.033887234
4.139980288,1788577167.099291086,1788577167.095210075,-0.000310206,-0.000016401,0.000393566,0.000310639,0.000501389,1.542894840,-4.100574970,-0.033851519
4.169980288,1788577167.133716106,1788577167.125209808,-0.000129974,0.000439413,0.000175800,0.000458233,0.000490798,1.542886376,-4.100578308,-0.033823401
4.199980288,1788577167.165619373,1788577167.155210018,0.000054934,0.000153361,0.001004078,0.000162903,0.001017207,1.542879224,-4.100586891,-0.033803102
4.239979520,1788577167.199237347,1788577167.195209265,0.000001179,0.000377008,0.000788686,0.000377010,0.000874164,1.542868018,-4.100601673,-0.033777781
4.269979520,1788577167.233619452,1788577167.225208998,0.000056193,0.000482262,0.000242485,0.000485524,0.000542709,1.542860150,-4.100615025,-0.033761531
4.299979520,1788577167.266800642,1788577167.255209208,0.000225330,0.000419663,0.000755083,0.000476330,0.000892772,1.542856336,-4.100632668,-0.033753507
4.339980288,1788577167.300136566,1788577167.295209885,0.000031768,0.000570332,0.000224239,0.000571216,0.000613653,1.542851567,-4.100655079,-0.033745699
4.369980288,1788577167.333613396,1788577167.325209856,0.000185532,0.000485933,0.000864166,0.000520147,0.001008631,1.542848468,-4.100673676,-0.033742566
4.399980288,1788577167.365959883,1788577167.355210066,0.000294466,0.000574897,0.000582151,0.000645923,0.000869550,1.542852283,-4.100697517,-0.033749696
4.439979520,1788577167.399106026,1788577167.395209312,0.000128067,0.000570491,0.000197237,0.000584689,0.000617061,1.542858481,-4.100728989,-0.033757873
4.469979520,1788577167.431218624,1788577167.425209045,0.000327950,0.000158030,0.000713241,0.000364040,0.000800773,1.542858839,-4.100746155,-0.033759777
4.509979520,1788577167.467349052,1788577167.465209007,0.000245861,0.000477920,0.000629240,0.000537452,0.000827525,1.542870760,-4.100778103,-0.033763833
4.539980032,1788577167.500113249,1788577167.495209694,0.000166064,0.000236380,0.000865979,0.000288882,0.000912892,1.542883158,-4.100793362,-0.033768971
4.569980032,1788577167.531194925,1788577167.525209665,0.000048331,0.000291510,0.000581072,0.000295490,0.000651888,1.542896628,-4.100806236,-0.033767447
4.609980032,1788577167.567893744,1788577167.565209627,0.000002321,0.000182315,0.000604066,0.000182330,0.000630983,1.542930484,-4.100829124,-0.033754520
4.639979776,1788577167.598716021,1788577167.595209360,-0.000000462,0.000357539,0.000742066,0.000357540,0.000823709,1.542954564,-4.100843906,-0.033740625
4.669979776,1788577167.632512331,1788577167.625209332,0.000015305,0.000489448,0.000841306,0.000489688,0.000973443,1.542979956,-4.100858212,-0.033731144
4.699979776,1788577167.666315794,1788577167.655209541,0.000032173,0.000132139,0.000276267,0.000135999,0.000307927,1.543015361,-4.100876331,-0.033710446
4.739979008,1788577167.699118853,1788577167.695208788,-0.000112137,0.000263683,0.000144784,0.000286537,0.000321038,1.543058515,-4.100901127,-0.033687901
4.769979008,1788577167.731146574,1788577167.725208521,-0.000053601,0.000074281,0.000314579,0.000091601,0.000327644,1.543091059,-4.100917339,-0.033672791
4.799979008,1788577167.765746832,1788577167.755208731,-0.000143814,0.000256908,0.000185725,0.000294421,0.000348106,1.543138266,-4.100937843,-0.033654328
4.839978240,1788577167.799338341,1788577167.795207977,-0.000241247,0.000210340,0.000333793,0.000320067,0.000462451,1.543199301,-4.100964069,-0.033632852
4.869978240,1788577167.833595753,1788577167.825207710,-0.000284370,0.000558414,0.000170650,0.000626652,0.000649473,1.543246627,-4.100988388,-0.033619046
4.899978240,1788577167.865623951,1788577167.855207920,-0.000399580,0.000499533,0.000187817,0.000639686,0.000666688,1.543307781,-4.101017475,-0.033598766
4.939977472,1788577167.899216652,1788577167.895207167,-0.000333832,0.000337740,0.000180371,0.000474881,0.000507982,1.543381333,-4.101049900,-0.033583812
4.969977472,1788577167.933394909,1788577167.925207138,-0.000374280,0.000515760,0.000097896,0.000637255,0.000644731,1.543433428,-4.101072311,-0.033565413
4.999977472,1788577167.965878010,1788577167.955207109,-0.000320294,0.000514439,0.000687422,0.000606000,0.000916398,1.543491125,-4.101095676,-0.033551514
5.039976704,1788577167.999715567,1788577167.995206356,-0.000350130,0.000561464,0.000447825,0.000661689,0.000798987,1.543561578,-4.101123333,-0.033542320
5.069976704,1788577168.031321287,1788577168.025206327,-0.000373175,0.000477352,0.000822150,0.000605908,0.001021301,1.543612242,-4.101142406,-0.033532672
5.109976704,1788577168.067380190,1788577168.065206289,-0.000433786,0.000691883,0.000318172,0.000816623,0.000876416,1.543683767,-4.101169586,-0.033530604
5.139975936,1788577168.099195242,1788577168.095205545,-0.000260424,0.000772440,-0.000045990,0.000815159,0.000816456,1.543727160,-4.101189613,-0.033539161
5.169975936,1788577168.133669853,1788577168.125205517,-0.000389763,0.000513322,0.000374778,0.000644527,0.000745569,1.543765426,-4.101206779,-0.033545960
5.199975936,1788577168.165835857,1788577168.155205727,-0.000410484,0.000779850,0.000794906,0.000881285,0.001186819,1.543811440,-4.101220131,-0.033569518
5.239975168,1788577168.199080229,1788577168.195204973,-0.000460920,0.000518323,0.000386629,0.000693618,0.000794096,1.543869138,-4.101229668,-0.033601187
5.269975168,1788577168.233642578,1788577168.225204706,-0.000427012,0.000595371,0.000229273,0.000732671,0.000767706,1.543907166,-4.101238728,-0.033622324
5.299975168,1788577168.265843868,1788577168.255204916,-0.000500565,0.000234306,0.000365612,0.000552688,0.000662674,1.543944716,-4.101238728,-0.033647858
5.339974400,1788577168.299118280,1788577168.295204163,-0.000413324,0.000306217,0.000141694,0.000514398,0.000533557,1.543989897,-4.101232052,-0.033688437
5.369974400,1788577168.333606243,1788577168.325203896,-0.000356074,0.000280483,0.000087276,0.000453276,0.000461602,1.544017434,-4.101223946,-0.033716492
5.399974400,1788577168.365727186,1788577168.355204105,-0.000539792,0.000120285,-0.000213786,0.000553032,0.000592915,1.544044614,-4.101211071,-0.033753268
5.439973632,1788577168.399177074,1788577168.395203352,-0.000356092,0.000096990,-0.000070593,0.000369064,0.000375755,1.544077277,-4.101191044,-0.033781279
5.469973632,1788577168.433497429,1788577168.425203085,-0.000332597,0.000070213,-0.000093283,0.000339928,0.000352495,1.544096708,-4.101174831,-0.033809032
5.499973632,1788577168.465751886,1788577168.455203295,-0.000452873,0.000013112,-0.000077820,0.000453063,0.000459698,1.544114709,-4.101153374,-0.033834569
5.539972864,1788577168.499090672,1788577168.495202541,-0.000356003,0.000055849,0.000203128,0.000360357,0.000413664,1.544137836,-4.101128578,-0.033860877
5.569972864,1788577168.532513857,1788577168.525202513,-0.000233670,-0.000253750,-0.000389879,0.000344950,0.000520573,1.544148445,-4.101108551,-0.033881973
5.599972864,1788577168.565480471,1788577168.555202484,-0.000204960,0.000003002,-0.000400792,0.000204982,0.000450169,1.544148564,-4.101088524,-0.033900943
5.639972096,1788577168.599143505,1788577168.595201731,-0.000207699,-0.000125604,-0.000219512,0.000242724,0.000327263,1.544149876,-4.101063251,-0.033926338
5.669972096,1788577168.631402016,1788577168.625201702,-0.000201323,-0.000162322,-0.000077246,0.000258610,0.000269900,1.544149518,-4.101044655,-0.033947177
5.709972096,1788577168.667333364,1788577168.665201664,-0.000229379,-0.000029440,0.000149786,0.000231260,0.000275530,1.544140697,-4.101015568,-0.033980738
5.739972608,1788577168.698457241,1788577168.695202351,-0.000306670,-0.000050663,-0.000520731,0.000310827,0.000606444,1.544137239,-4.100995541,-0.034000330
5.769972608,1788577168.733585835,1788577168.725202084,-0.000295541,-0.000008488,-0.000609285,0.000295663,0.000677233,1.544134855,-4.100976944,-0.034027964
5.799972608,1788577168.765731096,1788577168.755202293,-0.000251105,0.000090166,-0.000029701,0.000266803,0.000268451,1.544123411,-4.100957394,-0.034058154
5.839971840,1788577168.799118280,1788577168.795201540,-0.000401150,-0.000017421,-0.000447835,0.000401528,0.000601482,1.544115782,-4.100936890,-0.034099210
5.869971840,1788577168.833549023,1788577168.825201511,-0.000272508,0.000124678,-0.000742494,0.000299675,0.000800689,1.544110537,-4.100921631,-0.034136564
5.899971840,1788577168.865826130,1788577168.855201483,-0.000062957,0.000251973,0.000045378,0.000259719,0.000263653,1.544091105,-4.100909710,-0.034175180
5.939971584,1788577168.898488522,1788577168.895201206,-0.000531177,0.000009873,-0.000597143,0.000531269,0.000799266,1.544075251,-4.100896358,-0.034218907
5.969971584,1788577168.933587790,1788577168.925201178,-0.000333151,-0.000036227,-0.000222256,0.000335114,0.000402118,1.544065833,-4.100882053,-0.034248225
5.999971584,1788577168.966591120,1788577168.955201387,-0.000160949,0.000060125,0.000543086,0.000171812,0.000569615,1.544043541,-4.100874424,-0.034269676
6.039971072,1788577168.998575687,1788577168.995200872,-0.000555946,0.000147397,0.000441248,0.000575154,0.000724915,1.544022679,-4.100867748,-0.034290466
6.069971072,1788577169.033619881,1788577169.025200605,-0.000399709,0.000153689,0.000218161,0.000428238,0.000480606,1.544013023,-4.100861073,-0.034305751
6.099971072,1788577169.066853046,1788577169.055200815,-0.000346810,-0.000015306,0.000645667,0.000347147,0.000733074,1.543993115,-4.100860119,-0.034316614
6.139970304,1788577169.099097252,1788577169.095200062,-0.000846293,-0.000066966,0.000472996,0.000848938,0.000971814,1.543980360,-4.100858212,-0.034320209
6.169970304,1788577169.133691549,1788577169.125199795,-0.000477929,-0.000319792,0.000617184,0.000575050,0.000843564,1.543972850,-4.100852013,-0.034320582
6.209970304,1788577169.167684317,1788577169.165199757,-0.000539941,-0.000185074,0.000775653,0.000570779,0.000963030,1.543951511,-4.100855350,-0.034321792
6.239970048,1788577169.198578358,1788577169.195199728,-0.000818885,-0.000324647,0.000783613,0.000880891,0.001178990,1.543943644,-4.100852489,-0.034317777
6.269970048,1788577169.231112242,1788577169.225199699,-0.000622165,-0.000516301,0.000563171,0.000808490,0.000985301,1.543939352,-4.100849628,-0.034316760
6.309970048,1788577169.268664837,1788577169.265199661,-0.000608062,-0.000320532,0.000491293,0.000687371,0.000844895,1.543919086,-4.100855827,-0.034327481
6.339969280,1788577169.299207211,1788577169.295198917,-0.000776367,-0.000445057,0.000543646,0.000894886,0.001047078,1.543909073,-4.100857735,-0.034326985
6.369969280,1788577169.333595276,1788577169.325198889,-0.000734729,-0.000345995,0.000097928,0.000812120,0.000818003,1.543900490,-4.100860119,-0.034331061
6.399969280,1788577169.366876841,1788577169.355198860,-0.000347808,-0.000506398,0.000038097,0.000614337,0.000615517,1.543881536,-4.100873470,-0.034347869
6.439968256,1788577169.399362803,1788577169.395197868,-0.000642777,-0.000270726,0.000112601,0.000697463,0.000706494,1.543856978,-4.100891590,-0.034363311
6.469968256,1788577169.433633327,1788577169.425197840,-0.000522590,-0.000435930,0.000070534,0.000680540,0.000684186,1.543844104,-4.100903034,-0.034374215
6.499968256,1788577169.466762781,1788577169.455198050,-0.000321157,-0.000171174,0.000262346,0.000363926,0.000448629,1.543827772,-4.100927353,-0.034386277
6.539967488,1788577169.498448133,1788577169.495197296,-0.000759020,-0.000380643,-0.000054151,0.000849117,0.000850842,1.543808937,-4.100957870,-0.034394871
6.569967488,1788577169.533780813,1788577169.525197029,-0.000583432,-0.000204112,0.000095074,0.000618105,0.000625375,1.543802381,-4.100978851,-0.034406837
6.599967488,1788577169.566674232,1788577169.555197239,-0.000436913,-0.000099036,-0.000000798,0.000447997,0.000447997,1.543793559,-4.101011276,-0.034421418
6.639966976,1788577169.598598242,1788577169.595196724,-0.000796252,-0.000276420,0.000000166,0.000842867,0.000842867,1.543787360,-4.101052284,-0.034439508
6.669966976,1788577169.633559465,1788577169.625196457,-0.000708297,-0.000074803,-0.000006077,0.000712236,0.000712262,1.543789148,-4.101080418,-0.034456700
6.699966976,1788577169.665513039,1788577169.655196667,-0.000362542,-0.000206975,0.000176276,0.000417463,0.000453154,1.543791294,-4.101115704,-0.034473460
6.739966208,1788577169.699088573,1788577169.695195913,-0.000849527,-0.000184487,0.000273327,0.000869329,0.000911285,1.543797374,-4.101160526,-0.034491792
6.769966208,1788577169.733547449,1788577169.725195885,-0.000864303,-0.000004637,0.000094556,0.000864316,0.000869473,1.543810129,-4.101186275,-0.034507923
6.799966208,1788577169.765718699,1788577169.755195856,-0.000664321,-0.000157622,-0.000345813,0.000682764,0.000765346,1.543826342,-4.101217747,-0.034522980
6.839965440,1788577169.799128532,1788577169.795195103,-0.000890749,-0.000007037,0.000110262,0.000890777,0.000897575,1.543845534,-4.101260185,-0.034541756
6.869965440,1788577169.833681107,1788577169.825195074,-0.001006681,-0.000014195,-0.000039529,0.001006781,0.001007556,1.543869495,-4.101286411,-0.034556806
6.899965440,1788577169.865746260,1788577169.855195045,-0.000714079,-0.000050442,-0.000241275,0.000715858,0.000755425,1.543901205,-4.101314545,-0.034570493
6.939964672,1788577169.899297476,1788577169.895194292,-0.001137546,-0.000192579,-0.000279865,0.001153732,0.001187191,1.543941379,-4.101348400,-0.034582630
6.969964672,1788577169.933463335,1788577169.925194263,-0.001137890,-0.000241276,0.000031512,0.001163189,0.001163615,1.543978572,-4.101364613,-0.034598023
6.999964672,1788577169.965734243,1788577169.955194473,-0.000748401,-0.000118974,-0.000210355,0.000757798,0.000786452,1.544022679,-4.101388931,-0.034601998
7.039963904,1788577169.999228716,1788577169.995193481,-0.000886758,-0.000221189,0.000153053,0.000913928,0.000926655,1.544067979,-4.101422787,-0.034595720
7.069963904,1788577170.033595324,1788577170.025193453,-0.001112667,-0.000261771,0.000034996,0.001143045,0.001143580,1.544109344,-4.101442814,-0.034586906
7.099963904,1788577170.065811634,1788577170.055193663,-0.000886702,-0.000375405,-0.000111265,0.000962897,0.000969304,1.544165134,-4.101462364,-0.034575030
7.139963136,1788577170.099217653,1788577170.095192909,-0.000968840,-0.000188301,0.000519212,0.000986969,0.001115208,1.544229865,-4.101486683,-0.034557261
7.169963136,1788577170.133727551,1788577170.125192642,-0.001267142,-0.000494782,-0.000037521,0.001360315,0.001360833,1.544283390,-4.101500988,-0.034529418
7.199963136,1788577170.165696859,1788577170.155192852,-0.000959462,-0.000029167,0.000135476,0.000959905,0.000969418,1.544354796,-4.101518631,-0.034500901
7.239962368,1788577170.199681759,1788577170.195192099,-0.000940671,-0.000358940,0.000081383,0.001006826,0.001010110,1.544432878,-4.101541519,-0.034472838
7.269962368,1788577170.233493328,1788577170.225191832,-0.001270069,-0.000457826,0.000143634,0.001350067,0.001357686,1.544492960,-4.101556301,-0.034445018
7.299962368,1788577170.265731096,1788577170.255192041,-0.001026915,-0.000217694,-0.000106425,0.001049736,0.001055117,1.544574022,-4.101568222,-0.034408145
7.339961600,1788577170.299247026,1788577170.295191288,-0.000794800,-0.000184838,-0.000295661,0.000816009,0.000867921,1.544663906,-4.101587772,-0.034375571
7.369961600,1788577170.333533287,1788577170.325191259,-0.001162121,-0.000320443,-0.000219502,0.001205491,0.001225312,1.544728637,-4.101600647,-0.034353435
7.399961600,1788577170.365828276,1788577170.355191231,-0.001089279,0.000006377,0.000253202,0.001089298,0.001118339,1.544817567,-4.101618767,-0.034320116
7.439960576,1788577170.399147272,1788577170.395190239,-0.000821403,-0.000090310,-0.000167092,0.000826353,0.000843077,1.544916987,-4.101647377,-0.034296352
7.469960576,1788577170.433624268,1788577170.425190210,-0.001023146,0.000410199,-0.000052888,0.001102312,0.001103580,1.544985771,-4.101669312,-0.034278274
7.499960576,1788577170.465711594,1788577170.455190182,-0.001050868,0.000192303,0.000122935,0.001068318,0.001075368,1.545077682,-4.101692677,-0.034258038
7.539959808,1788577170.499657631,1788577170.495189428,-0.000678658,0.000369932,-0.000656316,0.000772933,0.001013991,1.545181870,-4.101728439,-0.034244537
7.569959808,1788577170.534624577,1788577170.525189400,-0.000744851,0.000208697,0.000451158,0.000773536,0.000895489,1.545248985,-4.101755142,-0.034237497
7.599959808,1788577170.565636635,1788577170.555189610,-0.000861826,0.000416433,-0.000098989,0.000957163,0.000962268,1.545341611,-4.101783276,-0.034229141
7.639959040,1788577170.599322557,1788577170.595188618,-0.000419848,0.000595235,-0.000263122,0.000728408,0.000774474,1.545447350,-4.101822376,-0.034225509
7.669959040,1788577170.633609295,1788577170.625188589,-0.000528491,0.000595067,0.000160087,0.000795869,0.000811810,1.545513153,-4.101852894,-0.034222614
7.699959040,1788577170.665554762,1788577170.655188799,-0.000570559,0.000827970,0.000144384,0.001005521,0.001015834,1.545603275,-4.101890087,-0.034217123
7.739959296,1788577170.698472738,1788577170.695188999,-0.000127501,0.000937933,0.000100645,0.000946560,0.000951895,1.545708179,-4.101940632,-0.034215689
7.769959296,1788577170.732404232,1788577170.725188971,-0.000070563,0.000897219,-0.000057764,0.000899990,0.000901842,1.545771003,-4.101980686,-0.034215137
7.809959296,1788577170.767487049,1788577170.765188932,-0.000256319,0.000934609,-0.000048461,0.000969120,0.000970331,1.545878172,-4.102034569,-0.034218334
7.839958784,1788577170.798622608,1788577170.795188427,-0.000024516,0.000763361,0.000183747,0.000763755,0.000785547,1.545948863,-4.102069378,-0.034220804
7.869958784,1788577170.832620621,1788577170.825188398,0.000023136,0.000847086,-0.000264708,0.000847402,0.000887784,1.546008587,-4.102104664,-0.034218609
7.899958784,1788577170.865810871,1788577170.855188370,-0.000159039,0.000791551,0.000256241,0.000807370,0.000847057,1.546083570,-4.102140427,-0.034223959
7.939958016,1788577170.899095535,1788577170.895187616,0.000106645,0.000842192,0.000345588,0.000848918,0.000916566,1.546176434,-4.102182865,-0.034234524
7.969958016,1788577170.933418512,1788577170.925187588,0.000037332,0.000780146,-0.000435283,0.000781039,0.000894143,1.546235561,-4.102215290,-0.034239769
7.999958016,1788577170.965830326,1788577170.955187798,-0.000173415,0.000665036,-0.000147859,0.000687274,0.000702999,1.546307087,-4.102245331,-0.034248766
8.039957248,1788577170.999044418,1788577170.995187044,-0.000060052,0.000828809,0.000122232,0.000830982,0.000839923,1.546398163,-4.102276325,-0.034262400
8.069957248,1788577171.033610344,1788577171.025186777,0.000076257,0.000431372,-0.000117031,0.000438060,0.000453424,1.546455860,-4.102293015,-0.034264836
8.109957248,1788577171.067200184,1788577171.065186739,-0.000056868,0.000338476,-0.000012286,0.000343220,0.000343440,1.546537161,-4.102312088,-0.034275737
8.139956736,1788577171.098620653,1788577171.095186472,-0.000013732,0.000168093,0.000116778,0.000168653,0.000205137,1.546594143,-4.102319717,-0.034275975
8.169956736,1788577171.132483244,1788577171.125186205,0.000165167,0.000244305,-0.000269435,0.000294898,0.000399450,1.546644807,-4.102324009,-0.034279332
8.199956736,1788577171.165741205,1788577171.155186415,0.000116025,0.000036779,-0.000448054,0.000121715,0.000464292,1.546694160,-4.102323055,-0.034291688
8.239955968,1788577171.199083328,1788577171.195185661,0.000001253,-0.000009944,-0.000547527,0.000010023,0.000547619,1.546759605,-4.102317333,-0.034308188
8.269955968,1788577171.233591557,1788577171.225185633,0.000079871,0.000349998,-0.000181723,0.000358996,0.000402369,1.546802998,-4.102315903,-0.034316022
8.299955968,1788577171.265873432,1788577171.255185604,0.000044548,0.000127271,-0.000123865,0.000134842,0.000183098,1.546846032,-4.102311134,-0.034338340
8.339955456,1788577171.298589706,1788577171.295185089,0.000065166,0.000148409,-0.000344777,0.000162086,0.000380976,1.546900153,-4.102308273,-0.034361396
8.369955456,1788577171.332549572,1788577171.325185061,0.000128364,0.000106118,-0.000106490,0.000166548,0.000197683,1.546934724,-4.102304459,-0.034379758
8.399955456,1788577171.365836620,1788577171.355185270,0.000219110,0.000143095,-0.000252861,0.000261697,0.000363901,1.546962500,-4.102298737,-0.034407530
8.439954432,1788577171.397380114,1788577171.395184040,0.000136277,-0.000119403,-0.000260341,0.000181186,0.000317184,1.546994567,-4.102289200,-0.034438387
8.469954432,1788577171.433334351,1788577171.425184011,0.000248156,-0.000161331,-0.000213559,0.000295988,0.000364988,1.547015786,-4.102280617,-0.034465268
8.499954432,1788577171.465710402,1788577171.455184221,0.000394473,-0.000298673,0.000147512,0.000494788,0.000516309,1.547026157,-4.102266788,-0.034486096
8.539953664,1788577171.499070168,1788577171.495183468,0.000289844,-0.000008976,-0.000355713,0.000289983,0.000458936,1.547038317,-4.102254391,-0.034513056
8.569953664,1788577171.533483028,1788577171.525183201,0.000553931,-0.000445967,-0.000503007,0.000711144,0.000871058,1.547042966,-4.102242470,-0.034545481
8.609953664,1788577171.567765474,1788577171.565183163,0.000412407,-0.000272869,-0.000404926,0.000494507,0.000639142,1.547026873,-4.102224827,-0.034569971
8.639953152,1788577171.598598719,1788577171.595182896,0.000546078,-0.000418110,-0.000047073,0.000687762,0.000689371,1.547018409,-4.102207661,-0.034587990
8.669953152,1788577171.632542133,1788577171.625182629,0.000752264,-0.000410797,-0.000176051,0.000857120,0.000875013,1.547009110,-4.102190495,-0.034614734
8.709953152,1788577171.667394400,1788577171.665182829,0.000493088,-0.000430800,0.000373418,0.000654770,0.000753767,1.546977758,-4.102170467,-0.034636870
8.739952384,1788577171.699167252,1788577171.695182085,0.000259871,-0.000299014,0.000350757,0.000396159,0.000529124,1.546966553,-4.102154255,-0.034643590
8.769952384,1788577171.733595133,1788577171.725182056,0.000570620,-0.000471620,-0.000202938,0.000740292,0.000767604,1.546952128,-4.102141380,-0.034652986
8.799952384,1788577171.765861988,1788577171.755182028,0.000663310,-0.000492838,0.000000170,0.000826360,0.000826360,1.546920538,-4.102130890,-0.034657225
8.839951616,1788577171.799107313,1788577171.795181274,0.000135308,-0.000518557,0.000189494,0.000535920,0.000568435,1.546889544,-4.102112293,-0.034656234
8.869951616,1788577171.833633423,1788577171.825181246,0.000393196,-0.000603772,-0.000235679,0.000720516,0.000758082,1.546875000,-4.102096558,-0.034657169
8.899951616,1788577171.865809917,1788577171.855181217,0.000469316,-0.000374344,-0.000236754,0.000600325,0.000645324,1.546850920,-4.102087021,-0.034662645
8.939950848,1788577171.899054527,1788577171.895180464,-0.000177005,-0.000623664,-0.000041884,0.000648296,0.000649648,1.546835661,-4.102075100,-0.034658760
8.969950848,1788577171.933541775,1788577171.925180435,-0.000138150,-0.000469463,-0.000317217,0.000489368,0.000583187,1.546837568,-4.102066517,-0.034652375
8.999950848,1788577171.965691328,1788577171.955180645,0.000167202,-0.000290787,-0.000119086,0.000335430,0.000355942,1.546832442,-4.102065563,-0.034645941
9.039950080,1788577171.999152660,1788577171.995179892,-0.000242686,-0.000412854,0.000010444,0.000478900,0.000479013,1.546832085,-4.102065086,-0.034630649
9.069950080,1788577172.033453465,1788577172.025179625,-0.000164522,-0.000239604,0.000460955,0.000290650,0.000544937,1.546841741,-4.102063656,-0.034615152
9.099950080,1788577172.066845655,1788577172.055179834,0.000032601,-0.000073456,-0.000045459,0.000080366,0.000092332,1.546845555,-4.102072716,-0.034591869
9.139949568,1788577172.099408627,1788577172.095179319,-0.000430217,0.000080480,-0.000425403,0.000437680,0.000610354,1.546857357,-4.102082253,-0.034563478
9.169949568,1788577172.133492470,1788577172.125179052,-0.000292887,0.000007753,0.000186530,0.000292989,0.000347327,1.546873569,-4.102093220,-0.034543067
9.199949568,1788577172.165835381,1788577172.155179262,-0.000099916,0.000049154,0.000745137,0.000111352,0.000753411,1.546888351,-4.102104664,-0.034518696
9.239948800,1788577172.199034214,1788577172.195178509,-0.000630915,0.000019650,-0.000055584,0.000631221,0.000633663,1.546915889,-4.102121353,-0.034490898
9.269948800,1788577172.231189966,1788577172.225178480,-0.000573140,0.000056348,0.000283724,0.000575903,0.000642000,1.546945453,-4.102134705,-0.034476720
9.309948800,1788577172.267436504,1788577172.265178442,-0.000353233,0.000241453,-0.000418861,0.000427871,0.000598764,1.546971083,-4.102153301,-0.034453783
9.339949824,1788577172.299226046,1788577172.295179605,-0.000524883,0.000281272,0.000071107,0.000595496,0.000599727,1.546989441,-4.102170944,-0.034437157
9.369949824,1788577172.333475351,1788577172.325179338,-0.000342366,0.000304147,0.000093860,0.000457951,0.000467471,1.547009587,-4.102188110,-0.034428660
9.399949824,1788577172.365715504,1788577172.355179548,-0.000120742,0.000339323,-0.000079759,0.000360165,0.000368891,1.547023773,-4.102204800,-0.034420442
9.439948800,1788577172.399056911,1788577172.395178556,-0.001344396,0.003331393,0.000999456,0.003592434,0.003728873,1.547096133,-4.102315903,-0.034400169
9.469948800,1788577172.433537722,1788577172.425178289,0.000215648,0.005117347,-0.000907543,0.005121889,0.005201671,1.547161818,-4.102446556,-0.034399882
9.499948800,1788577172.465877533,1788577172.455178499,0.003157563,0.004544285,-0.000109422,0.005533600,0.005534682,1.547097206,-4.102567196,-0.034393474
9.539949312,1788577172.498486042,1788577172.495178938,-0.006881588,0.006766611,0.000248563,0.009651076,0.009654277,1.547163963,-4.102797031,-0.034411691
9.569949312,1788577172.532470942,1788577172.525178909,-0.025073344,0.017902335,0.010863318,0.030808540,0.032667688,1.547625780,-4.103061199,-0.034299526
9.599949312,1788577172.566727400,1788577172.555179119,-0.045686676,0.045217579,0.018323871,0.064279871,0.066840602,1.548921108,-4.103779316,-0.033818129
9.639948800,1788577172.598496675,1788577172.595178604,-0.025351113,0.056094421,0.043484736,0.061556990,0.075367004,1.550728083,-4.105598450,-0.032743104
9.669948800,1788577172.633473396,1788577172.625178337,-0.032005578,0.081059492,0.021413575,0.087149288,0.089741515,1.551972747,-4.107562542,-0.031892508
9.699948800,1788577172.665437222,1788577172.655178547,-0.031868409,0.106540878,0.024252499,0.111205010,0.113818883,1.553389311,-4.110245228,-0.031154389
9.739948288,1788577172.698592663,1788577172.695178032,-0.036879802,0.138695914,-0.008983437,0.143515422,0.143796309,1.555491447,-4.114775658,-0.031314399
9.769948288,1788577172.732664585,1788577172.725177765,-0.036935266,0.148380731,0.039372630,0.152908650,0.157896356,1.557343483,-4.118804455,-0.031271983
9.799948288,1788577172.765432596,1788577172.755177975,-0.034601210,0.182914008,0.115396845,0.186157939,0.219023309,1.559378266,-4.123637676,-0.029329501
9.839947520,1788577172.799137592,1788577172.795177221,-0.029646612,0.197051966,0.233658423,0.199269663,0.307090634,1.562272668,-4.131371021,-0.022886375
9.869947520,1788577172.833600998,1788577172.825177193,-0.024392084,0.186939945,0.342922637,0.188524579,0.391327806,1.564466596,-4.137754440,-0.014920515
9.899947520,1788577172.865566254,1788577172.855177164,-0.021217188,0.173261267,0.463349064,0.174555537,0.495138355,1.566530824,-4.144347191,-0.003636817
9.939946752,1788577172.897341490,1788577172.895176411,-0.019975500,0.188543248,0.597633420,0.189598462,0.626987466,1.569051743,-4.153650761,0.016538147
9.969946752,1788577172.932447195,1788577172.925176382,-0.016487310,0.211207485,0.695293447,0.211850025,0.726851711,1.570814013,-4.161388874,0.035252303
10.009946752,1788577172.967683315,1788577172.965176344,-0.012599654,0.246782695,0.802375925,0.247104128,0.839563920,1.573024750,-4.172775269,0.064594500
10.039946240,1788577172.999275446,1788577172.995175838,-0.001728695,0.281663434,0.866172374,0.281668739,0.910819335,1.574590802,-4.182034016,0.089235455
10.069946240,1788577173.033390999,1788577173.025175810,0.008336234,0.301570759,0.913975746,0.301685955,0.962479132,1.576093674,-4.191993237,0.115563028
10.099946240,1788577173.065851688,1788577173.055176020,0.016306608,0.314362576,0.944493916,0.314785220,0.995569431,1.577679157,-4.202722549,0.143084645
10.139945728,1788577173.098448992,1788577173.095175505,0.026002688,0.325020337,1.000406351,0.326058827,1.052201134,1.580191731,-4.218317032,0.181086898
10.169945728,1788577173.132637739,1788577173.125175238,0.020946510,0.336647762,1.067417121,0.337298787,1.119441728,1.582629800,-4.231089115,0.211150452
10.199945728,1788577173.165734291,1788577173.155175447,0.025626645,0.333208616,1.163029603,0.334192619,1.210091965,1.586199522,-4.244985580,0.243623421
10.239944960,1788577173.199226379,1788577173.195174694,0.021282350,0.334635530,1.256853639,0.335311610,1.300813186,1.593155861,-4.264979362,0.290093511
10.269944960,1788577173.233467102,1788577173.225174427,-0.003963512,0.350085353,1.284645931,0.350107789,1.331499392,1.600030303,-4.280913353,0.326048553
10.299944960,1788577173.265599966,1788577173.255174637,-0.043404327,0.362050200,1.292879129,0.364642679,1.343317060,1.608657241,-4.297866821,0.362464517
10.339944192,1788577173.299093962,1788577173.295173883,-0.120930981,0.407717107,1.312080661,0.425273490,1.379279958,1.622933030,-4.321735859,0.410684586
10.369944192,1788577173.333586931,1788577173.325173855,-0.184956599,0.437996979,1.330584731,0.475447471,1.412977715,1.635890961,-4.340838432,0.446819723
10.399944192,1788577173.365881205,1788577173.355173826,-0.253689634,0.453022575,1.343009151,0.519218532,1.439882448,1.651288271,-4.361213207,0.483418107
10.439943168,1788577173.399115086,1788577173.395172834,-0.346196581,0.475435507,1.328045553,0.588124982,1.452444830,1.674822092,-4.389288425,0.531268716
10.469943168,1788577173.433596849,1788577173.425172806,-0.421020151,0.495713149,1.308542257,0.650376425,1.461257106,1.694730401,-4.410802364,0.565966725
10.499943168,1788577173.465721369,1788577173.455172777,-0.487902769,0.528252916,1.297502388,0.719096833,1.483446225,1.717565060,-4.433229923,0.600361526
10.539942400,1788577173.499155998,1788577173.495172024,-0.573388316,0.544242402,1.281411534,0.790552941,1.505652507,1.751651168,-4.463464260,0.644460380
10.569942400,1788577173.533531427,1788577173.525171995,-0.651236836,0.541775089,1.261602631,0.847130252,1.519628528,1.780107260,-4.486049175,0.675806880
10.599942400,1788577173.565770149,1788577173.555172205,-0.713865305,0.538604632,1.234859231,0.894258701,1.524656008,1.812033415,-4.509082317,0.705756128
10.639941632,1788577173.598896742,1788577173.595171213,-0.833847224,0.502948873,1.189404332,0.973785789,1.537186205,1.858333468,-4.539380550,0.741657972
10.669941632,1788577173.632378578,1788577173.625171185,-0.934922343,0.463267696,1.159322387,1.043406319,1.559719572,1.896047831,-4.561745167,0.765462339
10.709941632,1788577173.667680025,1788577173.665171146,-1.069648000,0.383352029,1.137596658,1.136268288,1.607865597,1.952180624,-4.591699123,0.793887436
10.739940864,1788577173.699025393,1788577173.695170641,-1.179867133,0.301859453,1.119390139,1.217869279,1.654158355,1.997362375,-4.613694668,0.812208712
10.769940864,1788577173.731161594,1788577173.725170374,-1.288659986,0.232529355,1.097240180,1.309471061,1.708405828,2.045135021,-4.635349751,0.827930331
10.809940864,1788577173.767161608,1788577173.765170336,-1.433069338,0.113374256,1.059633628,1.437547025,1.785879300,2.115087271,-4.664090157,0.845500708
10.839940352,1788577173.798753262,1788577173.795170069,-1.541002318,0.012487755,1.004820553,1.541052915,1.839703354,2.170166492,-4.685102940,0.855715573
10.869940352,1788577173.833437920,1788577173.825169802,-1.633477608,-0.059333350,0.959816358,1.634554846,1.895525517,2.227324963,-4.705595493,0.863721430
10.899940352,1788577173.865664721,1788577173.855170012,-1.735230246,-0.151022013,0.871971291,1.741789785,1.947861799,2.288364410,-4.725505829,0.869607210
10.939939584,1788577173.899020910,1788577173.895169258,-1.853734466,-0.236770558,0.767031974,1.868794201,2.020081636,2.372434139,-4.751117706,0.875367463
10.969939584,1788577173.933439970,1788577173.925169230,-1.918994630,-0.288367453,0.700300456,1.940540177,2.063035847,2.437192440,-4.769918919,0.878628314
10.999939584,1788577173.966251373,1788577173.955169201,-1.989981889,-0.355864639,0.565894361,2.021550781,2.099262725,2.504761696,-4.788017273,0.880488515
11.039939072,1788577173.998722553,1788577173.995168686,-2.051605382,-0.414152881,0.422413945,2.092990026,2.135191043,2.596121311,-4.811588764,0.882474065
11.069939072,1788577174.033429146,1788577174.025168657,-2.075695945,-0.440395664,0.352614388,2.121900563,2.150999513,2.665180445,-4.828926563,0.883613825
11.099939072,1788577174.065671444,1788577174.055168867,-2.093596325,-0.473588317,0.230842376,2.146492830,2.158869999,2.735686779,-4.845489502,0.884012997
11.139938304,1788577174.099053621,1788577174.095168114,-2.091302106,-0.519638547,0.123774640,2.154894132,2.158445941,2.829428196,-4.867396832,0.884489298
11.169938304,1788577174.133437395,1788577174.125167847,-2.081912183,-0.545755559,0.080385898,2.152256366,2.153757033,2.899315119,-4.883668423,0.884779215
11.199938304,1788577174.165723324,1788577174.155168056,-2.055543446,-0.615791179,0.013095549,2.145799999,2.145839959,2.969579697,-4.899031639,0.884511948
11.239937536,1788577174.199013710,1788577174.195167303,-2.009492591,-0.702670826,-0.023684338,2.128804069,2.128935817,3.062376499,-4.919146538,0.884368658
11.269937536,1788577174.232372522,1788577174.225167036,-1.972983860,-0.756341898,-0.033912054,2.112988022,2.113260137,3.131209850,-4.933880806,0.884522319
11.309937536,1788577174.267106056,1788577174.265166998,-1.894212034,-0.869131795,-0.049998112,2.084089564,2.084689214,3.222059250,-4.951357841,0.884794652
11.339937792,1788577174.298734426,1788577174.295167446,-1.806211183,-0.989401862,-0.068208397,2.059445285,2.060574499,3.289234877,-4.963671684,0.885429740
11.369937792,1788577174.332455158,1788577174.325167418,-1.737467765,-1.053304836,-0.066933723,2.031808385,2.032910582,3.355516195,-4.975153446,0.886416316
11.409937792,1788577174.367409706,1788577174.365167379,-1.611505228,-1.172869328,-0.073123008,1.993131095,1.994471994,3.442129135,-4.987416744,0.888686597
11.439936768,1788577174.398602486,1788577174.395166397,-1.485922842,-1.280291291,-0.071149866,1.961405741,1.962695795,3.505865097,-4.995666027,0.891047716
11.469936768,1788577174.432440519,1788577174.425166368,-1.402545105,-1.332631682,-0.053172636,1.934693767,1.935424320,3.568547726,-5.003040791,0.894010127
11.499936768,1788577174.465563536,1788577174.455166578,-1.273928869,-1.419971060,-0.016066547,1.907672030,1.907739686,3.629961967,-5.007916927,0.898663282
11.539935744,1788577174.499058008,1788577174.495165348,-1.126868457,-1.499050436,0.014897670,1.875362559,1.875421731,3.710314989,-5.013542652,0.906476438
11.569935744,1788577174.533393860,1788577174.525165319,-1.043114791,-1.527068254,0.019090124,1.849331209,1.849429737,3.769507885,-5.017054081,0.912671328
11.599935744,1788577174.566268921,1788577174.555165529,-0.906411373,-1.586591654,0.018443992,1.827253308,1.827346391,3.827599287,-5.018112183,0.920056283
11.639934976,1788577174.599080086,1788577174.595164776,-0.752657536,-1.632697747,0.002852775,1.797830721,1.797832984,3.903982878,-5.018738747,0.929361045
11.669934976,1788577174.630385876,1788577174.625164509,-0.664356096,-1.645638184,-0.014599469,1.774681395,1.774741446,3.960466146,-5.018489361,0.935499012
11.699934976,1788577174.665295362,1788577174.655164719,-0.509942856,-1.678257088,-0.021147985,1.754020687,1.754148172,4.016210556,-5.015414238,0.942221165
11.739934464,1788577174.698478937,1788577174.695164204,-0.335355790,-1.700613759,-0.037503709,1.733363973,1.733769648,4.089729309,-5.009924412,0.949936628
11.769934464,1788577174.733515024,1788577174.725163937,-0.234318241,-1.702411177,-0.032765967,1.718461187,1.718773534,4.144296169,-5.004601479,0.955054939
11.799934464,1788577174.765591860,1788577174.755164146,-0.077476430,-1.706992414,-0.002196286,1.708749748,1.708751159,4.198529243,-4.996028900,0.961834848
11.839933440,1788577174.799173355,1788577174.795163155,0.096975288,-1.702634929,0.016257830,1.705394356,1.705471848,4.270296574,-4.982561111,0.971185982
11.869933440,1788577174.833490849,1788577174.825163126,0.201956987,-1.695593707,0.025891612,1.707578590,1.707774873,4.323844910,-4.970648766,0.978066862
11.899933440,1788577174.865808487,1788577174.855163097,0.335458494,-1.674453340,0.073721736,1.707725502,1.709316028,4.377597332,-4.954309940,0.986591339
11.939932928,1788577174.898520947,1788577174.895162582,0.465611348,-1.653453011,0.122805603,1.717760398,1.722144594,4.448736668,-4.929914951,0.998752117
11.969932928,1788577174.932430029,1788577174.925162554,0.542715223,-1.639155374,0.148470102,1.726664459,1.733035927,4.501860142,-4.909724712,1.008421302
12.009932928,1788577174.967118025,1788577174.965162516,0.640496963,-1.618911856,0.170403752,1.741008891,1.749328270,4.572762012,-4.876389503,1.023509622
12.039932160,1788577174.998397589,1788577174.995161772,0.695944375,-1.616398281,0.177963674,1.759852828,1.768828156,4.625545025,-4.849603176,1.034987688
12.069932160,1788577175.033345938,1788577175.025161743,0.753028991,-1.616796861,0.175476537,1.783559573,1.792170964,4.678194046,-4.821382999,1.046434879
12.099932160,1788577175.065561295,1788577175.055161953,0.797821264,-1.626056131,0.173360449,1.811236403,1.819513988,4.731355667,-4.788689613,1.059102535
12.139931136,1788577175.097926855,1788577175.095160723,0.844584710,-1.643280049,0.165693014,1.847618103,1.855032837,4.801875591,-4.743057728,1.075025201
12.169931136,1788577175.133529186,1788577175.125160694,0.880160459,-1.656394049,0.158059947,1.875719509,1.882367293,4.854780197,-4.707523346,1.086208105
12.199931136,1788577175.166717768,1788577175.155160904,0.895917426,-1.684707242,0.145397023,1.908115963,1.913647518,4.908479691,-4.668223381,1.098032594
12.239930368,1788577175.198487282,1788577175.195160151,0.905387211,-1.726053351,0.135830067,1.949098810,1.953825985,4.980294228,-4.614864349,1.112828255
12.269930368,1788577175.233584404,1788577175.225159883,0.907093716,-1.751205293,0.127098603,1.972191418,1.976282632,5.034499645,-4.574586868,1.123440742
12.299930368,1788577175.265728235,1788577175.255160093,0.889781611,-1.783134258,0.105420401,1.992806839,1.995593285,5.089829445,-4.531946659,1.135040045
12.339929344,1788577175.297514677,1788577175.295159101,0.858246777,-1.823796145,0.082919361,2.015643795,2.017348638,5.163823128,-4.475787163,1.150298834
12.369929344,1788577175.333470821,1788577175.325158834,0.828739201,-1.845208284,0.098794668,2.022770940,2.025182130,5.219655037,-4.434716225,1.162170887
12.399929344,1788577175.365657330,1788577175.355159044,0.778822787,-1.880882181,0.097295635,2.035751142,2.038074865,5.276873112,-4.392714977,1.175758362
12.439928064,1788577175.399269104,1788577175.395157814,0.712389068,-1.916401721,0.118973696,2.044527755,2.047986446,5.353695869,-4.338658333,1.194115520
12.469928064,1788577175.433490038,1788577175.425157547,0.667719277,-1.931677923,0.126065037,2.043826957,2.047711167,5.411582470,-4.299597740,1.207557917
12.499928064,1788577175.465625048,1788577175.455157757,0.616653435,-1.958910216,0.132310048,2.053677358,2.057935043,5.470862865,-4.260102272,1.221532822
12.539927296,1788577175.499148369,1788577175.495157003,0.569056749,-1.991455125,0.112206719,2.071163707,2.074200918,5.550593853,-4.209136486,1.238797426
12.569927296,1788577175.532449961,1788577175.525156975,0.544086960,-2.015649566,0.082819541,2.087791607,2.089433624,5.611031532,-4.171984196,1.250230312
12.609927296,1788577175.567364931,1788577175.565156937,0.518547046,-2.050024664,0.049516417,2.114590306,2.115169978,5.694298267,-4.122339249,1.264619589
12.639926528,1788577175.598501921,1788577175.595156193,0.506008820,-2.071689961,0.015177316,2.132590964,2.132644971,5.757484913,-4.086053371,1.273737431
12.669926528,1788577175.632649422,1788577175.625156164,0.490732871,-2.095525334,-0.020826942,2.152218663,2.152319432,5.821300030,-4.050529480,1.281335235
12.699926528,1788577175.665377378,1788577175.655156136,0.477383635,-2.119150398,-0.054481626,2.172255405,2.172938515,5.886783123,-4.015413761,1.288236022
12.739925760,1788577175.699244738,1788577175.695155382,0.453707854,-2.148757960,-0.082484733,2.196135603,2.197684081,5.975148201,-3.969834089,1.295326829
12.769925760,1788577175.733499050,1788577175.725155354,0.434826373,-2.173458476,-0.080276692,2.216527852,2.217981079,6.042194366,-3.936658621,1.299699068
12.799925760,1788577175.766279459,1788577175.755155563,0.406965728,-2.196930410,-0.069572666,2.234306230,2.235389158,6.110223293,-3.904418945,1.303686738
12.839924736,1788577175.799613476,1788577175.795154333,0.385009202,-2.217515093,-0.029353380,2.250689955,2.250881360,6.201878548,-3.863200665,1.308925390
12.869924736,1788577175.831054449,1788577175.825154305,0.374736741,-2.236267411,-0.028846335,2.267447807,2.267631290,6.271302223,-3.833534718,1.313059807
12.909924736,1788577175.867256403,1788577175.865154266,0.373786116,-2.238446261,-0.031568931,2.269439958,2.269659517,6.363925934,-3.796106339,1.317834020
12.939923968,1788577175.898456335,1788577175.895153761,0.409669604,-2.236741448,-0.079258436,2.273948436,2.275329293,6.433676720,-3.769646168,1.321525097
12.969923968,1788577175.933442831,1788577175.925153494,0.424631150,-2.237230322,-0.115357173,2.277171739,2.280091754,6.503633499,-3.744451761,1.324930787
12.999923968,1788577175.965666533,1788577175.955153704,0.490098040,-2.223599859,-0.169557967,2.276970009,2.283274475,6.572925568,-3.721132755,1.327396989
13.039922944,1788577175.999176502,1788577175.995152712,0.563402917,-2.199257619,-0.201593063,2.270276838,2.279209662,6.665548325,-3.692217112,1.329720378
13.069922944,1788577176.033421040,1788577176.025152445,0.594412266,-2.190287000,-0.207673352,2.269511640,2.278993485,6.735033512,-3.672047853,1.330703139
13.099922944,1788577176.065823317,1788577176.055152655,0.696117044,-2.153508726,-0.202806000,2.263223093,2.272291584,6.803285122,-3.654141665,1.330563545
13.139922176,1788577176.098501205,1788577176.095151901,0.811311803,-2.112365887,-0.197182906,2.262811633,2.271386709,6.894454956,-3.632262230,1.329622388
13.169922176,1788577176.133687019,1788577176.125151634,0.869006064,-2.081387185,-0.191910300,2.255514166,2.263663782,6.962747097,-3.617020607,1.328447461
13.199922176,1788577176.165671825,1788577176.155151844,1.006891539,-2.006562602,-0.178141252,2.245022060,2.252078674,7.028990746,-3.604157686,1.326434016
13.239921408,1788577176.199843884,1788577176.195151091,1.139655245,-1.917951748,-0.156722830,2.230998204,2.236496150,7.117043018,-3.588244200,1.324940443
13.269921408,1788577176.233511686,1788577176.225151062,1.197579028,-1.863012880,-0.108175643,2.214726285,2.217366566,7.182580948,-3.577105522,1.325477600
13.299921408,1788577176.266975164,1788577176.255151033,1.315989146,-1.764007849,-0.083653940,2.200806926,2.202396219,7.245318413,-3.568374157,1.327363491
13.339920384,1788577176.299130201,1788577176.295150042,1.400506535,-1.643755826,-0.042574837,2.159479513,2.159899161,7.328009605,-3.557741404,1.333419919
13.369920384,1788577176.333485842,1788577176.325150013,1.432558304,-1.568544107,-0.027104017,2.124277267,2.124450173,7.388631344,-3.550450802,1.340107560
13.399920384,1788577176.366680622,1788577176.355149984,1.514727051,-1.437414426,-0.098355499,2.088194979,2.090510003,7.445221901,-3.545357466,1.347179294
13.439919360,1788577176.398455381,1788577176.395148993,1.577225935,-1.295018494,-0.155935242,2.040763227,2.046712083,7.519327164,-3.539169073,1.357026219
13.469919360,1788577176.432358027,1788577176.425148964,1.597978808,-1.219327783,-0.190057227,2.010048883,2.019014180,7.574067593,-3.534878731,1.363809586
13.509919360,1788577176.467361450,1788577176.465148926,1.649366683,-1.070028227,-0.214349708,1.966054643,1.977704896,7.641655445,-3.532254934,1.370150089
13.539918336,1788577176.498512983,1788577176.495147943,1.709959540,-0.927388999,-0.180548971,1.945253707,1.953614577,7.691808224,-3.530078888,1.373225927
13.569918336,1788577176.532573938,1788577176.525147915,1.732973136,-0.849854661,-0.172076115,1.930142180,1.937797467,7.741674423,-3.527534962,1.375139236
13.609918336,1788577176.567078590,1788577176.565147877,1.779103336,-0.713677969,-0.162436910,1.916910254,1.923780308,7.803603649,-3.526724815,1.375158668
13.639917312,1788577176.598675728,1788577176.595146894,1.827775720,-0.610411500,-0.129298016,1.927009674,1.931342605,7.850406170,-3.525334835,1.373364210
13.669917312,1788577176.633366585,1788577176.625146866,1.858278615,-0.563243558,-0.117220135,1.941762786,1.945297735,7.897834301,-3.523272038,1.370800495
13.699917312,1788577176.665428400,1788577176.655147076,1.890676142,-0.496445632,-0.068829523,1.954767132,1.955978538,7.943028927,-3.523498058,1.367310643
13.739917568,1788577176.698498726,1788577176.695147276,1.926548160,-0.444443786,0.025445643,1.977148981,1.977312715,8.004518509,-3.522894382,1.363644600
13.769917568,1788577176.732493401,1788577176.725147247,1.942225235,-0.416662524,0.090910697,1.986415496,1.988494726,8.051652908,-3.521848917,1.362813711
13.809917568,1788577176.768549204,1788577176.765147209,1.949500565,-0.364197623,0.166904538,1.983227764,1.990238550,8.111539841,-3.524372816,1.363830566
13.839916544,1788577176.799201965,1788577176.795146227,1.966503771,-0.326386138,0.158760993,1.993405376,1.999717492,8.156917572,-3.525371790,1.366557121
13.869916544,1788577176.833470583,1788577176.825146198,1.980080288,-0.310419058,0.135526326,2.004264937,2.008841786,8.202932358,-3.525779486,1.369723678
13.899916544,1788577176.865670919,1788577176.855146170,1.985164427,-0.276874735,0.110956756,2.004379560,2.007448336,8.247259140,-3.529667854,1.371980071
13.939915520,1788577176.898998976,1788577176.895145178,1.982853555,-0.233171728,0.086795015,1.996516285,1.998402024,8.306940079,-3.534147739,1.374219656
13.969915520,1788577176.933433056,1788577176.925145149,1.979101736,-0.203712162,0.077069117,1.989558325,1.991050471,8.351990700,-3.536915779,1.375164986
13.999915520,1788577176.965243340,1788577176.955145121,1.967481375,-0.154509260,0.083527479,1.973538971,1.975305776,8.395195007,-3.543242931,1.375233769
14.039914496,1788577176.999014616,1788577176.995144129,1.950548117,-0.105554737,0.082047092,1.953402099,1.955124417,8.452771187,-3.551017523,1.375637174
14.069914496,1788577177.033591509,1788577177.025144100,1.937291414,-0.079350551,0.090235229,1.938915814,1.941014407,8.495931625,-3.556424856,1.376485825
14.099914496,1788577177.065683365,1788577177.055144310,1.920701663,-0.030889334,0.097094056,1.920950033,1.923402268,8.537608147,-3.566164732,1.377587557
14.139913472,1788577177.099084616,1788577177.095143080,1.891540781,0.020608741,0.126070051,1.891653046,1.895849388,8.592893600,-3.578847647,1.381314278
14.169913472,1788577177.132454872,1788577177.125143051,1.868544252,0.048736553,0.160536135,1.869179733,1.876060960,8.633881569,-3.587985516,1.386036396
14.199913472,1788577177.165667534,1788577177.155143261,1.845762099,0.104799729,0.154135618,1.848734894,1.855149184,8.673330307,-3.602224112,1.390870810
14.239912448,1788577177.198992014,1788577177.195142031,1.783021920,0.182298590,0.185799442,1.792316921,1.801921579,8.725248337,-3.620939493,1.398370147
14.269912448,1788577177.233542681,1788577177.225142002,1.727985618,0.225053136,0.195047923,1.742579470,1.753461406,8.762965202,-3.634205580,1.405077934
14.299912448,1788577177.265810013,1788577177.255142212,1.667836000,0.296819057,0.115466093,1.694042052,1.697972583,8.798435211,-3.652463436,1.410838246
14.339912192,1788577177.299191713,1788577177.295141935,1.583035143,0.359821797,-0.030439759,1.623413684,1.623699039,8.844422340,-3.676340580,1.415718317
14.369912192,1788577177.333596945,1788577177.325141668,1.524196767,0.385665655,-0.134199035,1.572232101,1.577949036,8.878146172,-3.693994761,1.416376591
14.399912192,1788577177.365683556,1788577177.355141878,1.456460980,0.443323291,-0.229537055,1.522436904,1.539643266,8.910174370,-3.716998816,1.413350582
14.439911424,1788577177.398434877,1788577177.395141125,1.383620312,0.485040371,-0.302667418,1.466175068,1.497089475,8.952159882,-3.747030973,1.405394435
14.469911424,1788577177.433560371,1788577177.425141096,1.342118509,0.498454264,-0.327224933,1.431690870,1.468609854,8.983095169,-3.768955231,1.397337079
14.499911424,1788577177.465726376,1788577177.455141068,1.307558463,0.522730472,-0.311704525,1.408174805,1.442260722,9.012194633,-3.796273708,1.387155652
14.539910656,1788577177.499482393,1788577177.495140314,1.289812330,0.529463381,-0.257619537,1.394255113,1.417855826,9.050846100,-3.832454920,1.373431921
14.569910656,1788577177.533397198,1788577177.525140285,1.287821473,0.514133625,-0.189900785,1.386656962,1.399599885,9.080015182,-3.859609127,1.364341497
14.599910656,1788577177.565270185,1788577177.555140257,1.268934259,0.528706281,-0.065876043,1.374672501,1.376250028,9.108104706,-3.892488003,1.355867505
14.639909888,1788577177.599158525,1788577177.595139503,1.240314221,0.533851523,0.086603378,1.350324708,1.353099021,9.145392418,-3.936475992,1.349523425
14.669909888,1788577177.633574724,1788577177.625139475,1.220082277,0.519613390,0.174230192,1.326121728,1.337518223,9.173065186,-3.969542265,1.348303556
14.699909888,1788577177.666729689,1788577177.655139685,1.190125107,0.523918019,0.237242698,1.300341440,1.321806324,9.199587822,-4.008110046,1.348246217
14.739909120,1788577177.699565887,1788577177.695138931,1.163842471,0.497107760,0.260106001,1.265561307,1.292014146,9.233996391,-4.059110165,1.351682067
14.769909120,1788577177.733500719,1788577177.725138664,1.148244322,0.469068907,0.239933803,1.240359086,1.263352244,9.258977890,-4.096953392,1.355421424
14.799909120,1788577177.765724659,1788577177.755138874,1.132226966,0.448712085,0.145082725,1.217900011,1.226511082,9.282316208,-4.139774323,1.357131600
14.839908352,1788577177.799278736,1788577177.795138121,1.108063235,0.419819336,0.000801319,1.184927175,1.184927446,9.312903404,-4.196201801,1.356130004
14.869908352,1788577177.833553076,1788577177.825137854,1.089154046,0.393143637,-0.109027548,1.157937155,1.163058667,9.335654259,-4.237960339,1.351884723
14.899908352,1788577177.865757704,1788577177.855138063,1.071481884,0.377867311,-0.145015467,1.136158938,1.145376190,9.356300354,-4.284297943,1.344071865
14.939908096,1788577177.898434877,1788577177.895137787,1.042872694,0.351370074,-0.105257756,1.100474618,1.105496984,9.383226395,-4.344440460,1.333146453
14.969908096,1788577177.932444811,1788577177.925137758,1.018680615,0.337374101,-0.034307163,1.073094347,1.073642613,9.402791977,-4.387957573,1.326581120
14.999908096,1788577177.965666533,1788577177.955137730,1.002114903,0.322982777,0.054750894,1.052878033,1.054300628,9.420067787,-4.434938431,1.320858002
15.039907328,1788577177.999228716,1788577177.995136976,0.978595219,0.306141037,0.156441165,1.025363807,1.037229374,9.442672729,-4.495289803,1.317432880
15.069907328,1788577178.033473253,1788577178.025136948,0.959071121,0.294619351,0.221861145,1.003303532,1.027540921,9.459329605,-4.538526535,1.317827225
15.099907328,1788577178.065678596,1788577178.055136919,0.946871164,0.276458613,0.232379217,0.986404768,1.013407355,9.473880768,-4.584492683,1.317933321
15.139906560,1788577178.099127531,1788577178.095136166,0.917606032,0.269692662,0.237001062,0.956417776,0.985344846,9.492945671,-4.643703938,1.318813086
15.169906560,1788577178.133385181,1788577178.125136137,0.884031691,0.270889628,0.267063209,0.924604359,0.962401152,9.506954193,-4.685962200,1.320591331
15.199906560,1788577178.166658640,1788577178.155136347,0.854104511,0.269894035,0.251733910,0.895732831,0.930433913,9.518798828,-4.729627609,1.321914434
15.239906048,1788577178.198402882,1788577178.195135832,0.823596296,0.257442432,0.146369620,0.862894817,0.875220847,9.533984184,-4.785560608,1.322332859
15.269906048,1788577178.231292486,1788577178.225135565,0.801240902,0.247600699,0.039643555,0.838625715,0.839562208,9.545059204,-4.826220512,1.319960356
15.309906048,1788577178.268363476,1788577178.265135527,0.770150669,0.232664690,-0.092154981,0.804527756,0.809788522,9.557147980,-4.881675720,1.310887218
15.339906304,1788577178.298440695,1788577178.295135975,0.751922843,0.223074799,-0.146064461,0.784315196,0.797800197,9.565941811,-4.921988010,1.301433206
15.369906304,1788577178.333395720,1788577178.325135946,0.739986897,0.208287065,-0.167286716,0.768741900,0.786733090,9.574487686,-4.961172581,1.290858984
15.399906304,1788577178.365720272,1788577178.355135918,0.732586122,0.203018919,-0.148683285,0.760196756,0.774600431,9.580975533,-5.000576019,1.278730392
15.439905280,1788577178.399037600,1788577178.395134926,0.730178403,0.193413310,-0.092705873,0.755360317,0.761027981,9.589499474,-5.051516533,1.263774276
15.469905280,1788577178.433395624,1788577178.425134897,0.737320964,0.180461629,-0.040919155,0.759084056,0.760186149,9.595918655,-5.088766098,1.254216671
15.499905280,1788577178.465793848,1788577178.455134869,0.743158778,0.181833899,0.045499995,0.765080738,0.766432505,9.600625038,-5.125957012,1.244729519
15.539904768,1788577178.498466730,1788577178.495134354,0.757522812,0.187619423,0.190211689,0.780411339,0.803257334,9.607554436,-5.174727440,1.236666918
15.569904768,1788577178.532446623,1788577178.525134325,0.765454553,0.193062046,0.286724342,0.789426138,0.839883608,9.613446236,-5.210767269,1.234351873
15.599904768,1788577178.565726519,1788577178.555134535,0.763330636,0.224161900,0.372418344,0.795564087,0.878417691,9.618221283,-5.245856762,1.232981682
15.639904000,1788577178.599130630,1788577178.595133781,0.777160537,0.248432534,0.395005912,0.815902705,0.906491531,9.625817299,-5.291864395,1.233788371
15.669904000,1788577178.633415461,1788577178.625133514,0.795155085,0.252587555,0.334676802,0.834309344,0.898933059,9.631989479,-5.326042652,1.233914256
15.709904000,1788577178.666983128,1788577178.665133476,0.811188189,0.287174284,0.196643285,0.860520394,0.882702628,9.637777328,-5.369444847,1.228219509
15.739903232,1788577178.698570251,1788577178.695132971,0.818846928,0.332275634,0.102712149,0.883695303,0.889644409,9.642324448,-5.401787281,1.220730782
15.769903232,1788577178.733383894,1788577178.725132704,0.837626500,0.354993662,0.058251283,0.909746478,0.911609492,9.647267342,-5.433996677,1.211374640
15.799903232,1788577178.766652584,1788577178.755132914,0.840509932,0.406104245,0.078828777,0.933476086,0.936798580,9.650871277,-5.463990688,1.200007796
15.839902464,1788577178.798486710,1788577178.795132160,0.858592426,0.457934844,0.144138571,0.973080303,0.983697719,9.656936646,-5.504364967,1.186746120
15.869902464,1788577178.833535194,1788577178.825132132,0.884870992,0.485589355,0.190818612,1.009353106,1.027231929,9.662551880,-5.535236359,1.178388596
15.899902464,1788577178.865672588,1788577178.855132103,0.893626039,0.533881120,0.257429386,1.040959436,1.072318253,9.666816711,-5.563858032,1.169009447
15.939901696,1788577178.897279501,1788577178.895131350,0.914538682,0.591335922,0.360017825,1.089063439,1.147027466,9.674507141,-5.603288651,1.158907413
15.969901696,1788577178.933459997,1788577178.925131321,0.942157960,0.623278706,0.420630209,1.129662766,1.205432594,9.681988716,-5.633991241,1.153421044
16.009901696,1788577178.967826605,1788577178.965131283,0.970140233,0.683440735,0.423896572,1.186702705,1.260139522,9.689947128,-5.672389984,1.145101905
16.039901184,1788577178.998693466,1788577178.995130777,0.969375194,0.770503699,0.413172131,1.238290845,1.305402400,9.697132111,-5.702382565,1.138851523
16.069901184,1788577179.033529997,1788577179.025130749,0.987333647,0.820950341,0.410551331,1.284051086,1.348087382,9.705651283,-5.733294010,1.132945418
16.099901184,1788577179.066583157,1788577179.055130959,0.992677845,0.876776754,0.356098810,1.324442064,1.371478451,9.712225914,-5.761678219,1.125809669
16.139901696,1788577179.098580599,1788577179.095131397,1.013076063,0.927989168,0.202299240,1.373858437,1.388672744,9.721456528,-5.800709248,1.113847375
16.169901696,1788577179.132369995,1788577179.125131369,1.040112486,0.953337719,0.049069573,1.410917003,1.411770029,9.728462219,-5.830658436,1.101227403
16.209901696,1788577179.168306589,1788577179.165131330,1.057860357,0.986889196,-0.153354207,1.446726933,1.454832063,9.733719826,-5.866846085,1.077402234
16.239902208,1788577179.198576212,1788577179.195132017,1.059215726,1.010226692,-0.257649395,1.463726724,1.486229839,9.737683296,-5.894742966,1.056222916
16.269902208,1788577179.233388186,1788577179.225131750,1.081093948,1.020014826,-0.271225675,1.486335887,1.510879789,9.741683006,-5.923509121,1.034093618
16.299902208,1788577179.265676022,1788577179.255131960,1.087665948,1.038635500,-0.242455362,1.503921845,1.523340251,9.741954803,-5.949921608,1.012025714
16.339901440,1788577179.299054146,1788577179.295131207,1.112432922,1.053297057,-0.204694036,1.531973138,1.545587702,9.742017746,-5.987219810,0.984334230
16.369901440,1788577179.333400488,1788577179.325130939,1.133215420,1.059313509,-0.168015567,1.551232510,1.560304948,9.742087364,-6.016656876,0.964747250
16.399901440,1788577179.366735935,1788577179.355131149,1.141081425,1.065993634,-0.100214004,1.561540665,1.564753046,9.738467216,-6.043673038,0.946283937
16.439900416,1788577179.398608208,1788577179.395130157,1.164162086,1.059353589,0.009874838,1.574008701,1.574039676,9.734250069,-6.081700325,0.926431775
16.469900416,1788577179.432423592,1788577179.425129890,1.177208369,1.053847593,0.083339175,1.580004523,1.582200907,9.731704712,-6.111563683,0.915278912
16.509900416,1788577179.467299700,1788577179.465130091,1.186250584,1.033041013,0.163520828,1.573011184,1.581487668,9.724714279,-6.147742748,0.904774964
16.539900160,1788577179.498590231,1788577179.495129824,1.189359986,1.008804640,0.199483005,1.559571729,1.572277790,9.720196724,-6.175538063,0.900266945
16.569900160,1788577179.533543110,1788577179.525129795,1.190054149,0.982505923,0.222857223,1.543226091,1.559234462,9.716100693,-6.203538895,0.898038626
16.599900160,1788577179.565661192,1788577179.555129766,1.194929255,0.946233802,0.157259680,1.524209412,1.532300538,9.709168434,-6.227582455,0.897160470
16.639899392,1788577179.599031925,1788577179.595129013,1.193295548,0.904565723,0.018680160,1.497395543,1.497512057,9.700178146,-6.259818554,0.894177854
16.669899392,1788577179.633388042,1788577179.625128984,1.186510577,0.869349022,-0.087928804,1.470909607,1.473535391,9.693660736,-6.284111023,0.889201880
16.699899392,1788577179.665386677,1788577179.655129194,1.173377002,0.817471801,-0.175595625,1.430060745,1.440801012,9.684556961,-6.303996086,0.882973850
16.739899904,1788577179.698633671,1788577179.695129633,1.133869914,0.750365954,-0.238458953,1.359672772,1.380424833,9.672679901,-6.329976559,0.873204291
16.769899904,1788577179.732369423,1788577179.725129366,1.089099144,0.698572998,-0.263583308,1.293886077,1.320461033,9.663917542,-6.348602772,0.865692437
16.809899904,1788577179.768391609,1788577179.765129566,1.013816890,0.611335343,-0.307417409,1.183873130,1.223135745,9.649466515,-6.365905762,0.856860399
16.839900160,1788577179.798641920,1788577179.795129776,0.962489401,0.534576359,-0.317997869,1.100980350,1.145984457,9.638141632,-6.377546310,0.850762963
16.869900160,1788577179.833406448,1788577179.825129747,0.897420756,0.472839674,-0.229612917,1.014367473,1.040030510,9.626490593,-6.387699127,0.846659362
16.899900160,1788577179.865589142,1788577179.855129957,0.809266910,0.410044616,-0.117913975,0.907220766,0.914851477,9.613706589,-6.390641689,0.846619904
16.939899392,1788577179.899061918,1788577179.895129204,0.709654818,0.327510260,-0.065174174,0.781583604,0.784296247,9.597017288,-6.390930653,0.850347519
16.969899392,1788577179.933509350,1788577179.925128937,0.646848086,0.271686948,-0.098652302,0.701588372,0.708490311,9.584569931,-6.389326572,0.853005171
16.999899392,1788577179.966652393,1788577179.955129147,0.580342024,0.213799324,-0.139788542,0.618471515,0.634072434,9.571137428,-6.381558418,0.854776800
17.039898880,1788577179.998433590,1788577179.995128632,0.501347935,0.140159932,-0.190618437,0.520571377,0.554373473,9.553248405,-6.369668007,0.854390860
17.069898880,1788577180.032299995,1788577180.025128365,0.449454800,0.087979527,-0.246897878,0.457984732,0.520296624,9.539840698,-6.359767914,0.851769984
17.109898880,1788577180.067313671,1788577180.065128565,0.400128113,0.012775335,-0.337002763,0.400332008,0.523293970,9.521616936,-6.339061260,0.845511615
17.139899648,1788577180.098394871,1788577180.095129251,0.380192449,-0.044461838,-0.415461267,0.382783429,0.564917001,9.507610321,-6.323270321,0.837504566
17.169899648,1788577180.133504868,1788577180.125129223,0.364908606,-0.094550325,-0.496452695,0.376958956,0.623348485,9.493269920,-6.307433128,0.826506674
17.199899648,1788577180.165667295,1788577180.155129433,0.358761060,-0.147222234,-0.559391372,0.387793610,0.680663347,9.478818893,-6.287354469,0.813112438
17.239899136,1788577180.198426723,1788577180.195128918,0.347029975,-0.208336635,-0.611530354,0.404764076,0.733350756,9.458585739,-6.260941982,0.792440474
17.269899136,1788577180.233509064,1788577180.225128651,0.335398416,-0.246803060,-0.615454518,0.416417876,0.743093609,9.442741394,-6.241549492,0.776006103
17.299899136,1788577180.266617060,1788577180.255128860,0.320834229,-0.278092591,-0.593083662,0.424582255,0.729395861,9.427142143,-6.219218731,0.759286761
17.339898368,1788577180.298430920,1788577180.295128107,0.316643202,-0.328038458,-0.520292805,0.455929981,0.691792419,9.405263901,-6.190675735,0.738944530
17.369898368,1788577180.332594633,1788577180.325127840,0.308804977,-0.362328381,-0.427844554,0.476069711,0.640072911,9.388110161,-6.170158386,0.726444066
17.399898368,1788577180.365675449,1788577180.355128050,0.279209536,-0.382000666,-0.320508221,0.473162207,0.571496276,9.372132301,-6.147643089,0.716250062
17.439897600,1788577180.399198294,1788577180.395127296,0.224615114,-0.398884216,-0.176468654,0.457777858,0.490613649,9.351322174,-6.117817402,0.708367765
17.469897600,1788577180.433423281,1788577180.425127268,0.198407441,-0.416693040,-0.112520177,0.461517716,0.475036201,9.336091042,-6.095592499,0.705922663
17.499897600,1788577180.466754675,1788577180.455127239,0.169736129,-0.426424263,-0.111691845,0.458964057,0.472359052,9.322913170,-6.071655273,0.704503655
17.539897088,1788577180.498420715,1788577180.495126724,0.143903000,-0.432991317,-0.167916746,0.456277935,0.486195010,9.305552483,-6.040194988,0.701712847
17.569897088,1788577180.533397913,1788577180.525126696,0.124015606,-0.435501922,-0.222848573,0.452815409,0.504681366,9.292688370,-6.017171860,0.697718918
17.599897088,1788577180.566640139,1788577180.555126667,0.109413917,-0.435768993,-0.232914478,0.449295026,0.506078230,9.282932281,-5.992848396,0.692964852
17.639896576,1788577180.598397255,1788577180.595126390,0.097132090,-0.441066002,-0.216934455,0.451634654,0.501033351,9.270336151,-5.960813999,0.686669886
17.669896576,1788577180.632392645,1788577180.625126123,0.094398949,-0.449594758,-0.244749500,0.459398093,0.520527546,9.261012077,-5.937371731,0.681617141
17.709896576,1788577180.667340040,1788577180.665126085,0.086882136,-0.454204445,-0.286931871,0.462439384,0.544224294,9.253112793,-5.905874729,0.673758924
17.739895808,1788577180.697244644,1788577180.695125580,0.074068055,-0.469743229,-0.292047822,0.475546820,0.558065147,9.247161865,-5.882495880,0.667182803
17.769895808,1788577180.731014490,1788577180.725125313,0.051632088,-0.502884547,-0.259612567,0.505528180,0.568293433,9.240885735,-5.858868122,0.661041498
17.799895808,1788577180.765837431,1788577180.755125523,0.026668625,-0.520954753,-0.191419681,0.521636914,0.555649678,9.238928795,-5.834843636,0.657061934
17.839895040,1788577180.799059629,1788577180.795124769,-0.005579447,-0.556572893,-0.146636707,0.556600858,0.575592598,9.236013412,-5.802258015,0.653806150
17.869895040,1788577180.831038713,1788577180.825124502,-0.020778375,-0.575790820,-0.156796571,0.576165609,0.597119731,9.233427048,-5.777672291,0.651358008
17.909895040,1788577180.867828846,1788577180.865124702,-0.040805919,-0.604876913,-0.155511539,0.606251765,0.625879415,9.236261368,-5.745682240,0.648426771
17.939894272,1788577180.899030447,1788577180.895123959,-0.057469603,-0.632703738,-0.121996355,0.635308410,0.646915672,9.237674713,-5.721574306,0.646502614
17.969894272,1788577180.931043386,1788577180.925123930,-0.080007770,-0.659392133,-0.099402699,0.664228295,0.671624988,9.238420486,-5.697206974,0.645400763
18.009894272,1788577180.967378855,1788577180.965123892,-0.103584708,-0.675619622,-0.128802556,0.683514202,0.695544221,9.246128082,-5.666225910,0.645376861
18.039893760,1788577180.998442411,1788577180.995123386,-0.109916245,-0.680077490,-0.210190870,0.688902731,0.720254937,9.251266479,-5.643362999,0.643336535
18.069893760,1788577181.033408403,1788577181.025123358,-0.103461049,-0.684280039,-0.297359544,0.692057339,0.753237053,9.255739212,-5.621074677,0.638667285
18.099893760,1788577181.065562963,1788577181.055123568,-0.089446492,-0.687682898,-0.374744043,0.693475625,0.788252206,9.265549660,-5.601059437,0.632706642
18.139892992,1788577181.099016190,1788577181.095122576,-0.069429288,-0.690521987,-0.433093123,0.694003631,0.818052989,9.277504921,-5.575150490,0.622129917
18.169892992,1788577181.133439541,1788577181.125122547,-0.057540996,-0.706627356,-0.466107118,0.708966281,0.848462747,9.285531044,-5.556109905,0.612659216
18.199892992,1788577181.166637421,1788577181.155122757,-0.021000744,-0.714071283,-0.497381102,0.714380031,0.870475036,9.298649788,-5.539734840,0.602498293
18.239892224,1788577181.198972225,1788577181.195122004,0.031289506,-0.744345389,-0.509467260,0.745002746,0.902544171,9.313999176,-5.518571377,0.587051868
18.269892224,1788577181.233581781,1788577181.225121737,0.036747870,-0.762168861,-0.432225583,0.763054243,0.876966780,9.324046135,-5.502620697,0.576272309
18.299892224,1788577181.265714407,1788577181.255121946,0.043447048,-0.774277203,-0.323857868,0.775495218,0.840402732,9.339223862,-5.488760471,0.568438470
18.339891456,1788577181.299145222,1788577181.295121193,0.053185002,-0.798595054,-0.226767452,0.800364107,0.831869089,9.357865334,-5.468822479,0.561814785
18.369891456,1788577181.333398104,1788577181.325120926,0.055711406,-0.816024901,-0.225988227,0.817924447,0.848570020,9.370662689,-5.452960014,0.558000147
18.399891456,1788577181.365596771,1788577181.355121136,0.079583454,-0.813119828,-0.274352874,0.817005129,0.861839243,9.388314247,-5.439575195,0.554248691
18.439890432,1788577181.398981571,1788577181.395120144,0.096581921,-0.809807863,-0.339792782,0.815546959,0.883502110,9.410799980,-5.420791149,0.546992004
18.469890432,1788577181.433366060,1788577181.425120115,0.095803564,-0.811222040,-0.389211206,0.816859548,0.904845227,9.426986694,-5.406090260,0.539865434
18.499890432,1788577181.466566563,1788577181.455120087,0.115990728,-0.799734529,-0.444439488,0.808102200,0.922255726,9.448473930,-5.393830299,0.532833755
18.539890688,1788577181.498506784,1788577181.495120287,0.122479083,-0.787937904,-0.528601553,0.797400318,0.956695808,9.476351738,-5.376475811,0.520679533
18.569890688,1788577181.532361984,1788577181.525120258,0.108922690,-0.779131682,-0.605362082,0.786708543,0.992659852,9.496810913,-5.362900734,0.508984208
18.609890688,1788577181.567570686,1788577181.565120220,0.104897270,-0.756834773,-0.687654271,0.764069572,1.027944895,9.530822754,-5.348689556,0.492091984
18.639889920,1788577181.598297834,1788577181.595119715,0.123954185,-0.735690900,-0.726395277,0.746060145,1.041276063,9.555512428,-5.337528229,0.477613211
18.669889920,1788577181.632459879,1788577181.625119448,0.124480306,-0.734027963,-0.742863758,0.744508158,1.051731411,9.579479218,-5.325885773,0.462274492
18.699889920,1788577181.665304899,1788577181.655119658,0.152491212,-0.721423324,-0.736518273,0.737363670,1.042192088,9.607806206,-5.317299843,0.448153377
18.739889152,1788577181.697326660,1788577181.695118904,0.181815975,-0.716574687,-0.735329437,0.739280956,1.042710752,9.644210815,-5.305023670,0.428997248
18.769889152,1788577181.733351231,1788577181.725118637,0.201588944,-0.715386146,-0.754516570,0.743246554,1.059108444,9.670235634,-5.295238972,0.413775980
18.799889152,1788577181.766734600,1788577181.755118847,0.243434175,-0.707540091,-0.771731234,0.748246736,1.074915008,9.699716568,-5.288978577,0.399015933
18.839889408,1788577181.798493147,1788577181.795119047,0.283361301,-0.692492716,-0.811183129,0.748224424,1.103565973,9.737115860,-5.279926300,0.377336681
18.869889408,1788577181.832283020,1788577181.825119019,0.305731064,-0.685138771,-0.858109695,0.750257702,1.139841598,9.763613701,-5.272652149,0.359209657
18.909889408,1788577181.868221760,1788577181.865118980,0.337641768,-0.661536590,-0.888259826,0.742719748,1.157859293,9.802003860,-5.267579079,0.334505141
18.939889664,1788577181.898449898,1788577181.895119429,0.362844556,-0.642653762,-0.891213373,0.738010860,1.157117672,9.829076767,-5.263247490,0.315198004
18.969889664,1788577181.930303812,1788577181.925119162,0.374937216,-0.632710365,-0.880887047,0.735459259,1.147546214,9.854615211,-5.258388042,0.295651257
18.999889664,1788577181.965709209,1788577181.955119371,0.389998676,-0.605783213,-0.865016692,0.720466702,1.125755811,9.881915092,-5.256964207,0.277383178
19.039888896,1788577181.999150276,1788577181.995118618,0.404964783,-0.576649680,-0.844416200,0.704642696,1.099800004,9.915737152,-5.254499912,0.253261656
19.069888896,1788577182.033402681,1788577182.025118351,0.403747380,-0.565153249,-0.800604066,0.694557515,1.059894812,9.939315796,-5.252120972,0.235852152
19.099888896,1788577182.066596270,1788577182.055118561,0.391865561,-0.552928588,-0.740248060,0.677708375,1.003621359,9.964340210,-5.252826214,0.220792785
19.139888384,1788577182.098439932,1788577182.095118046,0.374794886,-0.542010122,-0.648166591,0.658973579,0.924319267,9.995530128,-5.253171444,0.203216136
19.169888384,1788577182.132405043,1788577182.125118017,0.373387019,-0.531067243,-0.576087386,0.649192023,0.867944099,10.017078400,-5.252943039,0.192039296
19.209888384,1788577182.167474747,1788577182.165117979,0.365197995,-0.510282582,-0.454559097,0.627501306,0.774843121,10.046305656,-5.256474018,0.182160214
19.239887872,1788577182.198330164,1788577182.195117474,0.361866270,-0.492659341,-0.350780562,0.611277698,0.704774735,10.066294670,-5.258903503,0.177692473
19.269887872,1788577182.233471394,1788577182.225117445,0.362447718,-0.474362823,-0.257461998,0.596982777,0.650134691,10.084541321,-5.261099815,0.175826162
19.299887872,1788577182.265553236,1788577182.255117655,0.376338878,-0.436264084,-0.162664155,0.576157359,0.598679321,10.102993011,-5.266261578,0.177744135
19.339887104,1788577182.298453093,1788577182.295116901,0.389261128,-0.377589615,-0.031148420,0.542308162,0.543201958,10.123278618,-5.274187088,0.184424162
19.369887104,1788577182.333414555,1788577182.325116634,0.391511397,-0.368440790,0.025133541,0.537614909,0.538202086,10.136707306,-5.279823780,0.192292333
19.399887104,1788577182.365638256,1788577182.355116844,0.390068896,-0.314991319,0.000048978,0.501371394,0.501371396,10.150508881,-5.288400650,0.201348037
19.439886080,1788577182.398985386,1788577182.395115852,0.339019755,-0.300677877,0.047431203,0.453146313,0.455621882,10.167672157,-5.299955368,0.213931397
19.469886080,1788577182.433371067,1788577182.425115585,0.333242411,-0.306771676,0.031166635,0.452945213,0.454016216,10.179602623,-5.308028221,0.223056659
19.499886080,1788577182.466655731,1788577182.455115795,0.289900282,-0.292255302,0.058278581,0.411649529,0.415754408,10.193395615,-5.318191528,0.233602598
19.539886336,1788577182.498433828,1788577182.495115995,0.253285117,-0.274745084,0.041593070,0.373681966,0.375989621,10.211174011,-5.331458569,0.247503489
19.569886336,1788577182.532317400,1788577182.525115967,0.201166754,-0.259704393,0.052203018,0.328503325,0.332625299,10.224129677,-5.341146946,0.256941408
19.609886336,1788577182.567556858,1788577182.565115929,0.122010438,-0.236108620,0.049642109,0.265770253,0.270366726,10.245634079,-5.357499123,0.272000492
19.639885568,1788577182.598405838,1788577182.595115185,0.106609097,-0.218468219,0.093682452,0.243092292,0.260519220,10.261537552,-5.369494915,0.283072770
19.669885568,1788577182.632620335,1788577182.625115156,0.110717267,-0.204131441,0.089206510,0.232223941,0.248768487,10.276276588,-5.381134987,0.293664962
19.699885568,1788577182.665297985,1788577182.655115366,0.077050473,-0.200586838,0.086424682,0.214876372,0.231605442,10.292741776,-5.394465923,0.305211484
19.739884800,1788577182.698412895,1788577182.695114613,0.022561177,-0.161050220,0.100427378,0.162622815,0.191133038,10.314764977,-5.412137032,0.320245892
19.769884800,1788577182.732279539,1788577182.725114346,0.013140676,-0.144301182,0.110539566,0.144898270,0.182248468,10.330937386,-5.425277710,0.331231356
19.809884800,1788577182.767479181,1788577182.765114307,-0.011245218,-0.140668597,0.121642717,0.141117359,0.186309043,10.354681015,-5.444429398,0.346216738
19.839885056,1788577182.798446178,1788577182.795114756,-0.050023977,-0.113915660,0.124015206,0.124415336,0.175667149,10.372254372,-5.458319187,0.357149571
19.869885056,1788577182.833450556,1788577182.825114727,-0.069439179,-0.101374126,0.131069450,0.122876007,0.179659995,10.389648438,-5.472120285,0.367993981
19.899885056,1788577182.865630627,1788577182.855114698,-0.082859642,-0.091242993,0.136548814,0.123251791,0.183947228,10.408714294,-5.487073898,0.378843218
19.939884288,1788577182.899492264,1788577182.895113945,-0.121953149,-0.062599733,0.144400848,0.137081353,0.199105254,10.433605194,-5.506428719,0.392916709
19.969884288,1788577182.933507919,1788577182.925113916,-0.145667249,-0.051767104,0.150444539,0.154592304,0.215713560,10.452170372,-5.520714760,0.403221995
19.999884288,1788577182.965751886,1788577182.955113888,-0.161478976,-0.042871780,0.151724473,0.167073185,0.225685101,10.472313881,-5.536039829,0.413330764
20.039883520,1788577182.999183178,1788577182.995113134,-0.195248564,-0.013434641,0.156185930,0.195710223,0.250392764,10.498603821,-5.556057930,0.426401049
20.069883520,1788577183.033400059,1788577183.025113106,-0.219217948,-0.008559509,0.163458296,0.219384990,0.273584335,10.518234253,-5.570748329,0.435972542
20.099883520,1788577183.066711187,1788577183.055113316,-0.235764985,0.006464970,0.166206770,0.235853607,0.288533559,10.539239883,-5.586380482,0.444960356
20.139882752,1788577183.098383904,1788577183.095112562,-0.265237050,0.031576567,0.168738592,0.267110038,0.315943800,10.566699028,-5.606928825,0.456595689
20.169882752,1788577183.132418156,1788577183.125112295,-0.290625561,0.036704253,0.171567934,0.292934154,0.339478975,10.587195396,-5.621969700,0.465098828
20.209882752,1788577183.168268919,1788577183.165112257,-0.313324148,0.061036619,0.173585247,0.319213864,0.363358403,10.615867615,-5.643083572,0.475370049
20.239883008,1788577183.198446751,1788577183.195112705,-0.333558951,0.074276596,0.175019043,0.341728820,0.383940427,10.637022018,-5.658744812,0.482818335
20.269883008,1788577183.233355284,1788577183.225112677,-0.357486612,0.081181791,0.177429144,0.366588544,0.407269275,10.658117294,-5.674045086,0.490084410
20.299883008,1788577183.266813517,1788577183.255112648,-0.375681329,0.098474168,0.177578177,0.388373045,0.427045233,10.680071831,-5.690031052,0.496306539
20.339882240,1788577183.298434019,1788577183.295111895,-0.398732677,0.115651120,0.176939237,0.415166146,0.451298596,10.708929062,-5.711142063,0.504303813
20.369882240,1788577183.332374573,1788577183.325111866,-0.421263374,0.124163974,0.177357392,0.439180513,0.473640335,10.730459213,-5.726604462,0.510115206
20.409882240,1788577183.368089914,1788577183.365111828,-0.444180491,0.146904317,0.176752516,0.467843122,0.500118625,10.759925842,-5.748103142,0.516254723
20.439881984,1788577183.398416281,1788577183.395111561,-0.460160619,0.155801458,0.175727510,0.485820841,0.516625636,10.781780243,-5.764036655,0.520686984
20.469881984,1788577183.433374643,1788577183.425111532,-0.481170091,0.166104419,0.174811384,0.509033726,0.538214041,10.803565025,-5.779685974,0.524993300
20.499881984,1788577183.465506792,1788577183.455111742,-0.498299332,0.182516807,0.173249479,0.530673731,0.558238292,10.825487137,-5.795918941,0.528194427
20.539881216,1788577183.497233391,1788577183.495110989,-0.516808994,0.194936515,0.170406414,0.552351139,0.578039901,10.854470253,-5.817326069,0.532293499
20.569881216,1788577183.533362389,1788577183.525110722,-0.535302018,0.206680726,0.169635851,0.573816323,0.598365687,10.876105309,-5.833135128,0.535270452
20.599881216,1788577183.565665722,1788577183.555110931,-0.551278693,0.220890485,0.168321568,0.593886188,0.617278668,10.897499084,-5.849198341,0.537094057
20.639880448,1788577183.599107265,1788577183.595110178,-0.567820919,0.232303994,0.164679233,0.613502845,0.635220427,10.925866127,-5.870372295,0.539429069
20.669880448,1788577183.633391380,1788577183.625109911,-0.584267809,0.244801626,0.161523277,0.633479841,0.653748024,10.947060585,-5.886084557,0.541122735
20.699880448,1788577183.665205956,1788577183.655110121,-0.597948580,0.255726783,0.159669091,0.650337368,0.669651335,10.967546463,-5.901721954,0.541599989
20.739879680,1788577183.698951483,1788577183.695109367,-0.612382608,0.267073667,0.154861065,0.668087421,0.685800811,10.994781494,-5.922342777,0.542187631
20.769879680,1788577183.733374834,1788577183.725109339,-0.626032062,0.278768632,0.152696763,0.685294165,0.702099989,11.015162468,-5.937710762,0.542612493
20.799879680,1788577183.766447783,1788577183.755109310,-0.638132601,0.287073977,0.149227086,0.699731866,0.715467265,11.034577370,-5.952649117,0.541917861
20.839879936,1788577183.798455000,1788577183.795109749,-0.650361483,0.298231134,0.144315129,0.715480166,0.729889529,11.060455322,-5.972377300,0.541029811
20.869879936,1788577183.832489491,1788577183.825109482,-0.661701835,0.308109939,0.140955946,0.729918525,0.743404084,11.079855919,-5.987133980,0.540404618
20.909879936,1788577183.868952990,1788577183.865109444,-0.674148264,0.316485637,0.136033669,0.744740922,0.757062877,11.103941917,-6.005767822,0.538087726
20.939879168,1788577183.899067640,1788577183.895108938,-0.681075255,0.324955762,0.133054184,0.754625569,0.766265728,11.122058868,-6.019661903,0.536401510
20.969879168,1788577183.933400154,1788577183.925108671,-0.690129871,0.333114787,0.128848309,0.766318928,0.777075663,11.140211105,-6.033571243,0.534767210
20.999879168,1788577183.965615034,1788577183.955108881,-0.697352486,0.337643018,0.124204499,0.774792422,0.784684685,11.156593323,-6.046404362,0.532175839
21.039878400,1788577183.998975039,1788577183.995108128,-0.704705586,0.347380101,0.119296551,0.785673532,0.794678907,11.178588867,-6.063469887,0.528851092
21.069878400,1788577184.033418894,1788577184.025107861,-0.711253154,0.353132472,0.116129037,0.794092936,0.802539435,11.195185661,-6.076307774,0.526459634
21.099878400,1788577184.066654444,1788577184.055108070,-0.715679330,0.356415551,0.111091359,0.799517948,0.807199008,11.209568024,-6.087779522,0.523081362
21.139878400,1788577184.098366499,1788577184.095108032,-0.720074307,0.364784714,0.106433629,0.807201893,0.814188561,11.228973389,-6.103114605,0.518778205
21.169878400,1788577184.133513927,1788577184.125108004,-0.724572796,0.368457854,0.101941572,0.812875715,0.819242950,11.243683815,-6.114682674,0.515679538
21.199878400,1788577184.165443182,1788577184.155108213,-0.726300768,0.371302815,0.096818409,0.815707414,0.821433132,11.255908966,-6.124705791,0.511570454
21.239877632,1788577184.199001551,1788577184.195107222,-0.728158460,0.377206760,0.091984949,0.820060780,0.825203559,11.272521973,-6.138187885,0.506302297
21.269877632,1788577184.233244896,1788577184.225107193,-0.730372302,0.379918963,0.087235972,0.823275238,0.827884191,11.285201073,-6.148396015,0.502501249
21.299877632,1788577184.266620636,1788577184.255107403,-0.730046515,0.381822060,0.081270773,0.823866494,0.827865290,11.295400620,-6.156967640,0.497685760
21.339876864,1788577184.298428774,1788577184.295106649,-0.729680236,0.385413242,0.076159398,0.825213071,0.828720017,11.309393883,-6.168578625,0.491502106
21.369876864,1788577184.332368135,1788577184.325106382,-0.730189535,0.387415185,0.071818590,0.826599833,0.829713922,11.320179939,-6.177421093,0.487046152
21.409876864,1788577184.367811918,1788577184.365106344,-0.727660095,0.388818727,0.065186806,0.825026797,0.827598052,11.331282616,-6.186862946,0.480003357
21.439875584,1788577184.398407698,1788577184.395105362,-0.726057790,0.389901767,0.061126151,0.824125781,0.826389563,11.339976311,-6.194128513,0.474919915
21.469875584,1788577184.432462931,1788577184.425105095,-0.725197182,0.391249231,0.056599478,0.824006623,0.825948192,11.348981857,-6.201547623,0.470008671
21.499875584,1788577184.465577364,1788577184.455105305,-0.721441950,0.391076563,0.051439162,0.820621329,0.822231934,11.355392456,-6.207044601,0.464327186
21.539874816,1788577184.499082565,1788577184.495104551,-0.717873137,0.390481147,0.046007917,0.817200934,0.818495018,11.364520073,-6.214673996,0.457021028
21.569874816,1788577184.533382893,1788577184.525104284,-0.715947565,0.390918952,0.042073364,0.815719647,0.816803961,11.371807098,-6.220627785,0.451754838
21.599874816,1788577184.565696716,1788577184.555104494,-0.710732290,0.389809389,0.036598304,0.810611959,0.811437726,11.376390457,-6.224635601,0.445681721
21.639873792,1788577184.599027634,1788577184.595103502,-0.705645563,0.387838158,0.030619687,0.805204382,0.805786363,11.383170128,-6.230341911,0.437869042
21.669873792,1788577184.633399725,1788577184.625103474,-0.702364731,0.387725321,0.027340973,0.802276224,0.802741969,11.388757706,-6.234909534,0.432229370
21.699873792,1788577184.666570187,1788577184.655103445,-0.696064930,0.385191052,0.021574451,0.795536633,0.795829122,11.391705513,-6.237513542,0.425749600
21.739874048,1788577184.698336840,1788577184.695103645,-0.689778046,0.382215031,0.015606895,0.788595005,0.788749426,11.396373749,-6.241400719,0.417390078
21.769874048,1788577184.732235670,1788577184.725103617,-0.644490917,0.359717235,0.013550692,0.738081995,0.738206375,11.384799004,-6.234569550,0.412447721
21.809874048,1788577184.768164158,1788577184.765103579,-0.565535463,0.319371223,0.010686270,0.649483132,0.649571039,11.358640671,-6.218482971,0.406266421
21.839874048,1788577184.798371077,1788577184.795103788,-0.512786579,0.292446524,0.008857604,0.590317749,0.590384199,11.338258743,-6.205899239,0.401998818
21.869874048,1788577184.833353758,1788577184.825103521,-0.464774204,0.268462911,0.007933910,0.536737734,0.536796369,11.317327499,-6.192971706,0.398032308
21.899874048,1788577184.865674257,1788577184.855103731,-0.421674287,0.246469022,0.005723418,0.488422136,0.488455668,11.296303749,-6.179928303,0.393840224
21.939873280,1788577184.899166346,1788577184.895102978,-0.370633029,0.220236572,0.004774280,0.431129899,0.431156333,11.267703056,-6.162155628,0.388736725
21.969873280,1788577184.933383942,1788577184.925102949,-0.334853244,0.202266828,0.004803269,0.391201437,0.391230924,11.245975494,-6.148659706,0.385253161
21.999873280,1788577184.966481924,1788577184.955102921,-0.301377666,0.184274694,0.002452343,0.353250139,0.353258651,11.224403381,-6.135201931,0.381454527
22.039872512,1788577184.998394251,1788577184.995102167,-0.261925318,0.162607012,0.001128583,0.308295171,0.308297237,11.195664406,-6.117196560,0.376793623
22.069872512,1788577185.032469511,1788577185.025102139,-0.235207262,0.148413880,0.000532213,0.278117126,0.278117635,11.174300194,-6.103786469,0.373566777
22.109872512,1788577185.067317486,1788577185.065102100,-0.203952440,0.131335135,-0.000875671,0.242580946,0.242582527,11.146630287,-6.086380005,0.368946344
22.139872512,1788577185.098351002,1788577185.095102310,-0.183476473,0.119857843,-0.001643777,0.219156380,0.219162544,11.126329422,-6.073576927,0.365753382
22.169872512,1788577185.133439541,1788577185.125102043,-0.163855577,0.109340598,-0.002243419,0.196987351,0.197000126,11.106479645,-6.061043262,0.362772465
22.199872512,1788577185.165567636,1788577185.155102253,-0.145133259,0.098394395,-0.002814256,0.175342863,0.175365446,11.087317467,-6.048886299,0.359470844
22.239871744,1788577185.199053526,1788577185.195101500,-0.123564307,0.085850628,-0.002846354,0.150460853,0.150487773,11.062541008,-6.033106804,0.355417937
22.269871744,1788577185.233467817,1788577185.225101233,-0.109267787,0.077445576,-0.003335427,0.133930081,0.133971608,11.044601440,-6.021647930,0.352621585
22.299871744,1788577185.266610146,1788577185.255101442,-0.096446303,0.070178006,-0.002840614,0.119276326,0.119310147,11.027501106,-6.010685444,0.349542409
22.339871744,1788577185.298396826,1788577185.295101404,-0.082278281,0.061920007,-0.003199798,0.102974768,0.103024470,11.005655289,-5.996646881,0.345759481
22.369871744,1788577185.332271576,1788577185.325101376,-0.072736679,0.056693581,-0.003470437,0.092221400,0.092286676,10.990021706,-5.986588955,0.343147963
22.409871744,1788577185.367197514,1788577185.365101337,-0.059372579,0.048282865,-0.003763180,0.076526715,0.076619186,10.970378876,-5.973859787,0.339283168
22.439870464,1788577185.398330450,1788577185.395100117,-0.050986526,0.043058634,-0.003135106,0.066735836,0.066809436,10.956324577,-5.964719296,0.336619884
22.469870464,1788577185.433352947,1788577185.425100088,-0.043658507,0.038658070,-0.003263643,0.058313906,0.058405162,10.942868233,-5.955942154,0.334142357
22.499870464,1788577185.465693951,1788577185.455100060,-0.037159296,0.034677176,-0.003281709,0.050826369,0.050932204,10.930238724,-5.947634697,0.331336111
22.539869696,1788577185.498441935,1788577185.495099306,-0.030257125,0.030786261,-0.002989073,0.043165814,0.043269181,10.914319038,-5.937143326,0.327895612
22.569869696,1788577185.531131744,1788577185.525099277,-0.025827396,0.027852863,-0.003158012,0.037984686,0.038115737,10.903068542,-5.929721832,0.325530708
22.609869696,1788577185.567630291,1788577185.565099239,-0.018775069,0.023514981,-0.003098675,0.030090822,0.030249948,10.889158249,-5.920454025,0.321983933
22.639868928,1788577185.598251343,1788577185.595098734,-0.014592319,0.020377349,-0.002683179,0.025063362,0.025206578,10.879309654,-5.913863182,0.319536328
22.669868928,1788577185.633539438,1788577185.625098467,-0.010944691,0.018033441,-0.002515059,0.021094816,0.021244217,10.869960785,-5.907590866,0.317266673
22.699868928,1788577185.665317297,1788577185.655098677,-0.007807124,0.016141175,-0.002656596,0.017930106,0.018125844,10.861349106,-5.901744366,0.314665794
22.739868928,1788577185.698335886,1788577185.695098639,-0.004763608,0.013932562,-0.002731921,0.014724410,0.014975702,10.850596428,-5.894426346,0.311477423
22.769868928,1788577185.732314110,1788577185.725098610,-0.002933671,0.012785649,-0.002198394,0.013117898,0.013300834,10.843075752,-5.889300346,0.309284925
22.799868928,1788577185.765746355,1788577185.755098581,-0.000341090,0.011079538,-0.002711957,0.011084788,0.011411714,10.836203575,-5.884574413,0.306772381
22.839868160,1788577185.798462391,1788577185.795097828,0.002826306,0.008827459,-0.002283965,0.009268875,0.009546127,10.827583313,-5.878618717,0.303691834
22.869868160,1788577185.832303047,1788577185.825097799,0.004729762,0.007385224,-0.002562000,0.008769959,0.009136521,10.821537018,-5.874429226,0.301575810
22.909868160,1788577185.867651224,1788577185.865097761,0.006989494,0.005782888,-0.002068410,0.009071649,0.009304469,10.814359665,-5.869421482,0.298422813
22.939868160,1788577185.898468494,1788577185.895097971,0.008019765,0.005166445,-0.002015840,0.009539853,0.009750508,10.809351921,-5.865917683,0.296252638
22.969868160,1788577185.932347298,1788577185.925097704,0.008628046,0.004665909,-0.001809842,0.009808868,0.009974438,10.804661751,-5.862635136,0.294236928
23.009868160,1788577185.968043089,1788577185.965097666,0.010246695,0.003520282,-0.002014638,0.010834534,0.011020250,10.799134254,-5.858770370,0.291217566
23.039868416,1788577185.998346329,1788577185.995098114,0.011506393,0.002322774,-0.002308484,0.011738499,0.011963338,10.795248032,-5.856033802,0.289137334
23.069868416,1788577186.033375502,1788577186.025098085,0.012726930,0.001521508,-0.001804067,0.012817556,0.012943894,10.791589737,-5.853453636,0.287204981
23.099868416,1788577186.065609217,1788577186.055098057,0.013477321,0.000807000,-0.001655153,0.013501461,0.013602536,10.788365364,-5.851171017,0.285008192
23.139867392,1788577186.099002838,1788577186.095097065,0.014242451,-0.000060778,-0.001647953,0.014242581,0.014337603,10.784393311,-5.848340511,0.282320112
23.169867392,1788577186.133332968,1788577186.125097036,0.014427205,-0.000147213,-0.001440211,0.014427956,0.014499659,10.781651497,-5.846386433,0.280471295
23.199867392,1788577186.166471720,1788577186.155097008,0.014589119,-0.000531301,-0.001399761,0.014598790,0.014665743,10.779302597,-5.844713211,0.278398395
23.239866880,1788577186.198354244,1788577186.195096493,0.016025595,-0.001504581,-0.001258729,0.016096070,0.016145212,10.776352882,-5.842586517,0.275857300
23.269866880,1788577186.230976820,1788577186.225096464,0.016826956,-0.002237195,-0.001301578,0.016975025,0.017024852,10.774300575,-5.841097832,0.274102330
23.309866880,1788577186.268442392,1788577186.265096426,0.017477799,-0.002863249,-0.001508981,0.017710778,0.017774945,10.772018433,-5.839437962,0.271529168
23.339867136,1788577186.298364401,1788577186.295096874,0.017825897,-0.003335736,-0.001259997,0.018135317,0.018179035,10.770448685,-5.838285923,0.269757807
23.369867136,1788577186.332350254,1788577186.325096607,0.017848022,-0.003482262,-0.000909929,0.018184555,0.018207307,10.769001961,-5.837219238,0.268123955
23.409867136,1788577186.367185593,1788577186.365096807,0.017893083,-0.003457970,-0.000965747,0.018224159,0.018249729,10.767478943,-5.836067200,0.265754342
23.439865856,1788577186.398587465,1788577186.395095587,0.018498231,-0.004214848,-0.000899040,0.018972335,0.018993624,10.766405106,-5.835235596,0.264111131
23.469865856,1788577186.432250023,1788577186.425095320,0.019064201,-0.005074170,-0.000724927,0.019727924,0.019741238,10.765401840,-5.834450722,0.262593895
23.509865856,1788577186.467596054,1788577186.465095520,0.019628478,-0.005153225,-0.001008659,0.020293666,0.020318717,10.764393806,-5.833592892,0.260412216
23.539865856,1788577186.498637676,1788577186.495095491,0.019800987,-0.005652401,-0.000711435,0.020591958,0.020604244,10.763710976,-5.833001614,0.258906692
23.569865856,1788577186.533340693,1788577186.525095463,0.019905037,-0.005832666,-0.000467309,0.020741999,0.020747262,10.763094902,-5.832460403,0.257520765
23.599865856,1788577186.565655947,1788577186.555095434,0.019801921,-0.005839572,-0.000677049,0.020645015,0.020656114,10.762709618,-5.832046509,0.256032407
23.639864832,1788577186.599035978,1788577186.595094442,0.020087371,-0.006437828,-0.000992301,0.021093793,0.021117120,10.762254715,-5.831531048,0.254204720
23.669864832,1788577186.633357048,1788577186.625094414,0.020595263,-0.006755523,-0.000783396,0.021674916,0.021689068,10.761928558,-5.831157684,0.252951711
23.699864832,1788577186.665216208,1788577186.655094624,0.020994926,-0.007349947,-0.000892309,0.022244294,0.022262184,10.761783600,-5.830881119,0.251598656
23.739864064,1788577186.698518038,1788577186.695093870,0.021070336,-0.007516281,-0.001130898,0.022370818,0.022399385,10.761627197,-5.830541611,0.249938563
23.769864064,1788577186.732346058,1788577186.725093603,0.021106454,-0.008161715,-0.000529514,0.022629539,0.022635733,10.761546135,-5.830311775,0.248802930
23.809864064,1788577186.768308163,1788577186.765093565,0.020960038,-0.007806541,-0.000465585,0.022366610,0.022371456,10.761707306,-5.830175877,0.247189313
23.839864320,1788577186.798417807,1788577186.795094013,0.020984581,-0.008474168,-0.000979628,0.022631044,0.022652237,10.761832237,-5.830077171,0.246078506
23.869864320,1788577186.832274914,1788577186.825093985,0.021243997,-0.008532362,-0.000680213,0.022893418,0.022903521,10.761949539,-5.829979420,0.245048285
23.909864320,1788577186.868476868,1788577186.865093946,0.021573860,-0.008922276,-0.000776217,0.023346059,0.023358959,10.762355804,-5.829985619,0.243584067
23.939864320,1788577186.898430109,1788577186.895093918,0.021499498,-0.009036637,-0.000693927,0.023321433,0.023331754,10.762658119,-5.829997063,0.242582172
23.969864320,1788577186.933451891,1788577186.925093889,0.021416485,-0.008973126,-0.000407946,0.023220310,0.023223893,10.762967110,-5.830024242,0.241647512
23.999864320,1788577186.965571642,1788577186.955094099,0.021168065,-0.008859126,-0.000528157,0.022947137,0.022953215,10.763466835,-5.830157757,0.240633279
24.039863296,1788577186.998878956,1788577186.995093107,0.021075120,-0.008843273,-0.000854253,0.022855287,0.022871246,10.764118195,-5.830341339,0.239396423
24.069863296,1788577187.033530951,1788577187.025092840,0.021433713,-0.009305710,-0.000881245,0.023366649,0.023383261,10.764567375,-5.830460072,0.238541454
24.099863296,1788577187.066616058,1788577187.055093050,0.021692670,-0.009876472,-0.000185650,0.023835197,0.023835920,10.765164375,-5.830639362,0.237604693
24.139863296,1788577187.098485947,1788577187.095093012,0.021873846,-0.009677222,-0.000303995,0.023918900,0.023920831,10.765922546,-5.830872536,0.236462787
24.169863296,1788577187.132297993,1788577187.125092745,0.021612266,-0.009817449,-0.000353677,0.023737572,0.023740207,10.766474724,-5.831050873,0.235675305
24.199863296,1788577187.165624619,1788577187.155092955,0.021564910,-0.009654823,-0.000306041,0.023627546,0.023629528,10.767166138,-5.831298828,0.234817058
24.239862272,1788577187.199342251,1788577187.195091963,0.021285446,-0.009759346,-0.000350830,0.023416128,0.023418756,10.768055916,-5.831627369,0.233780265
24.269862272,1788577187.230971575,1788577187.225091934,0.021514553,-0.009827243,0.000146672,0.023652710,0.023653165,10.768677711,-5.831851482,0.233070180
24.309862272,1788577187.267355919,1788577187.265091896,0.021766505,-0.010401557,0.000262836,0.024124119,0.024125551,10.769631386,-5.832186222,0.232021540
24.339861248,1788577187.297223091,1788577187.295090914,0.022136414,-0.010400114,0.000374781,0.024457784,0.024460655,10.770302773,-5.832423687,0.231307462
24.369861248,1788577187.332311630,1788577187.325090885,0.021914557,-0.010550228,-0.000182870,0.024321906,0.024322594,10.770946503,-5.832658291,0.230653659
24.409861248,1788577187.367619038,1788577187.365090847,0.021747239,-0.010486772,0.000483995,0.024143628,0.024148479,10.771926880,-5.833006382,0.229687974
24.439859968,1788577187.398418665,1788577187.395089626,0.021662759,-0.010479835,0.000486322,0.024064539,0.024069453,10.772632599,-5.833261967,0.229031950
24.469859968,1788577187.432440281,1788577187.425089598,0.021520235,-0.010557565,0.000129596,0.023970455,0.023970805,10.773302078,-5.833504677,0.228428215
24.499859968,1788577187.465551138,1788577187.455089569,0.020898756,-0.002570130,-0.002997482,0.021056200,0.021268485,10.774053574,-5.833755970,0.227722675
24.539858944,1788577187.499088287,1788577187.495088577,0.021716002,-0.005104522,-0.001988290,0.022307866,0.022396299,10.775001526,-5.834087849,0.226901740
24.569858944,1788577187.530957222,1788577187.525088549,0.020740039,-0.013777905,0.000678168,0.024899395,0.024908629,10.775661469,-5.834294319,0.226317167
24.609858944,1788577187.567816496,1788577187.565088511,0.020205575,-0.009541207,-0.000767102,0.022345019,0.022358183,10.776642799,-5.834630013,0.225437954
24.639858176,1788577187.598410606,1788577187.595087767,0.021790282,-0.013164585,0.001968013,0.025458254,0.025534207,10.777383804,-5.834892750,0.224870309
24.669858176,1788577187.632398605,1788577187.625087738,0.021974778,-0.010214051,-0.002507669,0.024232575,0.024361981,10.778078079,-5.835134506,0.224316582
24.699858176,1788577187.665756226,1788577187.655087948,0.021213329,-0.011452895,0.000065870,0.024107553,0.024107643,10.778844833,-5.835413456,0.223704532
24.739858176,1788577187.698334217,1788577187.695087910,0.020114664,-0.011900956,0.000010472,0.023371617,0.023371620,10.779867172,-5.835797310,0.222958088
24.769858176,1788577187.732365370,1788577187.725087643,0.020970050,-0.008588133,0.000455125,0.022660517,0.022665087,10.780608177,-5.836086750,0.222453400
24.799858176,1788577187.765597582,1788577187.755087852,0.019941527,-0.012704661,-0.000308838,0.023644723,0.023646739,10.781435013,-5.836420059,0.221880347
24.839857408,1788577187.798360586,1788577187.795087099,0.017970089,-0.008182665,-0.000353695,0.019745382,0.019748549,10.782539368,-5.836899757,0.221195757
24.869857408,1788577187.832516909,1788577187.825087070,0.019503442,-0.011760892,0.000628616,0.022775048,0.022783722,10.783349991,-5.837247372,0.220748782
24.899857408,1788577187.865541697,1788577187.855087042,0.018792487,-0.007984270,-0.000118692,0.020418280,0.020418625,10.784260750,-5.837676525,0.220215052
24.939856384,1788577187.898952961,1788577187.895086050,0.017507443,-0.005939291,0.000843597,0.018487448,0.018506685,10.785465240,-5.838266373,0.219588771
24.969856384,1788577187.933191538,1788577187.925086021,0.017410739,-0.010667749,-0.000970401,0.020418979,0.020442025,10.786365509,-5.838688850,0.219153509
24.999856384,1788577187.966635704,1788577187.955085993,0.017139007,-0.005427037,0.000741917,0.017977717,0.017993019,10.787387848,-5.839247227,0.218634665
25.039855616,1788577187.998389006,1788577187.995085239,0.015007811,-0.012292406,-0.000752688,0.019399424,0.019414021,10.788754463,-5.839953423,0.217991158
25.069855616,1788577188.032311201,1788577188.025085211,0.015263628,-0.002850686,0.000605290,0.015527548,0.015539342,10.789772987,-5.840531349,0.217548683
25.109855616,1788577188.067331791,1788577188.065085173,0.013137015,-0.009524206,-0.001971914,0.016226264,0.016345645,10.791327477,-5.841434479,0.216797560
25.139854592,1788577188.098289967,1788577188.095084190,0.012716479,-0.004513381,-0.000299259,0.013493682,0.013497000,10.792495728,-5.842140675,0.216281787
25.169854592,1788577188.133360624,1788577188.125084162,0.011234105,-0.007723077,-0.001066740,0.013632719,0.013674391,10.793665886,-5.842833519,0.215778008
25.199854592,1788577188.165403843,1788577188.155084372,0.009999462,-0.005060335,-0.001022391,0.011206972,0.011253511,10.794994354,-5.843702793,0.215163231
25.239853568,1788577188.199041128,1788577188.195083380,0.008299965,-0.003135576,-0.002312791,0.008872500,0.009168984,10.796776772,-5.844869614,0.214372993
25.269853568,1788577188.233373404,1788577188.225083113,0.006774608,-0.006617395,-0.002851482,0.009470229,0.009890206,10.798121452,-5.845740795,0.213809580
25.299853568,1788577188.266616106,1788577188.255083323,0.006288424,0.000985532,-0.002416404,0.006365182,0.006808418,10.799654007,-5.846837521,0.213123381
25.339853568,1788577188.298338413,1788577188.295083284,0.002952581,-0.004913863,-0.004172773,0.005732694,0.007090544,10.801720619,-5.848268032,0.212222666
25.369853568,1788577188.332189083,1788577188.325083017,0.003226828,0.000555264,-0.004646527,0.003274254,0.005684272,10.803269386,-5.849379539,0.211581305
25.409853568,1788577188.366958618,1788577188.365083218,0.000497812,-0.001282485,-0.004937746,0.001375713,0.005125810,10.805584908,-5.851099014,0.210514620
25.439852288,1788577188.398450375,1788577188.395081997,-0.001202583,0.002030287,-0.006579171,0.002359718,0.006989547,10.807330132,-5.852410793,0.209747255
25.469852288,1788577188.433295727,1788577188.425081968,-0.002931290,0.005452816,-0.006462112,0.006190772,0.008948997,10.809092522,-5.853739262,0.208982632
25.499852288,1788577188.465637445,1788577188.455081940,-0.004002744,0.002758862,-0.008628171,0.004861407,0.009903465,10.811057091,-5.855206966,0.208066061
25.539851264,1788577188.499024868,1788577188.495080948,-0.006722382,0.007544162,-0.008552035,0.010104692,0.013237904,10.813681602,-5.857195854,0.206865489
25.569851264,1788577188.533397675,1788577188.525080919,-0.008583505,0.007068090,-0.010642268,0.011119103,0.015391307,10.815668106,-5.858685017,0.205978900
25.599851264,1788577188.566424370,1788577188.555080891,-0.009065018,0.006052524,-0.009713208,0.010899890,0.014599795,10.817838669,-5.860334396,0.204973906
25.639850240,1788577188.598318338,1788577188.595079899,-0.012837800,0.013245870,-0.012884850,0.018446197,0.022500701,10.820740700,-5.862547398,0.203637555
25.669850240,1788577188.632235765,1788577188.625079870,-0.013931754,0.007676347,-0.011716572,0.015906605,0.019755965,10.822934151,-5.864196301,0.202654704
25.709850240,1788577188.667285442,1788577188.665079832,-0.016553701,0.015594228,-0.015124525,0.022742141,0.027312199,10.826059341,-5.866525650,0.201132730
25.739850240,1788577188.698421240,1788577188.695080042,-0.017996231,0.013301188,-0.014291364,0.022378247,0.026552383,10.828397751,-5.868247986,0.200018048
25.769850240,1788577188.733403683,1788577188.725079775,-0.019421241,0.012113935,-0.013514703,0.022889562,0.026581558,10.830746651,-5.869982719,0.198909715
25.799850240,1788577188.765447378,1788577188.755079985,-0.021090246,0.019076173,-0.016589723,0.028437631,0.032922906,10.833251953,-5.871767521,0.197677284
25.839849472,1788577188.798306704,1788577188.795079231,-0.023639559,0.013664055,-0.017947638,0.027304490,0.032674958,10.836579323,-5.874090672,0.196056262
25.869849472,1788577188.832213163,1788577188.825078964,-0.025419040,0.019485016,-0.017688722,0.032028010,0.036588036,10.839077950,-5.875864983,0.194857389
25.909849472,1788577188.867550135,1788577188.865078926,-0.027391170,0.017261653,-0.018081201,0.032376548,0.037083294,10.842591286,-5.878183842,0.193174750
25.939849472,1788577188.898307562,1788577188.895079136,-0.029216974,0.015637128,-0.017810981,0.033138367,0.037621568,10.845209122,-5.879916191,0.191925287
25.969849472,1788577188.932223797,1788577188.925079107,-0.030829466,0.021686403,-0.021242367,0.037692917,0.043266548,10.847826958,-5.881658554,0.190681696
26.009849472,1788577188.967135191,1788577188.965079069,-0.032609797,0.012508792,-0.022489580,0.034926619,0.041540943,10.851439476,-5.883882523,0.189037502
26.039848960,1788577188.998337984,1788577188.995078564,-0.034353954,0.018718144,-0.021891227,0.039122411,0.044830669,10.854131699,-5.885566711,0.187819287
26.069848960,1788577189.033292532,1788577189.025078535,-0.035500361,0.020448468,-0.023057679,0.040968469,0.047011403,10.856821060,-5.887229919,0.186625600
26.099848960,1788577189.066736221,1788577189.055078745,-0.035505663,0.019142965,-0.020529920,0.040337393,0.045261273,10.859617233,-5.888846397,0.185392171
26.139848192,1788577189.098409176,1788577189.095077991,-0.038783138,0.022331423,-0.018918013,0.044752925,0.048587195,10.863320351,-5.890997887,0.183760494
26.169848192,1788577189.132337809,1788577189.125077724,-0.041596296,0.026924808,-0.027012044,0.049549945,0.056434454,10.866096497,-5.892597675,0.182526082
26.199848192,1788577189.166139841,1788577189.155077934,-0.040768464,0.021199899,-0.028734994,0.045951098,0.054195971,10.868915558,-5.894101143,0.181296110
26.239847168,1788577189.198938608,1788577189.195076942,-0.043197481,0.020418290,-0.020968961,0.047780006,0.052178792,10.872650146,-5.896131039,0.179706454
26.269847168,1788577189.231164932,1788577189.225076675,-0.045212679,0.023308623,-0.028089161,0.050867261,0.058107480,10.875439644,-5.897632122,0.178544208
26.309847168,1788577189.268375397,1788577189.265076637,-0.045854810,0.023716551,-0.023355325,0.051624979,0.056662242,10.879190445,-5.899477005,0.176857650
26.339847168,1788577189.298291445,1788577189.295076847,-0.044815133,0.023680362,-0.022293004,0.050686840,0.055372681,10.881968498,-5.900850296,0.175620154
26.369847168,1788577189.332289696,1788577189.325076818,-0.047937551,0.022989708,-0.027321451,0.053165171,0.059774552,10.884742737,-5.902221680,0.174356118
26.409847168,1788577189.367583275,1788577189.365076780,-0.049204966,0.027552969,-0.032355494,0.056394102,0.065016711,10.888486862,-5.903841972,0.172462940
26.439845888,1788577189.398331404,1788577189.395075560,-0.052348817,0.023255370,-0.028952541,0.057281854,0.064183023,10.891271591,-5.905029297,0.171056971
26.469845888,1788577189.432299376,1788577189.425075531,-0.050848713,0.026417724,-0.028126661,0.057301725,0.063832569,10.894043922,-5.906201363,0.169702128
26.509845888,1788577189.467595816,1788577189.465075493,-0.052758092,0.026803733,-0.024375697,0.059176484,0.064000242,10.897687912,-5.907694340,0.167652205
26.539844864,1788577189.498318195,1788577189.495074511,-0.053366172,0.018414499,-0.033148729,0.056453894,0.065466635,10.900403023,-5.908786774,0.166119337
26.569844864,1788577189.533454180,1788577189.525074482,-0.055970223,0.032242766,-0.034825944,0.064593048,0.073383296,10.903105736,-5.909876823,0.164584935
26.599844864,1788577189.566581964,1788577189.555074453,-0.054330027,0.015743247,-0.032151390,0.056565021,0.065063919,10.905735016,-5.910936356,0.162908673
26.639843840,1788577189.598308802,1788577189.595073462,-0.055632229,0.017729206,-0.038435409,0.058388951,0.069903865,10.909227371,-5.912347317,0.160630435
26.669843840,1788577189.633512974,1788577189.625073433,-0.057046524,0.028495482,-0.035686773,0.063767534,0.073074237,10.911817551,-5.913390160,0.158945739
26.709843840,1788577189.668450594,1788577189.665073395,-0.059467349,0.024925320,-0.040638061,0.064479742,0.076217381,10.915141106,-5.914761543,0.156468734
26.739842816,1788577189.698979855,1788577189.695072412,-0.058653702,0.029239537,-0.039427746,0.065537831,0.076483687,10.917608261,-5.915779591,0.154667526
26.769842816,1788577189.733518600,1788577189.725072384,-0.057283041,0.026748751,-0.039994076,0.063220586,0.074808880,10.920049667,-5.916787624,0.152848586
26.799842816,1788577189.766508102,1788577189.755072594,-0.057997668,0.024863796,-0.041990993,0.063102597,0.075796974,10.922316551,-5.917801380,0.150860548
26.839841792,1788577189.798234940,1788577189.795071602,-0.057473278,0.012471802,-0.040045316,0.058810913,0.071150199,10.925326347,-5.919158936,0.148233980
26.869841792,1788577189.832278490,1788577189.825071335,-0.059660558,0.019332804,-0.038414756,0.062714747,0.073544768,10.927549362,-5.920176029,0.146258235
26.909841792,1788577189.867156267,1788577189.865071297,-0.059958049,0.030493213,-0.047788564,0.067266661,0.082513942,10.930138588,-5.921387196,0.143649206
26.939841024,1788577189.898351908,1788577189.895070791,-0.057760612,0.011756725,-0.037667175,0.058944965,0.069952305,10.932072639,-5.922278881,0.141755983
26.969841024,1788577189.933225632,1788577189.925070524,-0.058731977,0.027549329,-0.045012034,0.064872265,0.078958812,10.933999062,-5.923182964,0.139817670
26.999841024,1788577189.965430260,1788577189.955070734,-0.059595979,0.021772099,-0.051187366,0.063448444,0.081522092,10.935445786,-5.923886299,0.137865007
27.039840000,1788577189.998925209,1788577189.995069742,-0.056611359,0.012151653,-0.044586645,0.057900852,0.073078571,10.937369347,-5.924703121,0.135300264
27.069840000,1788577190.030141115,1788577190.025069475,-0.056786966,0.023197209,-0.042353918,0.061342236,0.074543439,10.938792229,-5.925377846,0.133389160
27.099840000,1788577190.065714598,1788577190.055069685,-0.055250434,0.021331894,-0.049580352,0.059225503,0.077239054,10.939677238,-5.925730705,0.131555900
27.139839232,1788577190.098298311,1788577190.095068932,-0.053789247,0.002762443,-0.047095587,0.053860136,0.071546548,10.940851212,-5.926121712,0.129130304
27.169839232,1788577190.132238626,1788577190.125068903,-0.054092175,0.026572108,-0.047891094,0.060266411,0.076977901,10.941762924,-5.926507950,0.127352014
27.209839232,1788577190.168061972,1788577190.165068865,-0.048015550,0.012659649,-0.047057534,0.049656418,0.068411777,10.942179680,-5.926438332,0.124969535
27.239839232,1788577190.198378325,1788577190.195068836,-0.050101717,0.017029619,-0.036798210,0.052916821,0.064453846,10.942487717,-5.926383018,0.123172201
27.269839232,1788577190.233314037,1788577190.225068808,-0.047847547,0.018410290,-0.061843239,0.051267207,0.080330024,10.942831039,-5.926354885,0.121402338
27.299839232,1788577190.265671492,1788577190.255069017,-0.044411707,0.017649794,-0.052827066,0.047790323,0.071236324,10.942500114,-5.926012993,0.119742937
27.339838208,1788577190.298988342,1788577190.295067787,-0.041026906,0.015148682,-0.043179304,0.043734307,0.061458457,10.942009926,-5.925542355,0.117506981
27.369838208,1788577190.330252171,1788577190.325067759,-0.040558848,-0.001509720,-0.052739965,0.040586936,0.066549255,10.941703796,-5.925177574,0.115854546
27.399838208,1788577190.365629435,1788577190.355067968,-0.036381101,0.008138034,-0.048128239,0.037280184,0.060878071,10.940669060,-5.924442291,0.114258341
27.439836928,1788577190.398852587,1788577190.395066738,-0.031315058,0.003566672,-0.061629238,0.031517519,0.069220785,10.939283371,-5.923479557,0.112237856
27.469836928,1788577190.430302620,1788577190.425066471,-0.028906037,0.000566486,-0.046904074,0.028911588,0.055098748,10.938236237,-5.922817230,0.110628501
27.499836928,1788577190.465611219,1788577190.455066681,-0.027465013,0.026176037,-0.056963739,0.037940899,0.068442526,10.936559677,-5.921806335,0.109291337
27.539835904,1788577190.499025106,1788577190.495065689,-0.026732167,-0.018248675,-0.050678305,0.032367003,0.060132466,10.934487343,-5.920277119,0.107488111
27.569835904,1788577190.530151367,1788577190.525065422,-0.023447208,0.003760559,-0.050617316,0.023746860,0.055910876,10.932945251,-5.919333458,0.106125101
27.599835904,1788577190.565592527,1788577190.555065632,-0.020335927,0.007995915,-0.038215024,0.021851420,0.044021275,10.930673599,-5.918059826,0.105126753
27.639834880,1788577190.598948956,1788577190.595064640,-0.014865311,-0.003014347,-0.047349756,0.015167853,0.049719847,10.927794456,-5.916270733,0.103654057
27.669834880,1788577190.633356333,1788577190.625064373,-0.009217060,0.006608704,-0.036122590,0.011341480,0.037861202,10.925698280,-5.915038586,0.102523886
27.699834880,1788577190.666596174,1788577190.655064583,-0.008890394,-0.003889304,-0.052861805,0.009703906,0.053745104,10.922929764,-5.913527966,0.101560324
27.739834880,1788577190.698326826,1788577190.695064545,-0.001455460,-0.010742789,-0.045197135,0.010840936,0.046479101,10.919170380,-5.911525726,0.100420505
27.769834880,1788577190.732259750,1788577190.725064516,-0.004005111,-0.004077915,-0.036613252,0.005715794,0.037056721,10.916493416,-5.909961700,0.099600032
27.809834880,1788577190.767308712,1788577190.765064478,0.000859518,-0.003218425,-0.048558721,0.003331221,0.048672851,10.912420273,-5.907629967,0.098820597
27.839835136,1788577190.798324823,1788577190.795064926,0.003916541,-0.019353444,-0.045028386,0.019745761,0.049167577,10.909386635,-5.905961514,0.098066315
27.869835136,1788577190.832500935,1788577190.825064659,0.009304042,-0.001775862,-0.030666547,0.009472005,0.032096043,10.906421661,-5.904333115,0.097490259
27.899835136,1788577190.865596771,1788577190.855064869,0.008037092,-0.029451780,-0.022196448,0.030528711,0.037744993,10.903203011,-5.902493477,0.097316809
27.939834112,1788577190.898878098,1788577190.895063877,0.012919233,-0.025103966,-0.032430090,0.028233237,0.042997981,10.898999214,-5.900036812,0.096990436
27.969834112,1788577190.933411837,1788577190.925063610,0.014267553,-0.027460628,-0.032580226,0.030945907,0.044934622,10.895933151,-5.898106575,0.096704006
27.999834112,1788577190.965401411,1788577190.955063820,0.017455317,-0.027971208,-0.028901323,0.032970845,0.043844761,10.892694473,-5.896017551,0.096782684
28.039833088,1788577190.998948812,1788577190.995062828,0.019823600,-0.039359783,-0.006889267,0.044070031,0.044605265,10.888606071,-5.893101692,0.097281963
28.069833088,1788577191.030198574,1788577191.025062561,0.017372232,-0.036504891,0.004450762,0.040427732,0.040671990,10.885711670,-5.890820980,0.097932063
28.109833088,1788577191.067252636,1788577191.065062761,0.018961898,-0.041440577,0.012963354,0.045572744,0.047380625,10.881900787,-5.887680054,0.100007109
28.139833088,1788577191.098367214,1788577191.095062733,0.020825220,-0.036492722,0.055231734,0.042016765,0.069397067,10.879135132,-5.885368347,0.102456376
28.169833088,1788577191.133369923,1788577191.125062704,0.026300156,-0.043418901,0.098555112,0.050763167,0.110860314,10.876378059,-5.883105278,0.105836287
28.199833088,1788577191.165437937,1788577191.155062675,0.023858953,-0.039008381,0.123343006,0.045726398,0.131546191,10.873658180,-5.880721569,0.110456161
28.239832064,1788577191.198910952,1788577191.195061684,0.022971288,-0.037463934,0.162287324,0.043945721,0.168132096,10.870256424,-5.877759933,0.117970899
28.269832064,1788577191.233415604,1788577191.225061655,0.017330810,-0.035759607,0.180300893,0.039737973,0.184628054,10.867887497,-5.875606537,0.124484614
28.299832064,1788577191.266711712,1788577191.255061865,0.020889220,-0.042480315,0.207152627,0.047338533,0.212492700,10.865782738,-5.873494148,0.132073939
28.339832064,1788577191.298446655,1788577191.295061827,0.017132107,-0.036605885,0.240882460,0.040416580,0.244249584,10.863203049,-5.870860577,0.143061653
28.369832064,1788577191.332322598,1788577191.325061560,0.016431598,-0.034138549,0.254075544,0.037887174,0.256884838,10.861400604,-5.868952751,0.151878327
28.399832064,1788577191.365572691,1788577191.355061769,0.014471720,-0.034084277,0.277328964,0.037029294,0.279790141,10.859972000,-5.867214680,0.161827102
28.439831040,1788577191.397207022,1788577191.395060778,0.007804350,-0.027520216,0.317143316,0.028605422,0.318430766,10.858436584,-5.865148544,0.175912589
28.469831040,1788577191.433151484,1788577191.425060511,0.006262872,-0.032024443,0.317389133,0.032631098,0.319062142,10.857446671,-5.863737583,0.187179342
28.499831040,1788577191.465597868,1788577191.455060720,0.004056542,-0.023096849,0.347987188,0.023450372,0.348776437,10.856929779,-5.862647057,0.199568480
28.539830016,1788577191.498907566,1788577191.495059729,0.000084449,-0.018668339,0.362331289,0.018668530,0.362811903,10.856405258,-5.861612320,0.216986507
28.569830016,1788577191.533381939,1788577191.525059700,-0.003134543,-0.013728368,0.380594627,0.014081671,0.380855043,10.856199265,-5.860925198,0.230390787
28.599830016,1788577191.566456556,1788577191.555059671,-0.009181734,-0.018605132,0.390405187,0.020747413,0.390956091,10.856574059,-5.860489845,0.244448602
28.639828992,1788577191.598416090,1788577191.595058680,-0.014751247,-0.013318985,0.395307797,0.019874472,0.395807086,10.857352257,-5.860003471,0.263276219
28.669828992,1788577191.632365942,1788577191.625058651,-0.019842153,-0.017062291,0.391284267,0.026169311,0.392158400,10.858167648,-5.859717846,0.277390003
28.699828992,1788577191.665278196,1788577191.655058622,-0.022332770,-0.018244575,0.405617060,0.028837773,0.406640893,10.859696388,-5.859739304,0.291950941
28.739827968,1788577191.698297024,1788577191.695057631,-0.030444387,-0.023006501,0.447858729,0.038159662,0.449481480,10.861910820,-5.859803200,0.312318563
28.769827968,1788577191.733330488,1788577191.725057602,-0.034768630,-0.016161456,0.477849030,0.038341235,0.479384757,10.863724709,-5.859880447,0.328557700
28.799827968,1788577191.765359163,1788577191.755057573,-0.040995613,-0.013898640,0.495971685,0.043287556,0.497857133,10.866372108,-5.860452175,0.345938474
28.839826944,1788577191.798370600,1788577191.795056581,-0.051027317,-0.012791272,0.510254916,0.052606118,0.512959533,10.870139122,-5.861299992,0.369499743
28.869826944,1788577191.832213163,1788577191.825056553,-0.055930339,-0.015912364,0.514731706,0.058149859,0.518005922,10.873133659,-5.861949921,0.387144834
28.909826944,1788577191.867706776,1788577191.865056515,-0.061279349,-0.012618503,0.520880252,0.062565048,0.524624268,10.878335953,-5.863506794,0.411119521
28.939826688,1788577191.898350239,1788577191.895056486,-0.067520480,-0.010990540,0.527586770,0.068409116,0.532003390,10.882300377,-5.864649773,0.429169029
28.969826688,1788577191.932200909,1788577191.925056219,-0.070952061,-0.019199810,0.523492990,0.073503929,0.528628166,10.886297226,-5.865729809,0.447273642
29.009826688,1788577191.967267990,1788577191.965056181,-0.075402143,-0.012273445,0.536086425,0.076394507,0.541502332,10.892855644,-5.867835999,0.471840918
29.039826176,1788577191.998265505,1788577191.995055914,-0.083203733,-0.010992563,0.532555819,0.083926740,0.539128369,10.897832870,-5.869437218,0.490272373
29.069826176,1788577192.032526255,1788577192.025055647,-0.085515761,-0.011054186,0.535260289,0.086227260,0.542161154,10.902813911,-5.871028423,0.508794963
29.099826176,1788577192.065583944,1788577192.055055857,-0.087585676,-0.005667175,0.545543111,0.087768830,0.552558281,10.908668518,-5.873016834,0.527528942
29.139825408,1788577192.098995686,1788577192.095055103,-0.092189100,-0.007348435,0.529083335,0.092481509,0.537105208,10.916382790,-5.875598907,0.552195191
29.169825408,1788577192.133314610,1788577192.125055075,-0.093033773,-0.008731600,0.519200306,0.093442623,0.527541924,10.922114372,-5.877531528,0.570097327
29.199825408,1788577192.166437387,1788577192.155055046,-0.098726447,-0.003340409,0.496746124,0.098782942,0.506472883,10.928584099,-5.879800320,0.587472081
29.239824640,1788577192.198320627,1788577192.195054293,-0.101152831,-0.002277750,0.479411544,0.101178473,0.489971950,10.937150955,-5.882776737,0.609606445
29.269824640,1788577192.230091572,1788577192.225054264,-0.101537087,-0.003801014,0.466558306,0.101608207,0.477494378,10.943449020,-5.884898663,0.625690758
29.299824640,1788577192.265435219,1788577192.255054235,-0.101547160,-0.002680930,0.473299463,0.101582543,0.484077881,10.950131416,-5.887312889,0.641392112
29.339823616,1788577192.298298597,1788577192.295053244,-0.101170694,-0.000826361,0.480976675,0.101174069,0.491502547,10.958795547,-5.890401363,0.662426829
29.369823616,1788577192.333329678,1788577192.325053215,-0.103233816,-0.002444345,0.491264326,0.103262750,0.501999835,10.965101242,-5.892648220,0.678509176
29.399823616,1788577192.366737843,1788577192.355053425,-0.101995693,0.002388240,0.510606578,0.102023649,0.520699436,10.971489906,-5.895127773,0.694812477
29.439822592,1788577192.398286819,1788577192.395052195,-0.100701234,-0.000394543,0.509542222,0.100702007,0.519397892,10.979731560,-5.898299694,0.716628611
29.469822592,1788577192.432160616,1788577192.425052166,-0.098814076,0.005692088,0.502256891,0.098977883,0.511916601,10.985627174,-5.900639534,0.732905269
29.509822592,1788577192.467556238,1788577192.465052128,-0.095407991,0.002331516,0.474204128,0.095436475,0.483712389,10.993364334,-5.904031277,0.753568351
29.539822848,1788577192.498293400,1788577192.495052576,-0.092933379,0.004103003,0.431164769,0.093023909,0.441085599,10.998939514,-5.906471252,0.767992616
29.569822848,1788577192.533246756,1788577192.525052309,-0.090339211,0.001964352,0.398610166,0.090360565,0.408723741,11.004332542,-5.908809662,0.781223178
29.599822848,1788577192.565454483,1788577192.555052519,-0.085970593,0.005229324,0.358421394,0.086129488,0.368624720,11.009481430,-5.911301613,0.793224096
29.639822080,1788577192.599007845,1788577192.595051765,-0.080605111,0.005802997,0.329470188,0.080813729,0.339236590,11.015948296,-5.914464951,0.807944775
29.669822080,1788577192.633321524,1788577192.625051737,-0.073432108,-0.002280044,0.320410576,0.073467497,0.328725433,11.020492554,-5.916704655,0.818352580
29.699822080,1788577192.665419102,1788577192.655051708,-0.069670442,0.004063645,0.294643092,0.069788851,0.302795369,11.024664879,-5.919010162,0.827985048
29.739821312,1788577192.699021339,1788577192.695050955,-0.063762023,0.001456667,0.253954828,0.063778660,0.261841120,11.029863358,-5.921935558,0.839627326
29.769821312,1788577192.733323097,1788577192.725050926,-0.057557299,0.000239174,0.221756277,0.057557796,0.229104226,11.033479691,-5.924007893,0.847062230
29.799821312,1788577192.766487360,1788577192.755050898,-0.052676725,0.006754874,0.169967978,0.053108056,0.178071837,11.036738396,-5.926125526,0.852829516
29.839820544,1788577192.798360825,1788577192.795050144,-0.042802193,0.001605998,0.098205555,0.042832312,0.107139806,11.040704727,-5.928799152,0.858059883
29.869820544,1788577192.832289219,1788577192.825050116,-0.037397945,0.005746695,0.022749846,0.037836897,0.044149590,11.043449402,-5.930699348,0.859733701
29.909820544,1788577192.867161274,1788577192.865050077,-0.026443531,0.001707086,-0.072742871,0.026498575,0.077418988,11.046363831,-5.933095455,0.857968569
29.939820544,1788577192.898259640,1788577192.895050287,-0.020957838,0.001269640,-0.162558616,0.020996260,0.163908958,11.048354149,-5.934781075,0.853722453
29.969820544,1788577192.932384968,1788577192.925050020,-0.012362068,-0.002881271,-0.239864339,0.012693402,0.240199966,11.050200462,-5.936356544,0.846983373
30.009820544,1788577192.966885805,1788577192.965050220,-0.003260951,-0.001554141,-0.347401406,0.003612361,0.347420187,11.051712036,-5.938141346,0.833583117
30.039819776,1788577192.998339891,1788577192.995049477,0.002728793,-0.012680594,-0.404467798,0.012970882,0.404675727,11.052619934,-5.939341545,0.821418703
30.069819776,1788577193.033402443,1788577193.025049448,0.011849354,-0.004143167,-0.437387578,0.012552809,0.437567671,11.053330421,-5.940416813,0.807767212
30.099819776,1788577193.066586971,1788577193.055049419,0.018904683,-0.012408051,-0.472932441,0.022612978,0.473472745,11.053158760,-5.941237926,0.791965663
30.139819776,1788577193.098264933,1788577193.095049381,0.027055496,-0.009592874,-0.507833960,0.028705802,0.508644625,11.052622795,-5.942188263,0.769752026
30.169819776,1788577193.132188320,1788577193.125049353,0.035825762,-0.010896475,-0.509407857,0.037446207,0.510782324,11.052011490,-5.942748547,0.752567112
30.209819776,1788577193.168152571,1788577193.165049314,0.044934366,-0.015292579,-0.514681783,0.047465358,0.516865841,11.049798965,-5.942906380,0.728036821
30.239819776,1788577193.198331356,1788577193.195049524,0.055623004,-0.025594181,-0.499409548,0.061228920,0.503148961,11.047863007,-5.942794323,0.709963620
30.269819776,1788577193.233296633,1788577193.225049257,0.060675324,-0.021980337,-0.469893075,0.064533946,0.474303840,11.045674324,-5.942584991,0.692525029
30.299819776,1788577193.265619993,1788577193.255049467,0.066687985,-0.018467050,-0.443256285,0.069197683,0.448625070,11.042479515,-5.941950798,0.674954593
30.339819008,1788577193.298887968,1788577193.295048714,0.073955746,-0.027271520,-0.405925119,0.078823779,0.413507425,11.037974358,-5.940941811,0.653064311
30.369819008,1788577193.333412647,1788577193.325048685,0.078545570,-0.028312922,-0.371369175,0.083492683,0.380639057,11.034408569,-5.940063953,0.637935460
30.399819008,1788577193.366410971,1788577193.355048656,0.085450681,-0.037264635,-0.336187200,0.093222701,0.348872907,11.029815674,-5.938715458,0.623122394
30.439817728,1788577193.398174286,1788577193.395047426,0.089832151,-0.034221529,-0.299886363,0.096129748,0.314917067,11.023511887,-5.936859131,0.604955792
30.469817728,1788577193.432297707,1788577193.425047398,0.091656008,-0.035357921,-0.281844914,0.098239536,0.298475396,11.018728256,-5.935373783,0.592439592
30.509817728,1788577193.467050314,1788577193.465047359,0.099051967,-0.034781080,-0.245674645,0.104981026,0.267164831,11.011219025,-5.932894230,0.576389194
30.539816960,1788577193.498295784,1788577193.495046616,0.104344908,-0.040122627,-0.221387943,0.111793045,0.248012714,11.005502701,-5.930934906,0.565429986
30.569816960,1788577193.532180786,1788577193.525046587,0.104956373,-0.041599064,-0.201920082,0.112899611,0.231339668,10.999783516,-5.928969860,0.555374205
30.599816960,1788577193.565665483,1788577193.555046558,0.109610968,-0.041838308,-0.176450233,0.117324373,0.211895477,10.993474960,-5.926773548,0.545718491
30.639816192,1788577193.598915577,1788577193.595045805,0.112446263,-0.044205934,-0.157391396,0.120823536,0.198419702,10.985112190,-5.923833370,0.533870280
30.669816192,1788577193.633397579,1788577193.625045776,0.112491983,-0.035768820,-0.164437267,0.118041750,0.202419044,10.978913307,-5.921641350,0.525359511
30.699816192,1788577193.665306091,1788577193.655045986,0.113182841,-0.052785838,-0.181684783,0.124886749,0.220467822,10.972440720,-5.919371605,0.516665339
30.739816192,1788577193.698419809,1788577193.695045948,0.113599764,-0.042073475,-0.183663236,0.121140760,0.220016518,10.963988304,-5.916368961,0.505002856
30.769816192,1788577193.732191086,1788577193.725045681,0.113267166,-0.049600639,-0.172786895,0.123651422,0.212473493,10.957782745,-5.914031506,0.496529937
30.809816192,1788577193.768457413,1788577193.765045643,0.113918810,-0.041974482,-0.145725055,0.121405735,0.189671147,10.949600220,-5.911044121,0.486058921
30.839814912,1788577193.797210693,1788577193.795044661,0.111731401,-0.043787897,-0.117569377,0.120005357,0.167999536,10.943638802,-5.908884048,0.479204893
30.869814912,1788577193.833292961,1788577193.825044394,0.111432469,-0.047055117,-0.077144316,0.120960238,0.143466458,10.937820435,-5.906722546,0.473605573
30.899814912,1788577193.865562201,1788577193.855044603,0.109325955,-0.042417356,-0.032643952,0.117266349,0.121725199,10.932281494,-5.904704571,0.469411939
30.939814144,1788577193.898824215,1788577193.895043850,0.105401686,-0.037815116,0.011075184,0.111979902,0.112526255,10.925155640,-5.902113438,0.465875089
30.969814144,1788577193.933320999,1788577193.925043821,0.102449416,-0.042435588,0.043441828,0.110890315,0.119095988,10.920044899,-5.900240421,0.464418024
30.999814144,1788577193.966406822,1788577193.955043793,0.098816965,-0.036686247,0.065109474,0.105407179,0.123894782,10.915530205,-5.898589611,0.464078128
31.039813376,1788577193.998346090,1788577193.995043039,0.095617745,-0.035045986,0.089188099,0.101837981,0.135371678,10.909787178,-5.896440029,0.464665025
31.069813376,1788577194.033342361,1788577194.025043011,0.091154406,-0.039978375,0.089849940,0.099535904,0.134091043,10.905694008,-5.894852161,0.465544879
31.099813376,1788577194.065601110,1788577194.055042982,0.083941833,-0.039445482,0.092771818,0.092747924,0.131182268,10.902516365,-5.893637657,0.467202276
31.139812352,1788577194.098479033,1788577194.095041990,0.079834635,-0.030751400,0.105209464,0.085552426,0.135603278,10.898594856,-5.892052650,0.470020473
31.169812352,1788577194.133307695,1788577194.125041962,0.075534711,-0.035627973,0.106256164,0.083515538,0.135148872,10.895854950,-5.890924931,0.472298473
31.199812352,1788577194.165568829,1788577194.155041933,0.069335355,-0.035845470,0.103165175,0.078053118,0.129365152,10.894159317,-5.890295506,0.474995494
31.239811584,1788577194.198927641,1788577194.195041180,0.061693820,-0.034131410,0.079671322,0.070505890,0.106388910,10.892231941,-5.889483929,0.478086948
31.269811584,1788577194.230975389,1788577194.225041151,0.058196150,-0.029600779,0.080560879,0.065291638,0.103696929,10.890962601,-5.888913631,0.480211139
31.309811584,1788577194.267452717,1788577194.265041113,0.049570468,-0.026719580,0.070939329,0.056313118,0.090573482,10.890821457,-5.888864994,0.483463109
31.339811584,1788577194.298507452,1788577194.295041323,0.043179014,-0.024591369,0.062313595,0.049690670,0.079700356,10.890907288,-5.888921738,0.485674232
31.369811584,1788577194.333320141,1788577194.325041056,0.038607243,-0.023060046,0.024475147,0.044969823,0.051198807,10.891130447,-5.888978958,0.487410039
31.399811584,1788577194.365602493,1788577194.355041265,0.032636158,-0.023497994,0.003898373,0.040215351,0.040403859,10.892509460,-5.889578819,0.488921463
31.439810560,1788577194.399040461,1788577194.395040274,0.026364337,-0.019275498,-0.048225656,0.032659196,0.058243772,10.894544601,-5.890422821,0.489281714
31.469810560,1788577194.433352947,1788577194.425040245,0.021860834,-0.020629437,-0.100629021,0.030057773,0.105022234,10.896204948,-5.891100883,0.488042116
31.499810560,1788577194.465580225,1788577194.455040216,0.017552153,-0.016662548,-0.138110272,0.024201624,0.140214714,10.898885727,-5.892356396,0.486032546
31.539809536,1788577194.499010324,1788577194.495039225,0.010306821,-0.017135752,-0.185341628,0.019996613,0.186417230,10.902591705,-5.894123077,0.481530160
31.569809536,1788577194.533270121,1788577194.525039196,0.007914298,-0.001967053,-0.196684862,0.008155085,0.196853855,10.905414581,-5.895508766,0.477173984
31.599809536,1788577194.566527128,1788577194.555039167,0.004007314,-0.012035103,-0.210075713,0.012684726,0.210458328,10.909047127,-5.897413254,0.472742260
31.639808768,1788577194.598495007,1788577194.595038414,0.001031305,-0.005592056,-0.203200368,0.005686359,0.203279916,10.913840294,-5.899885654,0.466655821
31.669808768,1788577194.632204533,1788577194.625038385,-0.001162843,-0.008078504,-0.193507231,0.008161767,0.193679278,10.917366028,-5.901659489,0.462333441
31.709808768,1788577194.667231798,1788577194.665038347,-0.004894746,-0.009096942,-0.180679066,0.010330193,0.180974136,10.922969818,-5.904537201,0.457187325
31.739808768,1788577194.698296547,1788577194.695038557,-0.006204498,0.001730911,-0.157866672,0.006441417,0.157998032,10.927074432,-5.906685829,0.453727394
31.769808768,1788577194.730275154,1788577194.725038290,-0.006766836,-0.008244295,-0.153808747,0.010665762,0.154178108,10.931043625,-5.908751965,0.450637937
31.799808768,1788577194.765611172,1788577194.755038500,-0.009736103,-0.004307433,-0.139036064,0.010646393,0.139443081,10.935520172,-5.911103725,0.448079169
31.839808000,1788577194.798923969,1788577194.795037746,-0.007814990,0.003257024,-0.119983955,0.008466539,0.120282300,10.941269875,-5.914102554,0.445169568
31.869808000,1788577194.830042362,1788577194.825037479,-0.009669165,-0.006475240,-0.120825276,0.011637073,0.121384385,10.945392609,-5.916264057,0.443218768
31.899808000,1788577194.865625143,1788577194.855037689,-0.010066321,-0.005373597,-0.106865215,0.011410800,0.107472696,10.949885368,-5.918686390,0.441769093
31.939806976,1788577194.898875713,1788577194.895036697,-0.008353096,-0.004760327,-0.096697264,0.009614309,0.097174049,10.955577850,-5.921786785,0.440107256
31.969806976,1788577194.931068659,1788577194.925036430,-0.008075875,-0.004268975,-0.091645013,0.009134763,0.092099144,10.959647179,-5.923959255,0.438918501
32.009806976,1788577194.967249870,1788577194.965036631,-0.001357004,-0.000244653,-0.077706958,0.001378882,0.077719191,10.965202332,-5.927110195,0.437790722
32.039806208,1788577194.998233318,1788577194.995035887,0.002741067,-0.005265033,-0.074132661,0.005935825,0.074369923,10.969000816,-5.929358006,0.437070280
32.069806208,1788577195.032374620,1788577195.025035858,0.006942171,-0.004082343,-0.080150104,0.008053525,0.080553699,10.972484589,-5.931436539,0.436435908
32.099806208,1788577195.065616608,1788577195.055035830,0.015737333,-0.000556681,-0.066728692,0.015747175,0.068561592,10.975861549,-5.933814049,0.436136246
32.139805184,1788577195.098890066,1788577195.095034838,0.024228014,-0.000075485,-0.067032889,0.024228131,0.071276999,10.979763031,-5.936821461,0.435806125
32.169805184,1788577195.130136013,1788577195.125034809,0.033264417,-0.001825252,-0.062358073,0.033314456,0.070699238,10.982223511,-5.938898087,0.435528547
32.199805184,1788577195.165282011,1788577195.155034781,0.039742356,0.002219200,-0.057912867,0.039804268,0.070272896,10.984472275,-5.941022396,0.435599923
32.239804160,1788577195.198864698,1788577195.195033789,0.050398775,-0.005604773,-0.061465970,0.050709467,0.079683847,10.986875534,-5.943610191,0.435629904
32.269804160,1788577195.230093479,1788577195.225033760,0.062262225,-0.003543512,-0.044940652,0.062362979,0.076868741,10.988149643,-5.945385933,0.435704291
32.299804160,1788577195.265393972,1788577195.255033970,0.070953720,-0.009237231,-0.047537552,0.071552476,0.085904456,10.989085197,-5.947122097,0.435858965
32.339803136,1788577195.298994541,1788577195.295032740,0.082625847,-0.009013209,-0.038479746,0.083115994,0.091591263,10.989702225,-5.949222565,0.435934901
32.369803136,1788577195.333271980,1788577195.325032711,0.091963829,-0.006082949,-0.040780129,0.092164788,0.100783764,10.989689827,-5.950623512,0.436003447
32.399803136,1788577195.365560055,1788577195.355032921,0.101301130,-0.017287470,-0.049225193,0.102765634,0.113946896,10.989242554,-5.951999187,0.436121881
32.439801856,1788577195.398891687,1788577195.395031452,0.112919018,-0.020755271,-0.044542045,0.114810652,0.123148202,10.988002777,-5.953540325,0.436241984
32.469801856,1788577195.430900812,1788577195.425031424,0.120347937,-0.013778107,-0.045135581,0.121134067,0.129269806,10.986639977,-5.954520226,0.436159939
32.499801856,1788577195.465074539,1788577195.455031633,0.129750119,-0.014310659,-0.040561517,0.130536923,0.136693544,10.984787941,-5.955498695,0.436116517
32.539801856,1788577195.498209238,1788577195.495031595,0.139910335,-0.020082811,-0.041511601,0.141344335,0.147314066,10.981763840,-5.956509113,0.435985863
32.569801856,1788577195.532274723,1788577195.525031328,0.148044626,-0.021344514,-0.032694923,0.149575397,0.153107013,10.979107857,-5.957044125,0.435847372
32.609801856,1788577195.567179918,1788577195.565031528,0.155803947,-0.026631487,-0.043972991,0.158063614,0.164066237,10.974891663,-5.957637310,0.435523689
32.639800832,1788577195.598341465,1788577195.595030546,0.164836340,-0.024096166,-0.034409334,0.166588247,0.170104810,10.971359253,-5.957882404,0.435163110
32.669800832,1788577195.633291006,1788577195.625030518,0.173587178,-0.027123787,-0.037653935,0.175693506,0.179683129,10.967473030,-5.957960129,0.434844881
32.709800832,1788577195.667637825,1788577195.665030479,0.182035201,-0.026563707,-0.035732076,0.183963162,0.187401244,10.961683273,-5.957880497,0.434273750
32.739800064,1788577195.698312759,1788577195.695029736,0.185168045,-0.032022968,-0.035618236,0.187916671,0.191262474,10.957100868,-5.957710266,0.433848768
32.769800064,1788577195.732294083,1788577195.725029707,0.184288158,-0.030899301,-0.039457631,0.186860622,0.190981142,10.952403069,-5.957515240,0.433322430
32.799800064,1788577195.765375137,1788577195.755029678,0.187128890,-0.025755795,-0.033647949,0.188893045,0.191866534,10.947520256,-5.957236290,0.432695717
32.839799040,1788577195.798334837,1788577195.795028687,0.188104749,-0.017570512,-0.033464455,0.188923581,0.191864507,10.940832138,-5.956858635,0.431960493
32.869799040,1788577195.832170486,1788577195.825028658,0.187672746,-0.023911189,-0.037082187,0.189189864,0.192789764,10.935728073,-5.956583023,0.431350172
32.909799040,1788577195.867086649,1788577195.865028620,0.190276075,-0.017361459,-0.024446765,0.191066494,0.192624114,10.928649902,-5.956239223,0.430518389
32.939798016,1788577195.898276567,1788577195.895027637,0.188359035,-0.019210008,-0.014125427,0.189336078,0.189862261,10.923237801,-5.955918312,0.430222303
32.969798016,1788577195.932231665,1788577195.925027609,0.190160519,-0.010542436,0.023010385,0.190452529,0.191837545,10.917752266,-5.955665112,0.430526525
33.009798016,1788577195.967590332,1788577195.965027571,0.185928874,-0.010499007,0.060759792,0.186225066,0.195886517,10.910363197,-5.955314159,0.432007104
33.039796992,1788577195.998258114,1788577195.995026588,0.186155843,-0.011202923,0.112996079,0.186492636,0.218054161,10.904806137,-5.955030441,0.434556931
33.069796992,1788577196.032278538,1788577196.025026560,0.186081111,-0.006452612,0.164448691,0.186192954,0.248417367,10.899169922,-5.954762459,0.438657016
33.099796992,1788577196.065654516,1788577196.055026770,0.186609389,-0.008809089,0.214834261,0.186817195,0.284700586,10.893406868,-5.954435825,0.444258958
33.139796224,1788577196.098297834,1788577196.095026016,0.184168202,-0.004571372,0.274546086,0.184224928,0.330627249,10.885679245,-5.954008579,0.453805000
33.169796224,1788577196.132256269,1788577196.125025749,0.182409236,-0.005530764,0.302861213,0.182493065,0.353593881,10.879870415,-5.953684807,0.462260485
33.209796224,1788577196.167973995,1788577196.165025711,0.180284872,0.000637482,0.324386448,0.180285999,0.371119400,10.872131348,-5.953122139,0.474906176
33.239796992,1788577196.198988199,1788577196.195026636,0.179199902,-0.006656195,0.338324905,0.179323478,0.382910761,10.866373062,-5.952714920,0.484894246
33.269796992,1788577196.233298779,1788577196.225026608,0.177277177,-0.002430655,0.339455437,0.177293840,0.382966185,10.860654831,-5.952275276,0.495149463
33.299796992,1788577196.266730785,1788577196.255026579,0.175362201,-0.009496645,0.342099304,0.175619156,0.384543914,10.855052948,-5.951840401,0.505742192
33.339795968,1788577196.298366547,1788577196.295025587,0.172557484,-0.005441923,0.316262542,0.172643274,0.360316105,10.847661972,-5.951264381,0.519458234
33.369795968,1788577196.332273722,1788577196.325025558,0.171984106,0.001342998,0.306645108,0.171989349,0.351584355,10.842184067,-5.950833321,0.529179394
33.409795968,1788577196.367655993,1788577196.365025520,0.170170686,-0.002975132,0.273328515,0.170196691,0.321986631,10.835161209,-5.950235844,0.541454971
33.439794944,1788577196.398255825,1788577196.395024538,0.168613240,-0.008261668,0.244753448,0.168815520,0.297326302,10.829937935,-5.949791908,0.549729943
33.469794944,1788577196.432156086,1788577196.425024509,0.167045171,-0.005514787,0.220828626,0.167136178,0.276947258,10.824754715,-5.949288368,0.557281077
33.509794944,1788577196.467088461,1788577196.465024471,0.166048387,-0.010649062,0.212211620,0.166389511,0.269665053,10.818020821,-5.948700428,0.566959858
33.539793920,1788577196.498333693,1788577196.495023727,0.165860059,-0.007484574,0.215766763,0.166028847,0.272251491,10.812955856,-5.948223114,0.574061394
33.569793920,1788577196.533347845,1788577196.525023460,0.166261258,-0.004249193,0.222250290,0.166315548,0.277589720,10.807880402,-5.947731972,0.581122935
33.599793920,1788577196.565609217,1788577196.555023670,0.164548769,-0.003348270,0.213402509,0.164582831,0.269496084,10.802876472,-5.947465420,0.588140666
33.639792896,1788577196.598893404,1788577196.595022678,0.164931247,-0.008229146,0.232909102,0.165136414,0.285511270,10.796182632,-5.947100163,0.597640812
33.669792896,1788577196.633287430,1788577196.625022411,0.166820446,-0.007065199,0.241223494,0.166969992,0.293373060,10.791091919,-5.946789742,0.605250180
33.699792896,1788577196.666578770,1788577196.655022621,0.167363395,-0.001733114,0.249046514,0.167372368,0.300062786,10.785962105,-5.946701527,0.613007188
33.739792896,1788577196.698373556,1788577196.695022583,0.167628045,-0.001912223,0.266804280,0.167638952,0.315098939,10.779094696,-5.946516037,0.623752415
33.769792896,1788577196.732326746,1788577196.725022554,0.168111728,-0.002193263,0.278591672,0.168126035,0.325391584,10.773909569,-5.946384907,0.632120490
33.799792896,1788577196.765590191,1788577196.755022526,0.169244380,0.003268156,0.301432061,0.169275932,0.345710324,10.768662453,-5.946576595,0.640813529
33.839791872,1788577196.798521996,1788577196.795021534,0.170109201,-0.001332910,0.327367242,0.170114423,0.368928487,10.761564255,-5.946753979,0.653481841
33.869791872,1788577196.833369017,1788577196.825021505,0.170955781,-0.001932980,0.354371373,0.170966709,0.393457349,10.756196976,-5.946860313,0.663755059
33.899791872,1788577196.865615845,1788577196.855021477,0.169996650,0.006046751,0.359666948,0.170104157,0.397863969,10.750814438,-5.947282314,0.674351990
33.939790848,1788577196.898874044,1788577196.895020485,0.168526699,0.001282568,0.354707194,0.168531580,0.392708654,10.743610382,-5.947765350,0.688642681
33.969790848,1788577196.930062532,1788577196.925020456,0.171106502,-0.002490199,0.374456959,0.171124621,0.411705781,10.738164902,-5.948038578,0.699526906
33.999790848,1788577196.965572357,1788577196.955020428,0.171811901,0.002130023,0.388083559,0.171825104,0.424420446,10.732737541,-5.948552608,0.710721791
34.039789824,1788577196.998834133,1788577196.995019436,0.172401950,0.001789625,0.391914207,0.172411238,0.428161629,10.725444794,-5.949155807,0.726102650
34.069789824,1788577197.030505419,1788577197.025019407,0.173760604,-0.003514538,0.397846717,0.173796144,0.434151022,10.719946861,-5.949611664,0.737754107
34.099789824,1788577197.065477848,1788577197.055019617,0.172206479,0.007649264,0.400307351,0.172376282,0.435843502,10.714524269,-5.950386524,0.749452055
34.139788800,1788577197.097128630,1788577197.095018387,0.174106447,0.006737237,0.385256697,0.174236751,0.422825221,10.707256317,-5.951318264,0.764802754
34.169788800,1788577197.130243540,1788577197.125018358,0.174788517,0.001041696,0.367586621,0.174791621,0.407028297,10.701748848,-5.952007294,0.775954187
34.199788800,1788577197.165500641,1788577197.155018568,0.175397787,0.008609813,0.337735982,0.175608976,0.380662720,10.696423531,-5.952981472,0.786494136
34.239787776,1788577197.198884010,1788577197.195017576,0.175703465,0.010498611,0.284472022,0.176016841,0.334523930,10.689316750,-5.954292297,0.798913121
34.269787776,1788577197.233400106,1788577197.225017309,0.177759832,0.006934915,0.233447384,0.177895056,0.293503547,10.683990479,-5.955273628,0.806669891
34.299787776,1788577197.266366482,1788577197.255017519,0.177687202,0.010956460,0.185829626,0.178024677,0.257343031,10.678966522,-5.956610203,0.812792182
34.339786752,1788577197.298936367,1788577197.295016527,0.176320759,0.008561209,0.078624300,0.176528480,0.193246177,10.672310829,-5.958268166,0.818135500
34.369786752,1788577197.330918550,1788577197.325016260,0.176843782,0.006681840,0.029633187,0.176969970,0.179433821,10.667352676,-5.959468842,0.819953442
34.409786752,1788577197.367673397,1788577197.365016222,0.176041299,0.006922280,-0.041596716,0.176177346,0.181021390,10.661132812,-5.961608887,0.819492161
34.439785472,1788577197.398397684,1788577197.395015240,0.176306794,0.010964795,-0.068488191,0.176647424,0.189459612,10.656476021,-5.963167191,0.817621946
34.469785472,1788577197.432450056,1788577197.425014973,0.175419368,0.013576562,-0.098961850,0.175943962,0.201865612,10.651848793,-5.964693069,0.814752579
34.499785472,1788577197.465292454,1788577197.455015182,0.175931973,0.013221113,-0.106500401,0.176428051,0.206080549,10.647356033,-5.966559887,0.810671926
34.539784448,1788577197.498844385,1788577197.495014191,0.179150886,0.014660006,-0.105773528,0.179749703,0.208561729,10.641305923,-5.968935013,0.804883897
34.569784448,1788577197.533310175,1788577197.525013924,0.181707134,0.015452724,-0.100073920,0.182363015,0.208016967,10.636608124,-5.970588207,0.800790191
34.599784448,1788577197.566623926,1788577197.555014133,0.184385897,0.013442489,-0.085423431,0.184875254,0.203656628,10.631743431,-5.972442150,0.796305597
34.639783424,1788577197.598404408,1788577197.595013142,0.191783561,0.011208918,-0.061390267,0.192110838,0.201681280,10.625011444,-5.974805355,0.791084290
34.669783424,1788577197.633222580,1788577197.625012875,0.194617874,0.025714569,-0.059531469,0.196309337,0.205137397,10.619750023,-5.976543427,0.787732482
34.699783424,1788577197.665090084,1788577197.655013084,0.202312617,0.012973143,-0.040345355,0.202728137,0.206703762,10.614155769,-5.978379250,0.783903182
34.739783168,1788577197.698393583,1788577197.695012808,0.210694687,0.016203638,-0.019461025,0.211316845,0.212211075,10.606359482,-5.980670929,0.779423654
34.769783168,1788577197.733302355,1788577197.725012779,0.216616448,0.022399962,-0.012205200,0.217771540,0.218113298,10.600250244,-5.982292652,0.776567698
34.799783168,1788577197.765523434,1788577197.755012751,0.221116841,0.019229727,-0.006418421,0.221951436,0.222044221,10.593731880,-5.983976841,0.773418903
34.839782144,1788577197.798403025,1788577197.795011759,0.229334623,0.021153656,0.005448300,0.230308156,0.230372591,10.584752083,-5.986056328,0.769739866
34.869782144,1788577197.832236528,1788577197.825011730,0.233064723,0.018921528,0.008806380,0.233831540,0.233997311,10.577820778,-5.987543583,0.767314732
34.909782144,1788577197.867565155,1788577197.865011692,0.240970933,0.023401562,0.011361279,0.242104572,0.242371002,10.568198204,-5.989412785,0.763572931
34.939781888,1788577197.898438454,1788577197.895011663,0.246760901,0.017120686,0.021861232,0.247354119,0.248318291,10.560757637,-5.990680218,0.761120081
34.969781888,1788577197.932260752,1788577197.925011396,0.254220877,0.018266469,0.031098525,0.254876280,0.256766502,10.553098679,-5.991829872,0.758974075
34.999781888,1788577197.965566874,1788577197.955011606,0.258958591,0.016344742,0.031311233,0.259473895,0.261356262,10.545204163,-5.992688179,0.756554663
35.039780864,1788577197.998350859,1788577197.995010614,0.265259589,0.016599259,0.039213465,0.265778451,0.268655692,10.534417152,-5.993707657,0.753673077
35.069780864,1788577198.032343626,1788577198.025010347,0.269051831,0.016590832,0.040155818,0.269562875,0.272537398,10.526175499,-5.994393826,0.751792312
35.099780864,1788577198.065497875,1788577198.055010557,0.270902461,0.014594940,0.033556995,0.271295329,0.273362813,10.517860413,-5.994873047,0.749462664
35.139779840,1788577198.098800182,1788577198.095009565,0.280019225,0.019877865,0.051271715,0.280723878,0.285367630,10.506561279,-5.995423317,0.746744215
35.169779840,1788577198.133248091,1788577198.125009298,0.282795279,0.010438563,0.043507500,0.282987868,0.286312829,10.497896194,-5.995735168,0.745012462
35.199779840,1788577198.166498423,1788577198.155009508,0.287651716,0.014145355,0.052826585,0.287999307,0.292804113,10.489233971,-5.995849609,0.743029535
35.239778816,1788577198.198486805,1788577198.195008516,0.291721288,0.009070183,0.056957317,0.291862259,0.297367977,10.477502823,-5.995918274,0.740684927
35.269778816,1788577198.232220888,1788577198.225008488,0.295067195,0.014176365,0.049954027,0.295407547,0.299601442,10.468589783,-5.995903015,0.739090323
35.309778816,1788577198.268285751,1788577198.265008450,0.302237575,0.012191036,0.064882214,0.302483343,0.309363661,10.456817627,-5.995640755,0.736867309
35.339777792,1788577198.298295975,1788577198.295007467,0.304848037,0.007662107,0.058084694,0.304944312,0.310426908,10.447830200,-5.995337963,0.735506535
35.369777792,1788577198.330024481,1788577198.325007439,0.308062506,0.007228140,0.056441822,0.308147292,0.313273734,10.438724518,-5.994956493,0.734307945
35.399777792,1788577198.365509272,1788577198.355007410,0.311503699,0.008574802,0.057066053,0.311621696,0.316803750,10.429839134,-5.994434834,0.732768595
35.439776512,1788577198.398882389,1788577198.395006180,0.313532947,0.006540809,0.052834654,0.313601166,0.318020741,10.417848587,-5.993740559,0.730761111
35.469776512,1788577198.429951668,1788577198.425006151,0.318184812,0.003019160,0.059365405,0.318199135,0.323689575,10.408717155,-5.993109703,0.729694426
35.499776512,1788577198.465575695,1788577198.455006123,0.319898223,0.004122181,0.088153315,0.319924781,0.331847665,10.399940491,-5.992438316,0.728930712
35.539775488,1788577198.498241425,1788577198.495005131,0.321298690,0.004140877,0.111566831,0.321325373,0.340142842,10.388044357,-5.991557121,0.729177296
35.569775488,1788577198.532201052,1788577198.525005102,0.323154291,0.006159725,0.129392120,0.323212992,0.348150771,10.379031181,-5.990838051,0.730146110
35.599775488,1788577198.565515280,1788577198.555005074,0.324237589,0.002402270,0.130154189,0.324246488,0.349393615,10.370382309,-5.990079880,0.731068850
35.639774464,1788577198.598963261,1788577198.595004082,0.328643962,-0.000347845,0.121275915,0.328644146,0.350306755,10.358681679,-5.989039898,0.732376039
35.669774464,1788577198.630091667,1788577198.625004053,0.327133010,0.001687882,0.093419282,0.327137364,0.340214664,10.349821091,-5.988210678,0.732939422
35.699774464,1788577198.665195704,1788577198.655004263,0.329984347,0.001055589,0.068214942,0.329986036,0.336962998,10.341476440,-5.987350941,0.732675850
35.739773440,1788577198.698292017,1788577198.695003033,0.332362232,0.000198699,0.022565937,0.332362291,0.333127474,10.330265999,-5.986163616,0.730847478
35.769773440,1788577198.732245445,1788577198.725003004,0.334472831,-0.001556462,-0.008635108,0.334476452,0.334587899,10.321735382,-5.985242844,0.728597224
35.809773440,1788577198.767327547,1788577198.765002966,0.339049149,-0.005721467,-0.021490480,0.339097420,0.339777723,10.310878754,-5.984003067,0.724767506
35.839773184,1788577198.798269033,1788577198.795002937,0.339120910,0.001490234,-0.027039833,0.339124184,0.340200477,10.302589417,-5.983024597,0.721735895
35.869773184,1788577198.832199574,1788577198.825002670,0.345735975,0.000412868,-0.010393033,0.345736222,0.345892397,10.294122696,-5.982034206,0.718851328
35.909773184,1788577198.867209911,1788577198.865002871,0.349268083,-0.004178816,-0.009501675,0.349293081,0.349422292,10.283170700,-5.980829716,0.715144396
35.939772160,1788577198.898359537,1788577198.895001888,0.353860273,0.001109443,0.000746266,0.353862012,0.353862799,10.274703026,-5.979928493,0.712705612
35.969772160,1788577198.930104494,1788577198.925001621,0.359397359,-0.004171988,0.010924550,0.359421573,0.359587560,10.265988350,-5.978959084,0.710612416
35.999772160,1788577198.965486526,1788577198.955001831,0.368909161,-0.006221537,0.021862417,0.368961619,0.369608768,10.257285118,-5.978065968,0.708744764
36.039771136,1788577198.998982668,1788577198.995000839,0.384197601,0.000291153,0.038961078,0.384197712,0.386168159,10.245015144,-5.976814270,0.706630290
36.069771136,1788577199.033252716,1788577199.025000811,0.395620403,-0.004299142,0.033571267,0.395643761,0.397065506,10.235273361,-5.975836277,0.705393672
36.099771136,1788577199.066471100,1788577199.055000782,0.407121215,-0.002049228,0.042019325,0.407126373,0.409289026,10.225350380,-5.975112915,0.704371095
36.139771136,1788577199.098261595,1788577199.095000744,0.425938752,-0.003612511,0.052050079,0.425954071,0.429122455,10.211341858,-5.973995209,0.703400850
36.169771136,1788577199.132297277,1788577199.125000715,0.437045336,-0.004161624,0.054711851,0.437065149,0.440476255,10.200246811,-5.973155975,0.702946901
36.199771136,1788577199.165676117,1788577199.155000925,0.449393220,-0.001179312,0.054527121,0.449394767,0.452690693,10.188860893,-5.972442150,0.702659369
36.239770112,1788577199.198993444,1788577199.194999695,0.466634356,-0.004353787,0.063222465,0.466654667,0.470917889,10.172958374,-5.971459866,0.702360094
36.269770112,1788577199.233268499,1788577199.224999666,0.479758300,-0.007539210,0.058851979,0.479817534,0.483413303,10.160456657,-5.970625877,0.702263832
36.299770112,1788577199.265551567,1788577199.254999876,0.493433401,-0.007318413,0.066206737,0.493487670,0.497909041,10.147396088,-5.970020771,0.702515960
36.339769088,1788577199.298892021,1788577199.294998884,0.508491280,-0.003457786,0.065000134,0.508503036,0.512640571,10.129249573,-5.969155312,0.703028858
36.369769088,1788577199.333225250,1788577199.324998617,0.520602690,-0.006914476,0.070641257,0.520648606,0.525419031,10.115164757,-5.968441010,0.703409076
36.399769088,1788577199.366478920,1788577199.354998827,0.532801174,-0.002544564,0.071182152,0.532807250,0.537541129,10.100502968,-5.968031406,0.704153538
36.439767808,1788577199.398257256,1788577199.394997597,0.548803057,-0.005215991,0.070870826,0.548827844,0.553384745,10.080262184,-5.967298508,0.705261767
36.469767808,1788577199.432140827,1788577199.424997330,0.561825799,-0.005155520,0.079462247,0.561849453,0.567440795,10.064554214,-5.966636181,0.706203997
36.509767808,1788577199.467090607,1788577199.464997292,0.576253079,-0.000054526,0.069142341,0.576253082,0.580386318,10.042829514,-5.966248035,0.707785487
36.539766784,1788577199.498176575,1788577199.494996548,0.586797266,-0.004060145,0.075207959,0.586811312,0.591611150,10.026081085,-5.965872765,0.708947480
36.569766784,1788577199.533272028,1788577199.524996281,0.598538939,-0.000411137,0.080554737,0.598539080,0.603935507,10.008922577,-5.965452194,0.710219204
36.599766784,1788577199.566713095,1788577199.554996490,0.608975996,-0.002982585,0.067641549,0.608983299,0.612728356,9.991233826,-5.965242386,0.711641490
36.639765760,1788577199.598275900,1788577199.594995499,0.622972715,-0.001002094,0.066924988,0.622973521,0.626558027,9.967060089,-5.964892387,0.713526964
36.669765760,1788577199.632121563,1788577199.624995232,0.632101891,0.001352800,0.067797250,0.632103339,0.635728793,9.948540688,-5.964521885,0.714850605
36.709765760,1788577199.667585373,1788577199.664995432,0.643521154,0.002620041,0.065819911,0.643526487,0.646883761,9.923344612,-5.964102268,0.716815472
36.739767552,1788577199.698837280,1788577199.694997311,0.651411369,0.000308467,0.060236694,0.651411442,0.654190588,9.904143333,-5.963658810,0.718157649
36.769767552,1788577199.730059147,1788577199.724997044,0.657294787,-0.002849339,0.063896612,0.657300963,0.660399374,9.884689331,-5.963174820,0.719464064
36.799767552,1788577199.765343666,1788577199.754997253,0.663007116,0.003478550,0.053408821,0.663016241,0.665163918,9.865119934,-5.962768555,0.720938385
36.839766528,1788577199.799015284,1788577199.794996262,0.667158473,0.002207928,0.046231848,0.667162126,0.668762055,9.838790894,-5.962130070,0.722742021
36.869766528,1788577199.833308935,1788577199.824995995,0.664861821,-0.008631677,0.038570930,0.664917850,0.666035633,9.819005013,-5.961511612,0.723988831
36.899766528,1788577199.865609407,1788577199.854996204,0.657714068,0.002592547,0.016475074,0.657719178,0.657925486,9.799551964,-5.960934639,0.725286603
36.939765504,1788577199.898890495,1788577199.894995213,0.644818472,-0.005252461,0.011069425,0.644839864,0.644934867,9.773962021,-5.960052013,0.726900756
36.969765504,1788577199.933332920,1788577199.924995184,0.634613789,-0.005514206,0.007545398,0.634637746,0.634682599,9.755090714,-5.959343433,0.727964640
36.999765504,1788577199.966489792,1788577199.954995155,0.623837205,-0.002738083,0.014512369,0.623843214,0.624011991,9.736601830,-5.958585262,0.729163229
37.039767552,1788577199.998881578,1788577199.994997263,0.605247670,-0.013011285,-0.002892843,0.605387509,0.605394420,9.712509155,-5.957520485,0.730618715
37.069767552,1788577200.030916452,1788577200.024997234,0.597778496,-0.002730155,0.008238774,0.597784731,0.597841502,9.694772720,-5.956683636,0.731667101
37.099767552,1788577200.065564394,1788577200.054997206,0.589094926,-0.009303920,0.005663010,0.589168392,0.589195608,9.677400589,-5.955784798,0.732753873
37.139766528,1788577200.098943472,1788577200.094996214,0.579272291,-0.012828389,0.009937527,0.579414320,0.579499533,9.654574394,-5.954502106,0.734020650
37.169766528,1788577200.133193731,1788577200.124996185,0.570249046,-0.006721131,0.005622313,0.570288653,0.570316367,9.637688637,-5.953453064,0.734931290
37.199766528,1788577200.165577888,1788577200.154996157,0.564680725,-0.011692270,0.002854827,0.564801762,0.564808977,9.621175766,-5.952441216,0.735910833
37.239765504,1788577200.198822498,1788577200.194995165,0.556303836,-0.012398684,0.007786385,0.556441988,0.556496463,9.599415779,-5.951021671,0.737074196
37.269765504,1788577200.229969501,1788577200.224995136,0.547706126,-0.009629489,-0.006367436,0.547790769,0.547827775,9.583283424,-5.949954033,0.737820029
37.299765504,1788577200.265658855,1788577200.254995108,0.545679833,-0.010984668,0.004826221,0.545790384,0.545811721,9.567361832,-5.948906422,0.738596439
37.339764480,1788577200.298388720,1788577200.294994116,0.537333516,-0.013011682,-0.006546658,0.537491033,0.537530901,9.546338081,-5.947446823,0.739531338
37.369764480,1788577200.332189798,1788577200.324994087,0.533326589,-0.011633189,0.003159065,0.533453449,0.533462802,9.530732155,-5.946272373,0.740090609
37.409764480,1788577200.367152452,1788577200.364994049,0.526441563,-0.014220400,-0.008657851,0.526633591,0.526704753,9.510122299,-5.944775581,0.740707457
37.439763200,1788577200.398436546,1788577200.394992828,0.524603574,-0.007707453,0.004096333,0.524660190,0.524676181,9.494754791,-5.943595886,0.741109312
37.469763200,1788577200.432117701,1788577200.424992800,0.519830575,-0.015808953,-0.000658188,0.520070908,0.520071325,9.479487419,-5.942406654,0.741434157
37.509763200,1788577200.467456341,1788577200.464992762,0.517663651,-0.008584998,-0.001150545,0.517734834,0.517736112,9.459266663,-5.940802097,0.741558671
37.539762176,1788577200.498792410,1788577200.494991779,0.515810215,-0.016878834,0.000267493,0.516086303,0.516086373,9.444109917,-5.939538479,0.741616189
37.569762176,1788577200.533312321,1788577200.524991751,0.517913889,-0.008206466,-0.003132517,0.517978902,0.517988374,9.428899765,-5.938256741,0.741668880
37.599762176,1788577200.566466570,1788577200.554991961,0.521080883,-0.016180386,0.003388219,0.521332036,0.521343046,9.413635254,-5.937071323,0.741491199
37.639761152,1788577200.598347187,1788577200.594990730,0.524989500,-0.014035367,-0.001738502,0.525177081,0.525179959,9.393127441,-5.935461521,0.741234779
37.669761152,1788577200.632140636,1788577200.624990702,0.528331160,-0.007559456,0.004604468,0.528385238,0.528405300,9.377598763,-5.934198856,0.740990639
37.709761152,1788577200.667060137,1788577200.664990664,0.532242811,-0.010614275,0.001636750,0.532348639,0.532351155,9.356851578,-5.932596684,0.740483046
37.739760896,1788577200.698353291,1788577200.694990635,0.536158616,-0.005780869,0.012666582,0.536189780,0.536339372,9.341165543,-5.931405544,0.740013003
37.769760896,1788577200.733244419,1788577200.724990368,0.538140330,-0.009186323,0.005377616,0.538218732,0.538245597,9.325361252,-5.930182934,0.739595890
37.799760896,1788577200.765522957,1788577200.754990578,0.541430979,-0.009754804,0.002515365,0.541518846,0.541524688,9.309678078,-5.929072380,0.738949001
37.839759872,1788577200.798352242,1788577200.794989586,0.545779590,-0.009991516,0.006667747,0.545871039,0.545911760,9.288578033,-5.927545547,0.738034427
37.869759872,1788577200.832110882,1788577200.824989557,0.547340130,-0.007906947,-0.000860890,0.547397240,0.547397917,9.272635460,-5.926353455,0.737294614
37.909759872,1788577200.867240906,1788577200.864989519,0.552441323,-0.007544892,0.007895493,0.552492842,0.552549255,9.251458168,-5.924934387,0.736183763
37.939758848,1788577200.898767948,1788577200.894988537,0.554676753,-0.008307227,0.000059131,0.554738956,0.554738960,9.235446930,-5.923798561,0.735422730
37.969758848,1788577200.930858612,1788577200.924988508,0.557958839,-0.011950110,0.002459458,0.558086795,0.558092215,9.219344139,-5.922640800,0.734583855
38.009758848,1788577200.967938662,1788577200.964988470,0.561894884,-0.014958979,0.001511930,0.562093971,0.562096004,9.197924614,-5.921240807,0.733435214
38.039757824,1788577200.998948097,1788577200.994987488,0.562612355,-0.011256599,0.003873821,0.562724954,0.562738287,9.181736946,-5.920094490,0.732558429
38.069757824,1788577201.030225039,1788577201.024987459,0.566568190,-0.006775898,0.010911842,0.566608707,0.566713768,9.165440559,-5.918954372,0.731774509
38.109757824,1788577201.067770720,1788577201.064987421,0.568407168,-0.010887556,0.011263991,0.568511431,0.568623008,9.144021034,-5.917572021,0.730618536
38.139756800,1788577201.098840475,1788577201.094986439,0.570912150,-0.009201362,0.011330190,0.570986294,0.571098697,9.127819061,-5.916502476,0.729804277
38.169756800,1788577201.129895687,1788577201.124986410,0.572633952,-0.013207105,0.013291668,0.572786235,0.572940433,9.111515045,-5.915386677,0.729050219
38.199756800,1788577201.165612459,1788577201.154986382,0.573364248,-0.005950522,0.004006755,0.573395126,0.573409125,9.095442772,-5.914309978,0.728316665
38.239755776,1788577201.198955774,1788577201.194985390,0.573871569,-0.011054904,0.006205183,0.573978038,0.574011579,9.073886871,-5.912811279,0.727475524
38.269755776,1788577201.233257532,1788577201.224985361,0.577307063,-0.012096745,0.014835364,0.577433785,0.577624328,9.057608604,-5.911597252,0.726861477
38.299755776,1788577201.265616179,1788577201.254985571,0.577647024,-0.010488825,0.016482238,0.577742243,0.577977304,9.041529655,-5.910335541,0.726334572
38.339754752,1788577201.299029350,1788577201.294984341,0.578256846,-0.011019233,0.014104815,0.578361827,0.578533792,9.020001411,-5.908532619,0.725681126
38.369754752,1788577201.329919815,1788577201.324984312,0.579503069,-0.018057022,0.019175844,0.579784325,0.580101350,9.003758430,-5.907094955,0.725312412
38.399754752,1788577201.365514994,1788577201.354984522,0.579716416,-0.016416960,0.014749459,0.579948824,0.580136351,8.987828255,-5.905454636,0.724982440
38.439753472,1788577201.398784399,1788577201.394983053,0.581342536,-0.014971673,0.025020692,0.581535292,0.582073303,8.966448784,-5.903172970,0.724701345
38.469753472,1788577201.433178425,1788577201.424983025,0.581365327,-0.017810406,0.025631008,0.581638078,0.582202544,8.950337410,-5.901389599,0.724560499
38.499753472,1788577201.466275692,1788577201.454983234,0.580431639,-0.026870128,0.025904906,0.581053260,0.581630428,8.934610367,-5.899580956,0.724498987
38.539755264,1788577201.498774767,1788577201.494984865,0.583146321,-0.032438775,0.028498637,0.584047863,0.584742745,8.913479805,-5.897004604,0.724657357
38.569755264,1788577201.529976130,1788577201.524984837,0.582958415,-0.021812910,0.041257163,0.583366366,0.584823452,8.897525787,-5.895014763,0.724850178
38.599755264,1788577201.565316200,1788577201.554985046,0.580199356,-0.035720675,0.030217166,0.581297910,0.582082758,8.882055283,-5.892906666,0.725179493
38.639754240,1788577201.598911047,1788577201.594984055,0.577549410,-0.033494269,0.026731769,0.578519824,0.579137094,8.861359596,-5.890062332,0.725718915
38.669754240,1788577201.633172035,1788577201.624983788,0.578077416,-0.038273837,0.039634872,0.579343064,0.580697261,8.845798492,-5.887861252,0.726056337
38.699754240,1788577201.665180922,1788577201.654983997,0.573622932,-0.041018715,0.031216662,0.575087649,0.575934270,8.830608368,-5.885704041,0.726630151
38.739753728,1788577201.698355913,1788577201.694983482,0.574776970,-0.046798750,0.033434883,0.576679016,0.577647453,8.810227394,-5.882679939,0.727396190
38.769753728,1788577201.732213497,1788577201.724983215,0.575214077,-0.052706944,0.036546544,0.577623802,0.578778806,8.794822693,-5.880369186,0.728002787
38.799753728,1788577201.765243530,1788577201.754983425,0.575036857,-0.055592026,0.035828578,0.577717803,0.578827736,8.779788971,-5.877963066,0.728872299
38.839752704,1788577201.798256159,1788577201.794982433,0.572039995,-0.054059218,0.027275335,0.574588684,0.575235690,8.759664536,-5.874722004,0.729840100
38.869752704,1788577201.832090616,1788577201.824982166,0.571290654,-0.066459248,0.025060830,0.575143324,0.575689055,8.744483948,-5.872300625,0.730461121
38.909752704,1788577201.867048264,1788577201.864982367,0.571286803,-0.066093536,0.031267264,0.575097354,0.575946707,8.724577904,-5.869147778,0.731450617
38.939751680,1788577201.898208857,1788577201.894981384,0.569689806,-0.072577692,0.032641929,0.574294347,0.575221255,8.709524155,-5.866766453,0.732194841
38.969751680,1788577201.929834604,1788577201.924981356,0.567852281,-0.071374956,0.020434989,0.572320363,0.572685067,8.694375038,-5.864398479,0.732915401
38.999751680,1788577201.966336489,1788577201.954981327,0.568900828,-0.080298980,0.030884718,0.574539884,0.575369398,8.679417610,-5.862212658,0.733720601
39.039750656,1788577201.998350620,1788577201.994980335,0.568384950,-0.076937540,0.020364760,0.573568511,0.573929926,8.659314156,-5.859340668,0.734658897
39.069750656,1788577202.032198906,1788577202.024980307,0.569411720,-0.079399892,0.028736459,0.574920907,0.575638631,8.644080162,-5.857235909,0.735299468
39.099750656,1788577202.065588474,1788577202.054980278,0.567854218,-0.079855035,0.023505341,0.573441574,0.573923114,8.629046440,-5.855217934,0.735938370
39.139749632,1788577202.098842144,1788577202.094979286,0.567248434,-0.078807333,0.026746347,0.572696588,0.573320808,8.608874321,-5.852660656,0.736662626
39.169749632,1788577202.129955530,1788577202.124979258,0.568456762,-0.083397004,0.020680674,0.574541688,0.574913769,8.593606949,-5.850832462,0.737212539
39.199749632,1788577202.165412426,1788577202.154979229,0.566931301,-0.075433180,0.018392030,0.571927675,0.572223323,8.578621864,-5.849283695,0.737652123
39.239748608,1788577202.198444605,1788577202.194978237,0.566499597,-0.076363594,0.017492686,0.571623295,0.571890886,8.558488846,-5.847375870,0.738171220
39.269748608,1788577202.233279467,1788577202.224978209,0.567384811,-0.071849050,0.018946157,0.571915912,0.572229645,8.543273926,-5.846058846,0.738532662
39.299748608,1788577202.266645670,1788577202.254978418,0.565983458,-0.067291283,0.008179195,0.569969641,0.570028325,8.528453827,-5.845232964,0.738776267
39.339747072,1788577202.298895597,1788577202.294976711,0.564970922,-0.065197233,0.018220229,0.568720337,0.569012125,8.508583069,-5.844223499,0.738965511
39.369747072,1788577202.333249331,1788577202.324976683,0.562624760,-0.067561700,0.008166494,0.566666749,0.566725591,8.493588448,-5.843495846,0.739098072
39.399747072,1788577202.366469145,1788577202.354976654,0.561121977,-0.061433688,0.013532285,0.564474952,0.564637134,8.479009628,-5.843415260,0.739129722
39.439745792,1788577202.398346663,1788577202.394975424,0.562249518,-0.061245253,0.015131866,0.565575373,0.565777761,8.459432602,-5.843373299,0.739037573
39.469745792,1788577202.432173967,1788577202.424975395,0.565852661,-0.054736396,0.011954600,0.568493893,0.568619573,8.444506645,-5.843393803,0.738987982
39.509745792,1788577202.467029095,1788577202.464975357,0.565595650,-0.052862132,0.004481816,0.568060599,0.568078278,8.424971581,-5.844273567,0.738614619
39.539744768,1788577202.498395205,1788577202.494974375,0.560561483,-0.051646015,-0.011543230,0.562935597,0.563053934,8.410285950,-5.844946384,0.738328278
39.569744768,1788577202.532280922,1788577202.524974346,0.547934160,-0.051277507,-0.017645315,0.550328289,0.550611100,8.395746231,-5.845571995,0.738039196
39.599744768,1788577202.565438509,1788577202.554974556,0.530410328,-0.047263775,-0.015380637,0.532511953,0.532734028,8.382045746,-5.846663475,0.737704754
39.639743744,1788577202.598842382,1788577202.594973326,0.497000113,-0.042570699,-0.032668589,0.498819984,0.499888601,8.364625931,-5.848089695,0.737119317
39.669743744,1788577202.633192301,1788577202.624973297,0.473043314,-0.041224812,-0.032574132,0.474836247,0.475952241,8.352249146,-5.849099159,0.736591339
39.699743744,1788577202.666432142,1788577202.654973507,0.448340796,-0.039962776,-0.038632932,0.450118310,0.451773169,8.340934753,-5.850534916,0.735984266
39.739742720,1788577202.698219299,1788577202.694972515,0.413664530,-0.040204004,-0.038486109,0.415613649,0.417391766,8.326831818,-5.852292538,0.735117555
39.769742720,1788577202.732469559,1788577202.724972248,0.385702021,-0.032542249,-0.038233643,0.387072405,0.388956113,8.317044258,-5.853586674,0.734494567
39.799742720,1788577202.765562296,1788577202.754972458,0.359886167,-0.035167485,-0.041076197,0.361600339,0.363925897,8.308357239,-5.855187416,0.733879268
39.839741696,1788577202.798219442,1788577202.794971466,0.325697528,-0.035142877,-0.040389490,0.327588006,0.330068497,8.297772408,-5.857216358,0.732960641
39.869741696,1788577202.829873562,1788577202.824971199,0.300755345,-0.024564896,-0.033055658,0.301756875,0.303562000,8.290571213,-5.858740807,0.732297719
39.899741696,1788577202.865495443,1788577202.854971409,0.277468047,-0.023913015,-0.038738804,0.278496588,0.281177959,8.284412384,-5.860622883,0.731574833
39.939740928,1788577202.898777485,1788577202.894970655,0.246989357,-0.009661578,-0.021569986,0.247178253,0.248117619,8.277094841,-5.863275051,0.730820179
39.969740928,1788577202.930984497,1788577202.924970388,0.224037283,-0.001576516,-0.024577430,0.224042830,0.225386867,8.272285461,-5.865433216,0.730381846
40.009740928,1788577202.967441320,1788577202.964970589,0.199799157,0.019886310,-0.006185531,0.200786375,0.200881630,8.267310143,-5.868971348,0.729657471
40.039740160,1788577202.998219252,1788577202.994969845,0.180113838,0.036586667,-0.011896653,0.183792216,0.184176842,8.264113426,-5.871979237,0.729203880
40.069740160,1788577203.029814482,1788577203.024969816,0.164974229,0.043722298,-0.003865680,0.170669668,0.170713441,8.261335373,-5.875298023,0.728833437
40.099740160,1788577203.065608501,1788577203.054969788,0.149302331,0.066520949,0.002393100,0.163450980,0.163468498,8.259337425,-5.879233837,0.728416800
40.139739392,1788577203.097095013,1788577203.094969034,0.131419530,0.091421283,0.005721014,0.160090424,0.160192615,8.257191658,-5.885097980,0.727943540
40.169739392,1788577203.129815578,1788577203.124969006,0.120170812,0.101788750,0.014362419,0.157486424,0.158139978,8.255905151,-5.889967442,0.727592826
40.199739392,1788577203.165590525,1788577203.154968977,0.111615592,0.134925736,0.009526811,0.175108522,0.175367484,8.255261421,-5.895576000,0.727108061
40.239738624,1788577203.198757648,1788577203.194968224,0.099293851,0.156015522,0.017343300,0.184932722,0.185744184,8.254665375,-5.903747559,0.726550937
40.269738624,1788577203.230792284,1788577203.224968195,0.094355967,0.171420232,0.015960109,0.195673055,0.196322871,8.254340172,-5.910480022,0.726203620
40.299738624,1788577203.266046047,1788577203.254968405,0.089031356,0.199079057,0.024998519,0.218080382,0.219508494,8.254524231,-5.917978764,0.725866437
40.339738624,1788577203.298273325,1788577203.294968367,0.083013214,0.225369383,0.022386875,0.240171923,0.241213027,8.254858971,-5.928796291,0.725434482
40.369738624,1788577203.332299232,1788577203.324968100,0.081219656,0.244375355,0.024675256,0.257518828,0.258698309,8.255121231,-5.937530994,0.725065053
40.399738624,1788577203.365586996,1788577203.354968309,0.077156607,0.266546490,0.020856332,0.277489051,0.278271738,8.255775452,-5.947052956,0.724627435
40.439737600,1788577203.397187471,1788577203.394967318,0.074855836,0.287633966,0.025247871,0.297214896,0.298285349,8.256600380,-5.960552216,0.724066019
40.469737600,1788577203.429860592,1788577203.424967051,0.075047606,0.311844220,0.027177213,0.320747503,0.321896819,8.257153511,-5.971253872,0.723781884
40.499737600,1788577203.466027021,1788577203.454967260,0.072395609,0.327895493,0.038190532,0.335792463,0.337957239,8.257881165,-5.982812405,0.723582029
40.539736832,1788577203.498768091,1788577203.494966507,0.069797309,0.350545360,0.036046973,0.357426515,0.359239611,8.258797646,-5.998952389,0.723454595
40.569736832,1788577203.531089783,1788577203.524966478,0.069445632,0.378509112,0.047281151,0.384827030,0.387720712,8.259434700,-6.011606216,0.723481238
40.599736832,1788577203.565676689,1788577203.554966450,0.064941964,0.391259912,0.058799577,0.396612881,0.400947837,8.260289192,-6.025179863,0.723637581
40.639736064,1788577203.597247839,1788577203.594965696,0.061084254,0.411565956,0.049533767,0.416074299,0.419012430,8.261397362,-6.043964386,0.724101365
40.669736064,1788577203.630810022,1788577203.624965668,0.059158280,0.435003101,0.060891189,0.439007289,0.443210037,8.262215614,-6.058543682,0.724415839
40.699736064,1788577203.665583134,1788577203.654965878,0.057997071,0.451391042,0.066687040,0.455101673,0.459961623,8.262947083,-6.074024200,0.724892259
40.739735808,1788577203.698224068,1788577203.694965601,0.055219541,0.469311442,0.056336531,0.472548862,0.475895190,8.263888359,-6.095231533,0.725486875
40.769735808,1788577203.729876757,1788577203.724965334,0.053462189,0.485287710,0.051808680,0.488223685,0.490964873,8.264547348,-6.111515522,0.725753725
40.799735808,1788577203.765631199,1788577203.754965544,0.050983416,0.496434452,0.042542403,0.499045563,0.500855598,8.265026093,-6.128517628,0.726106822
40.839735040,1788577203.798301458,1788577203.794964790,0.049518130,0.514473052,0.042058786,0.516850623,0.518559069,8.265600204,-6.151658058,0.726371765
40.869735040,1788577203.832204580,1788577203.824964523,0.049853761,0.531863871,0.043021219,0.534195259,0.535924808,8.265977859,-6.169406414,0.726443231
40.899735040,1788577203.865150928,1788577203.854964733,0.048997959,0.542857093,0.042756613,0.545063871,0.546738284,8.266111374,-6.187817574,0.726526558
40.939736832,1788577203.898807764,1788577203.894966602,0.049863078,0.558374789,0.041171610,0.560596764,0.562106603,8.266180992,-6.212771416,0.726477385
40.969736832,1788577203.930830002,1788577203.924966335,0.047796352,0.569096785,0.038795259,0.571100378,0.572416556,8.266175270,-6.231826305,0.726407170
41.009736832,1788577203.967191458,1788577203.964966297,0.050970116,0.594724273,0.037278569,0.596904443,0.598067392,8.265674591,-6.258085251,0.726174891
41.039736064,1788577203.998180628,1788577203.994965792,0.048221416,0.603318391,0.024148528,0.605242419,0.605723978,8.265232086,-6.278161049,0.725877941
41.069736064,1788577204.032462358,1788577204.024965525,0.050878702,0.617465535,0.028234081,0.619558173,0.620201171,8.264701843,-6.298471928,0.725526989
41.099736064,1788577204.065429211,1788577204.054965734,0.052809493,0.632471940,0.027681740,0.634672828,0.635276221,8.263763428,-6.319341660,0.725033998
41.139735040,1788577204.098808050,1788577204.094964743,0.054650683,0.641398364,0.009696761,0.643722423,0.643795453,8.262432098,-6.347434044,0.724314213
41.169735040,1788577204.129908562,1788577204.124964714,0.055399478,0.639933163,0.005240044,0.642326673,0.642348047,8.261381149,-6.368502617,0.723718345
41.199735040,1788577204.166538715,1788577204.154964685,0.056539842,0.636299495,0.005517313,0.638806545,0.638830371,8.259911537,-6.389749527,0.723066270
41.239737344,1788577204.198766947,1788577204.194967031,0.057600560,0.635670808,-0.008094152,0.638275176,0.638326496,8.257913589,-6.417753696,0.722193658
41.269737344,1788577204.230823517,1788577204.224967003,0.057787117,0.632494969,-0.000505982,0.635129307,0.635129509,8.256380081,-6.438537598,0.721636832
41.309737344,1788577204.268168688,1788577204.264966965,0.058104424,0.620760057,-0.009244061,0.623473474,0.623541999,8.253817558,-6.465941906,0.720669150
41.339737344,1788577204.298377514,1788577204.294966936,0.058671903,0.609466591,-0.016947147,0.612284181,0.612518672,8.251905441,-6.486027718,0.719903290
41.369737344,1788577204.329828262,1788577204.324966908,0.056878735,0.596540095,-0.014413831,0.599245588,0.599418913,8.250013351,-6.505609035,0.719185948
41.399737344,1788577204.365406036,1788577204.354967117,0.057941325,0.573646230,-0.025238659,0.576564996,0.577117132,8.247601509,-6.524594307,0.718352616
41.439736064,1788577204.398852825,1788577204.394965649,0.059476173,0.553118077,-0.026105217,0.556306591,0.556918760,8.244373322,-6.548873901,0.717257738
41.469736064,1788577204.429788828,1788577204.424965620,0.060714017,0.527047420,-0.018486408,0.530532916,0.530854898,8.241919518,-6.566339493,0.716540873
41.499736064,1788577204.466373682,1788577204.454965830,0.063924115,0.516782431,-0.016240386,0.520721013,0.520974206,8.238900185,-6.582969189,0.715587258
41.539736064,1788577204.498245478,1788577204.494965792,0.069116162,0.484037961,-0.017733638,0.488947637,0.489269122,8.234750748,-6.604053020,0.714276373
41.569736064,1788577204.529820919,1788577204.524965525,0.075456973,0.459974353,-0.028095745,0.466122473,0.466968447,8.231501579,-6.619046211,0.713322163
41.599736064,1788577204.566279888,1788577204.554965734,0.079830376,0.438353273,-0.029895837,0.445563106,0.446564936,8.227803230,-6.632958412,0.712090194
41.639735040,1788577204.598198891,1788577204.594964743,0.092322497,0.414299460,-0.027934037,0.424461407,0.425379591,8.222560883,-6.650469780,0.710485160
41.669735040,1788577204.629860401,1788577204.624964714,0.099323319,0.384939026,-0.016475129,0.397546444,0.397887679,8.218385696,-6.662724018,0.709389329
41.699735040,1788577204.664747715,1788577204.654964685,0.109351458,0.361110964,-0.014106793,0.377304744,0.377568366,8.213634491,-6.673852921,0.708147466
41.739734272,1788577204.698754549,1788577204.694963932,0.120428665,0.329922289,-0.015599404,0.351214721,0.351560978,8.206940651,-6.687558174,0.706516862
41.769734272,1788577204.729822874,1788577204.724963903,0.130701213,0.303368794,-0.013569875,0.330326252,0.330604861,8.201623917,-6.697001457,0.705446720
41.799734272,1788577204.765601873,1788577204.754963875,0.140866671,0.278986699,-0.000434928,0.312533194,0.312533496,8.195638657,-6.705245018,0.704189420
41.839733504,1788577204.798809052,1788577204.794963121,0.153119073,0.246166090,-0.000997356,0.289902043,0.289903758,8.187281609,-6.715150356,0.702758253
41.869733504,1788577204.830077648,1788577204.824963093,0.162251806,0.225668799,0.012761041,0.277942540,0.278235331,8.180722237,-6.721806049,0.701904237
41.899733504,1788577204.865423203,1788577204.854963303,0.171219180,0.207469149,0.014567257,0.268997129,0.269391278,8.173670769,-6.727330208,0.700889528
41.939732736,1788577204.898189306,1788577204.894962549,0.182074281,0.178880161,0.013885335,0.255243327,0.255620731,8.163927078,-6.733777523,0.699671924
41.969732736,1788577204.929835320,1788577204.924962282,0.195614496,0.164635351,0.019040834,0.255675243,0.256383274,8.156300545,-6.738018513,0.698885739
41.999732736,1788577204.965417385,1788577204.954962492,0.207764844,0.145696200,0.031467404,0.253758967,0.255702582,8.147996902,-6.741371155,0.697987616
42.039731712,1788577204.998792410,1788577204.994961500,0.222157826,0.120885302,0.027156448,0.252917686,0.254371438,8.136496544,-6.745225906,0.696945667
42.069731712,1788577205.029782772,1788577205.024961233,0.235381309,0.112117817,0.029084294,0.260719707,0.262336924,8.127509117,-6.747665882,0.696302354
42.099731712,1788577205.065581083,1788577205.054961443,0.250607705,0.095587599,0.043296936,0.268218588,0.271690699,8.117749214,-6.749300003,0.695721388
42.139730688,1788577205.098790646,1788577205.094960451,0.267815002,0.077128202,0.042838141,0.278699901,0.281972944,8.104187012,-6.750985146,0.695164084
42.169730688,1788577205.129992723,1788577205.124960184,0.280397962,0.070920074,0.046447139,0.289227720,0.292933458,8.093660355,-6.751933098,0.694896281
42.199730688,1788577205.165406942,1788577205.154960394,0.295154752,0.059816377,0.053415701,0.301154987,0.305855462,8.082319260,-6.752423286,0.694731414
42.239729664,1788577205.198903799,1788577205.194959402,0.311231311,0.049396408,0.051205589,0.315126854,0.319259998,8.066745758,-6.752784729,0.694632709
42.269729664,1788577205.229797363,1788577205.224959135,0.323679602,0.042229283,0.056690965,0.326422727,0.331309013,8.054750443,-6.752928734,0.694611371
42.299729664,1788577205.265506744,1788577205.254959345,0.335453675,0.041136355,0.058586477,0.337966518,0.343006914,8.041923523,-6.752753258,0.694591939
42.339728640,1788577205.298795462,1788577205.294958353,0.352108648,0.037315656,0.056492408,0.354080440,0.358558712,8.024455070,-6.752426147,0.694561899
42.369728640,1788577205.329961777,1788577205.324958324,0.362487256,0.029369268,0.056196965,0.363675082,0.367991391,8.011084557,-6.752135277,0.694623113
42.399728640,1788577205.365012407,1788577205.354958296,0.371542671,0.027257675,0.051392030,0.372541188,0.376069246,7.996932983,-6.751627922,0.694566846
42.439727360,1788577205.398751259,1788577205.394957066,0.383513188,0.028727757,0.052877423,0.384587635,0.388205707,7.977861404,-6.750977039,0.694580495
42.469727360,1788577205.429913521,1788577205.424957037,0.389836406,0.019892441,0.052445609,0.390343608,0.393851081,7.963424683,-6.750519753,0.694662452
42.499727360,1788577205.465255022,1788577205.454957008,0.397376643,0.022590171,0.051160171,0.398018231,0.401292755,7.948340416,-6.750016689,0.694664538
42.539726336,1788577205.498200893,1788577205.494956017,0.405008183,0.018124927,0.051615916,0.405413544,0.408686119,7.928116322,-6.749414921,0.694785655
42.569726336,1788577205.529773712,1788577205.524955988,0.413731077,0.019707547,0.049880735,0.414200183,0.417192856,7.912865162,-6.748990059,0.694929659
42.599726336,1788577205.566757917,1788577205.554955959,0.420686163,0.020221206,0.056519923,0.421171871,0.424947346,7.897073746,-6.748843670,0.695087135
42.639725312,1788577205.598229647,1788577205.594954967,0.428087421,0.017247722,0.046950322,0.428434737,0.430999602,7.875945568,-6.748774529,0.695398450
42.669725312,1788577205.632128716,1788577205.624954939,0.433468962,0.025662009,0.053440499,0.434227912,0.437504019,7.860046864,-6.748776913,0.695708632
42.709725312,1788577205.667486429,1788577205.664954901,0.439922120,0.021065637,0.050428407,0.440426194,0.443303797,7.838390350,-6.749351501,0.696352243
42.739725056,1788577205.698189735,1788577205.694954634,0.448046151,0.021901552,0.065286176,0.448581132,0.453307089,7.822112560,-6.749874592,0.696961582
42.769725056,1788577205.732117653,1788577205.724954605,0.452451898,0.029832599,0.058860226,0.453434344,0.457238702,7.805803299,-6.750488758,0.697665989
42.799725056,1788577205.764638901,1788577205.754954815,0.453571613,0.022590944,0.051190109,0.454133856,0.457009832,7.789268494,-6.751469612,0.698616147
42.839724032,1788577205.798236847,1788577205.794953823,0.458934917,0.027240094,0.054923292,0.459742624,0.463011715,7.767291546,-6.752906322,0.699948490
42.869724032,1788577205.829815388,1788577205.824953556,0.461260931,0.031356619,0.053068107,0.462325518,0.465361266,7.750871658,-6.754053593,0.700926423
42.899724032,1788577205.865433693,1788577205.854953766,0.462685030,0.027036176,0.052554166,0.463474262,0.466444350,7.734275818,-6.755624294,0.702240586
42.939723264,1788577205.898827076,1788577205.894953012,0.465831302,0.031324664,0.039214436,0.466883323,0.468527277,7.712232113,-6.757828236,0.704042852
42.969723264,1788577205.929821014,1788577205.924952745,0.466144442,0.030038370,0.045196816,0.467111276,0.469292762,7.695811749,-6.759482384,0.705341101
42.999723264,1788577205.966465712,1788577205.954952955,0.468829275,0.032557421,0.053871495,0.469958375,0.473035952,7.679404736,-6.761598110,0.707109809
43.039722240,1788577205.998161316,1788577205.994951963,0.466593247,0.034409731,0.045528699,0.467860329,0.470070367,7.657719135,-6.764387131,0.709318399
43.069722240,1788577206.032036781,1788577206.024951696,0.465487783,0.033264588,0.042360500,0.466674843,0.468593450,7.641639233,-6.766530514,0.710931838
43.099722240,1788577206.065431595,1788577206.054951906,0.464122109,0.035543292,0.041845098,0.465481104,0.467358182,7.625739098,-6.769113541,0.712918401
43.139721472,1788577206.098979473,1788577206.094951153,0.463517553,0.040607670,0.042434494,0.465292924,0.467223920,7.604758263,-6.772537231,0.715388477
43.169721472,1788577206.129784107,1788577206.124951124,0.460360111,0.032026430,0.033483763,0.461472777,0.462685948,7.589207649,-6.775085449,0.717149615
43.199721472,1788577206.165427446,1788577206.154951096,0.458671791,0.037117230,0.032249248,0.460171165,0.461299810,7.573837280,-6.778103352,0.719184160
43.239720448,1788577206.198781252,1788577206.194950104,0.456134950,0.040522469,0.028424903,0.457931396,0.458812749,7.553558350,-6.782154083,0.721834064
43.269720448,1788577206.229762554,1788577206.224950075,0.454124619,0.038218896,0.033482954,0.455730023,0.456958381,7.538552761,-6.785142899,0.723656178
43.299720448,1788577206.265477419,1788577206.254950047,0.450206266,0.043481722,0.028704528,0.452301163,0.453211090,7.523837566,-6.788651466,0.725886106
43.339719680,1788577206.298848867,1788577206.294949293,0.444716365,0.043549198,0.025872444,0.446843572,0.447591958,7.504530430,-6.793191433,0.728560805
43.369719680,1788577206.330820322,1788577206.324949265,0.439210360,0.038830147,0.018464652,0.440923486,0.441309941,7.490296841,-6.796579838,0.730405986
43.409719680,1788577206.366866350,1788577206.364949226,0.434859945,0.033151958,0.019013537,0.436121800,0.436536068,7.471817017,-6.801573277,0.733063102
43.439718400,1788577206.398157835,1788577206.394948006,0.430166028,0.051557289,0.019036106,0.433244695,0.433662701,7.458168983,-6.805242538,0.734901369
43.469718400,1788577206.429828644,1788577206.424947977,0.425893488,0.042294269,0.005939593,0.427988397,0.428029610,7.444703102,-6.808846474,0.736607134
43.499718400,1788577206.465409756,1788577206.454948187,0.423920837,0.045077559,0.016177254,0.426310758,0.426617587,7.431708336,-6.812793255,0.738252401
43.539717376,1788577206.498736382,1788577206.494946957,0.418744585,0.048175559,0.003869124,0.421506716,0.421524474,7.414596558,-6.817968369,0.740295827
43.569717376,1788577206.529810429,1788577206.524946928,0.414660393,0.050065271,0.012002756,0.417671849,0.417844276,7.401937962,-6.821724892,0.741610348
43.599717376,1788577206.566433907,1788577206.554947138,0.412102580,0.055506408,0.003128474,0.415823878,0.415835647,7.389668465,-6.825803757,0.742907703
43.639716352,1788577206.598026991,1788577206.594946146,0.407695694,0.055986959,0.007403297,0.411521954,0.411588542,7.373498917,-6.831017494,0.744482756
43.669716352,1788577206.632089853,1788577206.624945879,0.405007384,0.054669472,0.003570800,0.408680477,0.408696076,7.361505032,-6.834843636,0.745539844
43.699716352,1788577206.665023804,1788577206.654946089,0.402001668,0.055966667,-0.002354880,0.405878810,0.405885641,7.349816322,-6.838908672,0.746613145
43.739715328,1788577206.698128462,1788577206.694945097,0.399309977,0.054812667,-0.003607212,0.403054445,0.403070587,7.334349632,-6.844157219,0.747801125
43.769715328,1788577206.729753256,1788577206.724944830,0.395558939,0.059166112,-0.006328483,0.399959376,0.400009440,7.322861671,-6.847977161,0.748506904
43.799715328,1788577206.766614199,1788577206.754945040,0.393127469,0.051851698,-0.010147258,0.396532225,0.396662038,7.311621189,-6.852013588,0.749250114
43.839714304,1788577206.798808336,1788577206.794944048,0.390724306,0.056613109,-0.009007426,0.394804417,0.394907155,7.296708584,-6.857238770,0.750144541
43.869714304,1788577206.829835892,1788577206.824943781,0.388573376,0.057322927,-0.012068529,0.392778801,0.392964166,7.285614014,-6.861000061,0.750656307
43.899714304,1788577206.866449833,1788577206.854943991,0.385698633,0.058771740,-0.008072746,0.390150680,0.390234189,7.274632454,-6.864978790,0.751290143
43.939713280,1788577206.898775339,1788577206.894942999,0.382455283,0.061305572,-0.019203837,0.387337600,0.387813362,7.260064602,-6.870083809,0.752020597
43.969713280,1788577206.930839777,1788577206.924942732,0.379753928,0.055721794,-0.016251745,0.383820224,0.384164136,7.249212742,-6.873764038,0.752386510
43.999713280,1788577206.964606047,1788577206.954942942,0.375704534,0.061612294,-0.017325819,0.380722959,0.381116984,7.238452911,-6.877607346,0.752980530
44.039712256,1788577206.997115135,1788577206.994941950,0.370545978,0.064144893,-0.022709585,0.376057029,0.376742106,7.224268436,-6.882465363,0.753609538
44.069712256,1788577207.032187939,1788577207.024941921,0.367083920,0.057917353,-0.017552939,0.371624843,0.372039151,7.213760853,-6.885994434,0.753972411
44.099712256,1788577207.065460920,1788577207.054941893,0.362427515,0.063174908,-0.027371977,0.367892338,0.368909199,7.203429699,-6.889581203,0.754671335
44.139711232,1788577207.098778963,1788577207.094940901,0.356417391,0.062034104,-0.021344342,0.361775602,0.362404701,7.189777851,-6.894135952,0.755493343
44.169711232,1788577207.129775763,1788577207.124940872,0.344710125,0.059028041,-0.031866047,0.349727580,0.351176345,7.179766178,-6.897436619,0.756047487
44.199711232,1788577207.164699554,1788577207.154940844,0.328235871,0.061744573,-0.030351186,0.333992783,0.335369011,7.170394421,-6.900729179,0.756885409
44.239710208,1788577207.198154926,1788577207.194939852,0.304223620,0.056258470,-0.031866224,0.309381684,0.311018460,7.158652306,-6.904964447,0.757964492
44.269710208,1788577207.229948759,1788577207.224939823,0.281522518,0.058611533,-0.046266289,0.287559107,0.291257291,7.150485992,-6.907967091,0.758612812
44.299710208,1788577207.265491724,1788577207.254939795,0.263435377,0.057420084,-0.040157377,0.269620593,0.272594716,7.143182278,-6.911003590,0.759636402
44.339709184,1788577207.297183990,1788577207.294938803,0.234673145,0.049291774,-0.041824862,0.239794003,0.243414221,7.134336472,-6.914811134,0.760913491
44.369709184,1788577207.332172871,1788577207.324938774,0.215203370,0.060879968,-0.038096010,0.223648968,0.226870375,7.128376007,-6.917553425,0.761674285
44.399709184,1788577207.365356684,1788577207.354938984,0.195194046,0.053083113,-0.038596614,0.202283298,0.205932589,7.123307228,-6.920330048,0.762862444
44.439708160,1788577207.398764610,1788577207.394937754,0.167795749,0.049748593,-0.043444358,0.175015245,0.180326782,7.117418289,-6.923850060,0.764207840
44.469708160,1788577207.429844141,1788577207.424937725,0.149484026,0.059394556,-0.033109271,0.160851445,0.164223662,7.113635540,-6.926427841,0.765036821
44.499708160,1788577207.465430737,1788577207.454937935,0.129362963,0.046791573,-0.045425471,0.137565357,0.144871325,7.110767365,-6.928988457,0.766025066
44.539707136,1788577207.498920679,1788577207.494936943,0.106722648,0.047217555,-0.039297704,0.116701419,0.123140289,7.107697010,-6.932244301,0.767091811
44.569707136,1788577207.530018806,1788577207.524936676,0.088389634,0.045054533,-0.050536904,0.099210072,0.111340097,7.105955601,-6.934535027,0.767759740
44.599707136,1788577207.565252781,1788577207.554936886,0.073054683,0.038785630,-0.043838338,0.082712223,0.093611493,7.105068684,-6.936788559,0.768419385
44.639706112,1788577207.599236727,1788577207.594935894,0.053702880,0.036632084,-0.042943958,0.065006991,0.077910798,7.104508877,-6.939574718,0.769183576
44.669706112,1788577207.629756451,1788577207.624935627,0.039501363,0.036781490,-0.050768107,0.053974398,0.074098828,7.104507923,-6.941545963,0.769591808
44.699706112,1788577207.664995670,1788577207.654935837,0.030450059,0.037030151,-0.037509387,0.047942029,0.060871933,7.105290890,-6.943451881,0.769979239
44.739708928,1788577207.698240757,1788577207.694938660,0.017280225,0.032305434,-0.045375279,0.036636693,0.058319492,7.106727123,-6.945728302,0.770255387
44.769708928,1788577207.732097626,1788577207.724938393,0.009582468,0.030867819,-0.043652519,0.032320983,0.054315636,7.108037949,-6.947361946,0.770301342
44.809708928,1788577207.766823530,1788577207.764938593,0.004193553,0.031409692,-0.042619958,0.031688399,0.053109467,7.110695839,-6.949379921,0.770149171
44.839708672,1788577207.798237324,1788577207.794938326,0.000236984,0.023267130,-0.055791302,0.023268337,0.060449027,7.112714767,-6.950780869,0.769898415
44.869708672,1788577207.832030296,1788577207.824938297,-0.003391587,0.024268817,-0.057053782,0.024504660,0.062093578,7.114745140,-6.952091217,0.769540906
44.909708672,1788577207.867094040,1788577207.864938259,-0.006219609,0.015832885,-0.059802077,0.017010696,0.062174369,7.118129253,-6.953683376,0.768762708
44.939711488,1788577207.899388075,1788577207.894941092,-0.005565872,0.023330959,-0.054175917,0.023985674,0.059248144,7.120608330,-6.954690933,0.768092394
44.969711488,1788577207.929821014,1788577207.924941063,-0.005764159,0.014910674,-0.051377985,0.015986048,0.053807537,7.123013496,-6.955719948,0.767312944
44.999711488,1788577207.965361595,1788577207.954941273,-0.009796637,0.021396298,-0.049313480,0.023532439,0.054640599,7.126029491,-6.956609249,0.766329110
45.039710464,1788577207.998875380,1788577207.994940042,-0.010879535,0.023773277,-0.049818959,0.026144464,0.056262436,7.129944324,-6.957720280,0.765017927
45.069710464,1788577208.029788733,1788577208.024940014,-0.012725109,0.012851601,-0.053501063,0.018085686,0.056475267,7.132812977,-6.958490372,0.763941646
45.099710464,1788577208.065504789,1788577208.054940224,-0.015892680,0.009042761,-0.056713870,0.018285207,0.059588689,7.136358738,-6.959042549,0.762583554
45.139709440,1788577208.098902941,1788577208.094939232,-0.014874214,0.012504564,-0.049812092,0.019432096,0.053468223,7.140895844,-6.959680080,0.760753572
45.169709440,1788577208.129911184,1788577208.124938965,-0.015073084,0.003954643,-0.052644596,0.015583230,0.054902555,7.144177437,-6.960033894,0.759367526
45.199709440,1788577208.165417671,1788577208.154939175,-0.015816217,0.005424856,-0.050577859,0.016720700,0.053270082,7.148096085,-6.960099697,0.757784188
45.239708416,1788577208.198107481,1788577208.194938183,-0.015288733,0.004826337,-0.048117666,0.016032433,0.050718327,7.153128147,-6.960097313,0.755646765
45.269708416,1788577208.229757786,1788577208.224937916,-0.014699441,-0.003273834,-0.047856939,0.015059600,0.050170491,7.156741619,-6.960027218,0.754057288
45.299708416,1788577208.265823126,1788577208.254938126,-0.014904838,0.002294213,-0.053383195,0.015080372,0.055472363,7.160922527,-6.959722042,0.752409399
45.339707392,1788577208.298198223,1788577208.294937134,-0.015658437,-0.002827467,-0.051838017,0.015911669,0.054225098,7.166226864,-6.959319115,0.750253499
45.369707392,1788577208.332066774,1788577208.324936867,-0.013397446,0.003289110,-0.050809732,0.013795282,0.052649203,7.170016289,-6.958984375,0.748656511
45.409707392,1788577208.367356062,1788577208.364937067,-0.012710843,0.003014768,-0.044040188,0.013063474,0.045936832,7.175779819,-6.958331108,0.746525824
45.439706112,1788577208.398218870,1788577208.394935846,-0.010322901,-0.010259727,-0.044629055,0.014554184,0.046942272,7.179867744,-6.957849979,0.744920850
45.469706112,1788577208.432055712,1788577208.424935579,-0.009391409,0.000316111,-0.037400716,0.009396727,0.038563092,7.183749199,-6.957304001,0.743419707
45.509706112,1788577208.467116117,1788577208.464935780,-0.000433682,0.002738804,-0.035550779,0.002772927,0.035658758,7.189247131,-6.956419468,0.741427779
45.539708160,1788577208.498915434,1788577208.494937897,0.007764790,-0.001668894,-0.044111418,0.007942114,0.044820692,7.192899227,-6.955698490,0.740018189
45.569708160,1788577208.530032158,1788577208.524937630,0.020763292,-0.005104055,-0.030173554,0.021381433,0.036981199,7.196057796,-6.954891205,0.738681436
45.599708160,1788577208.565455914,1788577208.554937840,0.031859420,-0.003006903,-0.026569907,0.032001002,0.041593558,7.199069500,-6.953842640,0.737500966
45.639707136,1788577208.598766327,1788577208.594936848,0.048402745,-0.003214500,-0.018089217,0.048509367,0.051772372,7.202294827,-6.952289104,0.735962212
45.669707136,1788577208.629743099,1788577208.624936819,0.055682141,-0.004582760,-0.029606388,0.055870408,0.063230062,7.204170704,-6.951049805,0.734825492
45.699707136,1788577208.665084839,1788577208.654936790,0.068267653,-0.006030880,-0.019997726,0.068533524,0.071391547,7.205812931,-6.949633598,0.733739257
45.739709440,1788577208.698750973,1788577208.694939137,0.088734868,-0.011607940,-0.016147005,0.089490900,0.090935949,7.207115173,-6.947523117,0.732517421
45.769709440,1788577208.729940891,1788577208.724939108,0.104460691,-0.006236148,-0.012471590,0.104646670,0.105387220,7.207389355,-6.945788860,0.731626272
45.799709440,1788577208.765395403,1788577208.754939079,0.122222520,-0.010933127,-0.006475454,0.122710544,0.122881281,7.206974506,-6.943690300,0.730958581
45.839708416,1788577208.798217297,1788577208.794938087,0.143603449,-0.011611589,0.003395209,0.144072133,0.144112133,7.205472469,-6.940647602,0.730196297
45.869708416,1788577208.832327843,1788577208.824938059,0.156397252,-0.013444729,0.001710893,0.156974078,0.156983402,7.203657150,-6.938286781,0.729650259
45.899708416,1788577208.865423441,1788577208.854938030,0.169162734,-0.013869828,0.001161021,0.169730382,0.169734353,7.201161861,-6.935602665,0.729363143
45.939707392,1788577208.898730516,1788577208.894937038,0.186433170,-0.009844192,0.010350095,0.186692889,0.186979569,7.197006702,-6.932019234,0.729070187
45.969707392,1788577208.929760695,1788577208.924937010,0.197702936,-0.011618570,0.001434336,0.198044041,0.198049235,7.193328857,-6.929260254,0.728893340
45.999707392,1788577208.964974165,1788577208.954936981,0.211108320,-0.003972051,0.017218931,0.211145684,0.211846623,7.189040184,-6.926292419,0.728995740
46.039706368,1788577208.998764992,1788577208.994935989,0.225360661,-0.002209320,0.011792126,0.225371490,0.225679779,7.182590485,-6.922352791,0.729157269
46.069706368,1788577209.030772924,1788577209.024935961,0.239080235,-0.005927139,0.021561151,0.239153695,0.240123662,7.177198887,-6.919396400,0.729315042
46.109706368,1788577209.067101479,1788577209.064935923,0.254324665,0.003309364,0.018157496,0.254346196,0.254993494,7.168962479,-6.915489674,0.729699433
46.139708416,1788577209.098906040,1788577209.094938040,0.265975535,0.002473968,0.021596558,0.265987040,0.266862356,7.162266731,-6.912525177,0.729956210
46.169708416,1788577209.129756212,1788577209.124938011,0.281038759,0.004645370,0.029971376,0.281077149,0.282670563,7.155101299,-6.909550190,0.730314016
46.199708416,1788577209.165349007,1788577209.154938221,0.292477334,0.006070925,0.034490372,0.292540334,0.294566517,7.147168636,-6.906492233,0.730906963
46.239707392,1788577209.198699951,1788577209.194936991,0.308236911,0.003311435,0.030636643,0.308254699,0.309773406,7.135988235,-6.902321339,0.731682897
46.269707392,1788577209.229763746,1788577209.224936962,0.319434454,0.005195763,0.029982787,0.319476707,0.320880560,7.127122402,-6.899167538,0.732193768
46.299707392,1788577209.265168905,1788577209.254937172,0.332347098,0.005927905,0.036654234,0.332399960,0.334414812,7.117386818,-6.895831108,0.732840002
46.339709696,1788577209.298213482,1788577209.294939280,0.347603008,0.004780987,0.024031687,0.347635886,0.348465538,7.103803635,-6.891284466,0.733469069
46.369709696,1788577209.332160473,1788577209.324939251,0.362520941,0.003547701,0.033249528,0.362538300,0.364059817,7.093135357,-6.887797832,0.733898222
46.409709696,1788577209.367034435,1788577209.364939213,0.377029331,0.002202513,0.019066435,0.377035764,0.377517545,7.077407837,-6.882972717,0.734489143
46.439708672,1788577209.398306847,1788577209.394938469,0.391089462,0.005741935,0.029567104,0.391131611,0.392247563,7.065191269,-6.879287720,0.734892011
46.469708672,1788577209.429788828,1788577209.424938202,0.403467766,0.003451038,0.033167625,0.403482525,0.404843475,7.052619457,-6.875562668,0.735278368
46.499708672,1788577209.465498686,1788577209.454938412,0.413961989,0.009506695,0.028587891,0.414071136,0.415056831,7.039055824,-6.871625900,0.735648394
46.539707648,1788577209.498832464,1788577209.494937420,0.428483571,0.005510330,0.026112631,0.428519001,0.429313875,7.020544052,-6.866306782,0.736103356
46.569707648,1788577209.529737473,1788577209.524937153,0.437299433,0.002313305,0.025299306,0.437305551,0.438036756,7.006324768,-6.862242222,0.736458719
46.599707648,1788577209.565397263,1788577209.554937363,0.450583880,0.006700234,0.033749464,0.450633694,0.451895731,6.991108418,-6.857985497,0.736736894
46.639706624,1788577209.598776579,1788577209.594936371,0.465206494,0.002868473,0.022233647,0.465215338,0.465746332,6.970356941,-6.852286339,0.736994088
46.669706624,1788577209.630783796,1788577209.624936104,0.477115362,0.011030705,0.030266316,0.477242858,0.478201626,6.954451084,-6.847985268,0.737196505
46.699706624,1788577209.664616823,1788577209.654936314,0.489045329,0.005269770,0.031286642,0.489073721,0.490073422,6.937655926,-6.843508244,0.737418354
46.739705600,1788577209.698210239,1788577209.694935322,0.502792962,0.012611000,0.032641248,0.502951091,0.504009177,6.914835453,-6.837666035,0.737770319
46.769705600,1788577209.729747534,1788577209.724935055,0.512955322,0.020766130,0.039245770,0.513375491,0.514873407,6.897430897,-6.833375454,0.738134027
46.799705600,1788577209.765385389,1788577209.754935265,0.523221853,0.020261962,0.037775427,0.523614032,0.524974892,6.879242897,-6.828957081,0.738583386
46.839704576,1788577209.798795223,1788577209.794934273,0.538042527,0.022788080,0.039519542,0.538524891,0.539973010,6.854607105,-6.823165894,0.739221275
46.869704576,1788577209.829785824,1788577209.824934244,0.548201310,0.030044092,0.046313654,0.549023974,0.550973936,6.835822582,-6.818889141,0.739804029
46.899704576,1788577209.865086794,1788577209.854934216,0.559018391,0.030947503,0.047111642,0.559874370,0.561853021,6.816307068,-6.814398289,0.740443289
46.939704064,1788577209.898295403,1788577209.894933701,0.570852819,0.038820421,0.047935180,0.572171274,0.574175712,6.789992809,-6.808496475,0.741389692
46.969704064,1788577209.932285786,1788577209.924933672,0.579493641,0.036149836,0.048784122,0.580620092,0.582665926,6.770060062,-6.804119110,0.742034733
46.999704064,1788577209.965259075,1788577209.954933643,0.587196630,0.040429649,0.045048311,0.588586815,0.590308215,6.749563217,-6.799500465,0.742725194
47.039703040,1788577209.998959303,1788577209.994932652,0.596447873,0.046776444,0.043530156,0.598279284,0.599860797,6.722109795,-6.793504715,0.743399203
47.069703040,1788577210.029785156,1788577210.024932623,0.600198007,0.051543837,0.033312840,0.602407183,0.603327572,6.701477528,-6.789147854,0.743724704
47.099703040,1788577210.065508604,1788577210.054932833,0.604246325,0.056193642,0.025607038,0.606853645,0.607393667,6.680647850,-6.784587383,0.743841410
47.139702016,1788577210.098726511,1788577210.094931602,0.608445810,0.063595510,0.026870281,0.611760323,0.612350149,6.652895451,-6.778672695,0.743800342
47.169702016,1788577210.129820347,1788577210.124931574,0.610921737,0.065564877,0.027106406,0.614429916,0.615027543,6.632110596,-6.774440289,0.743732572
47.199702016,1788577210.165459394,1788577210.154931784,0.614165155,0.064290415,0.023835538,0.617520927,0.617980767,6.611297607,-6.769951820,0.743546367
47.239700992,1788577210.198745489,1788577210.194930792,0.618271345,0.070822884,0.019364313,0.622314500,0.622615703,6.583529949,-6.764132023,0.743198454
47.269700992,1788577210.230824709,1788577210.224930525,0.621499766,0.069715859,0.021331349,0.625397682,0.625761366,6.562732220,-6.759886265,0.742922485
47.299700992,1788577210.264705181,1788577210.254930735,0.621923160,0.076450741,0.016954843,0.626604447,0.626833790,6.542242050,-6.755475044,0.742454171
47.339699968,1788577210.297032356,1788577210.294929743,0.621332257,0.068337620,0.003880391,0.625079038,0.625091083,6.515061855,-6.749660492,0.741690636
47.369699968,1788577210.329747677,1788577210.324929476,0.624872991,0.071312720,0.016525328,0.628929057,0.629146124,6.494760036,-6.745356560,0.741080284
47.399699968,1788577210.365691900,1788577210.354929686,0.626392912,0.067955213,0.015628864,0.630068243,0.630262050,6.474967957,-6.740757465,0.740341961
47.439698688,1788577210.398748398,1788577210.394928455,0.626774507,0.066563381,0.013144424,0.630299109,0.630436153,6.448621750,-6.734752655,0.739409089
47.469698688,1788577210.430953741,1788577210.424928188,0.628057678,0.066108743,0.005924445,0.631527365,0.631555154,6.428917885,-6.730288982,0.738718450
47.499698688,1788577210.465933323,1788577210.454928398,0.628614224,0.070132592,0.018783270,0.632514366,0.632793200,6.409811497,-6.725556374,0.737879872
47.539698176,1788577210.498156071,1788577210.494927883,0.630186942,0.070632013,0.014581878,0.634132844,0.634300477,6.384362221,-6.719340801,0.736764610
47.569698176,1788577210.532156467,1788577210.524927855,0.632217161,0.075380071,0.012059077,0.636695134,0.636809324,6.365266800,-6.714788437,0.735907912
47.599698176,1788577210.565504074,1788577210.554927826,0.631343953,0.073471602,0.010486364,0.635604644,0.635691142,6.346761703,-6.709902287,0.734930634
47.639697152,1788577210.597119570,1788577210.594926834,0.632890826,0.079839238,0.021718881,0.637906813,0.638276438,6.322062016,-6.703609467,0.733838379
47.669697152,1788577210.630881071,1788577210.624926805,0.632940740,0.078732242,0.021399444,0.637818741,0.638177626,6.303526878,-6.699020863,0.733114481
47.699697152,1788577210.665644646,1788577210.654926777,0.632332007,0.083388929,0.019059605,0.637806773,0.638091489,6.285552025,-6.694157600,0.732317150
47.739696128,1788577210.698120117,1788577210.694925785,0.633334460,0.088862910,0.026100216,0.639538236,0.640070602,6.261528969,-6.687902927,0.731387675
47.769696128,1788577210.729776382,1788577210.724925756,0.630980519,0.088099285,0.016633371,0.637101169,0.637318263,6.243515015,-6.683362484,0.730702698
47.799696128,1788577210.765835762,1788577210.754925728,0.633390938,0.089454385,0.030376087,0.639676612,0.640397434,6.225984097,-6.678384304,0.730078340
47.839695104,1788577210.798189402,1788577210.794924736,0.633365628,0.088323780,0.028856802,0.639494417,0.640145159,6.202523708,-6.671917439,0.729340374
47.869695104,1788577210.832162857,1788577210.824924707,0.633837269,0.091098261,0.020991618,0.640350355,0.640694330,6.184841633,-6.667217731,0.728797019
47.899695104,1788577210.864948511,1788577210.854924917,0.632257446,0.090855721,0.023465424,0.638752095,0.639182967,6.167717934,-6.662031651,0.728360355
47.939694080,1788577210.898178816,1788577210.894923687,0.627805473,0.089352493,0.020007491,0.634132147,0.634447697,6.144918919,-6.655283451,0.727852702
47.969694080,1788577210.929751158,1788577210.924923658,0.627422016,0.090068829,0.020681026,0.633853911,0.634191205,6.127841473,-6.650318146,0.727457106
47.999694080,1788577210.965575933,1788577210.954923868,0.624685516,0.084691125,0.027045492,0.630400334,0.630980221,6.111418724,-6.644852161,0.727019012
48.039693056,1788577210.998813152,1788577210.994922638,0.621161045,0.086229708,0.021401526,0.627117697,0.627482774,6.089540482,-6.637711048,0.726363659
48.069693056,1788577211.031010866,1788577211.024922609,0.618629993,0.079693735,0.024096060,0.623742061,0.624207321,6.073123932,-6.632465363,0.725897610
48.099693056,1788577211.065136671,1788577211.054922819,0.615835780,0.077551169,0.016060803,0.620699518,0.620907272,6.057372093,-6.626841545,0.725329340
48.139692544,1788577211.098209381,1788577211.094922304,0.613384783,0.073618055,0.022425349,0.617786784,0.618193665,6.036335468,-6.619452000,0.724508405
48.169692544,1788577211.132198811,1788577211.124922037,0.610917629,0.073273092,0.009359383,0.615296104,0.615367284,6.020536900,-6.614024639,0.723881066
48.209692544,1788577211.167003155,1788577211.164921999,0.609117031,0.072066337,0.016176054,0.613365401,0.613578666,6.000382423,-6.606443405,0.722915947
48.239691520,1788577211.198096037,1788577211.194921255,0.605128686,0.066615095,0.007683960,0.608784279,0.608832769,5.985210419,-6.600873470,0.722155869
48.269691520,1788577211.229847908,1788577211.224920988,0.604871027,0.069344704,0.013706569,0.608833021,0.608987288,5.970005989,-6.595358372,0.721389890
48.299691520,1788577211.265431881,1788577211.254921198,0.603402522,0.064570225,0.011900708,0.606847524,0.606964204,5.955385685,-6.589634895,0.720553994
48.339690496,1788577211.298805237,1788577211.294920206,0.600225831,0.062444534,0.008062401,0.603465299,0.603519154,5.935800076,-6.582137108,0.719521880
48.369690496,1788577211.329746723,1788577211.324920177,0.601663186,0.060355751,0.025423250,0.604682897,0.605217108,5.920996189,-6.576577187,0.718812466
48.399690496,1788577211.365586758,1788577211.354920149,0.597811832,0.058140534,0.016837979,0.600632424,0.600868393,5.906679153,-6.570921898,0.718059003
48.439689216,1788577211.398752689,1788577211.394918919,0.596930048,0.046499085,0.021908793,0.598738379,0.599139084,5.887486458,-6.563435078,0.717117369
48.469689216,1788577211.429864407,1788577211.424918890,0.596335701,0.055180193,0.026428679,0.598883229,0.599466093,5.872988224,-6.557845116,0.716485739
48.499689216,1788577211.465405703,1788577211.454918861,0.594111371,0.037932008,0.014998680,0.595321055,0.595509965,5.858971596,-6.551889420,0.715767562
48.539688192,1788577211.498144865,1788577211.494917870,0.594864617,0.031845616,0.027568683,0.595716422,0.596353995,5.840136051,-6.543860912,0.714988351
48.569688192,1788577211.529729128,1788577211.524917841,0.594827839,0.021551429,0.019528480,0.595218130,0.595538398,5.825885296,-6.537683010,0.714540839
48.599688192,1788577211.565343142,1788577211.554917812,0.593811835,0.009510968,0.028516452,0.593887998,0.594572235,5.812098026,-6.531138420,0.714041591
48.639687168,1788577211.598739862,1788577211.594916821,0.588240886,-0.003425458,0.024002165,0.588250860,0.588740332,5.793719292,-6.522170544,0.713563740
48.669687168,1788577211.629694462,1788577211.624916792,0.582724908,-0.008360494,0.020461377,0.582784880,0.583143965,5.780013084,-6.515313148,0.713230252
48.699687168,1788577211.665077448,1788577211.654916763,0.575411760,-0.025611020,0.024775738,0.575981439,0.576514055,5.766922474,-6.508016109,0.712920010
48.739686656,1788577211.697966337,1788577211.694916248,0.563909049,-0.036928258,0.013921604,0.565116901,0.565288354,5.749720097,-6.498106956,0.712544084
48.769686656,1788577211.732058764,1788577211.724916220,0.555180561,-0.046232782,0.022615555,0.557102257,0.557561107,5.737009525,-6.490574360,0.712280512
48.799686656,1788577211.764710903,1788577211.754916430,0.541791258,-0.052363305,0.016521335,0.544315793,0.544566467,5.725083351,-6.482673168,0.711970031
48.839685632,1788577211.798892260,1788577211.794915438,0.521331598,-0.069773767,0.006033117,0.525980051,0.526014650,5.709688187,-6.472068787,0.711588860
48.869685632,1788577211.829701900,1788577211.824915171,0.505687646,-0.075222069,0.011245947,0.511251753,0.511375426,5.698547840,-6.464105606,0.711405456
48.899685632,1788577211.865344048,1788577211.854915380,0.487847505,-0.076410239,0.006172782,0.493795213,0.493833794,5.688553810,-6.455928802,0.711166501
48.939684608,1788577211.898730993,1788577211.894914389,0.461272526,-0.091662492,0.002744284,0.470291777,0.470299784,5.675854206,-6.445099354,0.710847497
48.969684608,1788577211.929716825,1788577211.924914122,0.441557409,-0.094466068,-0.002539632,0.451549315,0.451556457,5.666837692,-6.437172413,0.710624218
48.999684608,1788577211.965482235,1788577211.954914331,0.417908608,-0.104847409,-0.002100552,0.430860284,0.430865404,5.659157276,-6.429144382,0.710321367
49.039683584,1788577211.998716831,1788577211.994913340,0.389583536,-0.115443173,-0.008766166,0.406328017,0.406422567,5.649683475,-6.418617725,0.709949970
49.069683584,1788577212.030736685,1788577212.024913073,0.368769784,-0.120401848,0.000273805,0.387927517,0.387927614,5.643157959,-6.410723209,0.709652066
49.109683584,1788577212.067059278,1788577212.064913034,0.340356209,-0.130500726,0.002485086,0.364517200,0.364525671,5.636445045,-6.400068283,0.709307611
49.139682560,1788577212.097001791,1788577212.094912291,0.321691544,-0.149868983,0.004875833,0.354888942,0.354922436,5.631966591,-6.391993046,0.709060907
49.169682560,1788577212.129680395,1788577212.124912024,0.304122542,-0.152444544,0.001920149,0.340190917,0.340196336,5.627892971,-6.383910656,0.708914101
49.199682560,1788577212.165445805,1788577212.154912233,0.283125793,-0.169225465,0.004544756,0.329844619,0.329875928,5.625145435,-6.375699997,0.708868563
49.239681536,1788577212.198724031,1788577212.194911242,0.261301329,-0.179606347,0.005982881,0.317075424,0.317131864,5.622074127,-6.364727497,0.708817184
49.269681536,1788577212.229757071,1788577212.224911213,0.243991293,-0.178325310,0.017963479,0.302211296,0.302744701,5.620170593,-6.356576443,0.708861291
49.299681536,1788577212.265910387,1788577212.254911184,0.229299326,-0.184715072,0.016557698,0.294444968,0.294910150,5.619452953,-6.348104954,0.709076762
49.339684864,1788577212.298772335,1788577212.294914484,0.209232389,-0.211063999,0.020142754,0.297197248,0.297879061,5.618978500,-6.336591721,0.709416926
49.369684864,1788577212.329988241,1788577212.324914455,0.196157286,-0.217853467,0.019074605,0.293151520,0.293771432,5.618939400,-6.327779293,0.709693074
49.399684864,1788577212.364884853,1788577212.354914665,0.183228333,-0.228579100,0.025115723,0.292952261,0.294026915,5.619946480,-6.318547249,0.709981561
49.439683584,1788577212.396990538,1788577212.394913197,0.167418533,-0.248607015,0.017353625,0.299723895,0.300225851,5.621612072,-6.305999279,0.710397720
49.469683584,1788577212.429762125,1788577212.424913168,0.160362478,-0.258543432,0.028436604,0.304238115,0.305564185,5.623085976,-6.296307087,0.710684597
49.499683584,1788577212.464995146,1788577212.454913378,0.150250619,-0.268271707,0.020926101,0.307481638,0.308192893,5.625303745,-6.286206722,0.710856259
49.539682560,1788577212.498710155,1788577212.494912148,0.139247515,-0.282699045,0.022065161,0.315132703,0.315904245,5.628433704,-6.272466183,0.711163282
49.569682560,1788577212.530846357,1788577212.524912119,0.132686030,-0.296058250,0.017528336,0.324431919,0.324905082,5.630891323,-6.261942863,0.711365998
49.609682560,1788577212.567361355,1788577212.564912081,0.126056507,-0.302825093,0.028432972,0.328014146,0.329244156,5.634758472,-6.247274399,0.711501718
49.639681536,1788577212.598122835,1788577212.594911337,0.119536819,-0.319883791,0.022252356,0.341488932,0.342213177,5.637690067,-6.236065865,0.711594462
49.669681536,1788577212.632144690,1788577212.624911070,0.117286205,-0.328901740,0.032715485,0.349188214,0.350717424,5.640625954,-6.224745274,0.711712122
49.699681536,1788577212.665060520,1788577212.654911280,0.113855888,-0.326712818,0.033147974,0.345983278,0.347567572,5.643863201,-6.212970734,0.711710930
49.739680512,1788577212.698132753,1788577212.694910288,0.109435838,-0.342390699,0.032928023,0.359454578,0.360959622,5.648126125,-6.197059155,0.711758733
49.769680512,1788577212.729694605,1788577212.724910021,0.106779504,-0.348365104,0.031194355,0.364362606,0.365695496,5.651260853,-6.184972286,0.711835444
49.799680512,1788577212.765607357,1788577212.754910231,0.104100307,-0.358872161,0.032231634,0.373665762,0.375053303,5.654680729,-6.172500134,0.711695969
49.839679488,1788577212.798220396,1788577212.794909239,0.102722294,-0.365964931,0.038643624,0.380108143,0.382067442,5.659162521,-6.155661106,0.711517870
49.869679488,1788577212.832173347,1788577212.824908972,0.099349065,-0.374925503,0.030054046,0.387865144,0.389027782,5.662441730,-6.142884254,0.711422920
49.909679488,1788577212.867434263,1788577212.864909172,0.097783184,-0.383344451,0.037361204,0.395619159,0.397379389,5.666980267,-6.125409603,0.710967898
49.939678464,1788577212.898724079,1788577212.894908190,0.096391686,-0.393781473,0.033335836,0.405407456,0.406775716,5.670286179,-6.112169743,0.710691690
49.969678464,1788577212.930783033,1788577212.924907923,0.095601351,-0.402145432,0.037763628,0.413352836,0.415074280,5.673524857,-6.098774433,0.710447252
49.999678464,1788577212.964570284,1788577212.954908133,0.097289371,-0.402434555,0.040382771,0.414027527,0.415992261,5.676732540,-6.085144997,0.710022807
50.039680768,1788577212.998836279,1788577212.994910479,0.099208180,-0.420750207,0.039715646,0.432288098,0.434108664,5.680851936,-6.066596031,0.709447861
50.069680768,1788577213.029713869,1788577213.024910450,0.103013024,-0.427443591,0.042269168,0.439681370,0.441708489,5.683724403,-6.052483082,0.709143043
50.099680768,1788577213.065328121,1788577213.054910421,0.105854368,-0.438345251,0.030250848,0.450945347,0.451958870,5.686416626,-6.037945747,0.708581865
50.139679744,1788577213.098720074,1788577213.094909430,0.114086548,-0.442687543,0.037699327,0.457152055,0.458703870,5.689633846,-6.018349171,0.707965255
50.169679744,1788577213.129814625,1788577213.124909401,0.120085494,-0.451195304,0.038896804,0.466902268,0.468519679,5.691781044,-6.003481865,0.707556367
50.199679744,1788577213.166218758,1788577213.154909372,0.126782356,-0.457658315,0.047242337,0.474894618,0.477238658,5.693389893,-5.988241673,0.706997633
50.239678720,1788577213.198098421,1788577213.194908381,0.136436028,-0.469047156,0.044793902,0.488487486,0.490536969,5.695110321,-5.967667103,0.706361949
50.269678720,1788577213.230108261,1788577213.224908352,0.146700527,-0.466497058,0.053482415,0.489019989,0.491935888,5.696065903,-5.951987267,0.705992341
50.299678720,1788577213.266289473,1788577213.254908323,0.154807477,-0.480965636,0.036873487,0.505265572,0.506609270,5.696362972,-5.935828209,0.705549717
50.339677440,1788577213.298341036,1788577213.294907093,0.167336397,-0.483175587,0.038315652,0.511331710,0.512765255,5.696247578,-5.914113045,0.705022633
50.369677440,1788577213.329889536,1788577213.324907064,0.176786672,-0.476752933,0.030317722,0.508475060,0.509378102,5.695775032,-5.897816658,0.704600096
50.399677440,1788577213.365417242,1788577213.354907036,0.187817386,-0.477906847,0.035217111,0.513488388,0.514694637,5.694561958,-5.881262779,0.704090416
50.439675904,1788577213.398740768,1788577213.394905567,0.201578652,-0.467453610,0.029310272,0.509064662,0.509907759,5.692322731,-5.859359741,0.703598976
50.469675904,1788577213.430016518,1788577213.424905539,0.211962666,-0.458636531,0.033563016,0.505248097,0.506361645,5.690152645,-5.843153954,0.703314245
50.499675904,1788577213.465472698,1788577213.454905510,0.223565306,-0.454345579,0.029770444,0.506370765,0.507245139,5.687129498,-5.826822281,0.702975452
50.539674880,1788577213.498733282,1788577213.494904518,0.242110821,-0.436336373,0.036811093,0.499006092,0.500362005,5.682361603,-5.805437565,0.702583611
50.569674880,1788577213.530318022,1788577213.524904490,0.256168886,-0.427059658,0.034148736,0.497998444,0.499167894,5.678169250,-5.789678097,0.702408850
50.609674880,1788577213.567031622,1788577213.564904451,0.278861788,-0.415010351,0.041568567,0.499997489,0.501722467,5.670886993,-5.768700600,0.702104330
50.639673856,1788577213.598128557,1788577213.594903469,0.295635345,-0.403022002,0.039852569,0.499826962,0.501413222,5.664765358,-5.753238201,0.701920152
50.669673856,1788577213.629878044,1788577213.624903440,0.312660645,-0.390098235,0.032554411,0.499933307,0.500992117,5.658050060,-5.738008976,0.701777935
50.699673856,1788577213.664950848,1788577213.654903650,0.332765244,-0.381237296,0.048692377,0.506038125,0.508375384,5.650052071,-5.722892284,0.701678872
50.739672576,1788577213.698708296,1788577213.694902182,0.359594784,-0.357791768,0.046321589,0.507270498,0.509381044,5.638346672,-5.703194141,0.701726019
50.769672576,1788577213.729684830,1788577213.724902153,0.378727846,-0.352469861,0.047805222,0.517368132,0.519572058,5.628812790,-5.688752651,0.701838732
50.799672576,1788577213.765821457,1788577213.754902363,0.397632490,-0.332340091,0.050768506,0.518229228,0.520710067,5.617899895,-5.674644947,0.702022374
50.839671296,1788577213.798197746,1788577213.794900894,0.421507675,-0.303171559,0.051348466,0.519212591,0.521745512,5.602400780,-5.656450748,0.702268124
50.869671296,1788577213.829888821,1788577213.824900866,0.438861522,-0.291235550,0.051838333,0.526704454,0.529249274,5.590052128,-5.643373966,0.702536821
50.899671296,1788577213.865450859,1788577213.854901075,0.458306689,-0.273396293,0.057290138,0.533657713,0.536724058,5.576260567,-5.630778790,0.702878416
50.939670272,1788577213.898145437,1788577213.894900084,0.482677443,-0.246709344,0.063639759,0.542072887,0.545795780,5.556951523,-5.614660740,0.703343868
50.969670272,1788577213.929713964,1788577213.924899817,0.497008407,-0.229154466,0.053449119,0.547292542,0.549896294,5.541824341,-5.603022099,0.703723371
50.999670272,1788577213.965384483,1788577213.954900026,0.517108939,-0.218505142,0.061316388,0.561378795,0.564717496,5.525308609,-5.591822147,0.704262137
51.039669248,1788577213.998703718,1788577213.994899035,0.541730114,-0.193985040,0.068471435,0.575414383,0.579473942,5.502416611,-5.577465057,0.705044091
51.069669248,1788577214.029749155,1788577214.024898767,0.558129683,-0.181427425,0.060715542,0.586877035,0.590009348,5.484646797,-5.567025185,0.705606759
51.099669248,1788577214.065348148,1788577214.054898977,0.579140913,-0.164874654,0.077938034,0.602152679,0.607175581,5.465534210,-5.556977749,0.706390679
51.139667968,1788577214.098742485,1788577214.094897747,0.601058790,-0.150862992,0.069402319,0.619702599,0.623576774,5.439329147,-5.543929100,0.707446814
51.169667968,1788577214.129837513,1788577214.124897480,0.617152240,-0.143810422,0.072855901,0.633686298,0.637860727,5.419157982,-5.534398556,0.708249629
51.199667968,1788577214.165251732,1788577214.154897690,0.634287681,-0.125843057,0.082170022,0.646650861,0.651850634,5.397726536,-5.525160313,0.709084034
51.239666688,1788577214.198060989,1788577214.194896460,0.655763453,-0.117370307,0.082017272,0.666184281,0.671214071,5.368582726,-5.513126373,0.710137010
51.269666688,1788577214.229754925,1788577214.224896193,0.668114072,-0.106439363,0.075272840,0.676539541,0.680714148,5.346317291,-5.504301548,0.710925102
51.299666688,1788577214.265367985,1788577214.254896402,0.682296736,-0.102398524,0.072404190,0.689937891,0.693726647,5.323031902,-5.495660305,0.711656749
51.339665664,1788577214.298795938,1788577214.294895411,0.701214113,-0.092872140,0.073745335,0.707337590,0.711171457,5.291511059,-5.484355927,0.712616444
51.369665664,1788577214.329753637,1788577214.324895144,0.712919436,-0.081121419,0.071604118,0.717519900,0.721083877,5.267573357,-5.475998402,0.713257253
51.399665664,1788577214.365441322,1788577214.354895353,0.725531548,-0.078393988,0.070576485,0.729754509,0.733159385,5.242803574,-5.467788696,0.713751197
51.439664384,1788577214.398689508,1788577214.394894123,0.741117611,-0.072231594,0.065009459,0.744629248,0.747461669,5.209430218,-5.457013607,0.714452505
51.469664384,1788577214.430874586,1788577214.424893856,0.754315350,-0.061120510,0.075105378,0.756787529,0.760505215,5.184168339,-5.449032307,0.714957654
51.509664384,1788577214.467090845,1788577214.464894056,0.770455796,-0.059457864,0.071944537,0.772746641,0.776088518,5.149504185,-5.438582420,0.715578735
51.539666176,1788577214.498746872,1788577214.494895935,0.780498914,-0.052866357,0.065123797,0.782287291,0.784993321,5.123267651,-5.430838585,0.716042995
51.569666176,1788577214.529800177,1788577214.524895668,0.786886633,-0.048318770,0.063785556,0.788368744,0.790944925,5.096964359,-5.423105717,0.716536403
51.599666176,1788577214.565362453,1788577214.554895878,0.790862100,-0.048088326,0.048768673,0.792322755,0.793822229,5.070252419,-5.415547371,0.716877997
51.639664896,1788577214.598722458,1788577214.594894648,0.791560116,-0.036631286,0.044542862,0.792407262,0.793658198,5.034778595,-5.405664921,0.717370927
51.669664896,1788577214.629764318,1788577214.624894381,0.790985756,-0.041343849,0.039600214,0.792065515,0.793054826,5.008390903,-5.398282051,0.717659891
51.699664896,1788577214.665067434,1788577214.654894590,0.790797756,-0.038266514,0.046016691,0.791723068,0.793059237,4.981928349,-5.391112804,0.717926621
51.739667200,1788577214.698685884,1788577214.694896936,0.788256988,-0.038799589,0.039475501,0.789211307,0.790197951,4.947009087,-5.381587982,0.718213677
51.769667200,1788577214.729869604,1788577214.724896669,0.784737544,-0.031969819,0.041321098,0.785388491,0.786474739,4.921091557,-5.374496937,0.718544006
51.799667200,1788577214.765416861,1788577214.754896879,0.781682869,-0.034534147,0.030289638,0.782445344,0.783031403,4.895369530,-5.367620945,0.718827724
51.839665920,1788577214.798169374,1788577214.794895649,0.776376869,-0.031264602,0.033425923,0.777006125,0.777724765,4.861468315,-5.358520031,0.719261765
51.869665920,1788577214.829769611,1788577214.824895382,0.771582939,-0.030192045,0.031786089,0.772173420,0.772827372,4.836348057,-5.351749897,0.719606876
51.899665920,1788577214.865387440,1788577214.854895592,0.768514647,-0.026090229,0.032821162,0.768957387,0.769657516,4.811642170,-5.345257759,0.720057189
51.939664640,1788577214.898679018,1788577214.894894361,0.761999222,-0.030842360,0.032436770,0.762623148,0.763312655,4.779094219,-5.336658001,0.720701694
51.969664640,1788577214.929791927,1788577214.924894094,0.760489633,-0.021077144,0.042845872,0.760781656,0.761987202,4.754953861,-5.330277920,0.721160471
51.999664640,1788577214.964928150,1788577214.954894304,0.755047800,-0.023130312,0.038283806,0.755402007,0.756371497,4.731336594,-5.324123383,0.721668363
52.039663360,1788577214.998683691,1788577214.994893074,0.750677142,-0.023525598,0.040606768,0.751045687,0.752142629,4.700188160,-5.315948963,0.722241938
52.069663360,1788577215.029928446,1788577215.024893045,0.751504877,-0.018208963,0.044579210,0.751725446,0.753046115,4.676990986,-5.309887409,0.722738922
52.099663360,1788577215.065362215,1788577215.054893017,0.748185476,-0.029084445,0.042189074,0.748750566,0.749938217,4.654334545,-5.304091930,0.723094463
52.139662080,1788577215.098340750,1788577215.094891787,0.750177335,-0.021279529,0.044840103,0.750479082,0.751817456,4.624236584,-5.296380520,0.723552585
52.169662080,1788577215.129700184,1788577215.124891758,0.749750968,-0.021996044,0.043131606,0.750073556,0.751312635,4.601734161,-5.290580273,0.723847687
52.199662080,1788577215.165331364,1788577215.154891729,0.751205957,-0.018462971,0.037416534,0.751432812,0.752363787,4.579801559,-5.285181999,0.723930657
52.239660800,1788577215.198843241,1788577215.194890499,0.751781939,-0.020771454,0.040765493,0.752068838,0.753172863,4.550588608,-5.277930737,0.723997116
52.269660800,1788577215.229716301,1788577215.224890471,0.754140616,-0.017702352,0.039426505,0.754348355,0.755377979,4.528718472,-5.272483826,0.724016249
52.299660800,1788577215.265421152,1788577215.254890442,0.752515643,-0.016973006,0.036276381,0.752707032,0.753580687,4.507415295,-5.267374516,0.723823667
52.339659520,1788577215.298276186,1788577215.294889212,0.752273044,-0.012461631,0.030794378,0.752376253,0.753006188,4.479038239,-5.260563374,0.723610163
52.369659520,1788577215.331970215,1788577215.324889183,0.752016834,-0.016247796,0.038063334,0.752192335,0.753154783,4.457760811,-5.255458355,0.723402619
52.399659520,1788577215.364627600,1788577215.354889154,0.753538659,-0.009278253,0.043109197,0.753595778,0.754827795,4.436942101,-5.250752449,0.723128796
52.439662080,1788577215.399141312,1788577215.394891739,0.753267412,-0.011302048,0.036714106,0.753352195,0.754246283,4.409155369,-5.244400501,0.722739756
52.469662080,1788577215.429708242,1788577215.424891710,0.754214860,-0.016915811,0.038994267,0.754404533,0.755411645,4.388307095,-5.239551067,0.722410381
52.499662080,1788577215.466569901,1788577215.454891682,0.753762306,-0.003987468,0.041132845,0.753772853,0.754894314,4.367972851,-5.235197544,0.721869767
52.539660800,1788577215.498358965,1788577215.494890451,0.753193444,-0.013861668,0.041505599,0.753320988,0.754463535,4.340808392,-5.229315281,0.721253991
52.569660800,1788577215.529801369,1788577215.524890423,0.752018660,-0.007869626,0.035277648,0.752059836,0.752886784,4.320405006,-5.224818707,0.720797658
52.599660800,1788577215.566260815,1788577215.554890394,0.752895373,-0.008609444,0.047178743,0.752944597,0.754421235,4.300387383,-5.220757008,0.720188200
52.639659520,1788577215.598204851,1788577215.594889164,0.754296038,-0.009401732,0.046016192,0.754354629,0.755756836,4.273564339,-5.215275764,0.719503343
52.669659520,1788577215.629744530,1788577215.624889135,0.753827430,-0.004704504,0.043162898,0.753842110,0.755076792,4.253385544,-5.211085796,0.718941331
52.699659520,1788577215.666325808,1788577215.654889107,0.756418900,-0.004750442,0.045831630,0.756433817,0.757820993,4.233512402,-5.207313061,0.718332887
52.739658240,1788577215.699256659,1788577215.694887877,0.755297361,0.000048412,0.041314774,0.755297362,0.756426478,4.206877232,-5.202170849,0.717575133
52.769658240,1788577215.729697943,1788577215.724887848,0.757093478,-0.003326467,0.037465127,0.757100786,0.758027200,4.186768055,-5.198246956,0.717027962
52.799658240,1788577215.765378714,1788577215.754887819,0.759766580,0.005840506,0.047100354,0.759789029,0.761247536,4.166857243,-5.194683552,0.716452181
52.839656960,1788577215.798187017,1788577215.794886589,0.757150028,0.002893508,0.035363537,0.757155557,0.757980948,4.140160084,-5.189859867,0.715630472
52.869656960,1788577215.832090139,1788577215.824886560,0.759829626,0.004929740,0.043169588,0.759845618,0.761070941,4.120044708,-5.186165333,0.715018868
52.909656960,1788577215.866826534,1788577215.864886522,0.758798191,0.006497430,0.044750209,0.758826009,0.760144389,4.093539715,-5.181684017,0.714048207
52.939659264,1788577215.898100376,1788577215.894888878,0.758622878,0.010953296,0.032862821,0.758701948,0.759413333,4.073573112,-5.178212166,0.713297188
52.969659264,1788577215.932001352,1788577215.924888849,0.759588136,0.008374392,0.039520210,0.759634298,0.760661629,4.053497314,-5.174698830,0.712651610
52.999659264,1788577215.964658260,1788577215.954889059,0.759068538,0.014887560,0.041810226,0.759214519,0.760364899,4.033639908,-5.171404839,0.711975038
53.039661568,1788577215.998812199,1788577215.994891167,0.756827744,0.015419152,0.035550646,0.756984798,0.757819129,4.007002831,-5.166863918,0.711201012
53.069661568,1788577216.030028343,1788577216.024891138,0.761499412,0.010277356,0.044706077,0.761568762,0.762879815,3.986891747,-5.163298607,0.710672855
53.109661568,1788577216.067492723,1788577216.064891100,0.761005174,0.014984211,0.043456189,0.761152679,0.762392183,3.960174084,-5.158637047,0.709998429
53.139660288,1788577216.098698378,1788577216.094889879,0.760929622,0.008077224,0.036700681,0.760972490,0.761856988,3.940023422,-5.154953957,0.709502220
53.169660288,1788577216.129659891,1788577216.124889851,0.762773533,0.013853175,0.047874430,0.762899320,0.764399983,3.919757128,-5.151166916,0.709136724
53.199660288,1788577216.165449381,1788577216.154890060,0.759769821,0.013261128,0.037671234,0.759885543,0.760818743,3.899398088,-5.147464275,0.708706021
53.239659008,1788577216.198668003,1788577216.194888592,0.758002863,0.017372111,0.036715999,0.758201907,0.759090374,3.872205257,-5.142347813,0.708161652
53.269659008,1788577216.229858875,1788577216.224888563,0.756525786,0.009742151,0.040139587,0.756588511,0.757652533,3.851774931,-5.138393879,0.707853258
53.299659008,1788577216.265362978,1788577216.254888773,0.751885681,0.010107363,0.027641300,0.751953613,0.752461479,3.831276417,-5.134467602,0.707446575
53.339657728,1788577216.298725128,1788577216.294887543,0.748989391,0.016143660,0.035444443,0.749163351,0.750001356,3.803969145,-5.129126549,0.706966639
53.369657728,1788577216.329713345,1788577216.324887276,0.745658059,0.007747621,0.037304514,0.745698308,0.746630828,3.783518314,-5.125011921,0.706702232
53.399657728,1788577216.365305185,1788577216.354887486,0.740621394,0.012312845,0.026574848,0.740723738,0.741200296,3.763077497,-5.120785713,0.706280649
53.439656192,1788577216.398708582,1788577216.394885778,0.735924920,0.011372893,0.029458089,0.736012793,0.736602070,3.735853434,-5.115035057,0.705842912
53.469656192,1788577216.429748535,1788577216.424885750,0.735231714,0.005185212,0.035071223,0.735249998,0.736085967,3.715469837,-5.110649109,0.705551088
53.499656192,1788577216.466369390,1788577216.454885960,0.732101505,0.016642079,0.032259418,0.732290634,0.733000847,3.695102215,-5.105946064,0.705029190
53.539658752,1788577216.498730421,1788577216.494888544,0.727266191,0.006130856,0.026700035,0.727292032,0.727781967,3.667978287,-5.099549770,0.704448998
53.569658752,1788577216.529865742,1788577216.524888277,0.725429277,0.011794105,0.034232755,0.725525146,0.726332306,3.647689819,-5.094654083,0.704025865
53.599658752,1788577216.566485167,1788577216.554888487,0.722453961,0.007749815,0.032047507,0.722495526,0.723205937,3.627467155,-5.089318752,0.703412116
53.639660544,1788577216.598827124,1788577216.594890356,0.717256748,0.000704351,0.023435629,0.717257094,0.717639859,3.600590944,-5.082100868,0.702670395
53.669660544,1788577216.629661083,1788577216.624890089,0.715524331,0.004962265,0.038929546,0.715541538,0.716599750,3.580504656,-5.076591969,0.702202559
53.699660544,1788577216.664960146,1788577216.654890299,0.711800392,0.001406795,0.028125194,0.711801782,0.712357216,3.560526133,-5.070601940,0.701546729
53.739659264,1788577216.698143959,1788577216.694889069,0.708191306,0.000569086,0.030432625,0.708191535,0.708845113,3.533976555,-5.062552929,0.700764239
53.769659264,1788577216.731997252,1788577216.724888802,0.705447811,-0.001602917,0.041777611,0.705449632,0.706685611,3.514123201,-5.056490898,0.700312078
53.799659264,1788577216.764611721,1788577216.754889011,0.702281466,-0.004111323,0.031021781,0.702293500,0.702978315,3.494306326,-5.049932480,0.699811280
53.839657984,1788577216.798745155,1788577216.794887781,0.699105441,-0.008311001,0.039709127,0.699154840,0.700281590,3.467933416,-5.041216850,0.699246168
53.869657984,1788577216.829886198,1788577216.824887514,0.696477037,0.000693192,0.043393636,0.696477382,0.697827881,3.448204279,-5.034708023,0.699021876
53.899657984,1788577216.865383863,1788577216.854887724,0.694732201,-0.003815867,0.041041697,0.694742680,0.695953887,3.428458929,-5.027707100,0.698809743
53.939656704,1788577216.898210764,1788577216.894886494,0.690622896,-0.006020799,0.047011494,0.690649140,0.692247293,3.402201414,-5.018444061,0.698705137
53.969656704,1788577216.929739952,1788577216.924886227,0.687355077,-0.000507612,0.042941362,0.687355265,0.688695303,3.382602215,-5.011517048,0.698658943
53.999656704,1788577216.965224266,1788577216.954886436,0.682974836,-0.002496704,0.042749511,0.682979400,0.684315995,3.363053799,-5.004248142,0.698764324
54.039655424,1788577216.998685598,1788577216.994885206,0.674504836,-0.003230529,0.038257303,0.674512572,0.675596649,3.337253094,-4.994623184,0.698964417
54.069655424,1788577217.029692650,1788577217.024884939,0.666092835,-0.007280269,0.034251241,0.666132619,0.667012604,3.318130016,-4.987513065,0.699164569
54.099655424,1788577217.065073013,1788577217.054885149,0.655465518,-0.007987950,0.029228237,0.655514189,0.656165484,3.299282074,-4.980103493,0.699405730
54.139658496,1788577217.098292589,1788577217.094888210,0.643262136,-0.005769822,0.036769103,0.643288012,0.644337981,3.274571419,-4.970357418,0.699776888
54.169658496,1788577217.132020473,1788577217.124888182,0.633008635,-0.014182420,0.025313687,0.633167492,0.633673303,3.256382465,-4.963157654,0.700159192
54.199658496,1788577217.164555073,1788577217.154888153,0.622390536,-0.006208259,0.029821829,0.622421498,0.623135509,3.238616228,-4.955732346,0.700455904
54.239661056,1788577217.198905706,1788577217.194890738,0.607029889,-0.013813388,0.027139113,0.607187035,0.607793244,3.215379477,-4.945988178,0.700939178
54.269661056,1788577217.229721308,1788577217.224890709,0.599563764,-0.015977910,0.026142322,0.599776626,0.600346085,3.198291063,-4.938792229,0.701381385
54.299661056,1788577217.265350342,1788577217.254890680,0.587824015,-0.013903432,0.029854045,0.587988416,0.588745821,3.181689978,-4.931425571,0.701984107
54.339659776,1788577217.298287868,1788577217.294889450,0.570383012,-0.018081884,0.029029193,0.570669549,0.571407410,3.160102844,-4.921804428,0.702821791
54.369659776,1788577217.331964254,1788577217.324889421,0.554247678,-0.020566676,0.023796024,0.554629134,0.555139377,3.144382477,-4.914791107,0.703533888
54.409659776,1788577217.366647005,1788577217.364889383,0.528661463,-0.023253513,0.020531590,0.529172626,0.529570783,3.124701977,-4.905478001,0.704652727
54.439658240,1788577217.398055315,1788577217.394887924,0.507769429,-0.019119526,0.014993276,0.508129265,0.508350418,3.110573530,-4.898743629,0.705532372
54.469658240,1788577217.432236433,1788577217.424887896,0.487590688,-0.026609622,0.008458337,0.488316241,0.488389491,3.097043753,-4.892159462,0.706388950
54.499658240,1788577217.465343237,1788577217.454887867,0.466649479,-0.024927502,0.017534125,0.467314794,0.467643628,3.084649324,-4.885587215,0.707383513
54.539656960,1788577217.498881578,1788577217.494886637,0.436061400,-0.024709358,0.012583179,0.436760915,0.436942139,3.069068909,-4.877140045,0.708664894
54.569656960,1788577217.529700041,1788577217.524886608,0.414935243,-0.033066873,0.013666950,0.416250734,0.416475041,3.058087587,-4.871091843,0.709602118
54.599656960,1788577217.565310955,1788577217.554886580,0.391222436,-0.028126358,0.011521746,0.392232184,0.392401372,3.048357725,-4.865126610,0.710733712
54.639655680,1788577217.598789215,1788577217.594885349,0.363403645,-0.031642110,0.019548843,0.364778608,0.365302053,3.036286592,-4.857542992,0.712183714
54.669655680,1788577217.630711317,1788577217.624885321,0.340977398,-0.031785738,0.001909521,0.342455719,0.342461042,3.027844667,-4.852202415,0.713185966
54.699655680,1788577217.665590763,1788577217.654885292,0.322761781,-0.025519206,0.011864884,0.323769049,0.323986377,3.020526886,-4.847116947,0.714400828
54.739658752,1788577217.698094606,1788577217.694888353,0.296969200,-0.019655078,0.012323098,0.297618930,0.297873944,3.011490583,-4.840863705,0.715910792
54.769658752,1788577217.731940269,1788577217.724888325,0.278745232,-0.016277804,0.019023439,0.279220112,0.279867401,3.005188465,-4.836616039,0.717056394
54.799658752,1788577217.764914751,1788577217.754888535,0.261324978,-0.011251029,0.008398051,0.261567065,0.261701847,2.999934196,-4.832800865,0.718416333
54.839657472,1788577217.798113346,1788577217.794887066,0.239849858,-0.006014349,0.013129397,0.239925253,0.240284223,2.993428946,-4.828341961,0.720204473
54.869657472,1788577217.829772234,1788577217.824887037,0.225468625,0.006259421,0.010601211,0.225555494,0.225804488,2.988903999,-4.825404644,0.721454442
54.899657472,1788577217.865433931,1788577217.854887247,0.211439654,0.006447839,0.023971527,0.211537945,0.212891841,2.985230923,-4.823073387,0.722968757
54.939656192,1788577217.898678780,1788577217.894885778,0.193537678,0.021010328,0.020708349,0.194674772,0.195773089,2.980694771,-4.820493698,0.724896073
54.969656192,1788577217.929664612,1788577217.924885750,0.179969390,0.024619143,0.012214931,0.181645488,0.182055728,2.977515697,-4.819037914,0.726233959
54.999656192,1788577217.965725660,1788577217.954885960,0.167111444,0.042676156,0.010767110,0.172474604,0.172810358,2.975035667,-4.818190098,0.727771163
55.039655168,1788577217.997071266,1788577217.994884968,0.152703201,0.051667668,0.015851868,0.161207368,0.161984868,2.971931219,-4.817733765,0.729801297
55.069655168,1788577218.030681372,1788577218.024884701,0.142462450,0.065477678,0.009832250,0.156789273,0.157097260,2.969709396,-4.817941189,0.731196344
55.099655168,1788577218.064610720,1788577218.054884911,0.133033981,0.072838334,0.014945665,0.151668925,0.152403529,2.967970371,-4.818676472,0.732738197
55.139654144,1788577218.097082138,1788577218.094883919,0.121942895,0.084579426,0.011404440,0.148404006,0.148841561,2.965718985,-4.820309162,0.734554470
55.169654144,1788577218.129658937,1788577218.124883652,0.115274764,0.098179310,0.010305103,0.151418123,0.151768387,2.964051485,-4.821937084,0.735822856
55.199654144,1788577218.165431261,1788577218.154883862,0.110176787,0.096454000,0.001747553,0.146431890,0.146442317,2.962677956,-4.824062824,0.737053812
55.239653120,1788577218.198684931,1788577218.194882870,0.104650525,0.103506779,-0.001241691,0.147191663,0.147196900,2.960768461,-4.827296734,0.738578379
55.269653120,1788577218.230723143,1788577218.224882603,0.101829101,0.114150519,0.006618727,0.152968973,0.153112097,2.959302187,-4.829862118,0.739573836
55.309653120,1788577218.267133474,1788577218.264882803,0.098338864,0.119995445,0.005308090,0.155143285,0.155234064,2.957706690,-4.833882332,0.740903080
55.339656192,1788577218.298703432,1788577218.294885874,0.093804778,0.109766727,-0.006991181,0.144388610,0.144557764,2.956454754,-4.837062359,0.741771340
55.369656192,1788577218.329949141,1788577218.324885845,0.091673507,0.123516421,-0.000668069,0.153819174,0.153820625,2.955163002,-4.840249538,0.742578506
55.399656192,1788577218.365459204,1788577218.354885817,0.090187854,0.117990168,-0.008132646,0.148511039,0.148733549,2.954068899,-4.843802452,0.743573368
55.439654912,1788577218.397001505,1788577218.394884586,0.088824462,0.117892348,-0.005504749,0.147608911,0.147711519,2.952504873,-4.848597527,0.744818509
55.469654912,1788577218.430730820,1788577218.424884558,0.088121778,0.123404450,-0.008496374,0.151638075,0.151875917,2.951264381,-4.852162361,0.745621502
55.499654912,1788577218.465465307,1788577218.454884529,0.085400465,0.112573802,-0.004981281,0.141301452,0.141389227,2.950219631,-4.855971336,0.746607482
55.539653888,1788577218.498685122,1788577218.494883537,0.085217642,0.111900086,-0.007910477,0.140654455,0.140876724,2.948729515,-4.861036777,0.747782409
55.569653888,1788577218.530040026,1788577218.524883509,0.083976886,0.124783084,-0.007573259,0.150409226,0.150599766,2.947557211,-4.864768982,0.748555124
55.609653888,1788577218.567049026,1788577218.564883471,0.083455075,0.118158929,-0.004976514,0.144659193,0.144744768,2.946189642,-4.869947433,0.749767184
55.639652864,1788577218.598066807,1788577218.594882488,0.084950341,0.110954944,-0.014435639,0.139741046,0.140484688,2.945069551,-4.873810291,0.750551701
55.669652864,1788577218.632063627,1788577218.624882460,0.084657248,0.110981571,-0.006195814,0.139584235,0.139721676,2.943898439,-4.877524853,0.751230001
55.699652864,1788577218.665063143,1788577218.654882669,0.085288539,0.102361251,-0.021838175,0.133236484,0.135014320,2.942806005,-4.881198406,0.751921773
55.739651840,1788577218.698019028,1788577218.694881439,0.085622025,0.098302023,-0.017480926,0.130362644,0.131529471,2.941247463,-4.885864735,0.752741337
55.769651840,1788577218.732034206,1788577218.724881411,0.086520410,0.094771283,-0.008442198,0.128325280,0.128602676,2.940006971,-4.889258385,0.753258348
55.809651840,1788577218.766988754,1788577218.764881372,0.086429644,0.092796249,-0.010524215,0.126811779,0.127247736,2.938535690,-4.893651485,0.753933251
55.839650816,1788577218.798681259,1788577218.794880629,0.086665893,0.085132462,-0.026524060,0.121484621,0.124346447,2.937356710,-4.896778584,0.754311323
55.869650816,1788577218.829838037,1788577218.824880362,0.087181106,0.080832729,-0.016832912,0.118888499,0.120074236,2.936116219,-4.899817467,0.754586279
55.899650816,1788577218.865080595,1788577218.854880571,0.088059942,0.073251511,-0.026824838,0.114544040,0.117643143,2.934846401,-4.902763844,0.754844606
55.939649792,1788577218.898640633,1788577218.894879580,0.088202854,0.068731170,-0.019809433,0.111820021,0.113561132,2.933062315,-4.906499863,0.755064905
55.969649792,1788577218.929912090,1788577218.924879313,0.088650940,0.062579537,-0.021777359,0.108513537,0.110677193,2.931662321,-4.909170628,0.755146086
55.999649792,1788577218.965160370,1788577218.954879522,0.086794191,0.055266379,-0.024239380,0.102896085,0.105712591,2.930211544,-4.911705494,0.755132079
56.039648768,1788577218.998860598,1788577218.994878531,0.086854282,0.045365758,-0.032732443,0.097988358,0.103310847,2.928181887,-4.914690495,0.755026579
56.069648768,1788577219.029704809,1788577219.024878263,0.089035053,0.033433039,-0.024355279,0.095105251,0.098174275,2.926571846,-4.916669369,0.754866838
56.099648768,1788577219.065329075,1788577219.054878473,0.092354778,0.022978658,-0.022242694,0.095170499,0.097735159,2.924665451,-4.918258190,0.754614949
56.139647744,1788577219.098667860,1788577219.094877481,0.102277022,0.005968840,-0.022483309,0.102451044,0.104889063,2.921753407,-4.919824600,0.754090965
56.169647744,1788577219.129671335,1788577219.124877214,0.110698352,-0.004496848,-0.021602345,0.110789651,0.112876074,2.919218063,-4.920622349,0.753711164
56.199647744,1788577219.165384054,1788577219.154877424,0.115233519,-0.013689272,-0.029606878,0.116043786,0.119761126,2.916188717,-4.920932293,0.753211796
56.239646720,1788577219.198661566,1788577219.194876432,0.125081539,-0.025710023,-0.029790797,0.127696502,0.131125468,2.911727428,-4.920886040,0.752455056
56.269646720,1788577219.229996681,1788577219.224876404,0.132514081,-0.040465462,-0.018742782,0.138554810,0.139816763,2.908077240,-4.920507908,0.751807570
56.299646720,1788577219.265311003,1788577219.254876375,0.140808806,-0.041593522,-0.022106952,0.146823503,0.148478477,2.903742075,-4.919645786,0.750980735
56.339645696,1788577219.298816919,1788577219.294875383,0.148147215,-0.053295729,-0.026734002,0.157442154,0.159695769,2.897558689,-4.918216228,0.749860287
56.369645696,1788577219.329772949,1788577219.324875355,0.154838903,-0.063418224,-0.023848584,0.167322912,0.169013940,2.892654896,-4.916950226,0.748958349
56.399645696,1788577219.365328789,1788577219.354875326,0.160747972,-0.059456173,-0.013947867,0.171391210,0.171957815,2.886892319,-4.915233612,0.747865736
56.439644416,1788577219.398687124,1788577219.394874096,0.168560334,-0.071707243,-0.016875100,0.183178915,0.183954570,2.878924608,-4.912744999,0.746415854
56.469644416,1788577219.429663181,1788577219.424874067,0.173827750,-0.071714308,-0.020403378,0.188039965,0.189143666,2.872732401,-4.910769939,0.745373905
56.499644416,1788577219.465465069,1788577219.454874039,0.178969266,-0.086897155,-0.017481325,0.198950028,0.199716575,2.865574837,-4.908399105,0.744166315
56.539643392,1788577219.498856544,1788577219.494873047,0.188050328,-0.088249622,-0.010139150,0.207728000,0.207975297,2.855782986,-4.905038357,0.742640972
56.569643392,1788577219.530710459,1788577219.524873018,0.195510179,-0.089956866,-0.016729709,0.215212611,0.215861879,2.848218441,-4.902453899,0.741600037
56.599643392,1788577219.564593077,1788577219.554872990,0.203734085,-0.095660653,-0.015978030,0.225074517,0.225640944,2.839576483,-4.899635315,0.740478098
56.639646464,1788577219.599173069,1788577219.594876051,0.213671895,-0.092008557,-0.019332605,0.232639750,0.233441648,2.827737570,-4.895972252,0.739005327
56.669646464,1788577219.629624128,1788577219.624876022,0.222932830,-0.090984062,-0.009953014,0.240784439,0.240990060,2.818680048,-4.893277645,0.737908185
56.699646464,1788577219.664876223,1788577219.654876232,0.229135933,-0.092481341,-0.009994000,0.247095273,0.247297299,2.808674574,-4.890677929,0.736711919
56.739645440,1788577219.698874474,1788577219.694875240,0.237392669,-0.088417914,-0.011726964,0.253323917,0.253595206,2.795165062,-4.887321472,0.735247672
56.769645440,1788577219.729634047,1788577219.724874973,0.242017679,-0.093001876,-0.004659519,0.259271877,0.259313743,2.784953117,-4.884913921,0.734172046
56.799645440,1788577219.765433788,1788577219.754875183,0.248732740,-0.087866898,-0.004302193,0.263796451,0.263831531,2.773793697,-4.882703304,0.733009636
56.839644416,1788577219.798799515,1788577219.794874191,0.255495816,-0.093503800,-0.004428661,0.272068139,0.272104181,2.758811712,-4.879841328,0.731485188
56.869644416,1788577219.829829931,1788577219.824873924,0.258484795,-0.085048222,-0.012242785,0.272116867,0.272392135,2.747554064,-4.877726555,0.730471432
56.899644416,1788577219.866359234,1788577219.854874134,0.257008119,-0.091614624,-0.021656023,0.272848700,0.273706770,2.735603333,-4.875867844,0.729241729
56.939643392,1788577219.898062944,1788577219.894873142,0.251704769,-0.095199056,-0.018534389,0.269106208,0.269743720,2.720006227,-4.873406887,0.727704585
56.969643392,1788577219.929668903,1788577219.924872875,0.245341428,-0.084469910,-0.014145055,0.259475590,0.259860856,2.708663464,-4.871551991,0.726570487
56.999643392,1788577219.965301752,1788577219.954873085,0.239892937,-0.090313259,-0.016022719,0.256330072,0.256830359,2.696998358,-4.870048523,0.725467324
57.039642368,1788577219.998789310,1788577219.994872093,0.229211861,-0.092360282,-0.023322781,0.247120414,0.248218555,2.682013512,-4.868049145,0.724087894
57.069642368,1788577220.029747486,1788577220.024871826,0.221183050,-0.082457919,-0.013691978,0.236053490,0.236450249,2.671227217,-4.866518974,0.723102570
57.099642368,1788577220.065497398,1788577220.054872036,0.212395116,-0.084847474,-0.006650647,0.228715498,0.228812172,2.660329103,-4.865389347,0.722294211
57.139641344,1788577220.098057985,1788577220.094871044,0.198284102,-0.085682837,-0.014776107,0.216004940,0.216509739,2.646501780,-4.863797665,0.721291065
57.169641344,1788577220.131961107,1788577220.124871016,0.188910979,-0.081566871,-0.003391910,0.205768104,0.205796058,2.636673212,-4.862595081,0.720630109
57.199641344,1788577220.164566278,1788577220.154870987,0.178256324,-0.080031044,-0.006972902,0.195397761,0.195522138,2.626879454,-4.861889839,0.720249653
57.239644160,1788577220.199081421,1788577220.194873810,0.165304758,-0.068991595,-0.004150878,0.179124267,0.179172355,2.614565611,-4.860920906,0.719765842
57.269644160,1788577220.229654312,1788577220.224873781,0.155002811,-0.075509261,0.004127703,0.172416704,0.172466106,2.605884552,-4.860197544,0.719536602
57.299644160,1788577220.265321255,1788577220.254873753,0.144615513,-0.069855253,-0.001806189,0.160603247,0.160613403,2.597343206,-4.859969139,0.719408453
57.339643136,1788577220.298821449,1788577220.294872761,0.132575275,-0.067011572,0.005956691,0.148548828,0.148668210,2.586685419,-4.859610081,0.719347537
57.369643136,1788577220.329635620,1788577220.324872732,0.120232049,-0.068584319,0.004939705,0.138418043,0.138506156,2.579251051,-4.859246254,0.719375372
57.399643136,1788577220.365472555,1788577220.354872942,0.111644572,-0.071686388,0.004324728,0.132677988,0.132748453,2.572107553,-4.859214783,0.719572306
57.439641856,1788577220.398640156,1788577220.394871473,0.103570953,-0.069125949,0.008214172,0.124520437,0.124791073,2.563174248,-4.859009266,0.719881117
57.469641856,1788577220.429845572,1788577220.424871445,0.099254882,-0.075634825,0.002666547,0.124788454,0.124816941,2.556797981,-4.858665943,0.720159113
57.499641856,1788577220.465436935,1788577220.454871655,0.099799224,-0.071844535,0.013149243,0.122969599,0.123670630,2.550617695,-4.858697414,0.720607936
57.539640832,1788577220.498910189,1788577220.494870424,0.104688423,-0.068750710,0.023338239,0.125245064,0.127400940,2.542546034,-4.858729362,0.721314013
57.569640832,1788577220.529644251,1788577220.524870396,0.108822760,-0.065932805,0.016206479,0.127238076,0.128266044,2.536511898,-4.858735561,0.721913993
57.599640832,1788577220.565276861,1788577220.554870605,0.127890778,-0.065884972,0.025216506,0.143864104,0.146057361,2.530216455,-4.859261036,0.722684085
57.639639808,1788577220.598653793,1788577220.594869614,0.168702910,-0.070191613,0.039405030,0.182722561,0.186923221,2.520735741,-4.859970570,0.723880410
57.669639808,1788577220.629716158,1788577220.624869347,0.196401929,-0.070046418,0.046768404,0.208519108,0.213699560,2.512739420,-4.860470295,0.724762201
57.699639808,1788577220.665005684,1788577220.654869556,0.221338534,-0.071385451,0.056735268,0.232565322,0.239385713,2.504076958,-4.861466408,0.725505352
57.739642624,1788577220.698702812,1788577220.694872379,0.249314194,-0.078184988,0.047432117,0.261286165,0.265556521,2.491700172,-4.862770557,0.726357698
57.769642624,1788577220.730790377,1788577220.724872112,0.277905848,-0.072445459,0.052138498,0.287193324,0.291887698,2.481675625,-4.863770485,0.726963103
57.799642624,1788577220.764613390,1788577220.754872322,0.307774985,-0.070288481,0.055220189,0.315699084,0.320492092,2.470796824,-4.865383148,0.727311373
57.839641600,1788577220.798826456,1788577220.794871330,0.348558844,-0.074889448,0.056740724,0.356513250,0.361000287,2.455031157,-4.867565155,0.727716565
57.869641600,1788577220.829711437,1788577220.824871063,0.380275526,-0.066895293,0.064137908,0.386114563,0.391405324,2.442261696,-4.869275570,0.728004932
57.899641600,1788577220.865394115,1788577220.854871273,0.411047493,-0.076763491,0.073196284,0.418153889,0.424511921,2.428505421,-4.871659756,0.728125989
57.939640576,1788577220.898665190,1788577220.894870281,0.450060537,-0.070455985,0.063272963,0.455542021,0.459915210,2.408958197,-4.874926567,0.728205860
57.969640576,1788577220.929700851,1788577220.924870253,0.479526137,-0.066733754,0.074557786,0.484147405,0.489854645,2.393377781,-4.877442360,0.728270054
57.999640576,1788577220.965039015,1788577220.954870224,0.506901989,-0.072929380,0.076081619,0.512121393,0.517741957,2.376726151,-4.880733490,0.728100896
58.039639808,1788577220.998664141,1788577220.994869471,0.544435973,-0.069661002,0.075001707,0.548874471,0.553975126,2.353377104,-4.885162830,0.727841318
58.069639808,1788577221.030180454,1788577221.024869442,0.571923164,-0.063859673,0.085537155,0.575477335,0.581799594,2.335016727,-4.888528347,0.727691591
58.099639808,1788577221.064671516,1788577221.054869413,0.598784017,-0.067371729,0.087855781,0.602562236,0.608933401,2.315677166,-4.892807484,0.727394581
58.139642368,1788577221.098784685,1788577221.094871998,0.633229141,-0.065433582,0.084269265,0.636600894,0.642154193,2.288835526,-4.898519039,0.726913393
58.169642368,1788577221.129654884,1788577221.124871969,0.658766570,-0.058646462,0.088008699,0.661371909,0.667201868,2.267913580,-4.902781487,0.726567626
58.199642368,1788577221.165296316,1788577221.154872179,0.685015895,-0.057804369,0.085892559,0.687450450,0.692795535,2.245852709,-4.907864571,0.726147711
58.239641344,1788577221.198632717,1788577221.194870949,0.715576476,-0.057536095,0.074469262,0.717885851,0.721738018,2.215432882,-4.914574623,0.725562751
58.269641344,1788577221.229675770,1788577221.224870920,0.736245293,-0.059085985,0.081663147,0.738612405,0.743113151,2.191987514,-4.919555187,0.725121260
58.299641344,1788577221.264894009,1788577221.254871130,0.749003270,-0.053586003,0.062206502,0.750917677,0.753489885,2.167623281,-4.925517559,0.724503875
58.339644160,1788577221.298671722,1788577221.294873953,0.763175425,-0.064565130,0.049041039,0.765901681,0.767470135,2.134776831,-4.933347702,0.723619461
58.369644160,1788577221.329862356,1788577221.324873686,0.770698506,-0.048484036,0.049056052,0.772222047,0.773778641,2.109923124,-4.939098358,0.723037541
58.399644160,1788577221.365281820,1788577221.354873896,0.777885087,-0.071734353,0.042760136,0.781185654,0.782355070,2.084309816,-4.946014881,0.722306848
58.439643392,1788577221.398726225,1788577221.394873142,0.780095938,-0.075839814,0.026767522,0.783773787,0.784230738,2.050156593,-4.955062866,0.721348226
58.469643392,1788577221.429655313,1788577221.424872875,0.781806723,-0.074713759,0.034256207,0.785368638,0.786115377,2.024599791,-4.961762428,0.720665395
58.499643392,1788577221.465289116,1788577221.454873085,0.781842194,-0.089809963,0.031888214,0.786983510,0.787629293,1.998556256,-4.969503880,0.719953537
58.539642624,1788577221.498654604,1788577221.494872332,0.780394400,-0.094292321,0.028536408,0.786070265,0.786588067,1.964028716,-4.979632854,0.719080746
58.569642624,1788577221.529682398,1788577221.524872303,0.778378933,-0.096241737,0.027609049,0.784306213,0.784792007,1.938302875,-4.987136841,0.718590021
58.599642624,1788577221.565467596,1788577221.554872274,0.774210800,-0.111174696,0.021367323,0.782152271,0.782444080,1.912253737,-4.995698929,0.718071699
58.639641856,1788577221.598660946,1788577221.594871521,0.767592755,-0.114487468,0.019694363,0.776083770,0.776333617,1.877900004,-5.006971836,0.717569232
58.669641856,1788577221.629856348,1788577221.624871492,0.760203587,-0.120985989,0.017575543,0.769770812,0.769971430,1.852468014,-5.015234470,0.717201650
58.699641856,1788577221.665046453,1788577221.654871464,0.753174776,-0.127785142,0.020177238,0.763938011,0.764204427,1.827038288,-5.024559021,0.716913462
58.739644928,1788577221.698804379,1788577221.694874525,0.739028314,-0.138047691,0.010865517,0.751811156,0.751889668,1.793697476,-5.036674500,0.716624618
58.769644928,1788577221.729634523,1788577221.724874496,0.731822650,-0.142822165,0.020969533,0.745628971,0.745923779,1.769116998,-5.045465946,0.716414988
58.799644928,1788577221.765323162,1788577221.754874706,0.719308979,-0.151379916,0.018322701,0.735065497,0.735293824,1.744855881,-5.055279732,0.716161311
58.839644160,1788577221.798174381,1788577221.794873953,0.704136809,-0.157371115,0.009923810,0.721508360,0.721576604,1.713176608,-5.067991734,0.715816140
58.869644160,1788577221.832005978,1788577221.824873686,0.691830108,-0.157844054,0.014080072,0.709608091,0.709747766,1.689936399,-5.077257633,0.715642631
58.909644160,1788577221.867250204,1788577221.864873648,0.674536609,-0.159447096,0.005745207,0.693125539,0.693149350,1.659871221,-5.090681076,0.715193808
58.939647488,1788577221.898641109,1788577221.894877195,0.658244822,-0.165748719,0.008428364,0.678792224,0.678844548,1.637937069,-5.100567341,0.714942753
58.969647488,1788577221.929911137,1788577221.924877167,0.645993147,-0.176305784,0.010564471,0.669619949,0.669703280,1.616491079,-5.110193729,0.714698017
58.999647488,1788577221.965135098,1788577221.954877138,0.632058541,-0.155412053,0.003332344,0.650884710,0.650893240,1.595775366,-5.120671272,0.714368045
59.039646720,1788577221.998864651,1788577221.994876385,0.617270531,-0.156701196,0.020813064,0.636850197,0.637190205,1.568924308,-5.134282589,0.714099944
59.069646720,1788577222.029657602,1788577222.024876356,0.604773252,-0.151850279,0.006962523,0.623545663,0.623584533,1.549400568,-5.144281387,0.713972032
59.099646720,1788577222.066494226,1788577222.054876328,0.592130678,-0.145886791,0.016430622,0.609837434,0.610058736,1.530639768,-5.154974937,0.713745415
59.139645952,1788577222.098193169,1788577222.094875574,0.579286592,-0.132109669,0.022865000,0.594159844,0.594599637,1.506412745,-5.168991566,0.713582933
59.169645952,1788577222.132121801,1788577222.124875546,0.572078707,-0.126843935,0.023792461,0.585972210,0.586455038,1.488724709,-5.179269314,0.713527858
59.199645952,1788577222.165047646,1788577222.154875755,0.563345654,-0.122437941,0.017513538,0.576497507,0.576763469,1.471819282,-5.190358639,0.713342309
59.239645184,1788577222.198623180,1788577222.194874763,0.557458601,-0.114108325,0.032051199,0.569017400,0.569919363,1.449736476,-5.204759598,0.713165760
59.269645184,1788577222.229909182,1788577222.224874735,0.550208373,-0.107646307,0.025851478,0.560639797,0.561235495,1.433513522,-5.215329647,0.713059723
59.299645184,1788577222.265289307,1788577222.254874945,0.539885751,-0.103117276,0.010826172,0.549645155,0.549751765,1.418066144,-5.226575375,0.712778330
59.339644416,1788577222.298045635,1788577222.294874191,0.523247469,-0.095924739,0.014246181,0.531967545,0.532158269,1.398123384,-5.241050720,0.712425232
59.369644416,1788577222.332128763,1788577222.324873924,0.503572069,-0.084668104,0.005944376,0.510640301,0.510674899,1.383828044,-5.251538754,0.712219179
59.399644416,1788577222.365213394,1788577222.354874134,0.481699269,-0.086174816,0.000360871,0.489346794,0.489346927,1.370552421,-5.262515545,0.711785853
59.439643648,1788577222.398611784,1788577222.394873381,0.449453585,-0.066913718,-0.003629847,0.454407274,0.454421772,1.354031324,-5.276597977,0.711232960
59.469643648,1788577222.429911613,1788577222.424873114,0.427948778,-0.054804097,0.002195070,0.431443676,0.431449259,1.342553616,-5.286782742,0.710873604
59.499643648,1788577222.465272427,1788577222.454873323,0.406249392,-0.029475762,-0.004188220,0.407317307,0.407338839,1.332247496,-5.297714233,0.710379541
59.539642880,1788577222.498655796,1788577222.494872570,0.375376134,-0.015741833,-0.005141973,0.375706065,0.375741250,1.319697261,-5.311895847,0.709720016
59.569642880,1788577222.529962778,1788577222.524872541,0.352700998,-0.000572413,-0.009093041,0.352701462,0.352818657,1.311215401,-5.322344303,0.709209740
59.599642880,1788577222.565156460,1788577222.554872513,0.334874528,0.019911290,0.002844476,0.335465958,0.335478017,1.303841591,-5.333462238,0.708772004
59.639642112,1788577222.598823071,1788577222.594871759,0.305892082,0.038133863,-0.003816373,0.308259886,0.308283509,1.295148373,-5.348042011,0.708186269
59.669642112,1788577222.629806995,1788577222.624871731,0.288552329,0.047943705,-0.000910549,0.292508198,0.292509615,1.289392114,-5.358685970,0.707828581
59.699642112,1788577222.666402578,1788577222.654871702,0.270537953,0.061798113,0.002484697,0.277506380,0.277517503,1.284713030,-5.369883537,0.707461596
59.739641088,1788577222.698648930,1788577222.694870710,0.246707745,0.079650123,0.008688022,0.259246704,0.259392242,1.279448032,-5.384530067,0.707168043
59.769641088,1788577222.729801893,1788577222.724870682,0.228869556,0.090703911,0.010271363,0.246187882,0.246402058,1.276197672,-5.395268440,0.706973553
59.799641088,1788577222.765426159,1788577222.754870892,0.213332434,0.108716011,0.007191667,0.239436627,0.239544607,1.273901820,-5.406606197,0.706885576
59.839640320,1788577222.798041344,1788577222.794869900,0.195210994,0.122687678,0.015816786,0.230563654,0.231105537,1.271623850,-5.421417713,0.706798613
59.869640320,1788577222.832054853,1788577222.824869871,0.181064041,0.133991111,0.010420455,0.225250538,0.225491443,1.270450354,-5.432314873,0.706740797
59.899640320,1788577222.864605665,1788577222.854870081,0.168756417,0.138040548,0.009030153,0.218022754,0.218209681,1.270068526,-5.443668842,0.706859112
59.939643392,1788577222.898879290,1788577222.894873142,0.153922711,0.155020298,0.015629298,0.218457075,0.219015453,1.270169497,-5.458539963,0.707017124
59.969643392,1788577222.929627657,1788577222.924872875,0.142233686,0.163398260,0.017819660,0.216631976,0.217363643,1.270643950,-5.469401360,0.707246661
59.999643392,1788577222.965250731,1788577222.954873085,0.130774251,0.169421152,0.019856909,0.214022035,0.214941221,1.272006392,-5.480662823,0.707686126
60.039642624,1788577222.998661518,1788577222.994872332,0.118882044,0.184930617,0.018371421,0.219846022,0.220612290,1.274270296,-5.495330334,0.708310187
60.069642624,1788577223.029633284,1788577223.024872303,0.110138687,0.185630881,0.024075450,0.215845672,0.217184211,1.276264071,-5.506083488,0.708802521
60.099642624,1788577223.065361977,1788577223.054872274,0.102981328,0.199905145,0.020669912,0.224871566,0.225819544,1.278895617,-5.517216682,0.709512949
60.139641856,1788577223.098752737,1788577223.094871521,0.098797667,0.197906558,0.027716224,0.221196711,0.222926387,1.282542348,-5.531707287,0.710412502
60.169641856,1788577223.129676819,1788577223.124871492,0.098694430,0.209546039,0.026662672,0.231624983,0.233154522,1.285309434,-5.542418957,0.711165488
60.199641856,1788577223.166325092,1788577223.154871464,0.096215061,0.201680963,0.015163929,0.223455921,0.223969850,1.288512468,-5.553386688,0.712022007
60.239640832,1788577223.198085070,1788577223.194870472,0.099214268,0.202270979,0.017799230,0.225293186,0.225995204,1.292576194,-5.567623138,0.713158309
60.269640832,1788577223.229634047,1788577223.224870443,0.101938345,0.200908302,0.017826861,0.225289973,0.225994179,1.295389295,-5.578014374,0.714025140
60.299640832,1788577223.265355825,1788577223.254870415,0.104860504,0.194798083,0.024374630,0.221228430,0.222567160,1.298443079,-5.588663578,0.715012193
60.339639808,1788577223.298670053,1788577223.294869423,0.111001442,0.194200099,0.023993831,0.223685043,0.224968225,1.302098632,-5.602441788,0.716318429
60.369639808,1788577223.329678059,1788577223.324869394,0.116379715,0.188332044,0.023220340,0.221389243,0.222603641,1.304499626,-5.612493515,0.717311502
60.399639808,1788577223.365392923,1788577223.354869604,0.119121359,0.178101276,0.018410367,0.214266103,0.215055584,1.307121277,-5.622848034,0.718342185
60.439638528,1788577223.398680687,1788577223.394868135,0.127870140,0.183178268,0.026714545,0.223394384,0.224986039,1.310133934,-5.636316776,0.719700038
60.469638528,1788577223.429902554,1788577223.424868107,0.133100537,0.177144253,0.018582852,0.221575809,0.222353686,1.312036395,-5.646186352,0.720702112
60.499638528,1788577223.465267658,1788577223.454868317,0.138896225,0.180501776,0.022222244,0.227756564,0.228838110,1.314053893,-5.656543255,0.721659601
60.539637760,1788577223.497088194,1788577223.494867563,0.146015435,0.177532010,0.021316504,0.229865444,0.230851717,1.316259623,-5.670058250,0.722918272
60.569637760,1788577223.530097723,1788577223.524867296,0.150877861,0.165877195,0.015749573,0.224230624,0.224783055,1.317550302,-5.679936409,0.723758042
60.609637760,1788577223.567292690,1788577223.564867258,0.157571358,0.161297513,0.022254856,0.225489735,0.226585302,1.319170356,-5.693751812,0.724874556
60.639636992,1788577223.598017693,1788577223.594866753,0.160819354,0.166228179,0.021922212,0.231289153,0.232325753,1.320020437,-5.703808784,0.725664258
60.669636992,1788577223.631895542,1788577223.624866486,0.165772683,0.159896408,0.015213703,0.230320307,0.230822227,1.320610046,-5.713708401,0.726389766
60.709636992,1788577223.667125702,1788577223.664866447,0.171366817,0.157735751,0.026053671,0.232910182,0.234362853,1.321171165,-5.727564812,0.727462590
60.739639296,1788577223.698056221,1788577223.694869041,0.172257884,0.158848073,0.014844031,0.234319204,0.234788915,1.321271420,-5.737648487,0.728210986
60.769639296,1788577223.732049704,1788577223.724868774,0.175704961,0.156582542,0.015450269,0.235351494,0.235858086,1.321161032,-5.747581482,0.728966713
60.799639296,1788577223.764570713,1788577223.754868984,0.179992818,0.160999088,0.011779296,0.241491450,0.241778561,1.320870042,-5.758108139,0.729830086
60.839638272,1788577223.798768997,1788577223.794867992,0.182255957,0.161025178,0.008106043,0.243200209,0.243335262,1.320169926,-5.771934509,0.730884552
60.869638272,1788577223.829620361,1788577223.824867725,0.185803193,0.158815962,0.011650485,0.244428591,0.244706089,1.319414377,-5.782108307,0.731561840
60.899638272,1788577223.865257025,1788577223.854867935,0.188863320,0.168456032,0.014930980,0.253074670,0.253514739,1.318422914,-5.792967796,0.732305706
60.939637504,1788577223.898633242,1788577223.894867182,0.189924164,0.171222778,0.006630389,0.255711611,0.255797556,1.316801310,-5.807229042,0.733233333
60.969637504,1788577223.929690361,1788577223.924867153,0.194933233,0.169559719,0.008820001,0.258359175,0.258509682,1.315370083,-5.817759037,0.733872354
60.999637504,1788577223.965363979,1788577223.954867125,0.195069085,0.179925663,0.004703821,0.265377452,0.265419136,1.313722491,-5.828898430,0.734583199
61.039636736,1788577223.998824596,1788577223.994866371,0.197051028,0.179824074,-0.002896593,0.266769198,0.266784924,1.311258078,-5.843505859,0.735344648
61.069636736,1788577224.029828310,1788577224.024866343,0.200430572,0.180348294,-0.001079592,0.269625521,0.269627682,1.309195042,-5.854233742,0.735831320
61.099636736,1788577224.065236568,1788577224.054866314,0.201862161,0.179166501,0.001875960,0.269905478,0.269911997,1.306778073,-5.865464687,0.736562312
61.139635712,1788577224.099028587,1788577224.094865322,0.203101216,0.181124988,-0.001451046,0.272132992,0.272136860,1.303286791,-5.880111217,0.737359583
61.169635712,1788577224.129773617,1788577224.124865294,0.205195942,0.188154282,0.005549898,0.278401523,0.278456836,1.300474644,-5.890866280,0.737895608
61.199635712,1788577224.165246248,1788577224.154865503,0.203886219,0.180031727,-0.004893110,0.271994509,0.272038518,1.297396421,-5.902154446,0.738666475
61.239634944,1788577224.198792696,1788577224.194864750,0.206682183,0.188416422,-0.005473828,0.279675299,0.279728861,1.293059587,-5.916867733,0.739584506
61.269634944,1788577224.229683399,1788577224.224864483,0.206804126,0.187315486,-0.008045864,0.279025156,0.279141136,1.289633751,-5.927620888,0.740116060
61.299634944,1788577224.266367197,1788577224.254864693,0.207494462,0.184685025,-0.012297116,0.277781407,0.278053465,1.285808921,-5.938805580,0.740822256
61.339633920,1788577224.298046350,1788577224.294863701,0.209753197,0.186322225,-0.016208246,0.280557258,0.281025056,1.280443311,-5.953325748,0.741672337
61.369633920,1788577224.331878662,1788577224.324863434,0.212882653,0.189475575,0.001304269,0.284991259,0.284994243,1.276251435,-5.963864803,0.742209375
61.399633920,1788577224.364670753,1788577224.354863644,0.214722457,0.174169625,-0.018492455,0.276479279,0.277097027,1.271599531,-5.974725723,0.742981613
61.439635968,1788577224.399174452,1788577224.394865751,0.218755034,0.183693899,-0.013599517,0.285652259,0.285975804,1.265187740,-5.988769531,0.743896067
61.469635968,1788577224.429701328,1788577224.424865484,0.219939166,0.178424480,-0.009678320,0.283211108,0.283376431,1.260218859,-5.998999119,0.744557858
61.499635968,1788577224.465205908,1788577224.454865694,0.223385114,0.181092563,-0.014953603,0.287568124,0.287956657,1.254819632,-6.009581566,0.745510876
61.539635200,1788577224.498723507,1788577224.494864941,0.227530504,0.180177626,-0.010262870,0.290231128,0.290412524,1.247428536,-6.023249626,0.746692061
61.569635200,1788577224.529655457,1788577224.524864674,0.229822174,0.175397757,-0.010945953,0.289106563,0.289313703,1.241790652,-6.033223629,0.747458220
61.599635200,1788577224.565001249,1788577224.554864883,0.232187698,0.177709868,-0.005275852,0.292390020,0.292437615,1.235697746,-6.043444633,0.748522520
61.639634176,1788577224.598829746,1788577224.594863892,0.238195601,0.177615284,-0.011454503,0.297126796,0.297347505,1.227400064,-6.056760788,0.749810338
61.669634176,1788577224.630746126,1788577224.624863863,0.243017520,0.173516100,-0.010179791,0.298605680,0.298779150,1.221013546,-6.066529751,0.750716388
61.699634176,1788577224.664449692,1788577224.654863834,0.248036535,0.173885981,-0.014919897,0.302916584,0.303283795,1.214172482,-6.076526165,0.751749158
61.739633408,1788577224.698859215,1788577224.694863081,0.255629377,0.170262118,-0.017061228,0.307140957,0.307614455,1.204810977,-6.089553833,0.752990901
61.769633408,1788577224.729627848,1788577224.724863052,0.260405922,0.172560500,-0.011387457,0.312391374,0.312598856,1.197640419,-6.099107742,0.753762364
61.799633408,1788577224.765141010,1788577224.754863024,0.266662003,0.165872694,-0.009979817,0.314041995,0.314200527,1.190128803,-6.108861923,0.754598379
61.839632384,1788577224.798662186,1788577224.794862032,0.279789844,0.166732771,-0.001875552,0.325702585,0.325707985,1.179805994,-6.121556282,0.755532980
61.869632384,1788577224.829670429,1788577224.824862003,0.286718926,0.165285995,-0.015702458,0.330948942,0.331321248,1.171789527,-6.130877495,0.756112576
61.899632384,1788577224.866243362,1788577224.854861975,0.295481763,0.154582747,-0.015473697,0.333474584,0.333833392,1.163332343,-6.140255451,0.756681740
61.939634432,1788577224.897981167,1788577224.894864082,0.307309311,0.155392682,-0.012919437,0.344363033,0.344605296,1.151668429,-6.152455330,0.757403851
61.969634432,1788577224.931946278,1788577224.924864054,0.315096587,0.151799030,-0.018256258,0.349755350,0.350231489,1.142649174,-6.161369324,0.757849991
61.999634432,1788577224.964666367,1788577224.954864025,0.324246426,0.152878762,-0.007199173,0.358479651,0.358551933,1.133095384,-6.170413494,0.758258045
62.039633664,1788577224.998782873,1788577224.994863272,0.333634798,0.141177571,-0.013664584,0.362275151,0.362532765,1.120031595,-6.182107449,0.758545697
62.069633664,1788577225.029621840,1788577225.024863243,0.343784029,0.147548863,-0.007999308,0.374109778,0.374195290,1.109969974,-6.190715790,0.758655965
62.099633664,1788577225.066150665,1788577225.054863453,0.351206164,0.135528668,-0.018941453,0.376448920,0.376925149,1.099396467,-6.199378014,0.758710563
62.139632640,1788577225.097998857,1788577225.094862223,0.361765528,0.139846728,-0.023547338,0.387854876,0.388569018,1.084975958,-6.210611343,0.758494198
62.169632640,1788577225.132032394,1788577225.124862194,0.369015741,0.132089218,-0.019804730,0.391944102,0.392444144,1.073906541,-6.218802452,0.758231401
62.209632640,1788577225.167381048,1788577225.164862156,0.380258334,0.126026571,-0.025391979,0.400598424,0.401402354,1.058210254,-6.229739189,0.757652998
62.239631616,1788577225.197981358,1788577225.194861412,0.387107811,0.130760519,-0.022322772,0.408596097,0.409205421,1.046216249,-6.237668037,0.757102132
62.269631616,1788577225.229826927,1788577225.224861145,0.391369951,0.115051449,-0.028205166,0.407930477,0.408904397,1.034028530,-6.245300293,0.756462574
62.299631616,1788577225.265274048,1788577225.254861355,0.398829539,0.116639445,-0.029942150,0.415535511,0.416612882,1.021277189,-6.252972603,0.755627096
62.339630592,1788577225.298850775,1788577225.294860363,0.407284609,0.106328082,-0.026249459,0.420935166,0.421752828,1.003998995,-6.262731552,0.754508018
62.369630592,1788577225.329604864,1788577225.324860096,0.412812043,0.105120607,-0.032084770,0.425986062,0.427192647,0.990872383,-6.269716740,0.753541529
62.399630592,1788577225.366415977,1788577225.354860306,0.418947195,0.097423455,-0.019484299,0.430125658,0.430566742,0.977153063,-6.276494980,0.752517641
62.439629312,1788577225.398052692,1788577225.394859076,0.427178652,0.098605766,-0.025048840,0.438411562,0.439126567,0.958633006,-6.285151005,0.751203001
62.469629312,1788577225.431911945,1788577225.424858809,0.435732517,0.082790909,-0.010643657,0.443528083,0.443655777,0.944527805,-6.291305542,0.750227630
62.509629312,1788577225.467394352,1788577225.464858770,0.445593149,0.078245723,-0.014865393,0.452410928,0.452655087,0.924803913,-6.299224377,0.748944759
62.539631616,1788577225.498630047,1788577225.494861364,0.452197163,0.087904782,-0.010234796,0.460662051,0.460775733,0.909803569,-6.304842472,0.748016894
62.569631616,1788577225.530727625,1788577225.524861097,0.461727966,0.082641441,-0.002892762,0.469065371,0.469074291,0.894623220,-6.310246468,0.747174144
62.599631616,1788577225.564635038,1788577225.554861307,0.469198695,0.087279403,-0.003597280,0.477247430,0.477260988,0.878865004,-6.315296650,0.746267080
62.639630592,1788577225.598834038,1788577225.594860315,0.480801402,0.079024533,-0.001206699,0.487252362,0.487253856,0.857532322,-6.321688652,0.745154977
62.669630592,1788577225.629629850,1788577225.624860048,0.490391502,0.088932101,0.004555901,0.498390152,0.498410975,0.841294527,-6.326299667,0.744402111
62.699630592,1788577225.665810585,1788577225.654860258,0.498602628,0.081401373,0.008227819,0.505203685,0.505270681,0.824490488,-6.330704212,0.743712544
62.739629568,1788577225.698629379,1788577225.694859266,0.510887370,0.085178305,0.013246446,0.517939425,0.518108788,0.801762342,-6.336337566,0.742844939
62.769629568,1788577225.729635000,1788577225.724859238,0.520806405,0.086428330,0.018170096,0.527929131,0.528241725,0.784466982,-6.340380669,0.742300212
62.799629568,1788577225.765049458,1788577225.754859209,0.528660767,0.090300036,0.008647725,0.536317353,0.536387067,0.766679406,-6.344202995,0.741753995
62.839628544,1788577225.797871828,1788577225.794858217,0.539243329,0.091512416,0.016220087,0.546953279,0.547193733,0.742673159,-6.349008560,0.740961671
62.869628544,1788577225.831907272,1788577225.824858189,0.548528242,0.085441494,0.019408788,0.555142758,0.555481937,0.724452555,-6.352390766,0.740385413
62.899628544,1788577225.864651442,1788577225.854858160,0.555956089,0.091068192,0.012462163,0.563365413,0.563503234,0.705809176,-6.355613232,0.739880323
62.939631616,1788577225.898751497,1788577225.894861221,0.567736667,0.091164551,0.021950468,0.575009476,0.575428294,0.680677712,-6.359661579,0.739303648
62.969631616,1788577225.929613113,1788577225.924861193,0.574345964,0.100405264,0.021652152,0.583056176,0.583458070,0.661637664,-6.362541199,0.738931656
62.999631616,1788577225.965323687,1788577225.954861403,0.581607361,0.084330597,0.014291564,0.587689350,0.587863097,0.642171085,-6.365315914,0.738523483
63.039630592,1788577225.998626709,1788577225.994860172,0.592105829,0.092874422,0.019256723,0.599345452,0.599654728,0.616003871,-6.368866444,0.738028526
63.069630592,1788577226.029931545,1788577226.024860144,0.597910459,0.100723291,0.022960156,0.606334972,0.606769534,0.596244693,-6.371334553,0.737668574
63.109630592,1788577226.067228317,1788577226.064860106,0.604863388,0.098247827,0.026113295,0.612790628,0.613346768,0.569490671,-6.374639034,0.737258852
63.139633920,1788577226.098131895,1788577226.094863653,0.607244666,0.096985929,0.014276776,0.614940936,0.615106642,0.549418449,-6.377076149,0.736932755
63.169633920,1788577226.131877899,1788577226.124863386,0.610517430,0.095412638,0.029212004,0.617928073,0.618618174,0.529377103,-6.379431248,0.736661255
63.199633920,1788577226.164580584,1788577226.154863596,0.610636153,0.102780823,0.019232989,0.619225653,0.619524267,0.509219706,-6.381840706,0.736493886
63.239636992,1788577226.198676825,1788577226.194866657,0.612339134,0.099222438,0.024537094,0.620325968,0.620811063,0.482435316,-6.384944439,0.736346364
63.269636992,1788577226.229571581,1788577226.224866629,0.614521573,0.102680075,0.024990797,0.623040899,0.623541901,0.462397695,-6.387300491,0.736328900
63.299636992,1788577226.265225649,1788577226.254866600,0.613101462,0.102780209,0.022490269,0.621656797,0.622063490,0.442512333,-6.389733791,0.736395180
63.339635968,1788577226.298640490,1788577226.294865608,0.615246820,0.109121494,0.029296369,0.624848901,0.625535312,0.416108638,-6.392966270,0.736520767
63.369635968,1788577226.329879284,1788577226.324865580,0.614491229,0.104469336,0.024697449,0.623308361,0.623797464,0.396381289,-6.395448208,0.736669898
63.399635968,1788577226.366115570,1788577226.354865551,0.611020025,0.108392783,0.024280058,0.620559800,0.621034610,0.376960486,-6.398036957,0.736903667
63.439634944,1788577226.398036003,1788577226.394864559,0.615880436,0.113275998,0.038919088,0.626210957,0.627419205,0.351150244,-6.401558399,0.737263143
63.469634944,1788577226.432063580,1788577226.424864531,0.622543696,0.115514020,0.040837056,0.633169916,0.634485466,0.331665576,-6.404273987,0.737585723
63.499634944,1788577226.465210676,1788577226.454864740,0.631112622,0.119147326,0.049311984,0.642261027,0.644151301,0.312266797,-6.407022953,0.738024592
63.539633920,1788577226.498711109,1788577226.494863510,0.642406317,0.121524583,0.055863682,0.653799740,0.656182026,0.286083639,-6.410766602,0.738656759
63.569633920,1788577226.529834747,1788577226.524863482,0.651533840,0.125614810,0.053004583,0.663532535,0.665646236,0.266185343,-6.413611412,0.739092350
63.599633920,1788577226.565339804,1788577226.554863691,0.661976462,0.123321612,0.060738066,0.673365470,0.676099230,0.246322006,-6.416451454,0.739623070
63.639632896,1788577226.598622322,1788577226.594862700,0.675204972,0.127336762,0.061807562,0.687107273,0.689881569,0.219373763,-6.420329571,0.740399659
63.669632896,1788577226.629650354,1788577226.624862432,0.686174193,0.136321110,0.060594052,0.699584496,0.702203750,0.198833764,-6.423200607,0.740865409
63.699632896,1788577226.664970636,1788577226.654862642,0.696123117,0.133457783,0.063642564,0.708800659,0.711652127,0.178350061,-6.425940990,0.741412759
63.739635968,1788577226.698611498,1788577226.694865704,0.713441651,0.136251931,0.063216913,0.726335720,0.729081584,0.150560409,-6.429519176,0.741975904
63.769635968,1788577226.729658604,1788577226.724865437,0.721734120,0.135395836,0.050424061,0.734324296,0.736053502,0.129306033,-6.432212353,0.742295563
63.799635968,1788577226.766127348,1788577226.754865646,0.734764212,0.142313186,0.067583721,0.748419327,0.751464603,0.108071886,-6.434679508,0.742665529
63.839639040,1788577226.798715830,1788577226.794868708,0.747728488,0.136239675,0.055284646,0.760038908,0.762046937,0.079270035,-6.437828541,0.743013024
63.869639040,1788577226.829610586,1788577226.824868679,0.758381628,0.137952860,0.050794489,0.770826624,0.772498391,0.057281815,-6.440042019,0.743172050
63.899639040,1788577226.865204573,1788577226.854868650,0.768558377,0.133349938,0.054055431,0.780041143,0.781911871,0.035201743,-6.441909790,0.743319094
63.939638016,1788577226.898607731,1788577226.894867659,0.780569080,0.134465245,0.051097636,0.792066279,0.793712769,0.005286947,-6.444190979,0.743458807
63.969638016,1788577226.929623365,1788577226.924867630,0.789168929,0.130483035,0.052737527,0.799883380,0.801620027,-0.017474726,-6.445683002,0.743528783
63.999638016,1788577226.965410709,1788577226.954867601,0.796965418,0.118577255,0.051942446,0.805738445,0.807410961,-0.040340707,-6.446672440,0.743781805
64.039636992,1788577226.998567343,1788577226.994866610,0.808251465,0.114321820,0.045649066,0.816296460,0.817571861,-0.071277484,-6.447637558,0.744063675
64.069636992,1788577227.029820442,1788577227.024866581,0.817456388,0.112742359,0.054687544,0.825194393,0.827004543,-0.094805211,-6.448055744,0.744278014
64.099636992,1788577227.065280676,1788577227.054866791,0.823677252,0.100336564,0.046470181,0.829766016,0.831066254,-0.118428715,-6.447998047,0.744629025
64.139635968,1788577227.098711252,1788577227.094865561,0.832509868,0.096469776,0.050394267,0.838080603,0.839594354,-0.150274754,-6.447546005,0.745054364
64.169635968,1788577227.129636526,1788577227.124865532,0.838259121,0.084727342,0.040893031,0.842530163,0.843521971,-0.174404576,-6.446866512,0.745282769
64.199635968,1788577227.165223122,1788577227.154865742,0.846353088,0.081939630,0.048320448,0.850310327,0.851682169,-0.198682338,-6.445700169,0.745606005
64.239634944,1788577227.198608160,1788577227.194864750,0.853491090,0.068123002,0.046309688,0.856205456,0.857456921,-0.231386274,-6.443721771,0.745949686
64.269634944,1788577227.229588747,1788577227.224864483,0.858641904,0.057341268,0.030280482,0.860554438,0.861087016,-0.256146193,-6.441979408,0.746088684
64.299634944,1788577227.265374899,1788577227.254864693,0.868557707,0.053071430,0.041374416,0.870177606,0.871160668,-0.281135231,-6.439758778,0.746263862
64.339633920,1788577227.298058271,1788577227.294863701,0.875991332,0.040761162,0.035800796,0.876939158,0.877669632,-0.314797461,-6.436544895,0.746252835
64.369633920,1788577227.331872940,1788577227.324863434,0.883024662,0.038497760,0.032134800,0.883863468,0.884447441,-0.340311855,-6.434000492,0.746105731
64.399633920,1788577227.364558935,1788577227.354863644,0.889444994,0.031397696,0.024914638,0.889998995,0.890347657,-0.366263270,-6.430954456,0.745855212
64.439635712,1788577227.398674726,1788577227.394865513,0.898231803,0.032462526,0.022443611,0.898818217,0.899098384,-0.401191622,-6.426829815,0.745407760
64.469635712,1788577227.429649830,1788577227.424865246,0.902572270,0.017174658,0.021000201,0.902735659,0.902979889,-0.427609235,-6.423680782,0.744925618
64.499635712,1788577227.465177774,1788577227.454865456,0.908306325,0.021379709,0.032031000,0.908557908,0.909122356,-0.454579473,-6.420170784,0.744283080
64.539634688,1788577227.498607874,1788577227.494864464,0.913599095,0.008244003,0.024376000,0.913636290,0.913961411,-0.490767479,-6.415447712,0.743441403
64.569634688,1788577227.529560328,1788577227.524864197,0.919571933,0.005949973,0.035263834,0.919591183,0.920267070,-0.518100560,-6.411853790,0.743024111
64.599634688,1788577227.566170454,1788577227.554864407,0.924078923,0.003204526,0.041084344,0.924084479,0.924997323,-0.545951128,-6.407860756,0.742429376
64.639633664,1788577227.598040581,1788577227.594863415,0.929969844,-0.010990433,0.041537107,0.930034784,0.930961885,-0.583306968,-6.402459145,0.741829515
64.669633664,1788577227.632069349,1788577227.624863148,0.933144781,-0.008419384,0.040839151,0.933182762,0.934075963,-0.611495733,-6.398406506,0.741514385
64.699633664,1788577227.664572954,1788577227.654863358,0.940571026,-0.014944821,0.048939136,0.940689749,0.941961911,-0.640284002,-6.393839836,0.740912437
64.739632640,1788577227.697982311,1788577227.694862366,0.945314408,-0.030037425,0.038553118,0.945791508,0.946576949,-0.678854585,-6.387722492,0.740017176
64.769632640,1788577227.729681730,1788577227.724862099,0.950348895,-0.027663097,0.039541306,0.950751423,0.951573320,-0.707919419,-6.383136272,0.739325047
64.799632640,1788577227.765236139,1788577227.754862309,0.953761538,-0.035975978,0.042286088,0.954439805,0.955376080,-0.737508535,-6.378067493,0.738152564
64.839631616,1788577227.798024893,1788577227.794861317,0.959293734,-0.038550086,0.030534189,0.960068007,0.960553442,-0.777106762,-6.371425629,0.736509502
64.869631616,1788577227.829591036,1788577227.824861288,0.963396458,-0.038462406,0.032495187,0.964163935,0.964711371,-0.806900799,-6.366540432,0.735188842
64.899631616,1788577227.864791870,1788577227.854861259,0.967012792,-0.038943040,0.030363739,0.967796622,0.968272822,-0.836992800,-6.361173630,0.733527601
64.939634944,1788577227.898786068,1788577227.894864559,0.972820874,-0.042785243,0.034044967,0.973761279,0.974356243,-0.877216816,-6.354223251,0.731438339
64.969634944,1788577227.929721594,1788577227.924864531,0.973745429,-0.043514647,0.031914914,0.974717233,0.975239584,-0.907455325,-6.349222183,0.729891121
64.999634944,1788577227.965090036,1788577227.954864740,0.974585695,-0.042354815,0.022890141,0.975505616,0.975774137,-0.937794328,-6.343765259,0.728000462
65.039633920,1788577227.999130726,1788577227.994863510,0.977503267,-0.037162691,0.030873812,0.978209437,0.978696529,-0.978235722,-6.336755753,0.725552559
65.069633920,1788577228.029631376,1788577228.024863482,0.977587561,-0.036848346,0.021622107,0.978281780,0.978520698,-1.008567452,-6.331802368,0.723829448
65.109633920,1788577228.067238092,1788577228.064863443,0.982276265,-0.034011302,0.037274374,0.982864909,0.983571456,-1.048963904,-6.324672222,0.721445084
65.139632896,1788577228.098827839,1788577228.094862700,0.980946350,-0.033221873,0.024166636,0.981508754,0.981806223,-1.079273701,-6.319526196,0.719852984
65.169632896,1788577228.129631519,1788577228.124862432,0.977113046,-0.031798740,0.034591884,0.977630331,0.978242129,-1.109463096,-6.314611912,0.718368828
65.199632896,1788577228.166105747,1788577228.154862642,0.969708078,-0.032185843,0.029018275,0.970242076,0.970675922,-1.139353752,-6.309305191,0.716831326
65.239631872,1788577228.197932720,1788577228.194861650,0.957497457,-0.031157675,0.020752701,0.958004270,0.958229021,-1.178772092,-6.302576065,0.714965224
65.269631872,1788577228.229719400,1788577228.224861383,0.945347441,-0.028585636,0.008291514,0.945779532,0.945815877,-1.207941532,-6.297791004,0.713659167
65.299631872,1788577228.265204430,1788577228.254861593,0.928226922,-0.023294705,-0.002630300,0.928519177,0.928522903,-1.236419439,-6.292718887,0.712324679
65.339630848,1788577228.296944380,1788577228.294860601,0.908344500,-0.020132221,0.000582151,0.908567574,0.908567760,-1.273608923,-6.286310196,0.710742414
65.369630848,1788577228.329650640,1788577228.324860334,0.892783849,-0.018791360,0.004484188,0.892981588,0.892992847,-1.300900936,-6.281727791,0.709695995
65.399630848,1788577228.365209579,1788577228.354860544,0.872400540,-0.018296234,-0.006628406,0.872592376,0.872617551,-1.327351809,-6.276827812,0.708670497
65.439629824,1788577228.398568392,1788577228.394859552,0.846963967,-0.023468720,-0.002536822,0.847289054,0.847292852,-1.361691475,-6.270579815,0.707563579
65.469629824,1788577228.429614782,1788577228.424859285,0.828404723,-0.015430160,0.006544053,0.828548414,0.828574257,-1.386761904,-6.266084194,0.706949770
65.499629824,1788577228.466205597,1788577228.454859495,0.810607841,-0.020072626,0.014412922,0.810856326,0.810984411,-1.410870075,-6.261238575,0.706464052
65.539628800,1788577228.498577118,1788577228.494858503,0.784728653,-0.022423999,0.020521218,0.785048976,0.785317143,-1.442140937,-6.255083084,0.706102490
65.569628800,1788577228.530062437,1788577228.524858475,0.766872658,-0.011388564,0.017229306,0.766957217,0.767150716,-1.464948773,-6.250648499,0.705955863
65.599628800,1788577228.564737797,1788577228.554858446,0.748734432,-0.018849080,0.017063915,0.748971654,0.749166013,-1.486728787,-6.245946407,0.705928206
65.639627776,1788577228.598857641,1788577228.594857454,0.724977728,-0.016397510,0.022936108,0.725163143,0.725525774,-1.514932632,-6.239925861,0.706083536
65.669627776,1788577228.629571438,1788577228.624857426,0.706475846,-0.010062628,0.028259272,0.706547506,0.707112413,-1.535458207,-6.235644817,0.706259370
65.699627776,1788577228.664956570,1788577228.654857397,0.687260440,-0.012892935,0.021744363,0.687381365,0.687725205,-1.554927111,-6.231077194,0.706553876
65.739626752,1788577228.698063612,1788577228.694856405,0.663730355,-0.008328136,0.020873459,0.663782601,0.664110716,-1.580089092,-6.225271225,0.707010329
65.769626752,1788577228.729564905,1788577228.724856377,0.644678422,-0.006315306,0.025153802,0.644709354,0.645199864,-1.598367929,-6.221177101,0.707431138
65.799626752,1788577228.765282869,1788577228.754856348,0.620809025,-0.003453235,0.014489341,0.620818629,0.620987690,-1.615566134,-6.216709137,0.708040714
65.839625728,1788577228.797953606,1788577228.794855356,0.585989542,-0.002758257,0.007156126,0.585996033,0.586039726,-1.637426615,-6.211047649,0.708853781
65.869625728,1788577228.831958771,1788577228.824855328,0.559390324,-0.005628108,0.013494762,0.559418636,0.559581379,-1.652961373,-6.207049370,0.709499061
65.899625728,1788577228.864558220,1788577228.854855537,0.530300075,0.001952557,0.004567054,0.530303670,0.530323336,-1.667063951,-6.202721119,0.710167348
65.939628800,1788577228.898652554,1788577228.894858599,0.491496693,0.000966111,0.003138729,0.491497643,0.491507665,-1.684656620,-6.197202682,0.711019993
65.969628800,1788577228.929574728,1788577228.924858332,0.461374002,-0.006313237,0.003638084,0.461417193,0.461431536,-1.696863174,-6.193310261,0.711627960
65.999628800,1788577228.965359926,1788577228.954858541,0.430783663,0.004036649,0.011035487,0.430802575,0.430943895,-1.707610250,-6.189167500,0.712317586
66.039627776,1788577228.998586178,1788577228.994857550,0.390092311,-0.001860069,-0.000587289,0.390096746,0.390097188,-1.720613003,-6.183815002,0.713192165
66.069627776,1788577229.029664278,1788577229.024857283,0.360857139,-0.005952734,-0.001788869,0.360906234,0.360910667,-1.729434133,-6.180048943,0.713789701
66.099627776,1788577229.064846039,1788577229.054857492,0.331052969,-0.001795701,0.000082320,0.331057839,0.331057849,-1.736636996,-6.175986290,0.714415610
66.139629824,1788577229.097975016,1788577229.094859600,0.293616516,-0.001585634,-0.034835741,0.293620798,0.295680066,-1.745110393,-6.170911312,0.714495182
66.169629824,1788577229.131887674,1788577229.124859333,0.266184322,0.000695560,-0.053884052,0.266185231,0.271584366,-1.750672579,-6.167372227,0.713665962
66.199629824,1788577229.164566040,1788577229.154859543,0.237474295,-0.003113600,-0.106155408,0.237494706,0.260139781,-1.754852414,-6.163533211,0.711759806
66.239628800,1788577229.198754072,1788577229.194858551,0.203562405,-0.001698444,-0.155247031,0.203569490,0.256012066,-1.759489179,-6.158737659,0.707269192
66.269628800,1788577229.229626894,1788577229.224858284,0.178204416,0.000296578,-0.202893941,0.178204663,0.270042318,-1.762307167,-6.155360699,0.702370465
66.299628800,1788577229.265047789,1788577229.254858494,0.154775094,0.002615286,-0.238196246,0.154797188,0.284076787,-1.763827920,-6.151775837,0.696274817
66.339627776,1788577229.297952652,1788577229.294857502,0.124916242,-0.000346985,-0.281460674,0.124916724,0.307935544,-1.765030622,-6.147224426,0.686299145
66.369627776,1788577229.331906080,1788577229.324857235,0.102383441,-0.000645151,-0.325247111,0.102385474,0.340981625,-1.765345216,-6.144042015,0.677621603
66.409627776,1788577229.367202282,1788577229.364857435,0.076544041,-0.002356289,-0.359647273,0.076580300,0.367710081,-1.764258981,-6.139473438,0.664509296
66.439626752,1788577229.397929668,1788577229.394856453,0.061933016,0.000633106,-0.377958335,0.061936252,0.382999481,-1.762972951,-6.136291027,0.653656721
66.469626752,1788577229.431975126,1788577229.424856424,0.046393617,-0.000549448,-0.407766141,0.046396870,0.410397241,-1.761340499,-6.133283615,0.642099619
66.509626752,1788577229.467244148,1788577229.464856386,0.029959198,-0.001159215,-0.426229782,0.029981616,0.427282956,-1.758226871,-6.128926754,0.625411391
66.539629824,1788577229.498669624,1788577229.494859457,0.020968832,0.010582584,-0.436613213,0.023487933,0.437244532,-1.755621552,-6.125946045,0.612389863
66.569629824,1788577229.529579163,1788577229.524859428,0.013942891,0.010600757,-0.437875528,0.017515144,0.438225693,-1.752862453,-6.123213291,0.599139988
66.599629824,1788577229.565062284,1788577229.554859638,0.009083327,0.012793130,-0.441755420,0.015689837,0.442033961,-1.749703646,-6.120039940,0.585415959
66.639628800,1788577229.598601818,1788577229.594858408,0.004983562,0.014958795,-0.442885244,0.015767100,0.443165816,-1.745403409,-6.116132736,0.567017198
66.669628800,1788577229.629680395,1788577229.624858379,0.007781524,0.014324770,-0.431422428,0.016301876,0.431730312,-1.742245197,-6.113502502,0.553365231
66.699628800,1788577229.665008068,1788577229.654858589,0.009282960,0.016430923,-0.431716587,0.018871899,0.432128869,-1.738993764,-6.110454082,0.539439797
66.739631872,1788577229.698607206,1788577229.694861650,0.014539399,0.019118633,-0.414640216,0.024019081,0.415335317,-1.734960914,-6.106719971,0.521315217
66.769631872,1788577229.729774475,1788577229.724861383,0.015430152,0.016681107,-0.410625834,0.022723313,0.411254087,-1.732178092,-6.104119301,0.508073390
66.799631872,1788577229.766350031,1788577229.754861593,0.019261392,0.017243540,-0.403242668,0.025852290,0.404070526,-1.729428649,-6.101099968,0.494696736
66.839630848,1788577229.798053026,1788577229.794860601,0.023449308,0.026996148,-0.401460026,0.035758384,0.403049395,-1.726110220,-6.097435474,0.477120042
66.869630848,1788577229.832115412,1788577229.824860334,0.024709566,0.023919677,-0.398721951,0.034390603,0.400202333,-1.723883390,-6.094974041,0.464092374
66.899630848,1788577229.864925623,1788577229.854860544,0.026233282,0.025195824,-0.405248036,0.036373268,0.406877113,-1.721769094,-6.092084885,0.450835556
66.939629824,1788577229.897944927,1788577229.894859552,0.030046775,0.035598790,-0.406176625,0.046584145,0.408839252,-1.719280958,-6.088619709,0.433165550
66.969629824,1788577229.931965351,1788577229.924859285,0.032117591,0.028821634,-0.409583078,0.043153520,0.411850124,-1.717640638,-6.086283684,0.419880480
66.999629824,1788577229.964350939,1788577229.954859495,0.036318702,0.037804615,-0.415699647,0.052423631,0.418992164,-1.716200471,-6.083502293,0.406271666
67.039632384,1788577229.998578548,1788577229.994862080,0.039143661,0.037660790,-0.449951299,0.054319069,0.453218196,-1.714588404,-6.080190182,0.387437314
67.069632384,1788577230.029745579,1788577230.024862051,0.042694728,0.042439936,-0.472176252,0.060199568,0.475998321,-1.713569045,-6.077946663,0.372444630
67.099632384,1788577230.065116882,1788577230.054862022,0.046395881,0.045625288,-0.515125553,0.065071074,0.519219202,-1.712876678,-6.075391769,0.356540352
67.139631360,1788577230.097001791,1788577230.094861031,0.051132432,0.049357502,-0.559040160,0.071068197,0.563539341,-1.712223053,-6.072384834,0.333846807
67.169631360,1788577230.132016182,1788577230.124861002,0.056803514,0.054080866,-0.574621766,0.078430729,0.579949612,-1.711942434,-6.070354462,0.315862089
67.199631360,1788577230.165040016,1788577230.154860973,0.059670848,0.050746790,-0.606525898,0.078331646,0.611563171,-1.712041855,-6.068004131,0.296957791
67.239630336,1788577230.198581696,1788577230.194859982,0.063196891,0.055757321,-0.637519487,0.084277671,0.643065954,-1.712431192,-6.065259933,0.270718485
67.269630336,1788577230.229611158,1788577230.224859953,0.065874055,0.059937034,-0.639779481,0.089060873,0.645948623,-1.712898970,-6.063455105,0.250558197
67.299630336,1788577230.265282869,1788577230.254859924,0.070484275,0.064853770,-0.637084939,0.095781232,0.644244724,-1.713804603,-6.061383724,0.230243966
67.339629312,1788577230.297975779,1788577230.294858932,0.074751342,0.068643741,-0.624801114,0.101487567,0.632989857,-1.715286136,-6.059035778,0.203480303
67.369629312,1788577230.331896782,1788577230.324858904,0.077418487,0.070244433,-0.611821981,0.104536609,0.620688359,-1.716611385,-6.057623863,0.183819935
67.399629312,1788577230.364460230,1788577230.354859114,0.078275501,0.074091180,-0.613200217,0.107780133,0.622600244,-1.718414903,-6.055883884,0.164232150
67.439631360,1788577230.398680925,1788577230.394860983,0.082517502,0.077027869,-0.593737940,0.112882376,0.604373372,-1.721009970,-6.053954124,0.138592958
67.469631360,1788577230.429606676,1788577230.424860954,0.082281471,0.074275895,-0.600894227,0.110847413,0.611032750,-1.723097086,-6.052775860,0.119716793
67.499631360,1788577230.465063572,1788577230.454861164,0.085567460,0.084603056,-0.583628723,0.120330658,0.595904316,-1.725605965,-6.051259518,0.100949518
67.539630848,1788577230.498568296,1788577230.494860649,0.087494238,0.085852392,-0.582834644,0.122580076,0.595585508,-1.729108691,-6.049644947,0.076249078
67.569630848,1788577230.529721498,1788577230.524860382,0.091085781,0.091559019,-0.572131459,0.129149810,0.586527134,-1.731849790,-6.048787117,0.057927322
67.599630848,1788577230.565348625,1788577230.554860592,0.089863162,0.090356751,-0.585132854,0.127435201,0.598849052,-1.734897137,-6.047719479,0.039743401
67.639629824,1788577230.598589897,1788577230.594859600,0.090299567,0.094430522,-0.580430294,0.130656555,0.594954167,-1.739053130,-6.046730995,0.015613778
67.669629824,1788577230.629755497,1788577230.624859333,0.091381823,0.099539370,-0.577395344,0.135124845,0.592995874,-1.742210627,-6.046237946,-0.002420660
67.699629824,1788577230.664835930,1788577230.654859543,0.094044901,0.103477080,-0.568117219,0.139828285,0.585071897,-1.745733500,-6.045547962,-0.020321697
67.739628800,1788577230.698079824,1788577230.694858551,0.093793240,0.105850700,-0.573824234,0.141426810,0.590995596,-1.750454307,-6.045028210,-0.044270143
67.769628800,1788577230.731955767,1788577230.724858284,0.093093423,0.106734058,-0.581624347,0.141628191,0.598619600,-1.753999949,-6.044900894,-0.062122911
67.799628800,1788577230.765131712,1788577230.754858494,0.095376325,0.109733839,-0.570739116,0.145389679,0.588966295,-1.757826209,-6.044626236,-0.079875387
67.839628032,1788577230.798076153,1788577230.794857740,0.094350524,0.112555074,-0.576979846,0.146869555,0.595379214,-1.762925148,-6.044644356,-0.103431813
67.869628032,1788577230.831963301,1788577230.824857712,0.094734966,0.115541907,-0.578068867,0.149414344,0.597066379,-1.766748428,-6.044988632,-0.121117502
67.909628032,1788577230.866907358,1788577230.864857674,0.095298571,0.123132654,-0.578321787,0.155703141,0.598915317,-1.772147775,-6.045350552,-0.144568115
67.939630080,1788577230.898604870,1788577230.894859791,0.093706004,0.116025101,-0.593634200,0.149139663,0.612081859,-1.776154757,-6.045882702,-0.162260726
67.969630080,1788577230.929773808,1788577230.924859762,0.094786503,0.122903278,-0.585691943,0.155208559,0.605908201,-1.780145168,-6.046691895,-0.179986626
67.999630080,1788577230.965072393,1788577230.954859734,0.094285708,0.121002832,-0.594287010,0.153399740,0.613765860,-1.784366012,-6.047406673,-0.197560281
68.039628800,1788577230.998711348,1788577230.994858503,0.093574541,0.116809788,-0.588235269,0.149668705,0.606977308,-1.789930820,-6.048557281,-0.221045375
68.069628800,1788577231.029945850,1788577231.024858475,0.095673220,0.123222014,-0.587870964,0.156003300,0.608218135,-1.794078469,-6.049614429,-0.238605678
68.099628800,1788577231.064372063,1788577231.054858446,0.097148477,0.121194648,-0.593814338,0.155325366,0.613792666,-1.798430443,-6.050503254,-0.256066531
68.139628288,1788577231.098561764,1788577231.094857931,0.098298398,0.120007081,-0.587708484,0.155126640,0.607836768,-1.804206491,-6.051939487,-0.279273033
68.169628288,1788577231.129627228,1788577231.124857903,0.097538959,0.121324773,-0.583328099,0.155671285,0.603742677,-1.808513761,-6.053178310,-0.296523362
68.199628288,1788577231.164989710,1788577231.154857874,0.097189262,0.117345365,-0.571341174,0.152366949,0.591309077,-1.812914014,-6.054328442,-0.313232690
68.239627776,1788577231.198555708,1788577231.194857359,0.092303956,0.118352534,-0.555939599,0.150091114,0.575843885,-1.818681359,-6.056054592,-0.335129708
68.269627776,1788577231.229744196,1788577231.224857330,0.090153863,0.125459732,-0.563477643,0.154492276,0.584272982,-1.822864652,-6.057526588,-0.351379424
68.299627776,1788577231.265206337,1788577231.254857540,0.091653156,0.120092996,-0.532783592,0.151071601,0.553787852,-1.827095628,-6.058900356,-0.366908342
68.339626752,1788577231.296860933,1788577231.294856548,0.090234970,0.124248066,-0.520386406,0.153557585,0.542569759,-1.832658172,-6.060959339,-0.386906117
68.369626752,1788577231.329577684,1788577231.324856281,0.091801462,0.121920854,-0.496007795,0.152617833,0.518956584,-1.836804986,-6.062694073,-0.401371539
68.399626752,1788577231.365203142,1788577231.354856491,0.090996616,0.120516165,-0.488316700,0.151011689,0.511133768,-1.840875268,-6.064327717,-0.415073037
68.439625472,1788577231.398564577,1788577231.394855261,0.090795051,0.115554624,-0.468325930,0.146957859,0.490841919,-1.846228719,-6.066665173,-0.432645500
68.469625472,1788577231.429699898,1788577231.424854994,0.091813147,0.122418176,-0.430001795,0.153022429,0.456418018,-1.850243211,-6.068431377,-0.445144862
68.499625472,1788577231.465327501,1788577231.454855204,0.091475770,0.114382276,-0.409647694,0.146462014,0.435042934,-1.854263783,-6.070096493,-0.456464350
68.539624448,1788577231.497954607,1788577231.494854212,0.092105015,0.114686630,-0.359908449,0.147093021,0.388806441,-1.859604120,-6.072545528,-0.469875395
68.569624448,1788577231.531930923,1788577231.524853945,0.092987026,0.118239124,-0.326272307,0.150422995,0.359278020,-1.863572121,-6.074421883,-0.478842795
68.599624448,1788577231.565046787,1788577231.554854155,0.091974173,0.109212470,-0.291612999,0.142781694,0.324691782,-1.867452741,-6.076153755,-0.486333162
68.639623424,1788577231.598760605,1788577231.594853163,0.082484123,0.104185304,-0.221509610,0.132884191,0.258311276,-1.872443676,-6.078492165,-0.494574249
68.669623424,1788577231.629747868,1788577231.624852896,0.017998620,0.058531975,0.150465875,0.061236773,0.162449752,-1.874721885,-6.079640388,-0.493850321
68.699623424,1788577231.664967060,1788577231.654853106,0.022927497,0.056958544,0.117379334,0.061399885,0.132468313,-1.876322746,-6.080083847,-0.487465203
68.739622400,1788577231.698577404,1788577231.694852114,0.016505881,0.040868971,0.097086922,0.044076263,0.106623578,-1.878219843,-6.080481052,-0.479756862
68.769622400,1788577231.729681730,1788577231.724852085,0.018192575,0.043545846,0.040183025,0.047193331,0.061982950,-1.879483700,-6.080692291,-0.475568831
68.799622400,1788577231.765312910,1788577231.754852057,0.013610135,0.057723319,-0.019935413,0.059306132,0.062567068,-1.880418181,-6.080966473,-0.472110450
68.839621376,1788577231.797930002,1788577231.794851065,0.018640448,0.061685938,-0.098111880,0.064440836,0.117382121,-1.881672144,-6.081810951,-0.470286012
68.869621376,1788577231.831857681,1788577231.824851036,0.013309541,0.070687698,-0.132618479,0.071929789,0.150869332,-1.882472038,-6.082794189,-0.470980823
68.899621376,1788577231.864531517,1788577231.854851007,0.011555834,0.067838494,-0.159158153,0.068815686,0.173398144,-1.882741809,-6.083764076,-0.471873939
68.939624448,1788577231.898679495,1788577231.894854069,0.010297497,0.073015651,-0.181561735,0.073738210,0.195964250,-1.882957339,-6.085320473,-0.474495947
68.969624448,1788577231.929701567,1788577231.924854040,-0.000251201,0.065089627,-0.113211392,0.065090112,0.130589211,-1.883023977,-6.086633205,-0.476700246
68.999624448,1788577231.965161562,1788577231.954854250,-0.042804297,0.014529491,0.128478356,0.045203030,0.136198391,-1.881502748,-6.086605549,-0.470526218
69.039623168,1788577231.998586178,1788577231.994852781,-0.049005883,0.012909468,0.101620270,0.050677716,0.113555758,-1.879080772,-6.086414814,-0.460842133
69.069623168,1788577232.029776812,1788577232.024852753,-0.050407308,0.015165119,0.034297564,0.052639126,0.062826750,-1.877013922,-6.086150646,-0.455532551
69.099623168,1788577232.064765692,1788577232.054852962,-0.053413288,0.010917065,-0.030148103,0.054517535,0.062298232,-1.874504566,-6.085893154,-0.451335877
69.139626240,1788577232.098562717,1788577232.094856024,-0.047472582,0.025372152,-0.107724921,0.053827430,0.120424461,-1.871263742,-6.085867882,-0.448803127
69.169626240,1788577232.130635977,1788577232.124855757,-0.048787061,0.030326022,-0.151145571,0.057444277,0.161693626,-1.868955016,-6.086122513,-0.449041903
69.199626240,1788577232.165327311,1788577232.154855967,-0.064798383,0.013843574,-0.040303871,0.066260659,0.077555638,-1.866201520,-6.086304188,-0.448780686
69.239625216,1788577232.196904659,1788577232.194854975,-0.069497870,0.026789711,0.121142638,0.074482498,0.142208232,-1.861958742,-6.085999489,-0.439578712
69.269625216,1788577232.232138157,1788577232.224854708,-0.080779721,0.008774596,0.065889427,0.081254888,0.104612492,-1.858671546,-6.085832596,-0.433223426
69.299625216,1788577232.265046835,1788577232.254854918,-0.074273607,0.005688659,-0.004888427,0.074491137,0.074651365,-1.855133653,-6.085561275,-0.428386599
69.339623680,1788577232.297939539,1788577232.294853449,-0.069785517,0.018349681,-0.084744821,0.072157669,0.111303252,-1.850644827,-6.085482597,-0.425404847
69.369623680,1788577232.331892729,1788577232.324853182,-0.074260302,-0.001888016,-0.070653225,0.074284299,0.102518463,-1.847331524,-6.085400581,-0.424548060
69.409623680,1788577232.366949320,1788577232.364853144,-0.088828588,0.016014480,0.114048870,0.090260631,0.145444582,-1.842399001,-6.085444927,-0.417663783
69.439625216,1788577232.397896290,1788577232.394855022,-0.077244037,0.014816958,0.051291850,0.078652295,0.093899081,-1.838925123,-6.085316658,-0.411631137
69.469625216,1788577232.431777239,1788577232.424854755,-0.077860739,0.006464033,-0.005146418,0.078128601,0.078297918,-1.835527420,-6.085320950,-0.407584429
69.499625216,1788577232.464537859,1788577232.454854965,-0.073319529,0.006381008,-0.079750724,0.073596676,0.108520268,-1.832450628,-6.085165501,-0.405384660
69.539627776,1788577232.498647213,1788577232.494857550,-0.080106976,0.008266313,0.116830873,0.080532351,0.141897542,-1.828058600,-6.084986210,-0.401267886
69.569627776,1788577232.529615641,1788577232.524857283,-0.081689735,-0.008045319,0.068120605,0.082084956,0.106669381,-1.824660778,-6.084684849,-0.395542175
69.599627776,1788577232.565026045,1788577232.554857492,-0.086387054,-0.012276949,-0.005613080,0.087255066,0.087435424,-1.821706653,-6.084229469,-0.391482383
69.639626496,1788577232.598584175,1788577232.594856262,-0.076967255,0.001808024,-0.029170763,0.076988488,0.082329586,-1.818002582,-6.083653927,-0.388770461
69.669626496,1788577232.629573345,1788577232.624855995,-0.083535068,-0.004483963,0.087193295,0.083655326,0.120834119,-1.815067291,-6.083579063,-0.384534031
69.699626496,1788577232.664983988,1788577232.654856205,-0.079238441,-0.007510263,0.035776651,0.079593559,0.087264559,-1.812514067,-6.083281517,-0.379535049
69.739629056,1788577232.698610544,1788577232.694858789,-0.067573988,-0.014434121,-0.021516185,0.069098391,0.072370808,-1.809517980,-6.082686424,-0.375761658
69.769629056,1788577232.729726791,1788577232.724858522,-0.082759458,-0.021491466,0.072494920,0.085504450,0.112100511,-1.807135940,-6.082256794,-0.372975081
69.799629056,1788577232.765022516,1788577232.754858732,-0.076127705,-0.010676936,0.056376311,0.076872781,0.095329496,-1.805102944,-6.081777096,-0.368346095
69.839627776,1788577232.797942877,1788577232.794857502,-0.067786748,-0.020576265,-0.010295171,0.070840849,0.071585030,-1.802710772,-6.081029415,-0.364403009
69.869627776,1788577232.831997633,1788577232.824857235,-0.077379736,-0.014903604,0.063644214,0.078801910,0.101293272,-1.800905824,-6.080570221,-0.361777186
69.899627776,1788577232.865194559,1788577232.854857445,-0.073613349,-0.015596712,0.035470274,0.075247476,0.083188478,-1.799453616,-6.080139160,-0.357892185
69.939626752,1788577232.898576736,1788577232.894856453,-0.074097867,-0.011371645,0.036341431,0.074965380,0.083309710,-1.797583818,-6.079321861,-0.355244666
69.969626752,1788577232.929585934,1788577232.924856424,-0.075107018,-0.013144061,0.033704692,0.076248478,0.083365681,-1.796091676,-6.079096317,-0.351664662
69.999626752,1788577232.964930296,1788577232.954856396,-0.061210384,-0.019507006,0.044877522,0.064243556,0.078365977,-1.795283675,-6.078394890,-0.349882841
70.039625728,1788577232.998593807,1788577232.994855404,-0.060438579,-0.013815373,0.012807255,0.061997471,0.063306494,-1.794239521,-6.077638149,-0.346273839
70.069625728,1788577233.029690027,1788577233.024855375,-0.069788106,-0.018906299,0.066840831,0.072303720,0.098465855,-1.793398142,-6.077214241,-0.343788773
70.099625728,1788577233.066225052,1788577233.054855347,-0.060852079,-0.019626659,0.032160347,0.063938887,0.071571427,-1.793076277,-6.076571465,-0.342069834
70.139624448,1788577233.098014355,1788577233.094854116,-0.054410305,-0.024884348,0.019674071,0.059830696,0.062982388,-1.792785764,-6.075739384,-0.339301527
70.169624448,1788577233.131865501,1788577233.124854088,-0.058200596,-0.003517062,0.049901132,0.058306767,0.076745046,-1.792541862,-6.075180054,-0.337298840
70.209624448,1788577233.167307615,1788577233.164854050,-0.052863337,-0.003134568,0.056199445,0.052956188,0.077218751,-1.792891741,-6.074175835,-0.335410178
70.239623168,1788577233.198597908,1788577233.194852829,-0.050824828,-0.029266366,0.028481437,0.058648814,0.065198739,-1.793257356,-6.073505402,-0.334154129
70.269623168,1788577233.229586601,1788577233.224852800,-0.048052855,-0.009721552,0.040067364,0.049026375,0.063316500,-1.793620110,-6.072787285,-0.332619101
70.299623168,1788577233.265267134,1788577233.254852772,-0.047404324,-0.022545120,0.035984791,0.052492403,0.063642419,-1.794556141,-6.072087288,-0.331779629
70.339621888,1788577233.298003197,1788577233.294851542,-0.037677676,-0.016084276,0.039634872,0.040967197,0.057002055,-1.795839787,-6.071021557,-0.330597252
70.369621888,1788577233.330988646,1788577233.324851513,-0.042770609,-0.019581331,0.028141978,0.047039914,0.054815367,-1.796838999,-6.070288658,-0.329840750
70.399621888,1788577233.364584446,1788577233.354851484,-0.037105220,-0.025042641,0.041641977,0.044765290,0.061139066,-1.798396945,-6.069517612,-0.329375148
70.439620352,1788577233.396800756,1788577233.394850016,-0.031472654,-0.020757987,0.038463272,0.037701750,0.053859495,-1.800499320,-6.068480968,-0.329010248
70.469620352,1788577233.430719376,1788577233.424849987,-0.023780506,-0.022097773,0.039079420,0.032462656,0.050803791,-1.802167892,-6.067740917,-0.328764617
70.509620352,1788577233.467287779,1788577233.464849949,-0.021722111,-0.022716073,0.033452658,0.031430400,0.045901530,-1.805095673,-6.066728592,-0.329005212
70.539619072,1788577233.498565197,1788577233.494848728,-0.015284332,-0.018839046,0.022969607,0.024259441,0.033408431,-1.807377219,-6.066008091,-0.329169959
70.569619072,1788577233.529847383,1788577233.524848700,-0.008801312,-0.026026669,0.029660282,0.027474545,0.040429976,-1.809805870,-6.065289497,-0.329338044
70.599619072,1788577233.564609051,1788577233.554848671,-0.003186720,-0.024018857,0.030765417,0.024229335,0.039160842,-1.812685490,-6.064605713,-0.329885304
70.639621888,1788577233.598612547,1788577233.594851494,0.002369533,-0.022270040,0.029123947,0.022395745,0.036739266,-1.816601515,-6.063723564,-0.330612093
70.669621888,1788577233.629698515,1788577233.624851465,0.007111060,-0.023863848,0.022060812,0.024900812,0.033267549,-1.819635391,-6.063089371,-0.331162363
70.699621888,1788577233.665203810,1788577233.654851675,0.011155336,-0.021748067,0.022219967,0.024442175,0.033032512,-1.822983027,-6.062437057,-0.332027972
70.739624704,1788577233.697919846,1788577233.694854498,0.015798206,-0.019971310,0.020681050,0.025464417,0.032804609,-1.827461958,-6.061662674,-0.333197504
70.769624704,1788577233.732039928,1788577233.724854231,0.020967756,-0.023111728,0.020543557,0.031205749,0.037360895,-1.830845237,-6.061077595,-0.334078342
70.799624704,1788577233.765181303,1788577233.754854441,0.024542338,-0.021607459,0.015349084,0.032698756,0.036122057,-1.834322214,-6.060537815,-0.335226715
70.839623424,1788577233.797952414,1788577233.794853210,0.027650753,-0.020721340,0.014098426,0.034553409,0.037318945,-1.838914633,-6.059882641,-0.336753935
70.869623424,1788577233.831933260,1788577233.824852943,0.031298463,-0.021166027,0.012975857,0.037783521,0.039949560,-1.842335105,-6.059380531,-0.337902308
70.909623424,1788577233.867347956,1788577233.864852905,0.035341024,-0.019601856,0.010102283,0.040413126,0.041656654,-1.846970439,-6.058813095,-0.339790910
70.939622144,1788577233.898601294,1788577233.894851923,0.037536995,-0.021969616,0.008628436,0.043493564,0.044341177,-1.850393295,-6.058418274,-0.341222435
70.969622144,1788577233.929569244,1788577233.924851656,0.040132546,-0.019135692,0.004869965,0.044461174,0.044727089,-1.853773594,-6.058023453,-0.342661500
70.999622144,1788577233.965019226,1788577233.954851866,0.042886215,-0.018349356,0.002703683,0.046646825,0.046725113,-1.857133985,-6.057723045,-0.344343543
71.039620864,1788577233.998564720,1788577233.994850636,0.044738612,-0.019475796,-0.000908517,0.048793955,0.048802412,-1.861535907,-6.057368755,-0.346631169
71.069620864,1788577234.029590607,1788577234.024850368,0.047157452,-0.017475863,-0.001977756,0.050291461,0.050330335,-1.864765644,-6.057095528,-0.348369092
71.099620864,1788577234.065054178,1788577234.054850578,0.048647034,-0.017718759,-0.006744985,0.051773433,0.052210949,-1.867734790,-6.056983948,-0.350293040
71.139620352,1788577234.096830130,1788577234.094850063,0.048935717,-0.016746047,-0.010582733,0.051721703,0.052793264,-1.871576071,-6.056867123,-0.352904081
71.169620352,1788577234.129667759,1788577234.124850035,0.049415987,-0.016324973,-0.012522712,0.052042718,0.053528150,-1.874354362,-6.056790352,-0.354890615
71.199620352,1788577234.165138483,1788577234.154850006,0.049990634,-0.015379683,-0.014262143,0.052302946,0.054212608,-1.876750469,-6.056838989,-0.356958598
71.239619072,1788577234.198592424,1788577234.194848776,0.048890048,-0.016497602,-0.017054917,0.051598524,0.054344069,-1.879794359,-6.056921005,-0.359754384
71.269619072,1788577234.229573727,1788577234.224848747,0.048247158,-0.012534610,-0.020963449,0.049848819,0.054077453,-1.881946325,-6.057014942,-0.361870944
71.299619072,1788577234.265244722,1788577234.254848719,0.046940161,-0.011188483,-0.023167190,0.048255164,0.053528306,-1.883667946,-6.057277203,-0.364104331
71.339617792,1788577234.298620462,1788577234.294847488,0.044517635,-0.010242158,-0.026743387,0.045680648,0.052933263,-1.885770917,-6.057661057,-0.367112011
71.369617792,1788577234.329773664,1788577234.324847460,0.043059278,-0.008445148,-0.028142475,0.043879630,0.052128887,-1.887199879,-6.057976246,-0.369387567
71.399617792,1788577234.365174294,1788577234.354847431,0.040849648,-0.009273666,-0.031607325,0.041889076,0.052475877,-1.888309717,-6.058408260,-0.371705413
71.439616256,1788577234.398642540,1788577234.394845963,0.038663796,-0.008648785,-0.034183119,0.039619321,0.052327586,-1.889597774,-6.058999538,-0.374814928
71.469616256,1788577234.429608822,1788577234.424845934,0.036523421,-0.005237398,-0.036165042,0.036897027,0.051665277,-1.890447140,-6.059489727,-0.377164662
71.499616256,1788577234.465034485,1788577234.454845905,0.034230430,-0.006944752,-0.037389589,0.034927811,0.051165744,-1.890997887,-6.059962749,-0.379301071
71.539614976,1788577234.498570681,1788577234.494844675,0.031557647,-0.004723444,-0.038820750,0.031909184,0.050251832,-1.891565919,-6.060611248,-0.382137060
71.569614976,1788577234.529568911,1788577234.524844646,0.029754381,-0.003475805,-0.040564722,0.029956709,0.050427186,-1.891892791,-6.061122894,-0.384244144
71.599614976,1788577234.565231562,1788577234.554844618,0.027289653,-0.003901850,-0.040337030,0.027567183,0.048857195,-1.892035246,-6.061610222,-0.386090040
71.639613696,1788577234.598590612,1788577234.594843388,0.024757178,-0.002132040,-0.040779386,0.024848812,0.047753762,-1.892093658,-6.062267303,-0.388497919
71.669613696,1788577234.629727840,1788577234.624843359,0.023358281,-0.002426679,-0.041433407,0.023483996,0.047625889,-1.892066479,-6.062772751,-0.390253901
71.699613696,1788577234.664756060,1788577234.654843330,0.021053996,-0.001483936,-0.040926916,0.021106227,0.046048728,-1.891913772,-6.063345432,-0.391797602
71.739612416,1788577234.698070288,1788577234.694842100,0.018670066,-0.000367436,-0.041167380,0.018673681,0.045204640,-1.891609669,-6.064116478,-0.393782109
71.769612416,1788577234.731825590,1788577234.724842072,0.017226803,-0.000261128,-0.040900759,0.017228782,0.044381336,-1.891331315,-6.064703941,-0.395220876
71.799612416,1788577234.765150785,1788577234.754842043,0.015647195,0.000468416,-0.039813208,0.015654204,0.042780201,-1.891024470,-6.065298557,-0.396147400
71.839611136,1788577234.798604250,1788577234.794840813,0.013906077,0.001273215,-0.037985418,0.013964242,0.040470879,-1.890561461,-6.066102028,-0.397284329
71.869611136,1788577234.829612017,1788577234.824840784,0.012733531,0.001979355,-0.037109142,0.012886453,0.039282936,-1.890191436,-6.066708565,-0.398068100
71.899611136,1788577234.865131378,1788577234.854840755,0.011232503,0.002384773,-0.035066558,0.011482869,0.036898777,-1.889682293,-6.067379951,-0.398352355
71.939609856,1788577234.898720980,1788577234.894839525,0.009236110,0.003659312,-0.032235021,0.009934601,0.033731186,-1.888963103,-6.068299294,-0.398616552
71.969609856,1788577234.929771423,1788577234.924839497,0.008231973,0.003892438,-0.030425857,0.009105847,0.031759239,-1.888406515,-6.068991184,-0.398742318
71.999609856,1788577234.964966774,1788577234.954839468,0.006909848,0.004859571,-0.027599934,0.008447569,0.028863779,-1.887795925,-6.069760323,-0.398354203
72.039608576,1788577234.998636484,1788577234.994838238,0.005117142,0.006332803,-0.024341507,0.008141839,0.025667071,-1.886959195,-6.070812225,-0.397717029
72.069608576,1788577235.029677391,1788577235.024838209,0.004169642,0.006671317,-0.021651135,0.007867171,0.023036146,-1.886320353,-6.071609974,-0.397164017
72.099608576,1788577235.065032005,1788577235.054838181,0.003135718,0.007686084,-0.018503670,0.008301122,0.020280395,-1.885700345,-6.072385311,-0.396162540
72.139607296,1788577235.100598812,1788577235.094836950,0.001548190,0.008187428,-0.014888416,0.008332519,0.017061530,-1.884860754,-6.073427200,-0.394731402
72.169607296,1788577235.131810188,1788577235.124836922,0.000836254,0.008875783,-0.012198634,0.008915091,0.015109121,-1.884227037,-6.074211597,-0.393606573
72.209607296,1788577235.167411566,1788577235.164836884,0.000087806,0.009373059,-0.008443587,0.009373470,0.012615709,-1.883518219,-6.075075150,-0.391635507
72.239610112,1788577235.198130369,1788577235.194839716,-0.000673656,0.009422493,-0.005964935,0.009446544,0.011172181,-1.882992864,-6.075719357,-0.390112549
72.269610112,1788577235.229732037,1788577235.224839687,-0.001164221,0.009624027,-0.003734854,0.009694189,0.010388765,-1.882472515,-6.076354980,-0.388563991
72.299610112,1788577235.266285419,1788577235.254839897,-0.001033196,0.009618617,-0.001032557,0.009673949,0.009728898,-1.882173300,-6.076905251,-0.386803567
72.339609344,1788577235.298126221,1788577235.294839144,-0.001127113,0.009551430,0.001940996,0.009617703,0.009811609,-1.881802440,-6.077624798,-0.384437293
72.369609344,1788577235.331935644,1788577235.324838877,-0.001150484,0.009927923,0.004257095,0.009994361,0.010863246,-1.881545424,-6.078151703,-0.382654488
72.399609344,1788577235.363072395,1788577235.354839087,-0.000733344,0.009653351,0.006079740,0.009681166,0.011431895,-1.881471515,-6.078596115,-0.380755663
72.439607808,1788577235.397876978,1788577235.394837618,-0.000481113,0.009638892,0.008986314,0.009650891,0.013186870,-1.881409168,-6.079172611,-0.378232330
72.469607808,1788577235.431908369,1788577235.424837351,-0.000307343,0.009483364,0.010525716,0.009488343,0.014171074,-1.881382704,-6.079591751,-0.376353115
72.499607808,1788577235.464322567,1788577235.454837561,0.000285805,0.009157443,0.012172490,0.009161902,0.015235156,-1.881538510,-6.079830647,-0.374525070
72.539610624,1788577235.498573065,1788577235.494840384,0.000875337,0.008604509,0.013776049,0.008648918,0.016266017,-1.881779671,-6.080125332,-0.372132301
72.569610624,1788577235.529684305,1788577235.524840117,0.001294693,0.008582285,0.014741520,0.008679392,0.017106848,-1.881981015,-6.080334187,-0.370370537
72.599610624,1788577235.565222979,1788577235.554840326,0.002080962,0.008045223,0.016241458,0.008309995,0.018243930,-1.882291317,-6.080481529,-0.368724853
72.639609344,1788577235.598662615,1788577235.594839096,0.002644411,0.007929015,0.016909768,0.008358360,0.018862726,-1.882730484,-6.080663681,-0.366596401
72.669609344,1788577235.631887674,1788577235.624838829,0.002916958,0.007318273,0.017433349,0.007878183,0.019130798,-1.882968783,-6.080706120,-0.365285218
72.709609344,1788577235.667319536,1788577235.664839029,0.002216731,0.005963614,0.015135207,0.006362278,0.016418072,-1.883076429,-6.080480099,-0.364267975
72.739608832,1788577235.698570967,1788577235.694838524,0.001832571,0.005138822,0.014035283,0.005455806,0.015058385,-1.883134365,-6.080286503,-0.363616109
72.769608832,1788577235.729596853,1788577235.724838495,0.001120653,0.004627088,0.012338287,0.004760862,0.013224944,-1.883166313,-6.080082417,-0.363053381
72.799608832,1788577235.765942335,1788577235.754838467,0.000768992,0.003606746,0.011960795,0.003687813,0.012516413,-1.883207202,-6.079839706,-0.362573236
72.839608320,1788577235.798628330,1788577235.794837952,0.000069123,0.002944220,0.010435096,0.002945032,0.010842714,-1.883218646,-6.079501152,-0.362055212
72.869608320,1788577235.829670429,1788577235.824837923,-0.000451749,0.002143673,0.009404796,0.002190756,0.009656583,-1.883195519,-6.079241276,-0.361751884
72.899608320,1788577235.865010738,1788577235.854838133,-0.000749046,0.001485241,0.008586538,0.001663434,0.008746179,-1.883159041,-6.078973770,-0.361526877
72.939607040,1788577235.898090839,1788577235.894836664,-0.001124467,0.001084735,0.007607896,0.001562394,0.007766669,-1.883088827,-6.078614235,-0.361305863
72.969607040,1788577235.931826591,1788577235.924836636,-0.001376126,0.000340336,0.007147251,0.001417587,0.007286477,-1.883019567,-6.078344345,-0.361192554
72.999607040,1788577235.963536978,1788577235.954836845,-0.001637157,0.000123709,0.006431416,0.001641824,0.006637672,-1.882933617,-6.078068256,-0.361151695
73.039605760,1788577235.998155832,1788577235.994835377,-0.001953846,-0.000351800,0.005699029,0.001985265,0.006034916,-1.882805228,-6.077709675,-0.361146718
73.069605760,1788577236.031813622,1788577236.024835348,-0.002008478,-0.000704756,0.005081587,0.002128536,0.005509373,-1.882700682,-6.077451706,-0.361174047
73.099605760,1788577236.065654516,1788577236.054835558,-0.001989631,-0.000935906,0.004982919,0.002198761,0.005446469,-1.882555604,-6.077171803,-0.361239731
73.139608320,1788577236.098577261,1788577236.094837904,-0.002021913,-0.001098823,0.004522380,0.002301205,0.005074196,-1.882369876,-6.076819420,-0.361353874
73.169608320,1788577236.129759312,1788577236.124837875,-0.001874294,-0.001547177,0.004401912,0.002430377,0.005028276,-1.882240415,-6.076567173,-0.361450136
73.199608320,1788577236.164987803,1788577236.154838085,-0.001856044,-0.001516509,0.003788639,0.002396810,0.004483133,-1.882033348,-6.076303482,-0.361576647
73.239607040,1788577236.198714972,1788577236.194836855,-0.001894776,-0.001876800,0.003876879,0.002666937,0.004705607,-1.881773353,-6.075970173,-0.361758798
73.269607040,1788577236.229607582,1788577236.224836588,-0.001939996,-0.002140354,0.003404776,0.002888719,0.004465109,-1.881587982,-6.075733662,-0.361900628
73.299607040,1788577236.265075445,1788577236.254836798,-0.001752450,-0.002155573,0.003514973,0.002778053,0.004480247,-1.881387949,-6.075496674,-0.362036139
73.339606528,1788577236.298638344,1788577236.294836283,-0.001575790,-0.002330459,0.002821403,0.002813210,0.003984277,-1.881147981,-6.075202465,-0.362228304
73.369606528,1788577236.329594135,1788577236.324836016,-0.001401682,-0.002388649,0.003007512,0.002769541,0.004088458,-1.880987406,-6.074994087,-0.362371355
73.399606528,1788577236.365932941,1788577236.354836226,-0.001308861,-0.002397231,0.003048499,0.002731270,0.004093065,-1.880810738,-6.074803352,-0.362501293
73.439604992,1788577236.398150921,1788577236.394834757,-0.001206216,-0.002506620,0.002508084,0.002781744,0.003745475,-1.880596399,-6.074566364,-0.362677246
73.469604992,1788577236.431832075,1788577236.424834490,-0.001111139,-0.002603482,0.002129263,0.002830680,0.003542106,-1.880450130,-6.074401855,-0.362812519
73.499604992,1788577236.464622259,1788577236.454834700,-0.001104735,-0.002703893,0.002185142,0.002920869,0.003647783,-1.880297303,-6.074254036,-0.362916499
73.539603712,1788577236.498174429,1788577236.494833469,-0.000859452,-0.002566349,0.002306548,0.002706438,0.003555977,-1.880117178,-6.074072838,-0.363051921
73.569603712,1788577236.532027721,1788577236.524833202,-0.000761207,-0.002674742,0.002155299,0.002780950,0.003518380,-1.879996181,-6.073947430,-0.363153726
73.599603712,1788577236.565205097,1788577236.554833412,-0.000839953,-0.002857497,0.002008970,0.002978390,0.003592599,-1.879897118,-6.073839664,-0.363204449
73.639602432,1788577236.598592758,1788577236.594832182,-0.000742166,-0.002797067,0.001665008,0.002893854,0.003338659,-1.879774094,-6.073708534,-0.363274515
73.669602432,1788577236.629608393,1788577236.624831915,-0.000610298,-0.002769005,0.002017993,0.002835463,0.003480251,-1.879691124,-6.073622704,-0.363329530
73.699602432,1788577236.666202307,1788577236.654832125,-0.000623074,-0.002777778,0.001963728,0.002846801,0.003458396,-1.879634500,-6.073532581,-0.363335937
73.739604992,1788577236.698542356,1788577236.694834709,-0.000475331,-0.002744847,0.001934865,0.002785701,0.003391730,-1.879565954,-6.073429585,-0.363344818
73.769604992,1788577236.729641199,1788577236.724834442,-0.000495594,-0.002636013,0.001823452,0.002682197,0.003243325,-1.879520893,-6.073367596,-0.363356143
73.799604992,1788577236.765230894,1788577236.754834652,-0.000461168,-0.002804927,0.001480598,0.002842586,0.003205069,-1.879477262,-6.073309422,-0.363336831
73.839603968,1788577236.798102379,1788577236.794833660,-0.000395034,-0.002511468,0.001429508,0.002542346,0.002916679,-1.879423380,-6.073242664,-0.363319248
73.869603968,1788577236.831802368,1788577236.824833632,-0.000369067,-0.002689200,0.001398967,0.002714407,0.003053705,-1.879386425,-6.073204994,-0.363318324
73.899603968,1788577236.864993334,1788577236.854833603,-0.000283421,-0.002598589,0.001200624,0.002614000,0.002876542,-1.879353046,-6.073174477,-0.363295734
73.939602688,1788577236.898046970,1788577236.894832373,-0.000386742,-0.002325102,0.000861816,0.002357047,0.002509661,-1.879312038,-6.073144913,-0.363271624
73.969602688,1788577236.931779146,1788577236.924832344,-0.000238743,-0.002548683,0.000812449,0.002559840,0.002685676,-1.879285455,-6.073129177,-0.363252223
73.999602688,1788577236.962908506,1788577236.954832315,-0.000154378,-0.002249640,0.000598952,0.002254931,0.002333121,-1.879260302,-6.073123932,-0.363226324
74.039601408,1788577236.997948885,1788577236.994831085,-0.000231788,-0.002238954,0.000851343,0.002250920,0.002406538,-1.879230499,-6.073127747,-0.363200665
74.069601408,1788577237.031776667,1788577237.024831057,-0.000401290,-0.002235333,0.000942477,0.002271068,0.002458864,-1.879205942,-6.073137760,-0.363186032
74.099601408,1788577237.062863827,1788577237.054831028,-0.000309066,-0.002189308,0.000449916,0.002211016,0.002256328,-1.879180193,-6.073152542,-0.363153219
74.139602944,1788577237.097970963,1788577237.094832659,-0.000258137,-0.002167730,0.000448974,0.002183046,0.002228737,-1.879148602,-6.073179245,-0.363135219
74.169602944,1788577237.131847858,1788577237.124832630,0.000017790,-0.001926392,0.000635883,0.001926474,0.002028706,-1.879135370,-6.073203087,-0.363120317
74.199602944,1788577237.162917852,1788577237.154832602,0.000046632,-0.002251754,0.000468675,0.002252237,0.002300484,-1.879130721,-6.073221207,-0.363097489
74.239601664,1788577237.197928905,1788577237.194831371,0.000085897,-0.002215391,0.000485308,0.002217056,0.002269551,-1.879125357,-6.073252201,-0.363074601
74.269601664,1788577237.229541779,1788577237.224831343,0.000352567,-0.001781796,0.001032638,0.001816343,0.002089364,-1.879124403,-6.073280334,-0.363052636
74.299601664,1788577237.265376568,1788577237.254831314,0.000315657,-0.001936080,0.000956058,0.001961644,0.002182222,-1.879125595,-6.073306561,-0.363031775
74.339600384,1788577237.297985315,1788577237.294830084,0.000345557,-0.001639040,0.000683847,0.001675071,0.001809284,-1.879127026,-6.073351383,-0.363012344
74.369600384,1788577237.331813097,1788577237.324830055,0.000403276,-0.001902786,0.000605324,0.001945051,0.002037067,-1.879130483,-6.073380947,-0.363000184
74.399600384,1788577237.364417076,1788577237.354830027,0.000449896,-0.001800019,0.001138635,0.001855391,0.002176917,-1.879136324,-6.073416233,-0.362992257
74.439602688,1788577237.398582458,1788577237.394832373,0.000568764,-0.001833905,0.000710161,0.001920078,0.002047200,-1.879144073,-6.073463440,-0.362992197
74.469602688,1788577237.429582119,1788577237.424832344,0.000713544,-0.001864453,0.000933978,0.001996329,0.002204007,-1.879152179,-6.073495388,-0.362989157
74.499602688,1788577237.465021372,1788577237.454832315,0.000610403,-0.001797301,0.001205575,0.001898126,0.002248620,-1.879166245,-6.073534489,-0.363011301
74.539601408,1788577237.498530149,1788577237.494831085,0.000821493,-0.001932984,0.000806307,0.002100305,0.002249758,-1.879186153,-6.073580742,-0.363050967
74.569601408,1788577237.529573441,1788577237.524831057,0.000695864,-0.001932480,0.000544964,0.002053948,0.002125015,-1.879204273,-6.073615074,-0.363081783
74.599601408,1788577237.565341234,1788577237.554831028,0.000787732,-0.001996576,0.000736618,0.002146354,0.002269238,-1.879215240,-6.073654652,-0.363110304
74.639600896,1788577237.598652363,1788577237.594830513,0.000941620,-0.001819509,0.000594932,0.002048722,0.002133355,-1.879229784,-6.073708057,-0.363144487
74.669600896,1788577237.629700899,1788577237.624830484,0.001115417,-0.001895109,0.000983174,0.002198998,0.002408780,-1.879244208,-6.073750496,-0.363176942
74.699600896,1788577237.665316105,1788577237.654830694,0.001140743,-0.001790078,0.000980644,0.002122657,0.002338233,-1.879262924,-6.073798180,-0.363212585
74.739603712,1788577237.697946787,1788577237.694833517,0.001305786,-0.001821777,0.000753890,0.002241417,0.002364805,-1.879287601,-6.073861599,-0.363255173
74.769603712,1788577237.731785774,1788577237.724833250,0.001428827,-0.001722460,0.000877028,0.002237949,0.002403662,-1.879311800,-6.073911667,-0.363288939
74.799603712,1788577237.763325691,1788577237.754833460,0.001376664,-0.001568976,0.001225895,0.002087316,0.002420683,-1.879329801,-6.073978901,-0.363349169
74.839606528,1788577237.798983335,1788577237.794836283,0.001388499,-0.001995152,0.001163012,0.002430753,0.002694653,-1.879353285,-6.074062824,-0.363413393
74.869606528,1788577237.829541206,1788577237.824836016,0.001540881,-0.001501397,0.000381741,0.002151397,0.002185002,-1.879372716,-6.074125290,-0.363467395
74.899606528,1788577237.866120338,1788577237.854836226,0.001606187,-0.001890940,0.000539268,0.002481027,0.002538957,-1.879384518,-6.074192047,-0.363559335
74.939605248,1788577237.898481607,1788577237.894834995,0.001472246,-0.001541970,0.000553237,0.002131942,0.002202555,-1.879397869,-6.074280739,-0.363676220
74.969605248,1788577237.929607153,1788577237.924834728,0.001656971,-0.001436529,0.000635069,0.002192981,0.002283085,-1.879408598,-6.074347973,-0.363768280
74.999605248,1788577237.966139078,1788577237.954834938,0.001669125,-0.001706697,0.000835350,0.002387215,0.002529151,-1.879406691,-6.074419975,-0.363865674
75.039603968,1788577237.998215199,1788577237.994833708,0.001518403,-0.001617615,0.000853688,0.002218609,0.002377185,-1.879402041,-6.074512959,-0.363981813
75.069603968,1788577238.031837702,1788577238.024833441,0.001679291,-0.001456500,0.000682003,0.002222928,0.002325196,-1.879396319,-6.074581623,-0.364074439
75.099603968,1788577238.064568520,1788577238.054833651,0.001513036,-0.001502471,0.000659732,0.002132299,0.002232027,-1.879363894,-6.074654102,-0.364173174
75.139602432,1788577238.098232985,1788577238.094832182,0.001425879,-0.001557152,0.000798195,0.002111363,0.002257204,-1.879319429,-6.074747562,-0.364291221
75.169602432,1788577238.131782770,1788577238.124831915,0.001498457,-0.001723854,0.000632884,0.002284086,0.002370146,-1.879285097,-6.074807167,-0.364378363
75.199602432,1788577238.164464235,1788577238.154832125,0.001620253,-0.001897161,0.000727135,0.002494883,0.002598685,-1.879214525,-6.074868202,-0.364453167
75.239601920,1788577238.198552608,1788577238.194831610,0.001339024,-0.001645572,0.001209406,0.002121531,0.002442040,-1.879121542,-6.074949265,-0.364538997
75.269601920,1788577238.229513645,1788577238.224831581,0.001291077,-0.001818364,0.000632539,0.002230096,0.002318067,-1.879048109,-6.075004101,-0.364603907
75.299601920,1788577238.265312910,1788577238.254831553,0.001482534,-0.001707028,0.000774804,0.002260940,0.002390015,-1.878935456,-6.075069904,-0.364659935
75.339601152,1788577238.298536301,1788577238.294830799,0.001346103,-0.001666544,0.000888949,0.002142279,0.002319395,-1.878797531,-6.075155735,-0.364722937
75.369601152,1788577238.329662323,1788577238.324830770,0.001383463,-0.001837024,0.000601763,0.002299701,0.002377130,-1.878697038,-6.075211525,-0.364769936
75.399601152,1788577238.365096807,1788577238.354830742,0.001657369,-0.001670357,0.000498741,0.002353075,0.002405350,-1.878554702,-6.075277328,-0.364810765
75.439599616,1788577238.397966146,1788577238.394829273,0.001674025,-0.001607057,0.000628853,0.002320559,0.002404256,-1.878385425,-6.075362682,-0.364864767
75.469599616,1788577238.431810617,1788577238.424829245,0.001588253,-0.001428114,0.000193066,0.002135897,0.002144605,-1.878265023,-6.075428963,-0.364905685
75.499599616,1788577238.462945461,1788577238.454829216,0.001863117,-0.001659460,0.000140680,0.002494998,0.002498961,-1.878104091,-6.075501919,-0.364940614
75.539601664,1788577238.498150826,1788577238.494831324,0.001867119,-0.001622623,0.000566855,0.002473669,0.002537787,-1.877912760,-6.075592518,-0.364989400
75.569601664,1788577238.531780005,1788577238.524831295,0.001693603,-0.001771105,0.000714108,0.002450531,0.002552460,-1.877775669,-6.075656414,-0.365019739
75.599601664,1788577238.565282106,1788577238.554831266,0.001854092,-0.001570829,-0.000411534,0.002430054,0.002464654,-1.877603531,-6.075731754,-0.365044594
75.639600896,1788577238.598601103,1788577238.594830513,0.002007127,-0.001520050,-0.000210820,0.002517759,0.002526570,-1.877399564,-6.075825691,-0.365077794
75.669600896,1788577238.629714489,1788577238.624830484,0.002014791,-0.001738525,0.000549879,0.002661175,0.002717392,-1.877259493,-6.075894833,-0.365085393
75.699600896,1788577238.664716959,1788577238.654830694,0.002271471,-0.001550596,0.000127470,0.002750260,0.002753212,-1.877098918,-6.075968742,-0.365085214
75.739599616,1788577238.698086977,1788577238.694829226,0.002452596,-0.001597367,0.000227491,0.002926911,0.002935738,-1.876910448,-6.076060295,-0.365098029
75.769599616,1788577238.731795788,1788577238.724829197,0.002075017,-0.001796688,0.000188598,0.002744774,0.002751246,-1.876780272,-6.076126099,-0.365102530
75.799599616,1788577238.765020847,1788577238.754829407,0.002197776,-0.001593424,0.000232670,0.002714631,0.002724584,-1.876618505,-6.076203346,-0.365093470
75.839598336,1788577238.798104048,1788577238.794827938,0.002302491,-0.001757916,-0.000130802,0.002896848,0.002899800,-1.876424193,-6.076301575,-0.365088522
75.869598336,1788577238.831774235,1788577238.824827909,0.002258810,-0.001812169,0.000873284,0.002895890,0.003024699,-1.876289606,-6.076371193,-0.365078658
75.899598336,1788577238.863045692,1788577238.854828119,0.002164072,-0.001822835,0.000412493,0.002829476,0.002859386,-1.876130342,-6.076442242,-0.365062296
75.939601152,1788577238.898578405,1788577238.894830942,0.002518104,-0.001626995,0.000100028,0.002997993,0.002999662,-1.875941396,-6.076535702,-0.365049899
75.969601152,1788577238.929847240,1788577238.924830675,0.002385908,-0.001657913,0.000684555,0.002905380,0.002984936,-1.875816107,-6.076600552,-0.365038007
75.999601152,1788577238.966129780,1788577238.954830885,0.002355886,-0.001830352,0.000734679,0.002983352,0.003072481,-1.875671983,-6.076666832,-0.365031689
76.039599872,1788577238.997951269,1788577238.994829655,0.002605977,-0.001646078,0.000450241,0.003082319,0.003115029,-1.875495315,-6.076756954,-0.365033716
76.069599872,1788577239.031883001,1788577239.024829388,0.002482044,-0.001663554,0.000882201,0.002987969,0.003115483,-1.875374079,-6.076820374,-0.365031064
76.099599872,1788577239.062916517,1788577239.054829597,0.002326302,-0.001637794,0.001033825,0.002845005,0.003027020,-1.875242591,-6.076880455,-0.365027845
76.139599104,1788577239.098568916,1788577239.094828844,0.002622071,-0.001571858,0.000756994,0.003057121,0.003149449,-1.875083327,-6.076957226,-0.365037382
76.169599104,1788577239.129865408,1788577239.124828577,0.002696075,-0.001823411,0.001051132,0.003254788,0.003420310,-1.874978900,-6.077008724,-0.365050375
76.199599104,1788577239.166277647,1788577239.154828787,0.002361023,-0.001828473,0.000781348,0.002986258,0.003086785,-1.874869823,-6.077059746,-0.365062684
76.239597824,1788577239.198050737,1788577239.194827557,0.002412159,-0.001710846,0.000747725,0.002957280,0.003050344,-1.874722362,-6.077125549,-0.365078807
76.269597824,1788577239.229754925,1788577239.224827290,0.002421470,-0.001702371,0.000811687,0.002959997,0.003069270,-1.874622464,-6.077174664,-0.365096837
76.299597824,1788577239.266213417,1788577239.254827499,0.002227970,-0.001638191,0.001040492,0.002765415,0.002954682,-1.874526262,-6.077231884,-0.365121782
76.339600384,1788577239.298639297,1788577239.294830084,0.002286648,-0.001524806,0.000682083,0.002748416,0.002831789,-1.874399543,-6.077304840,-0.365154386
76.369600384,1788577239.329773664,1788577239.324830055,0.002425986,-0.001437559,0.000822001,0.002819926,0.002937289,-1.874317646,-6.077357292,-0.365185410
76.399600384,1788577239.365024805,1788577239.354830027,0.002258103,-0.001525741,0.000539160,0.002725236,0.002778058,-1.874259353,-6.077414036,-0.365228206
76.439598848,1788577239.398606777,1788577239.394828558,0.002231649,-0.001438325,0.000678379,0.002655002,0.002740298,-1.874176025,-6.077486992,-0.365280598
76.469598848,1788577239.429590940,1788577239.424828529,0.002466628,-0.001406070,0.000360389,0.002839240,0.002862021,-1.874121785,-6.077542782,-0.365323842
76.499598848,1788577239.465249538,1788577239.454828501,0.002397552,-0.000958824,0.000440380,0.002582170,0.002619453,-1.874089837,-6.077603817,-0.365383685
76.539598336,1788577239.498469353,1788577239.494827986,0.002258575,-0.001148628,0.000441501,0.002533872,0.002572048,-1.874043345,-6.077684402,-0.365454912
76.569598336,1788577239.529622078,1788577239.524827957,0.002478983,-0.000956394,0.000477060,0.002657075,0.002699562,-1.874015450,-6.077747345,-0.365506917
76.599598336,1788577239.565778732,1788577239.554827929,0.002464623,-0.000860793,0.000288224,0.002610619,0.002626481,-1.874018431,-6.077815533,-0.365579396
76.639597568,1788577239.598609924,1788577239.594827175,0.002200853,-0.001118552,0.000538244,0.002468788,0.002526781,-1.874013543,-6.077899933,-0.365664214
76.669597568,1788577239.629816771,1788577239.624827147,0.002376142,-0.000719407,0.000496223,0.002482659,0.002531765,-1.874006867,-6.077967644,-0.365721047
76.699597568,1788577239.666133404,1788577239.654827356,0.002393414,-0.000977523,0.000172486,0.002585340,0.002591088,-1.874019623,-6.078030109,-0.365800381
76.739596288,1788577239.698637009,1788577239.694825888,0.002109798,-0.000912376,0.000546961,0.002298625,0.002362805,-1.874029994,-6.078111649,-0.365892559
76.769596288,1788577239.729492426,1788577239.724825859,0.002202167,-0.000949624,0.000302200,0.002398192,0.002417157,-1.874033093,-6.078171253,-0.365957916
76.799596288,1788577239.765036821,1788577239.754826069,0.002283837,-0.000843575,0.000096747,0.002434652,0.002436574,-1.874061942,-6.078221321,-0.366036475
76.839595520,1788577239.798545837,1788577239.794825315,0.002082426,-0.001002706,0.000272842,0.002311259,0.002327307,-1.874094725,-6.078286171,-0.366130531
76.869595520,1788577239.829601765,1788577239.824825048,0.002277448,-0.000913212,0.000660118,0.002453717,0.002540961,-1.874111772,-6.078330517,-0.366192728
76.899595520,1788577239.865777969,1788577239.854825258,0.002370812,-0.001077167,-0.000120852,0.002604043,0.002606846,-1.874150872,-6.078362465,-0.366268814
76.939598080,1788577239.896044731,1788577239.894827843,0.002415952,-0.000829291,0.000487286,0.002554319,0.002600383,-1.874202490,-6.078403950,-0.366365820
76.969598080,1788577239.929706812,1788577239.924827576,0.002213817,-0.001056373,0.000157139,0.002452939,0.002457967,-1.874235988,-6.078431606,-0.366431773
76.999598080,1788577239.965079308,1788577239.954827785,0.002272214,-0.001300678,0.000023630,0.002618153,0.002618259,-1.874292254,-6.078447342,-0.366503298
77.039597056,1788577239.998090744,1788577239.994826794,0.002406311,-0.000939262,0.000201241,0.002583127,0.002590955,-1.874365926,-6.078470230,-0.366600811
77.069597056,1788577240.031930447,1788577240.024826527,0.002097724,-0.001142173,0.000177005,0.002388515,0.002395065,-1.874408960,-6.078485966,-0.366663218
77.099597056,1788577240.064972401,1788577240.054826736,0.002147379,-0.001153886,0.000177162,0.002437763,0.002444192,-1.874471426,-6.078495502,-0.366726458
77.139595776,1788577240.098460913,1788577240.094825506,0.002176353,-0.001240952,0.000243794,0.002505289,0.002517123,-1.874549985,-6.078508377,-0.366810769
77.169595776,1788577240.129478693,1788577240.124825239,0.001953907,-0.001283314,-0.000163072,0.002337658,0.002343339,-1.874601007,-6.078515053,-0.366871625
77.199595776,1788577240.165259123,1788577240.154825449,0.001909353,-0.001165643,-0.000140155,0.002237041,0.002241427,-1.874671340,-6.078510761,-0.366937637
77.239595008,1788577240.198591709,1788577240.194824696,0.002025666,-0.001341435,-0.000100146,0.002429562,0.002431625,-1.874760628,-6.078507423,-0.367024243
77.269595008,1788577240.229612589,1788577240.224824667,0.001892187,-0.001560984,-0.000138264,0.002452966,0.002456860,-1.874818444,-6.078504086,-0.367081612
77.299595008,1788577240.265284538,1788577240.254824638,0.001922717,-0.001545553,0.000140284,0.002466896,0.002470881,-1.874895811,-6.078492165,-0.367144108
77.339594240,1788577240.298566103,1788577240.294823885,0.001965035,-0.001406761,0.000073221,0.002416679,0.002417788,-1.874992490,-6.078477859,-0.367220044
77.369594240,1788577240.329693794,1788577240.324823856,0.001902506,-0.001318413,-0.000019573,0.002314680,0.002314763,-1.875061750,-6.078470230,-0.367266834
77.399594240,1788577240.364952326,1788577240.354823828,0.002045607,-0.001536741,0.000173689,0.002558532,0.002564420,-1.875144005,-6.078454494,-0.367323130
77.439592448,1788577240.396726608,1788577240.394822121,0.002125056,-0.001436927,-0.000129889,0.002565272,0.002568558,-1.875249147,-6.078431129,-0.367400259
77.469592448,1788577240.429527044,1788577240.424822092,0.002084324,-0.001534764,-0.000140417,0.002588418,0.002592224,-1.875322342,-6.078419209,-0.367449105
77.499592448,1788577240.466147900,1788577240.454822063,0.001998400,-0.001338281,0.000153246,0.002405119,0.002409997,-1.875399113,-6.078404903,-0.367503792
77.539591168,1788577240.498111963,1788577240.494820833,0.002142132,-0.001345283,0.000193564,0.002529528,0.002536924,-1.875495791,-6.078387260,-0.367568433
77.569591168,1788577240.532019854,1788577240.524820805,0.002022140,-0.001332446,0.000436110,0.002421665,0.002460621,-1.875564575,-6.078379154,-0.367612123
77.599591168,1788577240.563033581,1788577240.554820776,0.002011179,-0.001211378,0.000346035,0.002347824,0.002373188,-1.875630617,-6.078370571,-0.367656857
77.639589632,1788577240.598218441,1788577240.594819307,0.002135290,-0.001419083,0.000038046,0.002563837,0.002564119,-1.875717044,-6.078360081,-0.367712140
77.669589632,1788577240.631871462,1788577240.624819279,0.002128817,-0.001130772,0.000313260,0.002410499,0.002430769,-1.875777721,-6.078359604,-0.367755294
77.699589632,1788577240.664588213,1788577240.654819250,0.002070628,-0.001370563,0.000327414,0.002483132,0.002504625,-1.875821948,-6.078360558,-0.367790073
77.739588608,1788577240.698600531,1788577240.694818258,0.002136613,-0.001062306,-0.000013410,0.002386128,0.002386166,-1.875875115,-6.078368187,-0.367839515
77.769588608,1788577240.729732513,1788577240.724818230,0.002036801,-0.001057949,0.000345823,0.002295172,0.002321079,-1.875912666,-6.078377724,-0.367877632
77.799588608,1788577240.765093088,1788577240.754818201,0.001987097,-0.001102542,0.000615327,0.002272477,0.002354311,-1.875939250,-6.078388691,-0.367917269
77.839587072,1788577240.798084021,1788577240.794816732,0.002022210,-0.001102510,-0.000058718,0.002303229,0.002303977,-1.875972986,-6.078406334,-0.367967993
77.869587072,1788577240.832021236,1788577240.824816704,0.002115933,-0.001004350,0.000497430,0.002342199,0.002394438,-1.875999570,-6.078420639,-0.368006080
77.899587072,1788577240.862800598,1788577240.854816675,0.001974012,-0.001013782,0.000294958,0.002219116,0.002238632,-1.876004696,-6.078448296,-0.368041664
77.939586048,1788577240.898486853,1788577240.894815683,0.001896328,-0.000775835,0.000565052,0.002048897,0.002125386,-1.876005054,-6.078488350,-0.368089408
77.969586048,1788577240.929742336,1788577240.924815655,0.001909845,-0.000926065,0.000139737,0.002122523,0.002127118,-1.876003385,-6.078521252,-0.368128330
77.999586048,1788577240.966263294,1788577240.954815626,0.001893648,-0.001038701,0.000219345,0.002159815,0.002170925,-1.875990629,-6.078557968,-0.368159711
78.039584768,1788577240.998001814,1788577240.994814396,0.001892493,-0.000927504,0.000552859,0.002107557,0.002178864,-1.875972390,-6.078606606,-0.368197978
78.069584768,1788577241.031751871,1788577241.024814367,0.002001945,-0.001138649,0.000265857,0.002303107,0.002318401,-1.875962257,-6.078639984,-0.368227512
78.099584768,1788577241.064919233,1788577241.054814577,0.001872540,-0.000925548,0.000084830,0.002088790,0.002090512,-1.875926256,-6.078688622,-0.368248850
78.139583488,1788577241.098067760,1788577241.094813108,0.001810454,-0.000930950,0.000189990,0.002035783,0.002044629,-1.875877857,-6.078746796,-0.368283093
78.169583488,1788577241.131788015,1788577241.124813080,0.002133622,-0.000844934,0.000063706,0.002294832,0.002295716,-1.875845551,-6.078790188,-0.368310183
78.199583488,1788577241.163000822,1788577241.154813290,0.002162331,-0.001059669,-0.000315065,0.002408022,0.002428547,-1.875781536,-6.078846455,-0.368335396
78.239582208,1788577241.198021889,1788577241.194811821,0.002175445,-0.000741793,-0.000121631,0.002298438,0.002301654,-1.875704885,-6.078913689,-0.368365824
78.269582208,1788577241.229500055,1788577241.224811792,0.002264830,-0.000783532,-0.000303689,0.002396535,0.002415700,-1.875656128,-6.078962326,-0.368389696
78.299582208,1788577241.266152859,1788577241.254812002,0.002354727,-0.000897139,-0.000309259,0.002519841,0.002538748,-1.875571728,-6.079014778,-0.368407786
78.339584768,1788577241.297909021,1788577241.294814348,0.002127104,-0.000918083,-0.000428877,0.002316775,0.002356137,-1.875464082,-6.079080582,-0.368422657
78.369584768,1788577241.331955433,1788577241.324814320,0.002185593,-0.001007818,-0.000180881,0.002406764,0.002413552,-1.875388980,-6.079127312,-0.368427962
78.399584768,1788577241.365059853,1788577241.354814529,0.002369067,-0.000743422,0.000569661,0.002482973,0.002547483,-1.875293612,-6.079177856,-0.368432373
78.439583232,1788577241.396812201,1788577241.394812822,0.002282653,-0.000941537,0.000670521,0.002469209,0.002558631,-1.875179291,-6.079239845,-0.368436038
78.469583232,1788577241.429467678,1788577241.424812794,0.002239896,-0.001016206,0.000206352,0.002459636,0.002468276,-1.875101209,-6.079282284,-0.368439406
78.499583232,1788577241.465079308,1788577241.454813004,0.002388258,-0.000778871,0.000285545,0.002512054,0.002528231,-1.875008464,-6.079326630,-0.368439287
78.539582720,1788577241.498568773,1788577241.494812489,0.002169129,-0.000924030,0.000006084,0.002357743,0.002357751,-1.874888062,-6.079390049,-0.368432134
78.569582720,1788577241.529468060,1788577241.524812222,0.002166927,-0.000696976,0.000344840,0.002276258,0.002302230,-1.874800801,-6.079436302,-0.368426204
78.599582720,1788577241.566140175,1788577241.554812431,0.002183019,-0.000819086,0.000225432,0.002331625,0.002342497,-1.874697089,-6.079478264,-0.368416220
78.639581184,1788577241.598061800,1788577241.594810963,0.002113641,-0.000933308,0.000280493,0.002310528,0.002327492,-1.874572754,-6.079530239,-0.368399024
78.669581184,1788577241.631798029,1788577241.624810696,0.001869483,-0.000998635,0.000289585,0.002119490,0.002139181,-1.874481678,-6.079563618,-0.368391931
78.699581184,1788577241.664614916,1788577241.654810905,0.001873753,-0.001126275,-0.000126344,0.002186195,0.002189842,-1.874390483,-6.079591274,-0.368382573
78.739579904,1788577241.698046207,1788577241.694809675,0.001836635,-0.001008153,0.000090518,0.002095137,0.002097092,-1.874271154,-6.079630375,-0.368368059
78.769579904,1788577241.731928349,1788577241.724809408,0.001816107,-0.000857250,-0.000028368,0.002008264,0.002008464,-1.874185681,-6.079659462,-0.368360788
78.799579904,1788577241.764987946,1788577241.754809618,0.002065627,-0.001112003,-0.000044070,0.002345926,0.002346340,-1.874104023,-6.079686165,-0.368344933
78.839578368,1788577241.798108578,1788577241.794808149,0.002002891,-0.000778226,0.000179067,0.002148769,0.002156217,-1.874007940,-6.079721451,-0.368330181
78.869578368,1788577241.831853628,1788577241.824807882,0.001961045,-0.000911071,-0.000302612,0.002162348,0.002183420,-1.873939395,-6.079746246,-0.368323654
78.899578368,1788577241.862959146,1788577241.854808092,0.001990259,-0.000972046,-0.000301449,0.002214950,0.002235369,-1.873885393,-6.079766750,-0.368309796
78.939581184,1788577241.898592234,1788577241.894810915,0.002052953,-0.000708395,-0.000204138,0.002171737,0.002181310,-1.873818636,-6.079796314,-0.368295431
78.969581184,1788577241.929698467,1788577241.924810648,0.001923277,-0.000530624,0.000071702,0.001995133,0.001996421,-1.873770475,-6.079820156,-0.368285775
78.999581184,1788577241.965163469,1788577241.954810858,0.002000027,-0.000749741,-0.000150204,0.002135935,0.002141210,-1.873735547,-6.079839706,-0.368273020
79.039579904,1788577241.998853683,1788577241.994809628,0.002163300,-0.000850072,0.000167719,0.002324325,0.002330369,-1.873698711,-6.079862118,-0.368259072
79.069579904,1788577242.029582500,1788577242.024809361,0.002066567,-0.000777568,-0.000136328,0.002208010,0.002212215,-1.873674631,-6.079874992,-0.368244380
79.099579904,1788577242.065076590,1788577242.054809570,0.002122968,-0.000773701,0.000152241,0.002259559,0.002264682,-1.873660803,-6.079886913,-0.368225455
79.139578880,1788577242.098702431,1788577242.094808578,0.002245808,-0.000687684,-0.000028477,0.002348737,0.002348909,-1.873645306,-6.079901695,-0.368202776
79.169578880,1788577242.129498482,1788577242.124808550,0.002179774,-0.000830157,0.000296283,0.002332504,0.002351247,-1.873632669,-6.079914570,-0.368179321
79.199578880,1788577242.165781975,1788577242.154808521,0.002223194,-0.000698480,0.000507025,0.002330336,0.002384857,-1.873631716,-6.079919815,-0.368148834
79.239577600,1788577242.196258068,1788577242.194807291,0.002101983,-0.000606773,-0.000061051,0.002187808,0.002188660,-1.873631001,-6.079930305,-0.368112534
79.269577600,1788577242.231825113,1788577242.224807262,0.002065723,-0.000639697,0.000128377,0.002162504,0.002166312,-1.873631239,-6.079939842,-0.368084401
79.299577600,1788577242.264533997,1788577242.254807234,0.002078315,-0.000499471,0.000575390,0.002137490,0.002213580,-1.873633623,-6.079945087,-0.368044585
79.339580672,1788577242.296116114,1788577242.294810295,0.002163643,-0.000635281,0.000080343,0.002254979,0.002256410,-1.873639345,-6.079954147,-0.367993176
79.369580672,1788577242.329465151,1788577242.324810266,0.002115111,-0.000409014,0.000584680,0.002154295,0.002232227,-1.873638868,-6.079966545,-0.367955565
79.399580672,1788577242.362786531,1788577242.354810476,0.002071635,-0.000471756,0.000575203,0.002124671,0.002201155,-1.873641372,-6.079978466,-0.367901355
79.439579136,1788577242.397870779,1788577242.394808769,0.002117147,-0.000256345,0.000510245,0.002132609,0.002192800,-1.873645782,-6.079998493,-0.367831320
79.469579136,1788577242.431766987,1788577242.424808741,0.001986632,-0.000381330,0.000640776,0.002022899,0.002121960,-1.873648405,-6.080011368,-0.367787987
79.499579136,1788577242.462851286,1788577242.454808950,0.002027689,-0.000339427,0.000680482,0.002055902,0.002165592,-1.873654127,-6.080020905,-0.367726654
79.539581440,1788577242.498571634,1788577242.494811058,0.002021484,-0.000104390,0.000445803,0.002024178,0.002072688,-1.873663068,-6.080038548,-0.367653549
79.569581440,1788577242.529670715,1788577242.524811029,0.001887233,-0.000205496,0.000458425,0.001898388,0.001952955,-1.873663664,-6.080055714,-0.367606282
79.599581440,1788577242.564985752,1788577242.554811239,0.001929766,0.000061077,0.000409022,0.001930732,0.001973582,-1.873662591,-6.080069542,-0.367540777
79.639579904,1788577242.598665953,1788577242.594809532,0.001881129,-0.000131948,0.000373872,0.001885751,0.001922456,-1.873657823,-6.080091000,-0.367465109
79.669579904,1788577242.629482269,1788577242.624809504,0.001903682,-0.000148586,0.000779842,0.001909471,0.002062580,-1.873655796,-6.080105782,-0.367412031
79.699579904,1788577242.664723158,1788577242.654809713,0.001738926,-0.000313682,0.000310899,0.001766992,0.001794135,-1.873647928,-6.080116272,-0.367350489
79.739578880,1788577242.698439121,1788577242.694808483,0.001997474,-0.000223406,0.000749644,0.002009928,0.002145175,-1.873638868,-6.080130577,-0.367274344
79.769578880,1788577242.729449272,1788577242.724808455,0.002009395,-0.000007458,0.000482845,0.002009409,0.002066607,-1.873634100,-6.080142975,-0.367222339
79.799578880,1788577242.766145706,1788577242.754808664,0.001959878,-0.000296628,0.000075843,0.001982199,0.001983649,-1.873625755,-6.080154896,-0.367161900
79.839581440,1788577242.798563004,1788577242.794811249,0.001952290,-0.000442416,0.000341858,0.002001791,0.002030772,-1.873613954,-6.080162525,-0.367098480
79.869581440,1788577242.829636574,1788577242.824810982,0.001956110,-0.000320928,0.000152659,0.001982261,0.001988131,-1.873606443,-6.080163956,-0.367054075
79.899581440,1788577242.865084887,1788577242.854811192,0.002000543,-0.000557144,0.000651332,0.002076676,0.002176423,-1.873596668,-6.080166817,-0.367005318
79.939579904,1788577242.898067474,1788577242.894809484,0.002061626,-0.000355793,0.000115550,0.002092102,0.002095291,-1.873587012,-6.080166817,-0.366948634
79.969579904,1788577242.931759596,1788577242.924809456,0.001990902,-0.000859308,0.000577602,0.002168432,0.002244042,-1.873579383,-6.080161572,-0.366908669
79.999579904,1788577242.965080976,1788577242.954809666,0.001942129,-0.000383328,0.000396968,0.001979597,0.002019006,-1.873565078,-6.080158234,-0.366866946
80.039578880,1788577242.998593807,1788577242.994808674,0.001925312,-0.000711507,0.000322018,0.002052576,0.002077682,-1.873547673,-6.080151558,-0.366818458
80.069578880,1788577243.029488087,1788577243.024808407,0.001910530,-0.000869383,0.000381906,0.002099035,0.002133495,-1.873533726,-6.080141544,-0.366784185
80.099578880,1788577243.066186666,1788577243.054808617,0.001988097,-0.000676683,0.000564619,0.002100102,0.002174678,-1.873527646,-6.080131054,-0.366749704
80.139581184,1788577243.098473787,1788577243.094810963,0.002006496,-0.000784434,0.000452248,0.002154382,0.002201338,-1.873521447,-6.080118656,-0.366709054
80.169581184,1788577243.129614353,1788577243.124810696,0.002071190,-0.000563065,0.000632502,0.002146362,0.002237616,-1.873518944,-6.080108643,-0.366679251
80.199581184,1788577243.165159702,1788577243.154810905,0.002107769,-0.000658316,0.000447422,0.002208182,0.002253055,-1.873521924,-6.080099583,-0.366654396
80.239579392,1788577243.198623657,1788577243.194809198,0.002069385,-0.000615665,0.000571843,0.002159027,0.002233473,-1.873525977,-6.080093384,-0.366621375
80.269579392,1788577243.229628325,1788577243.224808931,0.002132996,-0.000660699,0.000463250,0.002232979,0.002280526,-1.873529553,-6.080088615,-0.366598189
80.299579392,1788577243.265059471,1788577243.254809141,0.002288265,-0.000703984,0.000307999,0.002394107,0.002413838,-1.873541355,-6.080085754,-0.366578400
80.339577856,1788577243.298107386,1788577243.294807434,0.002254219,-0.000605530,0.000326299,0.002334131,0.002356829,-1.873560905,-6.080080986,-0.366557747
80.369577856,1788577243.331778049,1788577243.324807405,0.002465734,-0.000311717,0.000629410,0.002485360,0.002563820,-1.873580098,-6.080081940,-0.366546690
80.399577856,1788577243.364264011,1788577243.354807615,0.002134318,-0.000653011,0.000155764,0.002231981,0.002237409,-1.873594522,-6.080082417,-0.366541892
80.439576064,1788577243.398035049,1788577243.394805670,0.002145332,-0.000418315,0.000651008,0.002185735,0.002280625,-1.873607635,-6.080091000,-0.366530418
80.469576064,1788577243.431767702,1788577243.424805641,0.001990285,-0.000459164,-0.000033900,0.002042564,0.002042845,-1.873615146,-6.080097675,-0.366528571
80.499576064,1788577243.463011742,1788577243.454805851,0.001964173,-0.000613614,-0.000063815,0.002057790,0.002058779,-1.873623729,-6.080099583,-0.366532058
80.539578624,1788577243.498580456,1788577243.494808435,0.001961433,-0.000629811,-0.000085659,0.002060068,0.002061848,-1.873634815,-6.080099583,-0.366543442
80.569578624,1788577243.529707670,1788577243.524808168,0.001943558,-0.000786142,-0.000125411,0.002096530,0.002100277,-1.873644114,-6.080096245,-0.366554052
80.599578624,1788577243.564488888,1788577243.554808378,0.001853913,-0.000575320,-0.000394832,0.001941130,0.001980878,-1.873653293,-6.080095768,-0.366569936
80.639577088,1788577243.596008778,1788577243.594806671,0.001693308,-0.000813790,0.000071471,0.001878709,0.001880068,-1.873655796,-6.080092430,-0.366591036
80.669577088,1788577243.629412651,1788577243.624806643,0.001631853,-0.000719825,-0.000152190,0.001783562,0.001790043,-1.873656631,-6.080089092,-0.366605699
80.699577088,1788577243.664663076,1788577243.654806852,0.001559244,-0.000647565,0.000411602,0.001688367,0.001737814,-1.873662591,-6.080090046,-0.366614938
80.739575552,1788577243.698603153,1788577243.694805145,0.001491756,-0.000851647,0.000153920,0.001717742,0.001724624,-1.873664737,-6.080089092,-0.366648674
80.769575552,1788577243.731759310,1788577243.724805117,0.001532765,-0.000745700,-0.000345684,0.001704534,0.001739234,-1.873664141,-6.080083847,-0.366670281
80.799575552,1788577243.764369965,1788577243.754805326,0.001592782,-0.000779753,0.000321938,0.001773406,0.001802391,-1.873667121,-6.080084801,-0.366696030
80.839574528,1788577243.798614264,1788577243.794804335,0.001401849,-0.000605005,0.000430244,0.001526831,0.001586292,-1.873663783,-6.080092430,-0.366728574
80.869574528,1788577243.829447031,1788577243.824804068,0.001187436,-0.000705590,0.000011445,0.001381253,0.001381301,-1.873656511,-6.080096245,-0.366749883
80.899574528,1788577243.866073608,1788577243.854804277,0.001078984,-0.000492388,0.000222601,0.001186023,0.001206732,-1.873648882,-6.080108166,-0.366777748
80.939576832,1788577243.898571253,1788577243.894806623,0.001058844,-0.000642760,0.000114180,0.001238665,0.001243916,-1.873633742,-6.080122948,-0.366815478
80.969576832,1788577243.929618120,1788577243.924806356,0.001292694,-0.000823045,0.000170022,0.001532469,0.001541872,-1.873626828,-6.080130100,-0.366841406
80.999576832,1788577243.964936733,1788577243.954806566,0.001331333,-0.000629112,0.000206678,0.001472491,0.001486925,-1.873623848,-6.080137253,-0.366872013
81.039575808,1788577243.996011019,1788577243.994805574,0.001295725,-0.000430455,-0.000560488,0.001365355,0.001475921,-1.873612046,-6.080151081,-0.366916955
81.069575808,1788577244.029455423,1788577244.024805307,0.001254700,-0.000459142,0.000940004,0.001336070,0.001633613,-1.873604655,-6.080163956,-0.366950780
81.099575808,1788577244.064968586,1788577244.054805517,0.001242574,-0.000413291,-0.000227659,0.001309504,0.001329146,-1.873601913,-6.080178261,-0.366981864
81.139574784,1788577244.098618269,1788577244.094804525,0.001219314,-0.000380593,0.000059270,0.001277332,0.001278707,-1.873598337,-6.080199718,-0.367023975
81.169574784,1788577244.129440784,1788577244.124804258,0.001446941,-0.000505332,0.000681797,0.001532644,0.001677452,-1.873599648,-6.080212116,-0.367056280
81.199574784,1788577244.166075945,1788577244.154804468,0.001422325,-0.000756762,-0.000016583,0.001611117,0.001611202,-1.873601794,-6.080219269,-0.367081791
81.239573248,1788577244.197857618,1788577244.194802999,0.001433099,-0.000679469,0.000234091,0.001586017,0.001603199,-1.873600125,-6.080228329,-0.367112666
81.269573248,1788577244.229603529,1788577244.224802732,0.001645062,-0.000721253,0.000357491,0.001796228,0.001831457,-1.873601794,-6.080234528,-0.367130965
81.299573248,1788577244.264969826,1788577244.254802942,0.001385515,-0.000770340,0.000323426,0.001585268,0.001617924,-1.873605013,-6.080240250,-0.367149234
81.339572224,1788577244.298709393,1788577244.294801950,0.001418587,-0.001055723,-0.000014712,0.001768316,0.001768377,-1.873608947,-6.080241203,-0.367169201
81.369572224,1788577244.329441309,1788577244.324801683,0.001790068,-0.000931775,0.000586321,0.002018056,0.002101505,-1.873620391,-6.080238342,-0.367175698
81.399572224,1788577244.364925146,1788577244.354801893,0.001560149,-0.000884808,0.000513010,0.001793586,0.001865510,-1.873632193,-6.080237389,-0.367179811
81.439570944,1788577244.398486614,1788577244.394800663,0.001687086,-0.001036732,0.000595406,0.001980170,0.002067748,-1.873639464,-6.080236912,-0.367186785
81.469570944,1788577244.429480553,1788577244.424800396,0.001781123,-0.000619494,0.000115726,0.001885782,0.001889329,-1.873646379,-6.080240726,-0.367195696
81.499570944,1788577244.466159344,1788577244.454800606,0.001724231,-0.000854152,0.000183087,0.001924200,0.001932891,-1.873654962,-6.080245018,-0.367205113
81.539573504,1788577244.498491764,1788577244.494803190,0.001592343,-0.000977167,0.000058325,0.001868264,0.001869175,-1.873662710,-6.080245972,-0.367209256
81.569573504,1788577244.529456615,1788577244.524803162,0.001538812,-0.000641700,-0.000170426,0.001667249,0.001675937,-1.873668313,-6.080248833,-0.367228031
81.599573504,1788577244.565014362,1788577244.554803133,0.001603760,-0.000808085,0.000373511,0.001795842,0.001834273,-1.873674154,-6.080248833,-0.367236555
81.639572480,1788577244.596027851,1788577244.594802141,0.001439365,-0.000889204,-0.000089214,0.001691879,0.001694230,-1.873673320,-6.080245018,-0.367245793
81.669572480,1788577244.629606962,1788577244.624802113,0.001587916,-0.001255571,0.000067524,0.002024336,0.002025462,-1.873670578,-6.080238819,-0.367262542
81.699572480,1788577244.664733171,1788577244.654802084,0.001497018,-0.000876160,0.000217744,0.001734566,0.001748180,-1.873663902,-6.080235004,-0.367264509
81.739571456,1788577244.695973158,1788577244.694801092,0.001222721,-0.001001610,0.000271393,0.001580592,0.001603722,-1.873646379,-6.080227375,-0.367264152
81.769571456,1788577244.729977608,1788577244.724801064,0.001441097,-0.000956883,0.000029712,0.001729851,0.001730106,-1.873633265,-6.080220699,-0.367270738
81.799571456,1788577244.764548540,1788577244.754801035,0.001457679,-0.001098129,0.000786173,0.001825025,0.001987154,-1.873630643,-6.080206871,-0.367265522
81.839570432,1788577244.795976400,1788577244.794800043,0.001230818,-0.001173633,0.000257455,0.001700685,0.001720062,-1.873623133,-6.080182552,-0.367251605
81.869570432,1788577244.830728292,1788577244.824800014,0.001223859,-0.001229709,0.000053664,0.001734940,0.001735770,-1.873609066,-6.080165386,-0.367245674
81.899570432,1788577244.864282608,1788577244.854800224,0.001244128,-0.001214998,0.000214513,0.001738986,0.001752167,-1.873602509,-6.080143929,-0.367242217
81.939572992,1788577244.898588181,1788577244.894802570,0.000919877,-0.001157225,0.000291299,0.001478291,0.001506718,-1.873587370,-6.080119610,-0.367231876
81.969572992,1788577244.929419756,1788577244.924802542,0.000953256,-0.001206045,-0.000584973,0.001537284,0.001644821,-1.873572350,-6.080099583,-0.367233932
81.999572992,1788577244.964919329,1788577244.954802752,0.001173485,-0.001300672,0.000067315,0.001751804,0.001753097,-1.873562098,-6.080074787,-0.367241561
82.039571968,1788577244.996009111,1788577244.994801760,0.000745456,-0.001168886,-0.000293322,0.001386362,0.001417052,-1.873544097,-6.080048561,-0.367231190
82.069571968,1788577245.029410124,1788577245.024801493,0.000898281,-0.001317742,-0.000380264,0.001594789,0.001639498,-1.873522639,-6.080034256,-0.367236167
82.099571968,1788577245.066094160,1788577245.054801702,0.001201105,-0.001222642,0.000135836,0.001713915,0.001719290,-1.873510957,-6.080021381,-0.367238820
82.139574272,1788577245.098458052,1788577245.094804049,0.000934808,-0.001144495,0.000107521,0.001477747,0.001481654,-1.873498440,-6.080003262,-0.367227852
82.169574272,1788577245.129634857,1788577245.124803782,0.001021485,-0.001096790,0.000028200,0.001498793,0.001499058,-1.873487830,-6.079994202,-0.367223382
82.199574272,1788577245.164952517,1788577245.154803991,0.001281400,-0.001188301,0.000261340,0.001747583,0.001767016,-1.873487353,-6.079985142,-0.367220223
82.239572736,1788577245.198089123,1788577245.194802523,0.001182200,-0.001227420,0.000416739,0.001704159,0.001754374,-1.873493552,-6.079975128,-0.367206156
82.269572736,1788577245.229551315,1788577245.224802256,0.001141994,-0.001136771,0.000138063,0.001611334,0.001617238,-1.873489499,-6.079972267,-0.367199630
82.299572736,1788577245.265015364,1788577245.254802465,0.001392504,-0.000961935,0.000172534,0.001692449,0.001701221,-1.873488784,-6.079974174,-0.367197067
82.339571712,1788577245.298518181,1788577245.294801474,0.001165953,-0.001163591,0.000368582,0.001647237,0.001687970,-1.873491168,-6.079975605,-0.367188752
82.369571712,1788577245.329436302,1788577245.324801207,0.001247889,-0.000833376,0.000043924,0.001500581,0.001501224,-1.873490334,-6.079974651,-0.367185563
82.399571712,1788577245.365218639,1788577245.354801416,0.001471199,-0.001056298,0.000200591,0.001811130,0.001822204,-1.873490334,-6.079974174,-0.367191285
82.439569920,1788577245.398051739,1788577245.394799709,0.001438193,-0.000915076,0.000377128,0.001704630,0.001745849,-1.873498082,-6.079976559,-0.367189527
82.469569920,1788577245.431718349,1788577245.424799442,0.001362227,-0.000858091,0.000174603,0.001609964,0.001619404,-1.873498321,-6.079978943,-0.367195129
82.499569920,1788577245.462779760,1788577245.454799652,0.001409629,-0.000791362,0.000647302,0.001616573,0.001741352,-1.873482585,-6.079982758,-0.367201626
82.539572224,1788577245.498592615,1788577245.494801998,0.001323316,-0.000994434,0.000491058,0.001655314,0.001726615,-1.873465180,-6.079989910,-0.367211401
82.569572224,1788577245.529411554,1788577245.524801731,0.001276048,-0.000886932,0.000789220,0.001554010,0.001742933,-1.873447418,-6.079989910,-0.367216855
82.599572224,1788577245.565096378,1788577245.554801941,0.001422452,-0.000818348,0.000764541,0.001641055,0.001810410,-1.873417139,-6.079995155,-0.367228210
82.639571200,1788577245.598546743,1788577245.594800949,0.001374926,-0.000655106,0.000301648,0.001523019,0.001552603,-1.873385310,-6.080004692,-0.367248595
82.669571200,1788577245.629470348,1788577245.624800682,0.001386929,-0.000764641,0.000427341,0.001583745,0.001640387,-1.873361588,-6.080012798,-0.367270142
82.699571200,1788577245.664774418,1788577245.654800892,0.001586693,-0.000558987,0.000637540,0.001682278,0.001799032,-1.873321772,-6.080030441,-0.367296517
82.739573504,1788577245.698081017,1788577245.694803238,0.001469160,-0.000688359,0.000006860,0.001622427,0.001622442,-1.873273849,-6.080050468,-0.367343485
82.769573504,1788577245.731835127,1788577245.724802971,0.001372102,-0.000618661,-0.000222760,0.001505127,0.001521522,-1.873237371,-6.080066204,-0.367384076
82.799573504,1788577245.764580727,1788577245.754803181,0.001357771,-0.000704989,-0.000122825,0.001529886,0.001534809,-1.873189926,-6.080085278,-0.367432833
82.839572224,1788577245.798207998,1788577245.794801950,0.001388693,-0.000581675,-0.000259300,0.001505594,0.001527760,-1.873133540,-6.080106735,-0.367496431
82.869572224,1788577245.831802130,1788577245.824801683,0.001315033,-0.000843168,-0.000083108,0.001562128,0.001564337,-1.873094201,-6.080123901,-0.367545575
82.899572224,1788577245.862658501,1788577245.854801893,0.001413779,-0.000501197,-0.000606670,0.001499990,0.001618029,-1.873040557,-6.080147266,-0.367595464
82.939571200,1788577245.898446321,1788577245.894800901,0.001452882,-0.000569071,-0.000071475,0.001560354,0.001561991,-1.872979999,-6.080176830,-0.367658317
82.969571200,1788577245.929482222,1788577245.924800873,0.001387762,-0.000531002,0.000011730,0.001485882,0.001485929,-1.872936964,-6.080199718,-0.367695838
82.999571200,1788577245.965299368,1788577245.954800844,0.001525868,-0.000451965,-0.000394803,0.001591397,0.001639638,-1.872888684,-6.080227375,-0.367738426
83.039569664,1788577245.997889996,1788577245.994799376,0.001607277,-0.000668573,-0.000206222,0.001740784,0.001752957,-1.872835279,-6.080256462,-0.367796272
83.069569664,1788577246.031738281,1788577246.024799347,0.001453194,-0.000625365,0.000192997,0.001582041,0.001593769,-1.872797966,-6.080276012,-0.367832035
83.099569664,1788577246.065149069,1788577246.054799318,0.001254814,-0.000494251,-0.000486323,0.001348644,0.001433650,-1.872749090,-6.080299854,-0.367872804
83.139568896,1788577246.095945120,1788577246.094798565,0.001346942,-0.000776953,-0.000183801,0.001554962,0.001565788,-1.872682571,-6.080326557,-0.367920071
83.169568896,1788577246.129655123,1788577246.124798536,0.001260993,-0.000259718,-0.000271658,0.001287461,0.001315809,-1.872637987,-6.080351830,-0.367945939
83.199568896,1788577246.164916039,1788577246.154798508,0.001177681,-0.000337781,-0.000132965,0.001225165,0.001232359,-1.872594595,-6.080374241,-0.367969334
83.239568128,1788577246.198435783,1788577246.194797754,0.001129638,-0.000413431,-0.000216053,0.001202916,0.001222165,-1.872539163,-6.080404282,-0.368004203
83.269568128,1788577246.229598045,1788577246.224797726,0.001234990,-0.000308072,-0.000109696,0.001272835,0.001277553,-1.872504115,-6.080424309,-0.368022174
83.299568128,1788577246.263404369,1788577246.254797935,0.001122270,-0.000492973,-0.000204515,0.001225770,0.001242714,-1.872474194,-6.080438137,-0.368031740
83.339570688,1788577246.298495531,1788577246.294800282,0.001090959,-0.000452875,-0.000283771,0.001181223,0.001214831,-1.872429967,-6.080461502,-0.368051410
83.369570688,1788577246.329609871,1788577246.324800253,0.001286320,-0.000203012,0.000018897,0.001302242,0.001302379,-1.872402430,-6.080480576,-0.368059397
83.399570688,1788577246.364898443,1788577246.354800463,0.001030436,-0.000144517,0.000486395,0.001040521,0.001148592,-1.872377753,-6.080498695,-0.368064255
83.439569408,1788577246.396618605,1788577246.394798994,0.000981220,-0.000043090,-0.000228192,0.000982166,0.001008326,-1.872344613,-6.080527306,-0.368058115
83.469569408,1788577246.429417133,1788577246.424798965,0.001089642,0.000158640,-0.000517685,0.001101129,0.001216751,-1.872324109,-6.080550194,-0.368069202
83.499569408,1788577246.464876652,1788577246.454799175,0.000894241,0.000035287,0.000504881,0.000894937,0.001027530,-1.872306347,-6.080570221,-0.368062258
83.539568640,1788577246.498401165,1788577246.494798422,0.001013772,-0.000134000,0.000188554,0.001022589,0.001039828,-1.872274280,-6.080594540,-0.368057072
83.569568640,1788577246.529504299,1788577246.524798155,0.001151985,0.000146182,-0.000034963,0.001161223,0.001161749,-1.872256398,-6.080612659,-0.368070334
83.599568640,1788577246.565219164,1788577246.554798365,0.000936998,0.000046256,0.000394161,0.000938139,0.001017580,-1.872242928,-6.080626965,-0.368068665
83.639567872,1788577246.598457336,1788577246.594797611,0.000826593,0.000159713,-0.000294894,0.000841882,0.000892036,-1.872220516,-6.080646515,-0.368065119
83.669567872,1788577246.629492044,1788577246.624797344,0.001014204,0.000080300,-0.000020275,0.001017378,0.001017580,-1.872206926,-6.080661774,-0.368077487
83.699567872,1788577246.664806366,1788577246.654797554,0.001062341,-0.000078708,0.000223485,0.001065252,0.001088443,-1.872195840,-6.080671787,-0.368093461
83.739570432,1788577246.698593140,1788577246.694800138,0.000833700,0.000097286,0.000098385,0.000839357,0.000845103,-1.872173071,-6.080681801,-0.368101239
83.769570432,1788577246.729450941,1788577246.724800110,0.000879750,-0.000109885,-0.000585276,0.000886587,0.001062348,-1.872156620,-6.080688477,-0.368116021
83.799570432,1788577246.765044451,1788577246.754800081,0.000990806,-0.000009915,-0.000044442,0.000990856,0.000991852,-1.872146368,-6.080687523,-0.368133932
83.839569152,1788577246.797856808,1788577246.794798851,0.000766521,-0.000287516,-0.000056565,0.000818670,0.000820622,-1.872128844,-6.080682278,-0.368148148
83.869569152,1788577246.831950903,1788577246.824798822,0.001014664,-0.000180851,-0.000160800,0.001030655,0.001043123,-1.872118950,-6.080678463,-0.368171036
83.899569152,1788577246.862776995,1788577246.854798794,0.001034033,-0.000144806,-0.000340931,0.001044123,0.001098375,-1.872121215,-6.080670834,-0.368192613
83.939571968,1788577246.898400784,1788577246.894801617,0.000742377,-0.000249613,-0.000292076,0.000783217,0.000835905,-1.872112513,-6.080660820,-0.368205935
83.969571968,1788577246.929565907,1788577246.924801588,0.000909663,-0.000107317,-0.000071487,0.000915972,0.000918757,-1.872105837,-6.080656528,-0.368210435
83.999571968,1788577246.965000629,1788577246.954801559,0.001123058,-0.000033926,0.000537063,0.001123570,0.001245330,-1.872108340,-6.080649853,-0.368213683
84.039570432,1788577246.997940779,1788577246.994800091,0.000924874,-0.000198150,0.000160811,0.000945862,0.000959435,-1.872113347,-6.080635071,-0.368209958
84.069570432,1788577247.031821728,1788577247.024800062,0.001079033,-0.000438304,0.000423694,0.001164655,0.001239330,-1.872117162,-6.080622196,-0.368207008
84.099570432,1788577247.065017462,1788577247.054800034,0.001149676,-0.000184544,0.000539002,0.001164393,0.001283095,-1.872133136,-6.080606461,-0.368194968
84.139569664,1788577247.098446846,1788577247.094799280,0.000832521,-0.000275405,0.000614555,0.000876892,0.001070802,-1.872144103,-6.080588341,-0.368173599
84.169569664,1788577247.129405975,1788577247.124799252,0.001087481,-0.000149605,0.000981231,0.001097723,0.001472348,-1.872148514,-6.080575466,-0.368164152
84.199569664,1788577247.165545702,1788577247.154799461,0.001156381,-0.000310778,0.000551718,0.001197414,0.001318406,-1.872164488,-6.080564499,-0.368151903
84.239568896,1788577247.198438168,1788577247.194798708,0.000940586,-0.000497671,0.000745438,0.001064132,0.001299252,-1.872185826,-6.080546379,-0.368129760
84.269568896,1788577247.230551004,1788577247.224798441,0.001097463,-0.000397220,0.000625306,0.001167136,0.001324090,-1.872199059,-6.080528259,-0.368117958
84.299568896,1788577247.263803959,1788577247.254798651,0.001225228,-0.000464760,0.000931482,0.001310414,0.001607745,-1.872222424,-6.080508709,-0.368106514
84.339568128,1788577247.297944307,1788577247.294797897,0.001113630,-0.000442848,0.000676767,0.001198451,0.001376336,-1.872249007,-6.080488682,-0.368096054
84.369568128,1788577247.331740141,1788577247.324797630,0.001102111,-0.000232079,0.000203070,0.001126281,0.001144441,-1.872263551,-6.080472946,-0.368092388
84.399568128,1788577247.362620354,1788577247.354797840,0.001314042,-0.000701706,0.000794417,0.001489663,0.001688252,-1.872285128,-6.080453396,-0.368093699
84.439566592,1788577247.397874117,1788577247.394796371,0.001171380,-0.000573584,0.000902909,0.001304273,0.001586308,-1.872316003,-6.080425739,-0.368092597
84.469566592,1788577247.431717634,1788577247.424796104,0.001259446,-0.000595732,0.000391907,0.001393234,0.001447305,-1.872337103,-6.080403805,-0.368091881
84.499566592,1788577247.464216471,1788577247.454796314,0.001505297,-0.000464303,0.000667438,0.001575277,0.001710839,-1.872368932,-6.080382347,-0.368093252
84.539568896,1788577247.496013880,1788577247.494798660,0.001335136,-0.000460871,0.000493764,0.001412441,0.001496260,-1.872410297,-6.080355644,-0.368096948
84.569568896,1788577247.529618502,1788577247.524798393,0.001240132,-0.000619378,0.000761474,0.001386202,0.001581581,-1.872432470,-6.080338955,-0.368099481
84.599568896,1788577247.564934254,1788577247.554798603,0.001397479,-0.000427233,0.000318599,0.001461327,0.001495654,-1.872463226,-6.080317497,-0.368102103
84.639567360,1788577247.596753359,1788577247.594797134,0.001400094,-0.000392750,0.000189692,0.001454137,0.001466458,-1.872506022,-6.080293655,-0.368107855
84.669567360,1788577247.629489660,1788577247.624796867,0.001226132,-0.000473645,0.000353476,0.001314435,0.001361134,-1.872536778,-6.080277920,-0.368112385
84.699567360,1788577247.664652586,1788577247.654797077,0.001417403,-0.000419979,0.000258252,0.001478315,0.001500703,-1.872572899,-6.080255985,-0.368122935
84.739566592,1788577247.696148157,1788577247.694796324,0.001418292,-0.000398220,0.000391079,0.001473137,0.001524163,-1.872621298,-6.080231190,-0.368134499
84.769566592,1788577247.729450464,1788577247.724796057,0.001224255,-0.000493390,0.000040893,0.001319937,0.001320570,-1.872648835,-6.080217838,-0.368144035
84.799566592,1788577247.765218496,1788577247.754796267,0.001333672,0.000018630,0.000160411,0.001333803,0.001343414,-1.872678161,-6.080202103,-0.368159801
84.839565056,1788577247.797946930,1788577247.794794798,0.001171176,-0.000309972,-0.000187490,0.001211502,0.001225924,-1.872713089,-6.080186844,-0.368183345
84.869565056,1788577247.831730843,1788577247.824794531,0.001240577,-0.000016392,-0.000234065,0.001240685,0.001262571,-1.872737408,-6.080179214,-0.368203104
84.899565056,1788577247.862739563,1788577247.854794741,0.001438090,0.000110532,-0.000073339,0.001442332,0.001444195,-1.872770309,-6.080166817,-0.368231058
84.939567872,1788577247.898554802,1788577247.894797564,0.001577670,0.000040485,-0.000400673,0.001578189,0.001628257,-1.872823358,-6.080154419,-0.368267238
84.969567872,1788577247.929420710,1788577247.924797535,0.001383030,0.000003655,-0.000007209,0.001383035,0.001383054,-1.872854829,-6.080149174,-0.368291140
84.999567872,1788577247.964860201,1788577247.954797506,0.001474195,0.000052255,-0.000097102,0.001475121,0.001478314,-1.872886419,-6.080141068,-0.368318409
85.039567104,1788577247.998401165,1788577247.994796753,0.001491998,0.000048370,-0.000062537,0.001492782,0.001494091,-1.872930288,-6.080135345,-0.368353605
85.069567104,1788577248.029409647,1788577248.024796724,0.001589284,0.000083871,-0.000026834,0.001591496,0.001591722,-1.872963190,-6.080130100,-0.368380308
85.099567104,1788577248.066050291,1788577248.054796696,0.001430775,0.000017903,-0.000117517,0.001430887,0.001435704,-1.872999072,-6.080122948,-0.368412375
85.139569920,1788577248.095979929,1788577248.094799519,0.001492302,-0.000060103,-0.000073658,0.001493511,0.001495327,-1.873046517,-6.080116272,-0.368448436
85.169569920,1788577248.129721642,1788577248.124799490,0.001411739,0.000073831,0.000010942,0.001413669,0.001413711,-1.873076558,-6.080111980,-0.368475229
85.199569920,1788577248.165020704,1788577248.154799700,0.001372771,-0.000017987,0.000149792,0.001372889,0.001381036,-1.873105407,-6.080108643,-0.368507773
85.239568640,1788577248.198099852,1788577248.194798231,0.001352605,0.000093990,0.000036373,0.001355867,0.001356355,-1.873140335,-6.080106258,-0.368549436
85.269568640,1788577248.229446888,1788577248.224798203,0.001242667,0.000103729,0.000083630,0.001246988,0.001249790,-1.873163104,-6.080102444,-0.368577689
85.299568640,1788577248.265133858,1788577248.254798412,0.001132301,-0.000147949,0.000114319,0.001141926,0.001147634,-1.873187065,-6.080105305,-0.368608117
85.339567872,1788577248.296058893,1788577248.294797659,0.001183239,-0.000268021,0.000078432,0.001213215,0.001215747,-1.873214722,-6.080103874,-0.368651360
85.369567872,1788577248.329579592,1788577248.324797392,0.001129301,0.000016537,0.000183696,0.001129422,0.001144263,-1.873233557,-6.080103874,-0.368680745
85.399567872,1788577248.366058588,1788577248.354797602,0.000929299,-0.000265066,-0.000188888,0.000966363,0.000984650,-1.873251200,-6.080106258,-0.368707508
85.439570176,1788577248.397743464,1788577248.394799948,0.000868431,-0.000102344,0.000101783,0.000874441,0.000880345,-1.873266578,-6.080111027,-0.368745774
85.469570176,1788577248.431655645,1788577248.424799681,0.000748877,-0.000084238,-0.000229487,0.000753600,0.000787767,-1.873273492,-6.080113411,-0.368767112
85.499570176,1788577248.464252234,1788577248.454799891,0.000703339,-0.000123705,0.000329011,0.000714135,0.000786281,-1.873287678,-6.080114365,-0.368785828
85.539572736,1788577248.495884180,1788577248.494802475,0.000552967,-0.000067614,0.000005223,0.000557086,0.000557110,-1.873300076,-6.080111980,-0.368813723
85.569572736,1788577248.529929638,1788577248.524802208,0.000467516,-0.000276937,0.000041227,0.000543383,0.000544945,-1.873306751,-6.080108166,-0.368830770
85.599572736,1788577248.564088583,1788577248.554802418,0.000410791,0.000007808,-0.000119836,0.000410865,0.000427985,-1.873311877,-6.080101967,-0.368847996
85.639570944,1788577248.598137379,1788577248.594800711,0.000389490,-0.000028504,-0.000441472,0.000390531,0.000589417,-1.873315215,-6.080097675,-0.368872702
85.669570944,1788577248.631666422,1788577248.624800444,0.000343688,0.000006966,-0.000224960,0.000343759,0.000410825,-1.873317719,-6.080095768,-0.368887126
85.699570944,1788577248.662972450,1788577248.654800653,0.000321865,0.000033795,-0.000026527,0.000323634,0.000324720,-1.873323917,-6.080087185,-0.368900001
85.739573248,1788577248.696185827,1788577248.694802999,0.000523983,-0.000053193,0.000208672,0.000526676,0.000566508,-1.873335242,-6.080073357,-0.368908256
85.769573248,1788577248.729800224,1788577248.724802732,0.000473758,0.000201377,0.000252585,0.000514781,0.000573409,-1.873345971,-6.080066204,-0.368907928
85.799573248,1788577248.764919043,1788577248.754802942,0.000429867,-0.000044367,0.000316247,0.000432151,0.000535505,-1.873361349,-6.080054760,-0.368900836
85.839572992,1788577248.796066761,1788577248.794802666,0.000335160,-0.000004471,0.000109212,0.000335189,0.000352533,-1.873375535,-6.080042839,-0.368891150
85.869572992,1788577248.829614878,1788577248.824802637,0.000286789,0.000220930,0.000560932,0.000362019,0.000667609,-1.873383880,-6.080034733,-0.368883699
85.899572992,1788577248.865054131,1788577248.854802608,0.000198624,0.000173078,0.000332038,0.000263453,0.000423860,-1.873391867,-6.080028057,-0.368871123
85.939571968,1788577248.895922184,1788577248.894801617,0.000352895,0.000169451,0.000283500,0.000391470,0.000483343,-1.873405576,-6.080022335,-0.368855000
85.969571968,1788577248.929423332,1788577248.924801588,0.000444347,-0.000098237,0.000417848,0.000455077,0.000617812,-1.873419046,-6.080013752,-0.368843943
85.999571968,1788577248.964874506,1788577248.954801559,0.000383537,0.000154454,0.000072398,0.000413469,0.000419760,-1.873437285,-6.080004215,-0.368823469
86.039570944,1788577248.998434544,1788577248.994800568,0.000290334,0.000032732,0.000500362,0.000292173,0.000579420,-1.873454928,-6.079997540,-0.368801415
86.069570944,1788577249.029613018,1788577249.024800539,0.000299888,0.000340912,0.000097566,0.000454042,0.000464406,-1.873465300,-6.079993725,-0.368789136
86.099570944,1788577249.065051556,1788577249.054800749,0.000305954,0.000007251,0.000169524,0.000306040,0.000349856,-1.873481989,-6.079988956,-0.368765682
86.139569408,1788577249.097848415,1788577249.094799042,0.000388020,0.000064547,0.000192160,0.000393352,0.000437780,-1.873502970,-6.079985142,-0.368742883
86.169569408,1788577249.131653547,1788577249.124799013,0.000277221,0.000108360,0.000188557,0.000297646,0.000352345,-1.873519301,-6.079979897,-0.368726671
86.199569408,1788577249.163267136,1788577249.154799223,0.000236793,0.000002554,-0.000118075,0.000236807,0.000264611,-1.873538852,-6.079978943,-0.368700624
86.239567872,1788577249.198196173,1788577249.194797516,0.000180902,-0.000020425,-0.000000582,0.000182051,0.000182052,-1.873558998,-6.079976082,-0.368674219
86.269567872,1788577249.229426861,1788577249.224797487,0.000223928,-0.000026243,-0.000111105,0.000225460,0.000251349,-1.873572588,-6.079970837,-0.368652016
86.299567872,1788577249.265761614,1788577249.254797459,0.000291920,-0.000008125,0.000059702,0.000292033,0.000298074,-1.873591542,-6.079967022,-0.368621618
86.339570432,1788577249.298433065,1788577249.294800043,0.000419910,0.000083847,-0.000038918,0.000428200,0.000429965,-1.873618603,-6.079963207,-0.368592322
86.369570432,1788577249.329622746,1788577249.324800014,0.000324325,0.000119476,0.000143052,0.000345632,0.000374066,-1.873640895,-6.079963684,-0.368565112
86.399570432,1788577249.364896059,1788577249.354800224,0.000461340,0.000233398,-0.000127303,0.000517020,0.000532462,-1.873664975,-6.079964161,-0.368522316
86.439568896,1788577249.396709204,1788577249.394798517,0.000465775,0.000050092,-0.000141181,0.000468461,0.000489273,-1.873692155,-6.079960346,-0.368478626
86.469568896,1788577249.431645155,1788577249.424798489,0.000469573,-0.000043581,-0.000081972,0.000471591,0.000478662,-1.873715281,-6.079959393,-0.368448079
86.499568896,1788577249.462595940,1788577249.454798698,0.000516397,0.000194073,-0.000007483,0.000551661,0.000551712,-1.873735309,-6.079957962,-0.368409872
86.539567360,1788577249.497848749,1788577249.494796991,0.000501216,0.000247025,-0.000294846,0.000558783,0.000631801,-1.873759627,-6.079958439,-0.368373513
86.569567360,1788577249.531647205,1788577249.524796963,0.000667547,0.000282703,0.000036429,0.000724941,0.000725856,-1.873782277,-6.079960346,-0.368342668
86.599567360,1788577249.562821150,1788577249.554797173,0.000620413,0.000216734,-0.000020044,0.000657180,0.000657485,-1.873802423,-6.079954147,-0.368313819
86.639569920,1788577249.597883701,1788577249.594799519,0.000724365,0.000277016,-0.000160225,0.000775527,0.000791906,-1.873824477,-6.079947472,-0.368279457
86.669569920,1788577249.631736279,1788577249.624799490,0.000816661,0.000124269,0.000228422,0.000826062,0.000857062,-1.873842359,-6.079943657,-0.368254274
86.699569920,1788577249.662894249,1788577249.654799700,0.000710099,0.000184954,-0.000047232,0.000733791,0.000735309,-1.873858213,-6.079929352,-0.368226260
86.739568384,1788577249.697968960,1788577249.694797993,0.000749397,0.000246395,-0.000326438,0.000788864,0.000853738,-1.873876214,-6.079912186,-0.368190825
86.769568384,1788577249.731643200,1788577249.724797964,0.000828015,0.000237790,-0.000026418,0.000861483,0.000861888,-1.873891830,-6.079899788,-0.368170589
86.799568384,1788577249.763274193,1788577249.754798174,0.000748686,-0.000122025,-0.000038480,0.000758565,0.000759540,-1.873907328,-6.079882145,-0.368141413
86.839567104,1788577249.798137903,1788577249.794796705,0.000731243,-0.000071162,-0.000293269,0.000734697,0.000791067,-1.873923182,-6.079854965,-0.368110061
86.869567104,1788577249.831713200,1788577249.824796677,0.000772010,-0.000019301,0.000068635,0.000772251,0.000775295,-1.873931527,-6.079837799,-0.368093282
86.899567104,1788577249.862935066,1788577249.854796886,0.000557836,-0.000098289,-0.000138806,0.000566429,0.000583189,-1.873940229,-6.079816341,-0.368068665
86.939569920,1788577249.898468971,1788577249.894799709,0.000593410,0.000148844,-0.000313504,0.000611793,0.000687441,-1.873946667,-6.079789162,-0.368041426
86.969569920,1788577249.929584026,1788577249.924799442,0.000790590,-0.000078022,-0.000002546,0.000794430,0.000794434,-1.873954415,-6.079771042,-0.368031532
86.999569920,1788577249.966052771,1788577249.954799652,0.000628234,0.000073354,-0.000048434,0.000632502,0.000634354,-1.873967767,-6.079753399,-0.368008763
87.039568640,1788577249.997933149,1788577249.994798422,0.000681694,0.000054570,-0.000049382,0.000683875,0.000685655,-1.873982191,-6.079733849,-0.367980629
87.069568640,1788577250.031758785,1788577250.024798155,0.000788702,-0.000036734,-0.000206836,0.000789557,0.000816199,-1.873992682,-6.079720974,-0.367964059
87.099568640,1788577250.062954426,1788577250.054798365,0.000794745,0.000052282,-0.000125511,0.000796463,0.000806292,-1.874013186,-6.079708099,-0.367939174
87.139570176,1788577250.097983599,1788577250.094799757,0.000782508,-0.000024467,0.000045034,0.000782890,0.000784184,-1.874037027,-6.079689503,-0.367904902
87.169570176,1788577250.131705761,1788577250.124799728,0.000726106,-0.000028472,-0.000391231,0.000726664,0.000825289,-1.874055505,-6.079679489,-0.367886901
87.199570176,1788577250.164261818,1788577250.154799938,0.000665004,-0.000016938,0.000274235,0.000665220,0.000719529,-1.874081969,-6.079670429,-0.367860734
87.239572736,1788577250.198396921,1788577250.194802523,0.000556133,-0.000187558,0.000255610,0.000586909,0.000640155,-1.874109626,-6.079655647,-0.367824614
87.269572736,1788577250.229698896,1788577250.224802256,0.000625623,-0.000140849,-0.000534205,0.000641282,0.000834636,-1.874125719,-6.079641342,-0.367802054
87.299572736,1788577250.265078068,1788577250.254802465,0.000554103,-0.000335240,0.000351714,0.000647623,0.000736966,-1.874152303,-6.079627037,-0.367770940
87.339571712,1788577250.298643112,1788577250.294801474,0.000221841,-0.000511679,0.000086780,0.000557700,0.000564411,-1.874173999,-6.079601765,-0.367731601
87.369571712,1788577250.331727028,1788577250.324801207,0.000569772,-0.000589967,0.000422901,0.000820183,0.000922793,-1.874188900,-6.079579830,-0.367702037
87.399571712,1788577250.364072800,1788577250.354801416,0.000504025,-0.000323374,0.000260574,0.000598842,0.000653078,-1.874220133,-6.079559326,-0.367677867
87.439569920,1788577250.398123264,1788577250.394799709,0.000401635,-0.000723805,0.000227015,0.000827771,0.000858336,-1.874253988,-6.079526424,-0.367643118
87.469569920,1788577250.431724548,1788577250.424799442,0.000534775,-0.000514237,-0.000088087,0.000741906,0.000747117,-1.874274015,-6.079504490,-0.367626995
87.499569920,1788577250.462897062,1788577250.454799652,0.000648834,-0.000653666,0.000326574,0.000921013,0.000977198,-1.874309778,-6.079478264,-0.367617905
87.539569152,1788577250.495804787,1788577250.494798899,0.000411908,-0.000740914,0.000282438,0.000847716,0.000893528,-1.874351501,-6.079445839,-0.367599219
87.569569152,1788577250.529475212,1788577250.524798632,0.000682269,-0.000487752,0.000078045,0.000838685,0.000842309,-1.874381781,-6.079421997,-0.367588162
87.599569152,1788577250.564902306,1788577250.554798841,0.000846509,-0.000673535,-0.000012846,0.001081771,0.001081847,-1.874428988,-6.079392910,-0.367581755
87.639567872,1788577250.597903252,1788577250.594797611,0.000719647,-0.000474036,-0.000076690,0.000861743,0.000865149,-1.874488592,-6.079359055,-0.367570072
87.669567872,1788577250.631754637,1788577250.624797344,0.000794069,-0.000676797,0.000198358,0.001043360,0.001062048,-1.874526262,-6.079335690,-0.367566586
87.699567872,1788577250.664440870,1788577250.654797554,0.000880874,-0.000488886,-0.000098433,0.001007447,0.001012244,-1.874574542,-6.079316616,-0.367564470
87.739567104,1788577250.698369265,1788577250.694796801,0.000630397,-0.000612797,-0.000009619,0.000879159,0.000879212,-1.874635696,-6.079293251,-0.367548168
87.769567104,1788577250.729460001,1788577250.724796772,0.000732634,-0.000645178,-0.000273153,0.000976221,0.001013716,-1.874675512,-6.079276085,-0.367538333
87.799567104,1788577250.766033173,1788577250.754796743,0.001022948,-0.000657120,-0.000024767,0.001215825,0.001216077,-1.874727011,-6.079254150,-0.367528498
87.839566336,1788577250.798441648,1788577250.794795990,0.000819199,-0.000875804,0.000101493,0.001199216,0.001203503,-1.874794364,-6.079222679,-0.367510289
87.869566336,1788577250.830403090,1788577250.824795961,0.000699194,-0.000938919,0.000037097,0.001170658,0.001171246,-1.874832988,-6.079197884,-0.367497623
87.899566336,1788577250.864282846,1788577250.854795933,0.000652121,-0.000944171,-0.000187725,0.001147484,0.001162738,-1.874872565,-6.079172611,-0.367475927
87.939565056,1788577250.896668196,1788577250.894794703,0.000564856,-0.000827302,0.000137228,0.001001744,0.001011100,-1.874919891,-6.079145908,-0.367443144
87.969565056,1788577250.930451393,1788577250.924794674,0.000398737,-0.000646421,0.000421472,0.000759508,0.000868614,-1.874946952,-6.079128265,-0.367413223
87.999565056,1788577250.964959383,1788577250.954794645,0.000519748,-0.000746797,0.000393520,0.000909859,0.000991313,-1.874972939,-6.079108238,-0.367380440
88.039564288,1788577250.998358965,1788577250.994793892,0.000502242,-0.000789933,0.000707235,0.000936078,0.001173211,-1.875009298,-6.079081059,-0.367332339
88.069564288,1788577251.029695988,1788577251.024793863,0.000324139,-0.000798591,0.000675514,0.000861867,0.001095049,-1.875029206,-6.079062939,-0.367292792
88.099564288,1788577251.065989733,1788577251.054794073,0.000291741,-0.000859594,0.000394795,0.000907753,0.000989888,-1.875044703,-6.079048157,-0.367248654
88.139566848,1788577251.095821142,1788577251.094796658,0.000250041,-0.000677289,0.000600376,0.000721971,0.000938985,-1.875065565,-6.079031467,-0.367195487
